exp,variant,kmode,sample,frame,time_s,zoom,in_w,in_h,success,x_px,y_px,num_inliers,num_matches,reproj_px,fx_used,fy_used,calib_status,calib_focal,calib_estimates,elapsed_s
floor1,wide,map,0,0,0.0,1.0,1920,1080,0,,,0,0,,1400.0,1400.0,,,,0.545
floor1,wide,map,1,30,1.002,1.0,1920,1080,0,,,0,0,,1400.0,1400.0,,,,0.303
floor1,wide,map,2,60,2.003,1.0,1920,1080,1,313.04,96.75,11,22,2.611,1400.0,1400.0,,,,0.318
floor1,wide,map,3,90,3.005,1.0,1920,1080,1,318.55,103.3,45,81,4.0,1400.0,1400.0,,,,0.32
floor1,wide,map,4,120,4.007,1.0,1920,1080,1,314.87,107.55,36,67,3.761,1400.0,1400.0,,,,0.319
floor1,wide,map,5,150,5.008,1.0,1920,1080,1,318.28,117.32,39,67,4.506,1400.0,1400.0,,,,0.304
floor1,wide,map,6,180,6.01,1.0,1920,1080,1,317.18,125.47,34,67,3.744,1400.0,1400.0,,,,0.307
floor1,wide,map,7,210,7.012,1.0,1920,1080,1,318.85,133.1,31,63,3.978,1400.0,1400.0,,,,0.317
floor1,wide,map,8,240,8.013,1.0,1920,1080,1,312.69,142.92,35,81,3.914,1400.0,1400.0,,,,0.317
floor1,wide,map,9,270,9.015,1.0,1920,1080,1,318.89,146.98,19,39,3.007,1400.0,1400.0,,,,0.312
floor1,wide,map,10,300,10.017,1.0,1920,1080,1,323.52,155.21,18,35,1.495,1400.0,1400.0,,,,0.312
floor1,wide,map,11,329,10.985,1.0,1920,1080,1,316.45,161.06,19,38,2.227,1400.0,1400.0,,,,0.31
floor1,wide,map,12,359,11.986,1.0,1920,1080,1,328.49,174.23,15,34,2.705,1400.0,1400.0,,,,0.32
floor1,wide,map,13,389,12.988,1.0,1920,1080,1,330.37,145.08,15,28,3.246,1400.0,1400.0,,,,0.333
floor1,wide,map,14,419,13.99,1.0,1920,1080,1,326.93,154.68,17,28,3.101,1400.0,1400.0,,,,0.299
floor1,wide,map,15,449,14.991,1.0,1920,1080,1,320.16,166.21,18,33,3.974,1400.0,1400.0,,,,0.315
floor1,wide,map,16,479,15.993,1.0,1920,1080,1,318.68,168.97,20,35,3.434,1400.0,1400.0,,,,0.296
floor1,wide,map,17,509,16.995,1.0,1920,1080,1,304.51,179.86,24,41,3.164,1400.0,1400.0,,,,0.294
floor1,wide,map,18,539,17.996,1.0,1920,1080,1,300.58,186.91,24,35,3.261,1400.0,1400.0,,,,0.295
floor1,wide,map,19,569,18.998,1.0,1920,1080,1,299.36,195.69,22,39,2.873,1400.0,1400.0,,,,0.302
floor1,wide,map,20,599,20.0,1.0,1920,1080,1,297.36,199.65,21,32,3.518,1400.0,1400.0,,,,0.316
floor1,wide,map,21,629,21.001,1.0,1920,1080,1,305.49,199.56,19,31,3.121,1400.0,1400.0,,,,0.319
floor1,wide,map,22,659,22.003,1.0,1920,1080,1,298.79,206.96,18,25,3.472,1400.0,1400.0,,,,0.317
floor1,wide,map,23,689,23.005,1.0,1920,1080,1,299.84,210.26,26,43,3.249,1400.0,1400.0,,,,0.312
floor1,wide,map,24,719,24.006,1.0,1920,1080,1,300.44,216.85,28,46,3.944,1400.0,1400.0,,,,0.307
floor1,wide,map,25,749,25.008,1.0,1920,1080,1,300.2,222.53,27,48,3.422,1400.0,1400.0,,,,0.308
floor1,wide,map,26,779,26.01,1.0,1920,1080,1,302.99,228.54,26,39,4.331,1400.0,1400.0,,,,0.296
floor1,wide,map,27,809,27.011,1.0,1920,1080,1,310.67,237.87,22,42,4.356,1400.0,1400.0,,,,0.288
floor1,wide,map,28,839,28.013,1.0,1920,1080,1,312.06,244.17,19,35,3.226,1400.0,1400.0,,,,0.335
floor1,wide,map,29,869,29.015,1.0,1920,1080,1,311.55,255.91,16,39,3.933,1400.0,1400.0,,,,0.33
floor1,wide,map,30,899,30.016,1.0,1920,1080,1,311.92,259.07,16,38,2.116,1400.0,1400.0,,,,0.297
floor1,wide,map,31,928,30.984,1.0,1920,1080,1,314.77,267.96,16,30,4.107,1400.0,1400.0,,,,0.298
floor1,wide,map,32,958,31.986,1.0,1920,1080,1,303.55,280.98,14,28,3.256,1400.0,1400.0,,,,0.302
floor1,wide,map,33,988,32.988,1.0,1920,1080,1,312.16,281.41,14,24,2.412,1400.0,1400.0,,,,0.293
floor1,wide,map,34,1018,33.989,1.0,1920,1080,1,316.8,288.66,13,25,3.767,1400.0,1400.0,,,,0.304
floor1,wide,map,35,1048,34.991,1.0,1920,1080,1,322.61,297.26,12,19,3.453,1400.0,1400.0,,,,0.322
floor1,wide,map,36,1078,35.993,1.0,1920,1080,1,321.8,305.19,10,25,3.399,1400.0,1400.0,,,,0.313
floor1,wide,map,37,1108,36.994,1.0,1920,1080,1,318.22,247.04,10,25,4.179,1400.0,1400.0,,,,0.385
floor1,wide,map,38,1138,37.996,1.0,1920,1080,1,330.35,285.21,10,38,2.669,1400.0,1400.0,,,,0.402
floor1,wide,map,39,1168,38.998,1.0,1920,1080,1,331.53,295.99,12,35,4.13,1400.0,1400.0,,,,0.377
floor1,wide,map,40,1198,39.999,1.0,1920,1080,1,337.22,306.76,15,47,2.7,1400.0,1400.0,,,,0.362
floor1,wide,map,41,1228,41.001,1.0,1920,1080,1,332.84,296.09,17,56,3.778,1400.0,1400.0,,,,0.372
floor1,wide,map,42,1258,42.003,1.0,1920,1080,1,334.19,322.53,14,41,1.591,1400.0,1400.0,,,,0.364
floor1,wide,map,43,1288,43.004,1.0,1920,1080,1,336.42,311.86,17,49,3.117,1400.0,1400.0,,,,0.397
floor1,wide,map,44,1318,44.006,1.0,1920,1080,1,337.2,303.64,14,37,3.732,1400.0,1400.0,,,,0.384
floor1,wide,map,45,1348,45.008,1.0,1920,1080,1,340.46,312.63,14,47,3.056,1400.0,1400.0,,,,0.364
floor1,wide,map,46,1378,46.009,1.0,1920,1080,1,341.9,319.5,15,47,3.772,1400.0,1400.0,,,,0.378
floor1,wide,map,47,1408,47.011,1.0,1920,1080,1,342.92,328.47,18,59,3.031,1400.0,1400.0,,,,0.355
floor1,wide,map,48,1438,48.012,1.0,1920,1080,1,341.65,337.0,15,39,2.778,1400.0,1400.0,,,,0.354
floor1,wide,map,49,1468,49.014,1.0,1920,1080,1,335.55,364.95,13,35,2.946,1400.0,1400.0,,,,0.333
floor1,wide,map,50,1498,50.016,1.0,1920,1080,1,338.08,359.97,16,41,2.921,1400.0,1400.0,,,,0.319
floor1,wide,map,51,1527,50.984,1.0,1920,1080,1,341.37,364.36,12,29,2.456,1400.0,1400.0,,,,0.321
floor1,wide,map,52,1557,51.986,1.0,1920,1080,1,337.09,374.49,12,21,2.569,1400.0,1400.0,,,,0.292
floor1,wide,map,53,1587,52.987,1.0,1920,1080,1,341.19,383.58,14,28,2.96,1400.0,1400.0,,,,0.316
floor1,wide,map,54,1617,53.989,1.0,1920,1080,1,338.49,393.58,10,18,3.08,1400.0,1400.0,,,,0.34
floor1,wide,map,55,1647,54.991,1.0,1920,1080,1,337.71,401.46,11,28,2.225,1400.0,1400.0,,,,0.315
floor1,wide,map,56,1677,55.992,1.0,1920,1080,1,340.23,411.47,11,22,2.676,1400.0,1400.0,,,,0.335
floor1,wide,map,57,1707,56.994,1.0,1920,1080,0,,,0,0,,1400.0,1400.0,,,,0.323
floor1,wide,map,58,1737,57.996,1.0,1920,1080,0,,,0,0,,1400.0,1400.0,,,,0.23
floor1,wide,map,59,1767,58.997,1.0,1920,1080,0,,,0,0,,1400.0,1400.0,,,,0.242
floor1,wide,map,60,1797,59.999,1.0,1920,1080,1,333.2,477.32,12,32,4.306,1400.0,1400.0,,,,0.371
floor1,wide,map,61,1827,61.001,1.0,1920,1080,1,336.6,479.27,14,28,4.126,1400.0,1400.0,,,,0.351
floor1,wide,map,62,1857,62.002,1.0,1920,1080,1,338.71,468.34,15,34,4.011,1400.0,1400.0,,,,0.358
floor1,wide,map,63,1887,63.004,1.0,1920,1080,1,340.39,470.39,17,47,3.718,1400.0,1400.0,,,,0.365
floor1,wide,map,64,1917,64.006,1.0,1920,1080,1,338.73,450.21,13,38,3.76,1400.0,1400.0,,,,0.405
floor1,wide,map,65,1947,65.007,1.0,1920,1080,1,341.33,439.48,14,47,3.947,1400.0,1400.0,,,,0.398
floor1,wide,map,66,1977,66.009,1.0,1920,1080,1,340.94,436.92,13,44,3.361,1400.0,1400.0,,,,0.41
floor1,wide,map,67,2007,67.01,1.0,1920,1080,1,340.9,426.71,14,43,3.094,1400.0,1400.0,,,,0.391
floor1,wide,map,68,2037,68.012,1.0,1920,1080,1,342.65,445.79,14,47,3.984,1400.0,1400.0,,,,0.406
floor1,wide,map,69,2067,69.014,1.0,1920,1080,1,342.52,418.81,12,34,2.884,1400.0,1400.0,,,,0.352
floor1,wide,map,70,2097,70.015,1.0,1920,1080,1,339.34,423.09,14,38,2.776,1400.0,1400.0,,,,0.308
floor1,wide,map,71,2126,70.984,1.0,1920,1080,1,336.79,412.0,18,43,3.484,1400.0,1400.0,,,,0.319
floor1,wide,map,72,2156,71.985,1.0,1920,1080,1,338.1,388.89,19,42,2.852,1400.0,1400.0,,,,0.324
floor1,wide,map,73,2186,72.987,1.0,1920,1080,1,334.19,383.26,18,43,3.657,1400.0,1400.0,,,,0.334
floor1,wide,map,74,2216,73.989,1.0,1920,1080,1,334.81,373.67,18,45,3.114,1400.0,1400.0,,,,0.349
floor1,wide,map,75,2246,74.99,1.0,1920,1080,1,334.61,365.44,16,44,2.683,1400.0,1400.0,,,,0.365
floor1,wide,map,76,2276,75.992,1.0,1920,1080,1,332.94,363.74,15,37,2.35,1400.0,1400.0,,,,0.368
floor1,wide,map,77,2306,76.994,1.0,1920,1080,1,333.93,348.06,15,46,3.274,1400.0,1400.0,,,,0.373
floor1,wide,map,78,2336,77.995,1.0,1920,1080,1,350.59,372.58,10,23,3.295,1400.0,1400.0,,,,0.38
floor1,wide,map,79,2366,78.997,1.0,1920,1080,1,353.6,366.96,15,30,3.253,1400.0,1400.0,,,,0.337
floor1,wide,map,80,2396,79.999,1.0,1920,1080,1,346.49,361.98,12,27,2.05,1400.0,1400.0,,,,0.331
floor1,wide,map,81,2426,81.0,1.0,1920,1080,1,348.91,332.51,13,24,3.365,1400.0,1400.0,,,,0.333
floor1,wide,map,82,2456,82.002,1.0,1920,1080,1,349.61,320.13,12,23,4.209,1400.0,1400.0,,,,0.342
floor1,wide,map,83,2486,83.004,1.0,1920,1080,1,346.67,314.62,17,40,3.117,1400.0,1400.0,,,,0.357
floor1,wide,map,84,2516,84.005,1.0,1920,1080,1,346.28,307.76,27,47,2.593,1400.0,1400.0,,,,0.306
floor1,wide,map,85,2546,85.007,1.0,1920,1080,1,334.95,311.26,26,51,3.057,1400.0,1400.0,,,,0.299
floor1,wide,map,86,2576,86.008,1.0,1920,1080,1,333.06,307.9,23,49,3.677,1400.0,1400.0,,,,0.321
floor1,wide,map,87,2606,87.01,1.0,1920,1080,1,325.89,307.41,24,52,3.272,1400.0,1400.0,,,,0.347
floor1,wide,map,88,2636,88.012,1.0,1920,1080,1,316.87,307.53,21,49,3.367,1400.0,1400.0,,,,0.346
floor1,wide,map,89,2666,89.013,1.0,1920,1080,1,310.32,303.05,18,33,3.12,1400.0,1400.0,,,,0.325
floor1,wide,map,90,2696,90.015,1.0,1920,1080,1,300.33,303.01,19,33,2.621,1400.0,1400.0,,,,0.336
floor1,wide,map,91,2725,90.983,1.0,1920,1080,1,292.03,305.53,26,51,3.033,1400.0,1400.0,,,,0.308
floor1,wide,map,92,2755,91.985,1.0,1920,1080,1,283.79,309.47,22,45,3.548,1400.0,1400.0,,,,0.29
floor1,wide,map,93,2785,92.987,1.0,1920,1080,1,273.11,308.03,11,21,3.545,1400.0,1400.0,,,,0.316
floor1,wide,map,94,2815,93.988,1.0,1920,1080,1,266.7,312.38,10,20,2.648,1400.0,1400.0,,,,0.326
floor1,wide,map,95,2845,94.99,1.0,1920,1080,0,,,0,0,,1400.0,1400.0,,,,0.324
floor1,wide,map,96,2875,95.992,1.0,1920,1080,1,258.6,305.24,17,43,3.234,1400.0,1400.0,,,,0.329
floor1,wide,map,97,2905,96.993,1.0,1920,1080,1,257.57,313.38,20,46,4.418,1400.0,1400.0,,,,0.313
floor1,wide,map,98,2935,97.995,1.0,1920,1080,1,256.55,321.03,19,52,3.348,1400.0,1400.0,,,,0.34
floor1,wide,map,99,2965,98.997,1.0,1920,1080,1,254.17,320.26,12,28,3.651,1400.0,1400.0,,,,0.391
floor1,wide,map,100,2995,99.998,1.0,1920,1080,1,337.02,292.06,10,18,3.999,1400.0,1400.0,,,,0.362
floor1,wide,map,101,3025,101.0,1.0,1920,1080,1,254.28,352.73,15,44,3.986,1400.0,1400.0,,,,0.38
floor1,wide,map,102,3055,102.002,1.0,1920,1080,1,338.06,313.73,12,19,3.324,1400.0,1400.0,,,,0.358
floor1,wide,map,103,3085,103.003,1.0,1920,1080,1,258.08,332.51,18,58,2.168,1400.0,1400.0,,,,0.385
floor1,wide,map,104,3115,104.005,1.0,1920,1080,1,252.99,360.49,15,50,3.208,1400.0,1400.0,,,,0.415
floor1,wide,map,105,3145,105.006,1.0,1920,1080,1,259.08,362.63,16,46,3.378,1400.0,1400.0,,,,0.354
floor1,wide,map,106,3175,106.008,1.0,1920,1080,1,251.51,363.61,16,42,4.478,1400.0,1400.0,,,,0.344
floor1,wide,map,107,3205,107.01,1.0,1920,1080,1,254.62,365.11,15,36,2.608,1400.0,1400.0,,,,0.343
floor1,wide,map,108,3235,108.011,1.0,1920,1080,1,251.01,374.98,20,38,2.23,1400.0,1400.0,,,,0.307
floor1,wide,map,109,3265,109.013,1.0,1920,1080,1,253.04,384.17,22,40,2.944,1400.0,1400.0,,,,0.287
floor1,wide,map,110,3295,110.015,1.0,1920,1080,1,252.26,392.25,25,46,3.448,1400.0,1400.0,,,,0.311
floor1,wide,map,111,3325,111.016,1.0,1920,1080,1,253.11,400.78,20,38,2.764,1400.0,1400.0,,,,0.297
floor1,wide,map,112,3354,111.985,1.0,1920,1080,1,254.41,407.56,22,46,3.643,1400.0,1400.0,,,,0.321
floor1,wide,map,113,3384,112.986,1.0,1920,1080,1,252.93,414.5,19,48,3.046,1400.0,1400.0,,,,0.315
floor1,wide,map,114,3414,113.988,1.0,1920,1080,1,257.52,418.48,16,36,2.953,1400.0,1400.0,,,,0.313
floor1,wide,map,115,3444,114.99,1.0,1920,1080,1,249.84,430.55,18,36,3.873,1400.0,1400.0,,,,0.311
floor1,wide,map,116,3474,115.991,1.0,1920,1080,1,249.13,440.28,14,28,2.903,1400.0,1400.0,,,,0.315
floor1,wide,map,117,3504,116.993,1.0,1920,1080,1,250.3,452.13,11,15,2.83,1400.0,1400.0,,,,0.292
floor1,wide,map,118,3534,117.995,1.0,1920,1080,0,,,0,0,,1400.0,1400.0,,,,0.22
floor1,wide,map,119,3564,118.996,1.0,1920,1080,1,256.89,460.57,15,32,3.28,1400.0,1400.0,,,,0.339
floor1,wide,map,120,3594,119.998,1.0,1920,1080,1,261.08,467.62,16,43,2.366,1400.0,1400.0,,,,0.326
floor1,wide,map,121,3624,120.999,1.0,1920,1080,1,260.34,459.33,16,40,3.092,1400.0,1400.0,,,,0.326
floor1,wide,map,122,3654,122.001,1.0,1920,1080,1,256.37,453.78,16,39,2.912,1400.0,1400.0,,,,0.321
floor1,wide,map,123,3684,123.003,1.0,1920,1080,1,255.29,444.97,19,50,2.651,1400.0,1400.0,,,,0.342
floor1,wide,map,124,3714,124.004,1.0,1920,1080,1,256.46,435.41,19,55,2.233,1400.0,1400.0,,,,0.341
floor1,wide,map,125,3744,125.006,1.0,1920,1080,1,253.59,428.73,16,55,3.243,1400.0,1400.0,,,,0.399
floor1,wide,map,126,3774,126.008,1.0,1920,1080,1,256.65,437.29,15,50,2.5,1400.0,1400.0,,,,0.408
floor1,wide,map,127,3804,127.009,1.0,1920,1080,1,254.68,428.81,15,48,3.444,1400.0,1400.0,,,,0.367
floor1,wide,map,128,3834,128.011,1.0,1920,1080,1,256.27,420.58,18,46,3.508,1400.0,1400.0,,,,0.36
floor1,wide,map,129,3864,129.013,1.0,1920,1080,1,257.62,416.51,20,53,3.03,1400.0,1400.0,,,,0.336
floor1,wide,map,130,3894,130.014,1.0,1920,1080,1,255.31,401.82,22,65,3.549,1400.0,1400.0,,,,0.375
floor1,wide,map,131,3924,131.016,1.0,1920,1080,1,257.17,401.72,23,63,3.673,1400.0,1400.0,,,,0.385
floor1,wide,map,132,3953,131.984,1.0,1920,1080,1,255.61,395.28,23,78,3.277,1400.0,1400.0,,,,0.362
floor1,wide,map,133,3983,132.986,1.0,1920,1080,1,255.9,389.56,17,46,2.544,1400.0,1400.0,,,,0.366
floor1,wide,map,134,4013,133.988,1.0,1920,1080,1,258.38,377.29,17,43,3.649,1400.0,1400.0,,,,0.359
floor1,wide,map,135,4043,134.989,1.0,1920,1080,1,255.02,392.63,16,43,1.927,1400.0,1400.0,,,,0.373
floor1,wide,map,136,4073,135.991,1.0,1920,1080,1,254.79,383.09,16,39,3.356,1400.0,1400.0,,,,0.364
floor1,wide,map,137,4103,136.993,1.0,1920,1080,1,252.22,374.51,18,43,2.601,1400.0,1400.0,,,,0.346
floor1,wide,map,138,4133,137.994,1.0,1920,1080,1,253.28,369.73,19,50,4.291,1400.0,1400.0,,,,0.36
floor1,wide,map,139,4163,138.996,1.0,1920,1080,1,253.08,359.56,19,46,4.007,1400.0,1400.0,,,,0.355
floor1,wide,map,140,4193,139.997,1.0,1920,1080,1,251.63,353.1,19,43,2.646,1400.0,1400.0,,,,0.32
floor1,wide,map,141,4223,140.999,1.0,1920,1080,1,255.84,345.72,17,49,3.391,1400.0,1400.0,,,,0.357
floor1,wide,map,142,4253,142.001,1.0,1920,1080,1,257.87,334.86,10,29,2.623,1400.0,1400.0,,,,0.379
floor1,wide,map,143,4283,143.002,1.0,1920,1080,1,241.47,348.49,13,27,3.512,1400.0,1400.0,,,,0.346
floor1,wide,map,144,4313,144.004,1.0,1920,1080,1,242.07,341.72,20,29,2.627,1400.0,1400.0,,,,0.31
floor1,wide,map,145,4343,145.006,1.0,1920,1080,1,246.63,326.87,15,26,2.86,1400.0,1400.0,,,,0.311
floor1,wide,map,146,4373,146.007,1.0,1920,1080,1,257.4,332.63,19,35,3.065,1400.0,1400.0,,,,0.327
floor1,wide,map,147,4403,147.009,1.0,1920,1080,1,263.42,319.99,18,30,2.644,1400.0,1400.0,,,,0.303
floor1,wide,map,148,4433,148.011,1.0,1920,1080,1,272.09,315.65,17,32,2.559,1400.0,1400.0,,,,0.308
floor1,wide,map,149,4463,149.012,1.0,1920,1080,1,279.47,331.16,12,20,4.015,1400.0,1400.0,,,,0.293
floor1,wide,map,150,4493,150.014,1.0,1920,1080,0,,,0,0,,1400.0,1400.0,,,,0.281
floor1,wide,map,151,4523,151.016,1.0,1920,1080,1,309.32,316.65,13,34,2.176,1400.0,1400.0,,,,0.355
floor1,wide,map,152,4552,151.984,1.0,1920,1080,1,311.35,305.75,11,22,2.329,1400.0,1400.0,,,,0.368
floor1,wide,map,153,4582,152.986,1.0,1920,1080,0,,,0,0,,1400.0,1400.0,,,,0.356
floor1,wide,map,154,4612,153.987,1.0,1920,1080,1,303.41,322.37,10,21,3.716,1400.0,1400.0,,,,0.351
floor1,wide,map,155,4642,154.989,1.0,1920,1080,0,,,0,0,,1400.0,1400.0,,,,0.345
floor1,wide,map,156,4672,155.991,1.0,1920,1080,1,300.95,349.34,10,27,4.183,1400.0,1400.0,,,,0.314
floor1,wide,map,157,4702,156.992,1.0,1920,1080,1,300.32,331.92,16,42,2.514,1400.0,1400.0,,,,0.356
floor1,wide,map,158,4732,157.994,1.0,1920,1080,1,322.75,323.28,17,46,2.669,1400.0,1400.0,,,,0.367
floor1,wide,map,159,4762,158.995,1.0,1920,1080,1,296.69,318.82,13,29,2.119,1400.0,1400.0,,,,0.387
floor1,wide,map,160,4792,159.997,1.0,1920,1080,1,286.61,308.83,13,30,3.372,1400.0,1400.0,,,,0.391
floor1,wide,map,161,4822,160.999,1.0,1920,1080,1,293.0,304.05,15,32,2.192,1400.0,1400.0,,,,0.405
floor1,wide,map,162,4852,162.0,1.0,1920,1080,1,321.51,302.03,15,33,4.263,1400.0,1400.0,,,,0.395
floor1,wide,map,163,4882,163.002,1.0,1920,1080,1,322.6,294.95,14,30,3.524,1400.0,1400.0,,,,0.385
floor1,wide,map,164,4912,164.004,1.0,1920,1080,1,322.61,289.93,10,26,3.555,1400.0,1400.0,,,,0.376
floor1,wide,map,165,4942,165.005,1.0,1920,1080,1,315.66,287.52,10,24,3.195,1400.0,1400.0,,,,0.37
floor1,wide,map,166,4972,166.007,1.0,1920,1080,1,298.82,272.3,14,22,2.649,1400.0,1400.0,,,,0.36
floor1,wide,map,167,5002,167.009,1.0,1920,1080,1,304.97,264.81,15,27,2.985,1400.0,1400.0,,,,0.331
floor1,wide,map,168,5032,168.01,1.0,1920,1080,1,304.49,254.68,18,31,4.168,1400.0,1400.0,,,,0.33
floor1,wide,map,169,5062,169.012,1.0,1920,1080,1,311.56,245.92,19,33,3.977,1400.0,1400.0,,,,0.322
floor1,wide,map,170,5092,170.014,1.0,1920,1080,1,303.26,238.48,22,41,4.385,1400.0,1400.0,,,,0.327
floor1,wide,map,171,5122,171.015,1.0,1920,1080,1,315.53,232.27,23,44,3.681,1400.0,1400.0,,,,0.329
floor1,wide,map,172,5151,171.984,1.0,1920,1080,1,308.23,220.32,19,33,4.298,1400.0,1400.0,,,,0.33
floor1,wide,map,173,5181,172.985,1.0,1920,1080,1,310.29,213.42,21,35,5.086,1400.0,1400.0,,,,0.331
floor1,wide,map,174,5211,173.987,1.0,1920,1080,1,309.09,203.58,19,34,3.882,1400.0,1400.0,,,,0.334
floor1,wide,map,175,5241,174.989,1.0,1920,1080,1,309.79,199.12,17,35,2.23,1400.0,1400.0,,,,0.346
floor1,wide,map,176,5271,175.99,1.0,1920,1080,1,310.78,187.87,18,36,2.045,1400.0,1400.0,,,,0.343
floor1,wide,map,177,5301,176.992,1.0,1920,1080,1,313.46,188.29,15,26,2.77,1400.0,1400.0,,,,0.338
floor1,wide,map,178,5331,177.993,1.0,1920,1080,1,312.98,176.33,11,22,3.93,1400.0,1400.0,,,,0.342
floor1,wide,map,179,5361,178.995,1.0,1920,1080,0,,,0,0,,1400.0,1400.0,,,,0.293
floor1,wide,map,180,5391,179.997,1.0,1920,1080,0,,,0,0,,1400.0,1400.0,,,,0.264
floor1,wide,map,181,5421,180.998,1.0,1920,1080,1,325.19,159.13,10,26,2.665,1400.0,1400.0,,,,0.332
floor1,wide,map,182,5451,182.0,1.0,1920,1080,1,312.55,156.04,14,34,3.472,1400.0,1400.0,,,,0.341
floor1,wide,map,183,5481,183.002,1.0,1920,1080,1,344.78,150.95,17,45,3.132,1400.0,1400.0,,,,0.376
floor1,wide,map,184,5511,184.003,1.0,1920,1080,1,334.79,150.96,15,34,1.323,1400.0,1400.0,,,,0.337
floor1,wide,map,185,5541,185.005,1.0,1920,1080,1,327.28,150.33,13,31,2.104,1400.0,1400.0,,,,0.315
floor1,wide,map,186,5571,186.007,1.0,1920,1080,1,317.27,148.38,20,45,2.733,1400.0,1400.0,,,,0.324
floor1,wide,map,187,5601,187.008,1.0,1920,1080,1,309.52,150.56,17,27,3.475,1400.0,1400.0,,,,0.318
floor1,wide,map,188,5631,188.01,1.0,1920,1080,1,301.31,148.29,17,35,1.969,1400.0,1400.0,,,,0.297
floor1,wide,map,189,5661,189.012,1.0,1920,1080,1,294.87,147.61,15,34,4.064,1400.0,1400.0,,,,0.339
floor1,wide,map,190,5691,190.013,1.0,1920,1080,1,285.16,142.32,16,40,2.503,1400.0,1400.0,,,,0.307
floor1,wide,map,191,5721,191.015,1.0,1920,1080,1,299.99,145.91,14,34,2.853,1400.0,1400.0,,,,0.313
floor1,wide,map,192,5751,192.017,1.0,1920,1080,1,280.49,148.31,20,49,3.059,1400.0,1400.0,,,,0.347
floor1,wide,map,193,5780,192.985,1.0,1920,1080,1,271.74,150.67,19,38,4.067,1400.0,1400.0,,,,0.343
floor1,wide,map,194,5810,193.986,1.0,1920,1080,1,263.81,148.35,18,49,3.971,1400.0,1400.0,,,,0.336
floor1,wide,map,195,5840,194.988,1.0,1920,1080,1,268.55,149.76,12,35,2.215,1400.0,1400.0,,,,0.367
floor1,wide,map,196,5870,195.99,1.0,1920,1080,1,243.63,147.8,14,37,4.162,1400.0,1400.0,,,,0.342
floor1,wide,map,197,5900,196.991,1.0,1920,1080,0,,,0,0,,1400.0,1400.0,,,,0.409
floor1,wide,map,198,5930,197.993,1.0,1920,1080,1,240.77,160.97,10,25,3.217,1400.0,1400.0,,,,0.371
floor1,wide,map,199,5960,198.995,1.0,1920,1080,1,226.96,142.18,10,19,4.06,1400.0,1400.0,,,,0.335
floor1,wide,map,200,5990,199.996,1.0,1920,1080,1,203.77,149.79,11,27,4.88,1400.0,1400.0,,,,0.366
floor1,wide,map,201,6020,200.998,1.0,1920,1080,1,197.65,146.96,11,29,4.381,1400.0,1400.0,,,,0.355
floor1,wide,map,202,6050,202.0,1.0,1920,1080,1,203.66,152.35,15,34,3.134,1400.0,1400.0,,,,0.375
floor1,wide,map,203,6080,203.001,1.0,1920,1080,1,193.7,149.71,11,33,2.773,1400.0,1400.0,,,,0.369
floor1,wide,map,204,6110,204.003,1.0,1920,1080,1,182.53,148.27,11,21,2.378,1400.0,1400.0,,,,0.367
floor1,wide,map,205,6140,205.005,1.0,1920,1080,1,179.27,146.09,16,27,3.227,1400.0,1400.0,,,,0.335
floor1,wide,map,206,6170,206.006,1.0,1920,1080,1,145.27,138.32,10,22,2.744,1400.0,1400.0,,,,0.364
floor1,wide,map,207,6200,207.008,1.0,1920,1080,1,135.79,135.6,11,12,3.01,1400.0,1400.0,,,,0.28
floor1,wide,map,208,6230,208.01,1.0,1920,1080,1,120.35,143.58,11,17,3.188,1400.0,1400.0,,,,0.272
floor1,wide,map,209,6260,209.011,1.0,1920,1080,0,,,0,0,,1400.0,1400.0,,,,0.308
floor1,wide,map,210,6290,210.013,1.0,1920,1080,0,,,0,0,,1400.0,1400.0,,,,0.323
floor1,wide,map,211,6320,211.015,1.0,1920,1080,0,,,0,0,,1400.0,1400.0,,,,0.281
floor1,wide,map,212,6350,212.016,1.0,1920,1080,0,,,0,0,,1400.0,1400.0,,,,0.295
floor1,wide,map,213,6379,212.984,1.0,1920,1080,0,,,0,0,,1400.0,1400.0,,,,0.291
floor1,wide,map,214,6409,213.986,1.0,1920,1080,0,,,0,0,,1400.0,1400.0,,,,0.305
floor1,wide,map,215,6439,214.988,1.0,1920,1080,1,103.93,156.48,10,23,3.594,1400.0,1400.0,,,,0.332
floor1,wide,map,216,6469,215.989,1.0,1920,1080,0,,,0,0,,1400.0,1400.0,,,,0.314
floor1,wide,map,217,6499,216.991,1.0,1920,1080,0,,,0,0,,1400.0,1400.0,,,,0.314
floor1,wide,map,218,6529,217.993,1.0,1920,1080,1,81.56,164.09,13,27,2.336,1400.0,1400.0,,,,0.302
floor1,wide,map,219,6559,218.994,1.0,1920,1080,1,113.87,158.5,13,21,4.222,1400.0,1400.0,,,,0.321
floor1,wide,map,220,6589,219.996,1.0,1920,1080,1,124.36,134.54,10,18,2.289,1400.0,1400.0,,,,0.323
floor1,wide,map,221,6619,220.998,1.0,1920,1080,1,116.4,169.71,11,27,2.935,1400.0,1400.0,,,,0.328
floor1,wide,map,222,6649,221.999,1.0,1920,1080,1,194.24,157.71,10,22,2.583,1400.0,1400.0,,,,0.336
floor1,wide,map,223,6679,223.001,1.0,1920,1080,0,,,0,0,,1400.0,1400.0,,,,0.313
floor1,wide,map,224,6709,224.003,1.0,1920,1080,0,,,0,0,,1400.0,1400.0,,,,0.313
floor1,wide,map,225,6739,225.004,1.0,1920,1080,1,237.36,151.28,12,27,2.869,1400.0,1400.0,,,,0.325
floor1,wide,map,226,6769,226.006,1.0,1920,1080,1,241.63,156.41,11,35,3.234,1400.0,1400.0,,,,0.354
floor1,wide,map,227,6799,227.008,1.0,1920,1080,1,245.32,161.85,13,38,1.83,1400.0,1400.0,,,,0.35
floor1,wide,map,228,6829,228.009,1.0,1920,1080,1,249.87,154.27,15,36,4.318,1400.0,1400.0,,,,0.353
floor1,wide,map,229,6859,229.011,1.0,1920,1080,1,247.46,164.16,13,36,3.767,1400.0,1400.0,,,,0.375
floor1,wide,map,230,6889,230.013,1.0,1920,1080,1,244.9,165.26,11,40,3.716,1400.0,1400.0,,,,0.389
floor1,wide,map,231,6919,231.014,1.0,1920,1080,1,244.78,172.16,13,32,2.081,1400.0,1400.0,,,,0.357
floor1,wide,map,232,6949,232.016,1.0,1920,1080,1,249.27,179.3,17,36,3.033,1400.0,1400.0,,,,0.308
floor1,wide,map,233,6978,232.984,1.0,1920,1080,1,247.41,187.13,17,36,2.82,1400.0,1400.0,,,,0.296
floor1,wide,map,234,7008,233.986,1.0,1920,1080,1,246.32,193.52,14,36,3.927,1400.0,1400.0,,,,0.342
floor1,wide,map,235,7038,234.987,1.0,1920,1080,1,235.91,174.87,10,19,2.755,1400.0,1400.0,,,,0.31
floor1,wide,map,236,7068,235.989,1.0,1920,1080,1,234.51,186.93,12,21,3.529,1400.0,1400.0,,,,0.299
floor1,wide,map,237,7098,236.991,1.0,1920,1080,1,249.85,202.17,12,17,2.349,1400.0,1400.0,,,,0.307
floor1,wide,map,238,7128,237.992,1.0,1920,1080,0,,,0,0,,1400.0,1400.0,,,,0.286
floor1,wide,map,239,7158,238.994,1.0,1920,1080,0,,,0,0,,1400.0,1400.0,,,,0.318
floor1,wide,map,240,7188,239.996,1.0,1920,1080,1,234.8,229.63,15,25,2.745,1400.0,1400.0,,,,0.309
floor1,wide,map,241,7218,240.997,1.0,1920,1080,1,240.91,233.03,14,17,2.564,1400.0,1400.0,,,,0.316
floor1,wide,map,242,7248,241.999,1.0,1920,1080,1,248.23,237.38,16,23,3.477,1400.0,1400.0,,,,0.323
floor1,wide,map,243,7278,243.001,1.0,1920,1080,0,,,0,0,,1400.0,1400.0,,,,0.334
floor1,wide,map,244,7308,244.002,1.0,1920,1080,0,,,0,0,,1400.0,1400.0,,,,0.369
floor1,wide,map,245,7338,245.004,1.0,1920,1080,1,298.96,272.22,12,21,3.318,1400.0,1400.0,,,,0.356
floor1,wide,map,246,7368,246.006,1.0,1920,1080,1,284.37,255.89,11,18,3.824,1400.0,1400.0,,,,0.335
floor1,wide,map,247,7398,247.007,1.0,1920,1080,1,305.4,262.19,15,27,3.44,1400.0,1400.0,,,,0.33
floor1,wide,map,248,7428,248.009,1.0,1920,1080,1,310.33,251.09,15,24,3.103,1400.0,1400.0,,,,0.313
floor1,wide,map,249,7458,249.011,1.0,1920,1080,1,312.66,239.14,15,27,2.981,1400.0,1400.0,,,,0.334
floor1,wide,map,250,7488,250.012,1.0,1920,1080,0,,,0,0,,1400.0,1400.0,,,,0.203
floor1,wide,map,251,7518,251.014,1.0,1920,1080,0,,,0,0,,1400.0,1400.0,,,,0.329
floor1,wide,map,252,7548,252.015,1.0,1920,1080,0,,,0,0,,1400.0,1400.0,,,,0.29
floor1,wide,map,253,7577,252.984,1.0,1920,1080,0,,,0,0,,1400.0,1400.0,,,,0.274
floor1,wide,map,254,7607,253.985,1.0,1920,1080,0,,,0,0,,1400.0,1400.0,,,,0.301
floor1,wide,map,255,7637,254.987,1.0,1920,1080,0,,,0,0,,1400.0,1400.0,,,,0.278
floor1,wide,map,256,7667,255.989,1.0,1920,1080,1,304.3,218.37,11,17,1.196,1400.0,1400.0,,,,0.281
floor1,wide,map,257,7697,256.99,1.0,1920,1080,1,295.93,219.59,12,18,2.997,1400.0,1400.0,,,,0.289
floor1,wide,map,258,7727,257.992,1.0,1920,1080,1,285.66,220.46,10,22,3.767,1400.0,1400.0,,,,0.302
floor1,wide,map,259,7757,258.994,1.0,1920,1080,1,278.55,223.71,11,18,3.395,1400.0,1400.0,,,,0.299
floor1,wide,map,260,7787,259.995,1.0,1920,1080,0,,,0,0,,1400.0,1400.0,,,,0.325
floor1,wide,map,261,7817,260.997,1.0,1920,1080,0,,,0,0,,1400.0,1400.0,,,,0.281
floor1,wide,map,262,7847,261.999,1.0,1920,1080,0,,,0,0,,1400.0,1400.0,,,,0.194
floor1,wide,map,263,7877,263.0,1.0,1920,1080,1,242.72,188.79,11,23,3.502,1400.0,1400.0,,,,0.29
floor1,wide,map,264,7907,264.002,1.0,1920,1080,1,242.66,197.66,21,46,4.215,1400.0,1400.0,,,,0.317
floor1,wide,map,265,7937,265.004,1.0,1920,1080,1,241.19,201.24,24,48,3.931,1400.0,1400.0,,,,0.306
floor1,wide,map,266,7967,266.005,1.0,1920,1080,1,242.25,210.07,18,33,4.321,1400.0,1400.0,,,,0.295
floor1,wide,map,267,7997,267.007,1.0,1920,1080,1,243.52,220.79,20,38,4.568,1400.0,1400.0,,,,0.321
floor1,wide,map,268,8027,268.009,1.0,1920,1080,1,242.94,207.76,16,34,3.314,1400.0,1400.0,,,,0.324
floor1,wide,map,269,8057,269.01,1.0,1920,1080,1,242.57,229.87,10,26,2.367,1400.0,1400.0,,,,0.365
floor1,wide,map,270,8087,270.012,1.0,1920,1080,1,243.57,233.89,14,38,3.443,1400.0,1400.0,,,,0.358
floor1,wide,map,271,8117,271.013,1.0,1920,1080,1,244.72,241.71,19,38,2.736,1400.0,1400.0,,,,0.337
floor1,wide,map,272,8147,272.015,1.0,1920,1080,1,242.51,250.33,23,47,2.352,1400.0,1400.0,,,,0.313
floor1,wide,map,273,8176,272.983,1.0,1920,1080,1,243.78,261.34,23,48,3.491,1400.0,1400.0,,,,0.322
floor1,wide,map,274,8206,273.985,1.0,1920,1080,1,245.86,267.79,21,52,2.133,1400.0,1400.0,,,,0.337
floor1,wide,map,275,8236,274.987,1.0,1920,1080,1,244.0,278.22,18,40,2.227,1400.0,1400.0,,,,0.311
floor1,wide,map,276,8266,275.988,1.0,1920,1080,1,245.11,286.73,17,39,2.698,1400.0,1400.0,,,,0.338
floor1,wide,map,277,8296,276.99,1.0,1920,1080,1,243.85,295.2,23,48,3.956,1400.0,1400.0,,,,0.329
floor1,wide,map,278,8326,277.992,1.0,1920,1080,1,246.81,303.44,10,24,2.47,1400.0,1400.0,,,,0.315
floor1,wide,map,279,8356,278.993,1.0,1920,1080,0,,,0,0,,1400.0,1400.0,,,,0.297
floor1,wide,map,280,8386,279.995,1.0,1920,1080,0,,,0,0,,1400.0,1400.0,,,,0.358
floor1,wide,map,281,8416,280.997,1.0,1920,1080,1,261.5,330.84,14,39,3.394,1400.0,1400.0,,,,0.398
floor1,wide,map,282,8446,281.998,1.0,1920,1080,1,272.74,323.58,12,19,3.816,1400.0,1400.0,,,,0.333
floor1,wide,map,283,8476,283.0,1.0,1920,1080,1,266.74,313.62,12,24,2.733,1400.0,1400.0,,,,0.311
floor1,wide,map,284,8506,284.002,1.0,1920,1080,1,258.72,311.46,11,20,3.902,1400.0,1400.0,,,,0.317
floor1,wide,map,285,8536,285.003,1.0,1920,1080,1,253.22,338.04,12,25,2.821,1400.0,1400.0,,,,0.355
floor1,wide,map,286,8566,286.005,1.0,1920,1080,1,249.15,332.3,18,29,2.76,1400.0,1400.0,,,,0.3
floor1,wide,map,287,8596,287.007,1.0,1920,1080,1,247.26,324.27,19,39,2.115,1400.0,1400.0,,,,0.307
floor1,wide,map,288,8626,288.008,1.0,1920,1080,1,249.04,313.65,20,39,3.409,1400.0,1400.0,,,,0.297
floor1,wide,map,289,8656,289.01,1.0,1920,1080,1,248.48,303.74,21,50,3.606,1400.0,1400.0,,,,0.319
floor1,wide,map,290,8686,290.011,1.0,1920,1080,1,244.82,288.58,22,50,2.776,1400.0,1400.0,,,,0.316
floor1,wide,map,291,8716,291.013,1.0,1920,1080,1,246.29,279.71,22,45,3.137,1400.0,1400.0,,,,0.3
floor1,wide,map,292,8746,292.015,1.0,1920,1080,1,246.53,266.67,24,53,3.124,1400.0,1400.0,,,,0.321
floor1,wide,map,293,8776,293.016,1.0,1920,1080,1,247.65,256.0,16,44,3.432,1400.0,1400.0,,,,0.341
floor1,wide,map,294,8805,293.985,1.0,1920,1080,1,246.81,250.0,15,38,3.993,1400.0,1400.0,,,,0.354
floor1,wide,map,295,8835,294.986,1.0,1920,1080,1,237.25,269.91,14,40,3.506,1400.0,1400.0,,,,0.343
floor1,wide,map,296,8865,295.988,1.0,1920,1080,1,246.69,224.91,12,37,3.22,1400.0,1400.0,,,,0.369
floor1,wide,map,297,8895,296.99,1.0,1920,1080,1,247.04,226.41,14,30,3.121,1400.0,1400.0,,,,0.351
floor1,wide,map,298,8925,297.991,1.0,1920,1080,1,248.68,217.19,12,26,2.816,1400.0,1400.0,,,,0.337
floor1,wide,map,299,8955,298.993,1.0,1920,1080,1,248.83,208.27,12,28,3.437,1400.0,1400.0,,,,0.331
floor1,wide,map,300,8985,299.995,1.0,1920,1080,1,246.69,216.42,19,43,3.182,1400.0,1400.0,,,,0.339
floor1,wide,map,301,9015,300.996,1.0,1920,1080,1,251.9,208.83,17,25,2.618,1400.0,1400.0,,,,0.305
floor1,wide,map,302,9045,301.998,1.0,1920,1080,1,248.27,200.94,25,44,2.377,1400.0,1400.0,,,,0.291
floor1,wide,map,303,9075,303.0,1.0,1920,1080,1,241.44,190.82,26,40,3.058,1400.0,1400.0,,,,0.292
floor1,wide,map,304,9105,304.001,1.0,1920,1080,1,245.53,184.21,31,47,3.872,1400.0,1400.0,,,,0.293
floor1,wide,map,305,9135,305.003,1.0,1920,1080,1,248.41,177.57,32,48,4.151,1400.0,1400.0,,,,0.302
floor1,wide,map,306,9165,306.005,1.0,1920,1080,1,247.64,169.87,26,37,2.936,1400.0,1400.0,,,,0.296
floor1,wide,map,307,9195,307.006,1.0,1920,1080,1,253.63,158.81,26,43,2.639,1400.0,1400.0,,,,0.291
floor1,wide,selfcal,0,0,0.0,1.0,1920,1080,0,,,0,0,,1400.0,1400.0,estimating,1400.0,0,0.306
floor1,wide,selfcal,1,30,1.002,1.0,1920,1080,0,,,0,0,,1400.0,1400.0,estimating,915.9,1,0.304
floor1,wide,selfcal,2,60,2.003,1.0,1920,1080,1,316.23,140.89,15,22,2.748,915.9,915.9,estimating,915.9,2,0.311
floor1,wide,selfcal,3,90,3.005,1.0,1920,1080,1,315.72,145.84,65,81,2.371,915.9,915.9,estimating,916.0,3,0.299
floor1,wide,selfcal,4,120,4.007,1.0,1920,1080,1,316.07,150.58,58,76,2.438,916.0,916.0,estimating,916.0,4,0.294
floor1,wide,selfcal,5,150,5.008,1.0,1920,1080,1,316.16,156.64,56,67,2.471,916.0,916.0,estimating,916.0,5,0.313
floor1,wide,selfcal,6,180,6.01,1.0,1920,1080,1,316.26,161.66,50,67,3.099,916.0,916.0,estimating,917.2,6,0.309
floor1,wide,selfcal,7,210,7.012,1.0,1920,1080,1,316.24,167.14,52,63,2.685,917.2,917.2,estimating,919.3,7,0.303
floor1,wide,selfcal,8,240,8.013,1.0,1920,1080,1,316.81,172.39,52,70,3.464,919.3,919.3,estimating,922.3,8,0.302
floor1,wide,selfcal,9,270,9.015,1.0,1920,1080,1,316.66,177.52,29,39,2.009,922.3,922.3,estimating,926.4,9,0.297
floor1,wide,selfcal,10,300,10.017,1.0,1920,1080,1,316.6,182.96,27,37,2.327,926.4,926.4,estimating,930.1,10,0.29
floor1,wide,selfcal,11,329,10.985,1.0,1920,1080,1,316.6,188.27,30,37,2.37,930.1,930.1,estimating,932.8,11,0.292
floor1,wide,selfcal,12,359,11.986,1.0,1920,1080,1,316.47,194.03,27,35,3.124,932.8,932.8,estimating,935.0,12,0.3
floor1,wide,selfcal,13,389,12.988,1.0,1920,1080,1,315.15,199.38,25,39,2.598,935.0,935.0,estimating,935.0,13,0.292
floor1,wide,selfcal,14,419,13.99,1.0,1920,1080,1,313.77,205.57,28,38,3.187,935.0,935.0,estimating,936.2,14,0.279
floor1,wide,selfcal,15,449,14.991,1.0,1920,1080,1,312.64,211.26,21,29,3.122,936.2,936.2,estimating,936.2,15,0.288
floor1,wide,selfcal,16,479,15.993,1.0,1920,1080,1,311.82,216.5,29,37,2.504,936.2,936.2,estimating,936.2,16,0.282
floor1,wide,selfcal,17,509,16.995,1.0,1920,1080,1,310.67,222.9,33,41,2.416,936.2,936.2,estimating,934.1,17,0.283
floor1,wide,selfcal,18,539,17.996,1.0,1920,1080,1,310.1,228.24,32,36,2.111,934.1,934.1,estimating,931.1,18,0.283
floor1,wide,selfcal,19,569,18.998,1.0,1920,1080,1,309.47,233.08,33,39,2.649,931.1,931.1,estimating,928.0,19,0.307
floor1,wide,selfcal,20,599,20.0,1.0,1920,1080,1,309.05,236.81,29,34,2.233,928.0,928.0,estimating,925.6,20,0.308
floor1,wide,selfcal,21,629,21.001,1.0,1920,1080,1,308.8,239.28,28,32,2.305,925.6,925.6,estimating,922.8,21,0.307
floor1,wide,selfcal,22,659,22.003,1.0,1920,1080,1,309.53,242.32,31,32,2.824,922.8,922.8,estimating,920.0,22,0.318
floor1,wide,selfcal,23,689,23.005,1.0,1920,1080,1,310.03,244.61,36,43,2.937,920.0,920.0,estimating,917.1,23,0.304
floor1,wide,selfcal,24,719,24.006,1.0,1920,1080,1,310.15,249.2,32,37,2.65,917.1,917.1,estimating,914.7,24,0.303
floor1,wide,selfcal,25,749,25.008,1.0,1920,1080,1,310.49,254.08,34,38,3.063,914.7,914.7,estimating,913.5,25,0.302
floor1,wide,selfcal,26,779,26.01,1.0,1920,1080,1,310.78,259.46,35,39,2.782,913.5,913.5,estimating,913.5,26,0.3
floor1,wide,selfcal,27,809,27.011,1.0,1920,1080,1,311.15,264.3,29,45,2.822,913.5,913.5,estimating,913.5,27,0.268
floor1,wide,selfcal,28,839,28.013,1.0,1920,1080,1,311.78,270.45,28,35,3.582,913.5,913.5,estimating,913.5,28,0.287
floor1,wide,selfcal,29,869,29.015,1.0,1920,1080,1,313.02,275.51,25,36,3.362,913.5,913.5,estimating,913.5,29,0.296
floor1,wide,selfcal,30,899,30.016,1.0,1920,1080,1,313.64,281.12,23,28,3.056,913.5,913.5,estimating,914.6,30,0.28
floor1,wide,selfcal,31,928,30.984,1.0,1920,1080,1,315.58,286.21,21,38,3.648,914.6,914.6,estimating,914.6,31,0.279
floor1,wide,selfcal,32,958,31.986,1.0,1920,1080,1,317.32,290.8,20,42,3.252,914.6,914.6,estimating,914.6,32,0.297
floor1,wide,selfcal,33,988,32.988,1.0,1920,1080,1,320.4,295.29,17,20,1.928,914.6,914.6,estimating,914.6,33,0.292
floor1,wide,selfcal,34,1018,33.989,1.0,1920,1080,1,323.08,299.96,22,27,2.575,914.6,914.6,estimating,913.3,34,0.285
floor1,wide,selfcal,35,1048,34.991,1.0,1920,1080,1,325.65,304.81,22,31,3.424,913.3,913.3,estimating,913.3,35,0.283
floor1,wide,selfcal,36,1078,35.993,1.0,1920,1080,1,328.49,309.62,14,16,3.06,913.3,913.3,estimating,912.3,36,0.298
floor1,wide,selfcal,37,1108,36.994,1.0,1920,1080,1,330.63,314.66,18,24,2.008,912.3,912.3,estimating,912.3,37,0.306
floor1,wide,selfcal,38,1138,37.996,1.0,1920,1080,1,332.69,320.35,29,48,2.836,912.3,912.3,estimating,910.1,38,0.311
floor1,wide,selfcal,39,1168,38.998,1.0,1920,1080,1,333.65,325.65,30,35,2.418,910.1,910.1,estimating,910.1,39,0.289
floor1,wide,selfcal,40,1198,39.999,1.0,1920,1080,1,334.48,332.18,48,54,2.658,910.1,910.1,estimating,908.3,40,0.284
floor1,wide,selfcal,41,1228,41.001,1.0,1920,1080,1,335.26,338.11,41,44,3.825,908.3,908.3,estimating,906.9,41,0.286
floor1,wide,selfcal,42,1258,42.003,1.0,1920,1080,1,335.87,343.66,35,41,2.455,906.9,906.9,estimating,906.9,42,0.281
floor1,wide,selfcal,43,1288,43.004,1.0,1920,1080,1,336.23,349.24,40,46,3.836,906.9,906.9,estimating,906.9,43,0.314
floor1,wide,selfcal,44,1318,44.006,1.0,1920,1080,1,336.72,355.62,41,50,3.297,906.9,906.9,estimating,906.9,44,0.299
floor1,wide,selfcal,45,1348,45.008,1.0,1920,1080,1,336.82,361.81,43,60,3.626,906.9,906.9,estimating,906.9,45,0.305
floor1,wide,selfcal,46,1378,46.009,1.0,1920,1080,1,337.16,367.79,37,53,4.5,906.9,906.9,estimating,906.9,46,0.305
floor1,wide,selfcal,47,1408,47.011,1.0,1920,1080,1,337.24,374.86,38,49,3.06,906.9,906.9,estimating,906.9,47,0.3
floor1,wide,selfcal,48,1438,48.012,1.0,1920,1080,1,337.52,381.65,32,39,3.333,906.9,906.9,estimating,909.3,48,0.314
floor1,wide,selfcal,49,1468,49.014,1.0,1920,1080,1,337.84,387.44,29,37,2.563,909.3,909.3,estimating,914.4,49,0.327
floor1,wide,selfcal,50,1498,50.016,1.0,1920,1080,1,338.34,393.7,32,41,4.156,914.4,914.4,estimating,920.2,50,0.3
floor1,wide,selfcal,51,1527,50.984,1.0,1920,1080,1,338.42,398.99,23,28,3.365,920.2,920.2,estimating,926.6,51,0.298
floor1,wide,selfcal,52,1557,51.986,1.0,1920,1080,1,339.28,405.37,27,32,4.452,926.6,926.6,estimating,931.6,52,0.278
floor1,wide,selfcal,53,1587,52.987,1.0,1920,1080,1,339.82,411.8,28,39,3.508,931.6,931.6,estimating,935.7,53,0.299
floor1,wide,selfcal,54,1617,53.989,1.0,1920,1080,1,340.44,417.14,20,29,4.06,935.7,935.7,estimating,938.9,54,0.301
floor1,wide,selfcal,55,1647,54.991,1.0,1920,1080,1,340.05,423.85,20,28,3.164,938.9,938.9,estimating,937.2,55,0.299
floor1,wide,selfcal,56,1677,55.992,1.0,1920,1080,1,340.32,429.47,18,27,4.274,937.2,937.2,estimating,933.2,56,0.311
floor1,wide,selfcal,57,1707,56.994,1.0,1920,1080,0,,,0,0,,933.2,933.2,estimating,929.9,57,0.311
floor1,wide,selfcal,58,1737,57.996,1.0,1920,1080,0,,,0,0,,929.9,929.9,estimating,927.3,57,0.235
floor1,wide,selfcal,59,1767,58.997,1.0,1920,1080,0,,,0,0,,927.3,927.3,calibrated,925.3,57,0.241
floor1,wide,selfcal,60,1797,59.999,1.0,1920,1080,1,337.13,455.1,18,32,3.426,925.3,925.3,estimating,925.3,57,0.319
floor1,wide,selfcal,61,1827,61.001,1.0,1920,1080,1,337.15,449.92,22,33,4.248,925.3,925.3,estimating,923.6,58,0.291
floor1,wide,selfcal,62,1857,62.002,1.0,1920,1080,1,338.54,444.06,24,35,3.562,923.6,923.6,estimating,922.3,59,0.288
floor1,wide,selfcal,63,1887,63.004,1.0,1920,1080,1,340.34,438.04,37,47,2.973,922.3,922.3,estimating,922.3,60,0.283
floor1,wide,selfcal,64,1917,64.006,1.0,1920,1080,1,340.55,431.13,33,43,2.862,922.3,922.3,estimating,925.0,61,0.289
floor1,wide,selfcal,65,1947,65.007,1.0,1920,1080,1,340.32,423.51,31,47,2.738,925.0,925.0,estimating,927.8,62,0.285
floor1,wide,selfcal,66,1977,66.009,1.0,1920,1080,1,339.8,416.83,31,43,2.381,927.8,927.8,estimating,930.0,63,0.295
floor1,wide,selfcal,67,2007,67.01,1.0,1920,1080,1,339.41,409.28,38,45,3.375,930.0,930.0,estimating,932.3,64,0.279
floor1,wide,selfcal,68,2037,68.012,1.0,1920,1080,1,339.3,402.53,35,47,2.614,932.3,932.3,estimating,934.0,65,0.303
floor1,wide,selfcal,69,2067,69.014,1.0,1920,1080,1,338.4,394.12,24,32,3.699,934.0,934.0,estimating,934.0,66,0.286
floor1,wide,selfcal,70,2097,70.015,1.0,1920,1080,1,337.93,387.26,28,34,2.081,934.0,934.0,estimating,934.0,67,0.298
floor1,wide,selfcal,71,2126,70.984,1.0,1920,1080,1,336.96,379.71,40,43,2.177,934.0,934.0,estimating,934.0,68,0.292
floor1,wide,selfcal,72,2156,71.985,1.0,1920,1080,1,336.46,366.01,37,42,1.824,934.0,934.0,estimating,932.7,69,0.279
floor1,wide,selfcal,73,2186,72.987,1.0,1920,1080,1,336.36,360.0,40,42,3.052,932.7,932.7,estimating,931.7,70,0.281
floor1,wide,selfcal,74,2216,73.989,1.0,1920,1080,1,335.98,353.72,42,52,2.611,931.7,931.7,estimating,930.1,71,0.29
floor1,wide,selfcal,75,2246,74.99,1.0,1920,1080,1,335.68,347.23,40,47,4.092,930.1,930.1,estimating,928.0,72,0.289
floor1,wide,selfcal,76,2276,75.992,1.0,1920,1080,1,335.08,341.93,40,50,2.851,928.0,928.0,estimating,925.8,73,0.297
floor1,wide,selfcal,77,2306,76.994,1.0,1920,1080,1,334.51,335.41,37,46,2.881,925.8,925.8,estimating,924.0,74,0.308
floor1,wide,selfcal,78,2336,77.995,1.0,1920,1080,1,333.75,330.64,32,38,4.663,924.0,924.0,estimating,922.8,75,0.304
floor1,wide,selfcal,79,2366,78.997,1.0,1920,1080,1,333.05,325.23,23,26,2.558,922.8,922.8,estimating,921.3,76,0.311
floor1,wide,selfcal,80,2396,79.999,1.0,1920,1080,1,331.11,319.79,23,27,3.012,921.3,921.3,estimating,920.1,77,0.318
floor1,wide,selfcal,81,2426,81.0,1.0,1920,1080,1,328.49,315.22,30,35,3.704,920.1,920.1,estimating,918.8,78,0.299
floor1,wide,selfcal,82,2456,82.002,1.0,1920,1080,1,325.21,311.38,16,22,3.631,918.8,918.8,estimating,916.8,79,0.313
floor1,wide,selfcal,83,2486,83.004,1.0,1920,1080,1,321.12,309.35,30,41,2.92,916.8,916.8,estimating,914.0,80,0.308
floor1,wide,selfcal,84,2516,84.005,1.0,1920,1080,1,316.4,308.3,51,57,2.565,914.0,914.0,estimating,912.9,81,0.3
floor1,wide,selfcal,85,2546,85.007,1.0,1920,1080,1,310.93,307.93,43,50,2.435,912.9,912.9,estimating,910.9,82,0.291
floor1,wide,selfcal,86,2576,86.008,1.0,1920,1080,1,305.22,308.19,40,49,2.711,910.9,910.9,estimating,909.3,83,0.303
floor1,wide,selfcal,87,2606,87.01,1.0,1920,1080,1,299.73,308.86,38,52,3.649,909.3,909.3,estimating,909.3,84,0.308
floor1,wide,selfcal,88,2636,88.012,1.0,1920,1080,1,293.38,309.88,30,40,2.837,909.3,909.3,estimating,909.3,85,0.309
floor1,wide,selfcal,89,2666,89.013,1.0,1920,1080,1,287.67,311.1,26,37,2.622,909.3,909.3,estimating,911.6,86,0.319
floor1,wide,selfcal,90,2696,90.015,1.0,1920,1080,1,283.39,312.21,25,33,2.309,911.6,911.6,estimating,914.6,87,0.322
floor1,wide,selfcal,91,2725,90.983,1.0,1920,1080,1,277.8,313.63,35,45,3.685,914.6,914.6,estimating,917.7,88,0.302
floor1,wide,selfcal,92,2755,91.985,1.0,1920,1080,1,270.82,316.32,29,37,4.107,917.7,917.7,estimating,919.8,89,0.284
floor1,wide,selfcal,93,2785,92.987,1.0,1920,1080,1,265.26,319.37,19,21,2.09,919.8,919.8,estimating,921.5,90,0.283
floor1,wide,selfcal,94,2815,93.988,1.0,1920,1080,1,261.07,323.25,17,20,3.499,921.5,921.5,estimating,923.2,91,0.294
floor1,wide,selfcal,95,2845,94.99,1.0,1920,1080,1,258.56,328.76,25,30,3.334,923.2,923.2,estimating,924.6,91,0.296
floor1,wide,selfcal,96,2875,95.992,1.0,1920,1080,1,256.82,334.92,34,39,2.779,924.6,924.6,estimating,926.2,92,0.282
floor1,wide,selfcal,97,2905,96.993,1.0,1920,1080,1,255.32,341.7,40,45,2.727,926.2,926.2,estimating,927.5,93,0.277
floor1,wide,selfcal,98,2935,97.995,1.0,1920,1080,1,254.83,347.93,47,55,3.016,927.5,927.5,estimating,928.6,94,0.28
floor1,wide,selfcal,99,2965,98.997,1.0,1920,1080,1,254.86,354.92,36,49,2.707,928.6,928.6,estimating,928.6,95,0.297
floor1,wide,selfcal,100,2995,99.998,1.0,1920,1080,1,254.83,361.36,47,52,3.007,928.6,928.6,estimating,925.4,96,0.286
floor1,wide,selfcal,101,3025,101.0,1.0,1920,1080,1,254.97,366.97,45,60,3.281,925.4,925.4,estimating,922.8,97,0.294
floor1,wide,selfcal,102,3055,102.002,1.0,1920,1080,1,254.6,372.93,50,57,3.12,922.8,922.8,estimating,921.2,98,0.281
floor1,wide,selfcal,103,3085,103.003,1.0,1920,1080,1,254.38,379.25,52,55,3.277,921.2,921.2,estimating,919.9,99,0.284
floor1,wide,selfcal,104,3115,104.005,1.0,1920,1080,1,254.27,385.42,49,52,2.674,919.9,919.9,estimating,918.1,100,0.302
floor1,wide,selfcal,105,3145,105.006,1.0,1920,1080,1,254.25,390.99,35,39,2.911,918.1,918.1,estimating,918.1,101,0.286
floor1,wide,selfcal,106,3175,106.008,1.0,1920,1080,1,254.17,397.37,40,42,3.733,918.1,918.1,estimating,916.7,102,0.309
floor1,wide,selfcal,107,3205,107.01,1.0,1920,1080,1,254.27,403.28,34,41,3.421,916.7,916.7,estimating,915.6,103,0.333
floor1,wide,selfcal,108,3235,108.011,1.0,1920,1080,1,254.32,408.85,44,49,2.359,915.6,915.6,estimating,916.7,104,0.282
floor1,wide,selfcal,109,3265,109.013,1.0,1920,1080,1,254.07,414.64,41,43,2.349,916.7,916.7,estimating,916.7,105,0.269
floor1,wide,selfcal,110,3295,110.015,1.0,1920,1080,1,254.4,420.27,45,50,2.763,916.7,916.7,estimating,919.8,106,0.288
floor1,wide,selfcal,111,3325,111.016,1.0,1920,1080,1,255.12,425.77,44,46,2.141,919.8,919.8,estimating,922.7,107,0.283
floor1,wide,selfcal,112,3354,111.985,1.0,1920,1080,1,254.97,430.66,46,51,2.86,922.7,922.7,estimating,925.0,108,0.297
floor1,wide,selfcal,113,3384,112.986,1.0,1920,1080,1,253.99,435.99,39,55,3.334,925.0,925.0,estimating,926.9,109,0.279
floor1,wide,selfcal,114,3414,113.988,1.0,1920,1080,1,252.74,441.31,31,43,2.813,926.9,926.9,estimating,928.4,110,0.292
floor1,wide,selfcal,115,3444,114.99,1.0,1920,1080,1,252.19,446.71,32,36,3.049,928.4,928.4,estimating,929.5,111,0.288
floor1,wide,selfcal,116,3474,115.991,1.0,1920,1080,1,252.25,450.89,24,28,2.547,929.5,929.5,estimating,929.5,112,0.285
floor1,wide,selfcal,117,3504,116.993,1.0,1920,1080,1,254.11,452.89,11,17,1.981,929.5,929.5,estimating,929.5,113,0.294
floor1,wide,selfcal,118,3534,117.995,1.0,1920,1080,0,,,0,0,,929.5,929.5,estimating,929.5,114,0.224
floor1,wide,selfcal,119,3564,118.996,1.0,1920,1080,1,257.2,449.14,25,28,2.183,929.5,929.5,estimating,929.5,114,0.288
floor1,wide,selfcal,120,3594,119.998,1.0,1920,1080,1,256.65,444.54,38,46,2.105,929.5,929.5,estimating,929.5,115,0.281
floor1,wide,selfcal,121,3624,120.999,1.0,1920,1080,1,256.12,439.89,34,40,2.479,929.5,929.5,estimating,928.2,116,0.302
floor1,wide,selfcal,122,3654,122.001,1.0,1920,1080,1,255.28,434.52,36,47,2.587,928.2,928.2,estimating,926.8,117,0.274
floor1,wide,selfcal,123,3684,123.003,1.0,1920,1080,1,254.7,429.0,44,47,2.539,926.8,926.8,estimating,925.6,118,0.284
floor1,wide,selfcal,124,3714,124.004,1.0,1920,1080,1,254.63,423.02,41,55,2.651,925.6,925.6,estimating,924.2,119,0.28
floor1,wide,selfcal,125,3744,125.006,1.0,1920,1080,1,254.88,417.24,38,51,4.007,924.2,924.2,estimating,924.2,120,0.292
floor1,wide,selfcal,126,3774,126.008,1.0,1920,1080,1,255.32,411.09,43,50,2.813,924.2,924.2,estimating,924.2,121,0.291
floor1,wide,selfcal,127,3804,127.009,1.0,1920,1080,1,255.56,405.21,37,48,4.525,924.2,924.2,estimating,924.2,122,0.297
floor1,wide,selfcal,128,3834,128.011,1.0,1920,1080,1,255.77,399.84,42,48,3.224,924.2,924.2,estimating,924.2,123,0.309
floor1,wide,selfcal,129,3864,129.013,1.0,1920,1080,1,255.66,393.38,49,53,2.997,924.2,924.2,estimating,924.2,124,0.287
floor1,wide,selfcal,130,3894,130.014,1.0,1920,1080,1,255.93,387.43,50,57,2.565,924.2,924.2,estimating,924.2,125,0.281
floor1,wide,selfcal,131,3924,131.016,1.0,1920,1080,1,256.16,381.55,49,68,3.042,924.2,924.2,estimating,926.3,126,0.278
floor1,wide,selfcal,132,3953,131.984,1.0,1920,1080,1,256.6,375.81,67,78,3.237,926.3,926.3,estimating,929.0,127,0.287
floor1,wide,selfcal,133,3983,132.986,1.0,1920,1080,1,256.78,370.57,40,42,2.574,929.0,929.0,estimating,930.1,128,0.289
floor1,wide,selfcal,134,4013,133.988,1.0,1920,1080,1,256.76,365.47,44,46,2.548,930.1,930.1,estimating,930.1,129,0.282
floor1,wide,selfcal,135,4043,134.989,1.0,1920,1080,1,256.85,359.81,38,43,2.543,930.1,930.1,estimating,930.1,130,0.309
floor1,wide,selfcal,136,4073,135.991,1.0,1920,1080,1,256.84,354.52,38,41,2.318,930.1,930.1,estimating,930.1,131,0.301
floor1,wide,selfcal,137,4103,136.993,1.0,1920,1080,1,257.41,349.48,40,45,3.405,930.1,930.1,estimating,928.3,132,0.293
floor1,wide,selfcal,138,4133,137.994,1.0,1920,1080,1,257.44,344.94,44,50,2.643,928.3,928.3,estimating,926.5,133,0.311
floor1,wide,selfcal,139,4163,138.996,1.0,1920,1080,1,257.86,339.39,50,66,2.242,926.5,926.5,estimating,924.9,134,0.292
floor1,wide,selfcal,140,4193,139.997,1.0,1920,1080,1,258.43,334.48,44,46,3.466,924.9,924.9,estimating,923.4,135,0.297
floor1,wide,selfcal,141,4223,140.999,1.0,1920,1080,1,260.4,328.77,39,47,4.075,923.4,923.4,estimating,923.4,136,0.296
floor1,wide,selfcal,142,4253,142.001,1.0,1920,1080,1,263.22,324.93,13,15,1.976,923.4,923.4,estimating,923.4,137,0.319
floor1,wide,selfcal,143,4283,143.002,1.0,1920,1080,1,267.41,322.29,14,18,3.079,923.4,923.4,estimating,923.4,138,0.306
floor1,wide,selfcal,144,4313,144.004,1.0,1920,1080,1,272.42,319.65,26,29,2.994,923.4,923.4,estimating,922.2,139,0.3
floor1,wide,selfcal,145,4343,145.006,1.0,1920,1080,1,278.31,317.45,23,31,2.648,922.2,922.2,estimating,922.2,140,0.307
floor1,wide,selfcal,146,4373,146.007,1.0,1920,1080,1,282.94,316.29,27,35,3.261,922.2,922.2,estimating,922.2,141,0.327
floor1,wide,selfcal,147,4403,147.009,1.0,1920,1080,1,287.88,314.77,25,30,3.393,922.2,922.2,estimating,922.2,142,0.303
floor1,wide,selfcal,148,4433,148.011,1.0,1920,1080,1,293.26,312.2,21,29,2.406,922.2,922.2,estimating,922.2,143,0.313
floor1,wide,selfcal,149,4463,149.012,1.0,1920,1080,1,298.34,309.32,19,32,3.64,922.2,922.2,estimating,922.2,144,0.281
floor1,wide,selfcal,150,4493,150.014,1.0,1920,1080,0,,,0,0,,922.2,922.2,estimating,923.3,145,0.268
floor1,wide,selfcal,151,4523,151.016,1.0,1920,1080,1,305.8,300.79,17,22,3.547,923.3,923.3,estimating,923.3,145,0.303
floor1,wide,selfcal,152,4552,151.984,1.0,1920,1080,1,308.61,298.41,16,23,3.541,923.3,923.3,estimating,923.3,146,0.308
floor1,wide,selfcal,153,4582,152.986,1.0,1920,1080,1,306.62,291.22,10,13,3.541,923.3,923.3,estimating,925.8,147,0.302
floor1,wide,selfcal,154,4612,153.987,1.0,1920,1080,1,312.95,291.87,12,21,2.822,925.8,925.8,estimating,925.8,148,0.313
floor1,wide,selfcal,155,4642,154.989,1.0,1920,1080,1,309.82,282.23,15,25,3.438,925.8,925.8,estimating,928.5,149,0.324
floor1,wide,selfcal,156,4672,155.991,1.0,1920,1080,1,311.25,277.69,15,24,5.474,928.5,928.5,estimating,928.5,150,0.297
floor1,wide,selfcal,157,4702,156.992,1.0,1920,1080,1,309.81,272.69,25,42,3.462,928.5,928.5,estimating,928.5,151,0.313
floor1,wide,selfcal,158,4732,157.994,1.0,1920,1080,1,310.27,266.55,29,46,3.584,928.5,928.5,estimating,925.5,152,0.315
floor1,wide,selfcal,159,4762,158.995,1.0,1920,1080,1,308.19,253.76,24,42,3.156,925.5,925.5,estimating,920.6,153,0.315
floor1,wide,selfcal,160,4792,159.997,1.0,1920,1080,1,308.76,255.12,18,30,2.122,920.6,920.6,estimating,920.6,154,0.326
floor1,wide,selfcal,161,4822,160.999,1.0,1920,1080,1,308.73,250.17,19,32,2.343,920.6,920.6,estimating,920.6,155,0.335
floor1,wide,selfcal,162,4852,162.0,1.0,1920,1080,1,308.37,240.31,20,37,3.84,920.6,920.6,estimating,921.8,156,0.338
floor1,wide,selfcal,163,4882,163.002,1.0,1920,1080,1,309.23,247.35,16,29,5.096,921.8,921.8,estimating,921.8,157,0.333
floor1,wide,selfcal,164,4912,164.004,1.0,1920,1080,1,309.08,234.27,13,26,2.855,921.8,921.8,estimating,919.7,158,0.341
floor1,wide,selfcal,165,4942,165.005,1.0,1920,1080,1,308.53,229.08,12,21,2.255,919.7,919.7,estimating,919.7,159,0.336
floor1,wide,selfcal,166,4972,166.007,1.0,1920,1080,1,309.4,224.58,14,20,1.923,919.7,919.7,estimating,919.7,159,0.35
floor1,wide,selfcal,167,5002,167.009,1.0,1920,1080,1,312.55,219.28,16,23,4.002,919.7,919.7,estimating,923.3,160,0.327
floor1,wide,selfcal,168,5032,168.01,1.0,1920,1080,1,310.22,213.03,23,29,4.613,923.3,923.3,estimating,929.1,161,0.321
floor1,wide,selfcal,169,5062,169.012,1.0,1920,1080,1,309.99,207.47,24,34,3.336,929.1,929.1,estimating,930.8,162,0.309
floor1,wide,selfcal,170,5092,170.014,1.0,1920,1080,1,312.05,202.55,31,41,2.483,930.8,930.8,estimating,932.6,163,0.316
floor1,wide,selfcal,171,5122,171.015,1.0,1920,1080,1,312.87,196.71,37,42,2.643,932.6,932.6,estimating,932.6,164,0.318
floor1,wide,selfcal,172,5151,171.984,1.0,1920,1080,1,313.53,191.71,35,41,3.356,932.6,932.6,estimating,932.6,165,0.316
floor1,wide,selfcal,173,5181,172.985,1.0,1920,1080,1,313.73,186.09,27,33,3.322,932.6,932.6,estimating,938.2,166,0.321
floor1,wide,selfcal,174,5211,173.987,1.0,1920,1080,1,314.59,181.69,31,34,3.756,938.2,938.2,estimating,942.6,167,0.321
floor1,wide,selfcal,175,5241,174.989,1.0,1920,1080,1,313.87,176.42,30,40,2.848,942.6,942.6,estimating,940.1,168,0.321
floor1,wide,selfcal,176,5271,175.99,1.0,1920,1080,1,314.32,171.12,31,37,3.128,940.1,940.1,estimating,940.1,169,0.323
floor1,wide,selfcal,177,5301,176.992,1.0,1920,1080,1,315.22,166.51,22,26,3.435,940.1,940.1,estimating,942.0,170,0.321
floor1,wide,selfcal,178,5331,177.993,1.0,1920,1080,1,314.73,161.92,18,31,3.501,942.0,942.0,estimating,943.5,171,0.321
floor1,wide,selfcal,179,5361,178.995,1.0,1920,1080,0,,,0,0,,943.5,943.5,estimating,949.6,172,0.301
floor1,wide,selfcal,180,5391,179.997,1.0,1920,1080,0,,,0,0,,949.6,949.6,estimating,954.5,172,0.265
floor1,wide,selfcal,181,5421,180.998,1.0,1920,1080,1,306.22,150.6,23,26,2.706,954.5,954.5,estimating,958.3,172,0.3
floor1,wide,selfcal,182,5451,182.0,1.0,1920,1080,1,300.81,152.13,30,33,3.687,958.3,958.3,estimating,961.5,173,0.296
floor1,wide,selfcal,183,5481,183.002,1.0,1920,1080,1,294.73,153.02,38,50,5.246,961.5,961.5,estimating,961.5,174,0.308
floor1,wide,selfcal,184,5511,184.003,1.0,1920,1080,1,287.8,152.87,31,45,4.856,961.5,961.5,estimating,956.1,175,0.289
floor1,wide,selfcal,185,5541,185.005,1.0,1920,1080,1,283.12,150.77,22,34,2.715,956.1,956.1,estimating,953.3,176,0.291
floor1,wide,selfcal,186,5571,186.007,1.0,1920,1080,1,274.71,151.04,42,53,3.851,953.3,953.3,estimating,949.6,177,0.295
floor1,wide,selfcal,187,5601,187.008,1.0,1920,1080,1,268.38,150.25,38,48,5.29,949.6,949.6,estimating,946.4,178,0.301
floor1,wide,selfcal,188,5631,188.01,1.0,1920,1080,1,262.21,149.08,26,33,3.463,946.4,946.4,estimating,942.5,179,0.296
floor1,wide,selfcal,189,5661,189.012,1.0,1920,1080,1,255.62,148.13,25,38,2.457,942.5,942.5,estimating,939.3,180,0.279
floor1,wide,selfcal,190,5691,190.013,1.0,1920,1080,1,250.14,147.47,33,40,2.73,939.3,939.3,estimating,936.3,181,0.277
floor1,wide,selfcal,191,5721,191.015,1.0,1920,1080,1,242.15,147.16,28,31,1.863,936.3,936.3,estimating,933.8,182,0.275
floor1,wide,selfcal,192,5751,192.017,1.0,1920,1080,1,234.22,147.69,39,49,2.12,933.8,933.8,estimating,931.9,183,0.28
floor1,wide,selfcal,193,5780,192.985,1.0,1920,1080,1,226.76,147.53,32,38,2.908,931.9,931.9,estimating,929.8,184,0.28
floor1,wide,selfcal,194,5810,193.986,1.0,1920,1080,1,219.14,147.89,31,43,2.178,929.8,929.8,estimating,928.6,185,0.279
floor1,wide,selfcal,195,5840,194.988,1.0,1920,1080,1,211.37,148.64,26,35,3.502,928.6,928.6,estimating,928.6,186,0.293
floor1,wide,selfcal,196,5870,195.99,1.0,1920,1080,1,203.88,148.27,25,36,2.428,928.6,928.6,estimating,927.5,187,0.288
floor1,wide,selfcal,197,5900,196.991,1.0,1920,1080,1,195.04,149.58,12,28,3.019,927.5,927.5,estimating,927.5,188,0.327
floor1,wide,selfcal,198,5930,197.993,1.0,1920,1080,1,186.79,149.09,19,32,2.999,927.5,927.5,estimating,927.5,188,0.307
floor1,wide,selfcal,199,5960,198.995,1.0,1920,1080,1,182.23,148.55,18,29,4.164,927.5,927.5,estimating,925.4,189,0.316
floor1,wide,selfcal,200,5990,199.996,1.0,1920,1080,1,175.25,148.27,15,27,2.078,925.4,925.4,estimating,923.0,190,0.329
floor1,wide,selfcal,201,6020,200.998,1.0,1920,1080,1,164.41,146.0,13,26,2.8,923.0,923.0,estimating,921.1,191,0.318
floor1,wide,selfcal,202,6050,202.0,1.0,1920,1080,1,160.22,145.74,16,28,2.932,921.1,921.1,estimating,917.0,192,0.332
floor1,wide,selfcal,203,6080,203.001,1.0,1920,1080,1,153.1,144.84,13,24,2.766,917.0,917.0,estimating,913.8,193,0.346
floor1,wide,selfcal,204,6110,204.003,1.0,1920,1080,1,149.28,151.44,12,20,3.47,913.8,913.8,estimating,911.2,194,0.349
floor1,wide,selfcal,205,6140,205.005,1.0,1920,1080,1,146.56,149.21,11,21,2.677,911.2,911.2,estimating,905.1,195,0.334
floor1,wide,selfcal,206,6170,206.006,1.0,1920,1080,1,134.08,144.74,10,21,3.059,905.1,905.1,estimating,900.1,196,0.339
floor1,wide,selfcal,207,6200,207.008,1.0,1920,1080,1,128.94,149.18,12,13,1.809,900.1,900.1,estimating,896.2,196,0.279
floor1,wide,selfcal,208,6230,208.01,1.0,1920,1080,1,133.94,152.71,14,22,2.642,896.2,896.2,estimating,896.2,197,0.275
floor1,wide,selfcal,209,6260,209.011,1.0,1920,1080,0,,,0,0,,896.2,896.2,estimating,911.2,198,0.286
floor1,wide,selfcal,210,6290,210.013,1.0,1920,1080,1,137.45,156.39,10,17,3.375,911.2,911.2,estimating,923.3,198,0.293
floor1,wide,selfcal,211,6320,211.015,1.0,1920,1080,1,143.59,156.81,13,15,2.904,923.3,923.3,estimating,932.9,198,0.279
floor1,wide,selfcal,212,6350,212.016,1.0,1920,1080,1,151.15,156.02,11,13,3.271,932.9,932.9,estimating,943.0,199,0.284
floor1,wide,selfcal,213,6379,212.984,1.0,1920,1080,1,157.15,155.77,13,16,2.212,943.0,943.0,estimating,951.2,199,0.284
floor1,wide,selfcal,214,6409,213.986,1.0,1920,1080,1,164.79,155.19,10,16,2.942,951.2,951.2,estimating,957.6,200,0.29
floor1,wide,selfcal,215,6439,214.988,1.0,1920,1080,1,170.92,152.87,20,23,4.059,957.6,957.6,estimating,962.8,200,0.296
floor1,wide,selfcal,216,6469,215.989,1.0,1920,1080,0,,,0,0,,962.8,962.8,estimating,956.5,201,0.286
floor1,wide,selfcal,217,6499,216.991,1.0,1920,1080,1,179.64,155.25,11,13,1.906,956.5,956.5,estimating,951.5,201,0.289
floor1,wide,selfcal,218,6529,217.993,1.0,1920,1080,1,193.76,153.34,24,29,3.61,951.5,951.5,estimating,947.5,202,0.293
floor1,wide,selfcal,219,6559,218.994,1.0,1920,1080,1,202.73,153.05,16,21,3.487,947.5,947.5,estimating,945.6,203,0.294
floor1,wide,selfcal,220,6589,219.996,1.0,1920,1080,1,209.5,154.13,15,18,2.823,945.6,945.6,estimating,944.1,204,0.306
floor1,wide,selfcal,221,6619,220.998,1.0,1920,1080,1,218.5,154.58,26,27,3.126,944.1,944.1,estimating,941.5,205,0.302
floor1,wide,selfcal,222,6649,221.999,1.0,1920,1080,1,224.42,156.54,19,21,3.229,941.5,941.5,estimating,939.0,206,0.303
floor1,wide,selfcal,223,6679,223.001,1.0,1920,1080,1,233.18,157.9,12,18,3.268,939.0,939.0,estimating,936.1,207,0.297
floor1,wide,selfcal,224,6709,224.003,1.0,1920,1080,0,,,0,0,,936.1,936.1,estimating,934.7,208,0.33
floor1,wide,selfcal,225,6739,225.004,1.0,1920,1080,1,243.34,160.65,16,20,5.644,934.7,934.7,estimating,933.5,208,0.282
floor1,wide,selfcal,226,6769,226.006,1.0,1920,1080,1,245.85,164.43,30,35,6.483,933.5,933.5,estimating,933.5,209,0.322
floor1,wide,selfcal,227,6799,227.008,1.0,1920,1080,1,247.74,168.92,31,38,2.029,933.5,933.5,estimating,933.5,210,0.322
floor1,wide,selfcal,228,6829,228.009,1.0,1920,1080,1,248.22,172.63,36,38,2.784,933.5,933.5,estimating,933.5,211,0.296
floor1,wide,selfcal,229,6859,229.011,1.0,1920,1080,1,248.48,176.85,34,44,3.062,933.5,933.5,estimating,932.3,212,0.292
floor1,wide,selfcal,230,6889,230.013,1.0,1920,1080,1,248.49,181.42,28,41,3.986,932.3,932.3,estimating,932.3,213,0.294
floor1,wide,selfcal,231,6919,231.014,1.0,1920,1080,1,248.41,186.29,35,43,2.934,932.3,932.3,estimating,933.7,214,0.292
floor1,wide,selfcal,232,6949,232.016,1.0,1920,1080,1,248.42,191.21,32,37,3.529,933.7,933.7,estimating,934.8,215,0.281
floor1,wide,selfcal,233,6978,232.984,1.0,1920,1080,1,248.67,195.94,29,34,3.958,934.8,934.8,estimating,934.8,216,0.286
floor1,wide,selfcal,234,7008,233.986,1.0,1920,1080,1,248.85,199.26,32,36,7.172,934.8,934.8,estimating,934.8,217,0.294
floor1,wide,selfcal,235,7038,234.987,1.0,1920,1080,1,250.84,205.48,17,26,3.8,934.8,934.8,estimating,934.8,218,0.299
floor1,wide,selfcal,236,7068,235.989,1.0,1920,1080,1,253.74,209.84,16,19,3.257,934.8,934.8,estimating,934.8,219,0.301
floor1,wide,selfcal,237,7098,236.991,1.0,1920,1080,1,259.87,213.55,14,19,2.637,934.8,934.8,estimating,934.8,220,0.315
floor1,wide,selfcal,238,7128,237.992,1.0,1920,1080,0,,,0,0,,934.8,934.8,estimating,932.1,221,0.296
floor1,wide,selfcal,239,7158,238.994,1.0,1920,1080,0,,,0,0,,932.1,932.1,estimating,930.0,221,0.319
floor1,wide,selfcal,240,7188,239.996,1.0,1920,1080,1,277.55,221.04,17,24,3.762,930.0,930.0,estimating,928.3,221,0.311
floor1,wide,selfcal,241,7218,240.997,1.0,1920,1080,1,283.02,221.41,22,30,2.833,928.3,928.3,estimating,924.6,222,0.307
floor1,wide,selfcal,242,7248,241.999,1.0,1920,1080,1,286.9,220.22,16,17,2.79,924.6,924.6,estimating,921.0,223,0.309
floor1,wide,selfcal,243,7278,243.001,1.0,1920,1080,1,291.95,220.7,10,17,3.515,921.0,921.0,estimating,918.2,224,0.327
floor1,wide,selfcal,244,7308,244.002,1.0,1920,1080,0,,,0,0,,918.2,918.2,estimating,913.7,225,0.353
floor1,wide,selfcal,245,7338,245.004,1.0,1920,1080,1,311.07,228.43,12,21,3.275,913.7,913.7,estimating,910.1,225,0.348
floor1,wide,selfcal,246,7368,246.006,1.0,1920,1080,1,306.85,213.6,12,19,1.917,910.1,910.1,estimating,905.2,226,0.33
floor1,wide,selfcal,247,7398,247.007,1.0,1920,1080,1,308.71,210.86,21,27,3.315,905.2,905.2,estimating,901.2,227,0.321
floor1,wide,selfcal,248,7428,248.009,1.0,1920,1080,1,311.64,206.65,27,32,3.63,901.2,901.2,estimating,901.2,228,0.31
floor1,wide,selfcal,249,7458,249.011,1.0,1920,1080,1,312.21,201.82,12,15,1.739,901.2,901.2,estimating,903.8,229,0.338
floor1,wide,selfcal,250,7488,250.012,1.0,1920,1080,0,,,0,0,,903.8,903.8,calibrated,907.6,230,0.204
floor1,wide,selfcal,251,7518,251.014,1.0,1920,1080,0,,,0,0,,907.6,907.6,estimating,907.6,230,0.325
floor1,wide,selfcal,252,7548,252.015,1.0,1920,1080,1,306.84,203.44,11,23,4.176,907.6,907.6,estimating,910.6,230,0.288
floor1,wide,selfcal,253,7577,252.984,1.0,1920,1080,0,,,0,0,,910.6,910.6,estimating,913.1,230,0.273
floor1,wide,selfcal,254,7607,253.985,1.0,1920,1080,0,,,0,0,,913.1,913.1,estimating,915.0,230,0.283
floor1,wide,selfcal,255,7637,254.987,1.0,1920,1080,1,294.1,215.53,11,19,1.968,915.0,915.0,estimating,916.6,230,0.277
floor1,wide,selfcal,256,7667,255.989,1.0,1920,1080,1,287.61,217.1,14,17,2.993,916.6,916.6,estimating,919.2,231,0.285
floor1,wide,selfcal,257,7697,256.99,1.0,1920,1080,1,281.6,217.6,16,25,3.044,919.2,919.2,estimating,921.1,232,0.29
floor1,wide,selfcal,258,7727,257.992,1.0,1920,1080,1,274.8,217.64,15,22,2.353,921.1,921.1,estimating,923.3,233,0.277
floor1,wide,selfcal,259,7757,258.994,1.0,1920,1080,1,269.14,216.5,12,15,3.056,923.3,923.3,estimating,926.8,234,0.285
floor1,wide,selfcal,260,7787,259.995,1.0,1920,1080,1,263.71,215.02,12,15,4.285,926.8,926.8,estimating,930.0,235,0.315
floor1,wide,selfcal,261,7817,260.997,1.0,1920,1080,0,,,0,0,,930.0,930.0,estimating,932.7,235,0.274
floor1,wide,selfcal,262,7847,261.999,1.0,1920,1080,0,,,0,0,,932.7,932.7,calibrated,934.7,235,0.192
floor1,wide,selfcal,263,7877,263.0,1.0,1920,1080,1,246.86,216.4,14,18,3.796,934.7,934.7,estimating,934.7,235,0.282
floor1,wide,selfcal,264,7907,264.002,1.0,1920,1080,1,245.45,222.89,30,34,2.741,934.7,934.7,estimating,936.4,236,0.297
floor1,wide,selfcal,265,7937,265.004,1.0,1920,1080,1,245.4,228.6,37,48,3.254,936.4,936.4,estimating,937.7,237,0.293
floor1,wide,selfcal,266,7967,266.005,1.0,1920,1080,1,245.75,235.11,35,42,3.101,937.7,937.7,estimating,936.6,238,0.286
floor1,wide,selfcal,267,7997,267.007,1.0,1920,1080,1,246.3,241.42,33,36,2.481,936.6,936.6,estimating,935.4,239,0.297
floor1,wide,selfcal,268,8027,268.009,1.0,1920,1080,1,246.48,248.26,36,42,3.396,935.4,935.4,estimating,932.8,240,0.294
floor1,wide,selfcal,269,8057,269.01,1.0,1920,1080,1,246.97,255.71,36,40,2.53,932.8,932.8,estimating,930.6,241,0.292
floor1,wide,selfcal,270,8087,270.012,1.0,1920,1080,1,247.32,263.16,29,31,2.355,930.6,930.6,estimating,927.8,242,0.295
floor1,wide,selfcal,271,8117,271.013,1.0,1920,1080,1,247.16,270.62,34,38,2.169,927.8,927.8,estimating,924.4,243,0.298
floor1,wide,selfcal,272,8147,272.015,1.0,1920,1080,1,247.3,277.13,40,43,2.495,924.4,924.4,estimating,922.7,244,0.302
floor1,wide,selfcal,273,8176,272.983,1.0,1920,1080,1,247.55,283.03,47,51,3.347,922.7,922.7,estimating,922.7,245,0.3
floor1,wide,selfcal,274,8206,273.985,1.0,1920,1080,1,247.5,289.4,37,43,3.809,922.7,922.7,estimating,922.7,246,0.313
floor1,wide,selfcal,275,8236,274.987,1.0,1920,1080,1,247.78,295.83,29,31,2.444,922.7,922.7,estimating,922.7,247,0.291
floor1,wide,selfcal,276,8266,275.988,1.0,1920,1080,1,248.34,302.08,34,38,3.283,922.7,922.7,estimating,922.7,248,0.302
floor1,wide,selfcal,277,8296,276.99,1.0,1920,1080,1,248.94,307.95,33,43,4.028,922.7,922.7,estimating,922.7,249,0.292
floor1,wide,selfcal,278,8326,277.992,1.0,1920,1080,1,249.5,312.98,15,29,3.253,922.7,922.7,estimating,922.7,250,0.306
floor1,wide,selfcal,279,8356,278.993,1.0,1920,1080,1,259.01,323.2,11,21,2.991,922.7,922.7,estimating,922.7,251,0.317
floor1,wide,selfcal,280,8386,279.995,1.0,1920,1080,1,263.65,321.06,14,22,2.401,922.7,922.7,estimating,921.6,252,0.318
floor1,wide,selfcal,281,8416,280.997,1.0,1920,1080,1,265.39,318.25,23,43,4.02,921.6,921.6,estimating,919.5,253,0.326
floor1,wide,selfcal,282,8446,281.998,1.0,1920,1080,1,261.18,313.19,15,17,2.118,919.5,919.5,estimating,917.8,254,0.318
floor1,wide,selfcal,283,8476,283.0,1.0,1920,1080,1,258.68,308.26,16,16,2.162,917.8,917.8,estimating,914.4,255,0.298
floor1,wide,selfcal,284,8506,284.002,1.0,1920,1080,1,254.99,302.18,27,30,2.733,914.4,914.4,estimating,910.0,256,0.298
floor1,wide,selfcal,285,8536,285.003,1.0,1920,1080,1,252.05,296.03,28,31,3.223,910.0,910.0,estimating,906.5,257,0.296
floor1,wide,selfcal,286,8566,286.005,1.0,1920,1080,1,249.78,289.82,27,28,2.414,906.5,906.5,estimating,903.7,258,0.291
floor1,wide,selfcal,287,8596,287.007,1.0,1920,1080,1,249.27,281.95,39,41,3.102,903.7,903.7,estimating,903.7,259,0.304
floor1,wide,selfcal,288,8626,288.008,1.0,1920,1080,1,249.52,275.39,39,48,3.52,903.7,903.7,estimating,906.6,260,0.286
floor1,wide,selfcal,289,8656,289.01,1.0,1920,1080,1,249.01,268.59,48,62,3.771,906.6,906.6,estimating,910.1,261,0.287
floor1,wide,selfcal,290,8686,290.011,1.0,1920,1080,1,248.76,261.29,48,57,2.969,910.1,910.1,estimating,911.8,262,0.285
floor1,wide,selfcal,291,8716,291.013,1.0,1920,1080,1,247.99,253.72,40,45,2.961,911.8,911.8,estimating,913.1,263,0.278
floor1,wide,selfcal,292,8746,292.015,1.0,1920,1080,1,247.87,245.35,44,53,4.189,913.1,913.1,estimating,915.3,264,0.3
floor1,wide,selfcal,293,8776,293.016,1.0,1920,1080,1,247.5,238.4,33,44,3.155,915.3,915.3,estimating,917.4,265,0.293
floor1,wide,selfcal,294,8805,293.985,1.0,1920,1080,1,246.97,230.69,38,43,3.829,917.4,917.4,estimating,920.1,266,0.295
floor1,wide,selfcal,295,8835,294.986,1.0,1920,1080,1,246.68,222.32,33,34,2.713,920.1,920.1,estimating,920.1,267,0.293
floor1,wide,selfcal,296,8865,295.988,1.0,1920,1080,1,247.48,214.98,29,37,3.124,920.1,920.1,estimating,920.1,268,0.292
floor1,wide,selfcal,297,8895,296.99,1.0,1920,1080,1,248.38,208.14,32,39,2.797,920.1,920.1,estimating,918.9,269,0.289
floor1,wide,selfcal,298,8925,297.991,1.0,1920,1080,1,249.4,201.81,22,29,3.03,918.9,918.9,estimating,918.9,270,0.288
floor1,wide,selfcal,299,8955,298.993,1.0,1920,1080,1,253.5,194.97,16,21,2.336,918.9,918.9,estimating,918.9,271,0.286
floor1,wide,selfcal,300,8985,299.995,1.0,1920,1080,1,250.23,190.37,25,34,3.083,918.9,918.9,estimating,918.9,272,0.3
floor1,wide,selfcal,301,9015,300.996,1.0,1920,1080,1,250.29,184.71,26,32,3.506,918.9,918.9,estimating,917.7,273,0.301
floor1,wide,selfcal,302,9045,301.998,1.0,1920,1080,1,250.06,179.37,31,44,2.553,917.7,917.7,estimating,917.7,274,0.286
floor1,wide,selfcal,303,9075,303.0,1.0,1920,1080,1,254.95,171.38,23,29,2.408,917.7,917.7,estimating,917.7,275,0.29
floor1,wide,selfcal,304,9105,304.001,1.0,1920,1080,1,250.33,169.03,33,47,3.261,917.7,917.7,estimating,917.7,276,0.302
floor1,wide,selfcal,305,9135,305.003,1.0,1920,1080,1,250.72,164.46,24,31,2.672,917.7,917.7,estimating,917.7,277,0.305
floor1,wide,selfcal,306,9165,306.005,1.0,1920,1080,1,255.68,155.03,34,41,2.937,917.7,917.7,estimating,917.7,278,0.3
floor1,wide,selfcal,307,9195,307.006,1.0,1920,1080,1,255.65,150.46,38,43,3.351,917.7,917.7,estimating,917.7,279,0.305
floor1,wide,estK,0,0,0.0,1.0,1920,1080,1,316.51,135.29,10,18,3.354,921.0,921.0,,,,0.298
floor1,wide,estK,1,30,1.002,1.0,1920,1080,1,316.35,136.69,16,24,2.278,921.0,921.0,,,,0.297
floor1,wide,estK,2,60,2.003,1.0,1920,1080,1,316.21,140.44,15,22,2.696,921.0,921.0,,,,0.301
floor1,wide,estK,3,90,3.005,1.0,1920,1080,1,315.78,145.36,66,81,2.425,921.0,921.0,,,,0.305
floor1,wide,estK,4,120,4.007,1.0,1920,1080,1,316.11,150.11,59,76,2.497,921.0,921.0,,,,0.302
floor1,wide,estK,5,150,5.008,1.0,1920,1080,1,316.04,156.26,57,67,2.572,921.0,921.0,,,,0.295
floor1,wide,estK,6,180,6.01,1.0,1920,1080,1,316.27,161.27,50,67,3.028,921.0,921.0,,,,0.307
floor1,wide,estK,7,210,7.012,1.0,1920,1080,1,316.25,166.86,52,63,2.639,921.0,921.0,,,,0.308
floor1,wide,estK,8,240,8.013,1.0,1920,1080,1,316.81,172.27,52,70,3.449,921.0,921.0,,,,0.299
floor1,wide,estK,9,270,9.015,1.0,1920,1080,1,316.65,177.61,29,39,2.023,921.0,921.0,,,,0.308
floor1,wide,estK,10,300,10.017,1.0,1920,1080,1,316.57,183.3,27,37,2.589,921.0,921.0,,,,0.29
floor1,wide,estK,11,329,10.985,1.0,1920,1080,1,316.56,188.87,30,37,2.504,921.0,921.0,,,,0.288
floor1,wide,estK,12,359,11.986,1.0,1920,1080,1,316.5,194.81,27,35,3.111,921.0,921.0,,,,0.299
floor1,wide,estK,13,389,12.988,1.0,1920,1080,1,315.43,200.12,30,40,4.161,921.0,921.0,,,,0.29
floor1,wide,estK,14,419,13.99,1.0,1920,1080,1,314.32,206.0,31,38,3.483,921.0,921.0,,,,0.28
floor1,wide,estK,15,449,14.991,1.0,1920,1080,1,312.84,211.33,23,33,2.938,921.0,921.0,,,,0.293
floor1,wide,estK,16,479,15.993,1.0,1920,1080,1,311.05,218.62,27,34,2.731,921.0,921.0,,,,0.284
floor1,wide,estK,17,509,16.995,1.0,1920,1080,1,309.73,224.95,34,41,2.735,921.0,921.0,,,,0.288
floor1,wide,estK,18,539,17.996,1.0,1920,1080,1,309.81,229.26,33,36,2.03,921.0,921.0,,,,0.284
floor1,wide,estK,19,569,18.998,1.0,1920,1080,1,309.3,233.97,33,39,2.553,921.0,921.0,,,,0.296
floor1,wide,estK,20,599,20.0,1.0,1920,1080,1,309.02,237.44,29,34,2.156,921.0,921.0,,,,0.309
floor1,wide,estK,21,629,21.001,1.0,1920,1080,1,308.94,239.61,28,32,2.308,921.0,921.0,,,,0.3
floor1,wide,estK,22,659,22.003,1.0,1920,1080,1,309.55,242.4,31,32,2.909,921.0,921.0,,,,0.307
floor1,wide,estK,23,689,23.005,1.0,1920,1080,1,310.01,244.53,36,43,2.963,921.0,921.0,,,,0.31
floor1,wide,estK,24,719,24.006,1.0,1920,1080,1,310.09,248.87,33,38,2.646,921.0,921.0,,,,0.306
floor1,wide,estK,25,749,25.008,1.0,1920,1080,1,310.93,253.5,33,38,2.996,921.0,921.0,,,,0.306
floor1,wide,estK,26,779,26.01,1.0,1920,1080,1,310.75,258.89,35,39,2.875,921.0,921.0,,,,0.301
floor1,wide,estK,27,809,27.011,1.0,1920,1080,1,311.18,264.57,31,42,2.87,921.0,921.0,,,,0.275
floor1,wide,estK,28,839,28.013,1.0,1920,1080,1,311.79,270.17,26,35,3.188,921.0,921.0,,,,0.299
floor1,wide,estK,29,869,29.015,1.0,1920,1080,1,312.95,275.25,25,36,2.998,921.0,921.0,,,,0.289
floor1,wide,estK,30,899,30.016,1.0,1920,1080,1,313.58,280.81,23,28,2.656,921.0,921.0,,,,0.279
floor1,wide,estK,31,928,30.984,1.0,1920,1080,1,315.67,285.91,15,24,3.024,921.0,921.0,,,,0.28
floor1,wide,estK,32,958,31.986,1.0,1920,1080,1,317.35,290.67,20,42,3.253,921.0,921.0,,,,0.303
floor1,wide,estK,33,988,32.988,1.0,1920,1080,1,320.31,295.12,17,20,1.802,921.0,921.0,,,,0.285
floor1,wide,estK,34,1018,33.989,1.0,1920,1080,1,322.97,299.88,22,27,2.556,921.0,921.0,,,,0.279
floor1,wide,estK,35,1048,34.991,1.0,1920,1080,1,325.64,304.67,22,31,3.095,921.0,921.0,,,,0.284
floor1,wide,estK,36,1078,35.993,1.0,1920,1080,1,331.63,311.34,21,31,3.461,921.0,921.0,,,,0.29
floor1,wide,estK,37,1108,36.994,1.0,1920,1080,1,330.52,314.37,19,24,1.614,921.0,921.0,,,,0.305
floor1,wide,estK,38,1138,37.996,1.0,1920,1080,1,332.6,320.01,28,48,2.547,921.0,921.0,,,,0.32
floor1,wide,estK,39,1168,38.998,1.0,1920,1080,1,333.62,325.0,30,35,2.269,921.0,921.0,,,,0.281
floor1,wide,estK,40,1198,39.999,1.0,1920,1080,1,334.45,331.63,48,54,2.475,921.0,921.0,,,,0.282
floor1,wide,estK,41,1228,41.001,1.0,1920,1080,1,335.24,337.54,41,44,2.815,921.0,921.0,,,,0.293
floor1,wide,estK,42,1258,42.003,1.0,1920,1080,1,335.86,342.78,36,44,2.522,921.0,921.0,,,,0.285
floor1,wide,estK,43,1288,43.004,1.0,1920,1080,1,336.24,349.16,39,46,2.817,921.0,921.0,,,,0.302
floor1,wide,estK,44,1318,44.006,1.0,1920,1080,1,336.74,355.37,41,50,3.984,921.0,921.0,,,,0.294
floor1,wide,estK,45,1348,45.008,1.0,1920,1080,1,336.75,361.99,37,47,3.366,921.0,921.0,,,,0.298
floor1,wide,estK,46,1378,46.009,1.0,1920,1080,1,337.12,367.12,37,53,4.018,921.0,921.0,,,,0.29
floor1,wide,estK,47,1408,47.011,1.0,1920,1080,1,337.08,374.22,33,49,3.395,921.0,921.0,,,,0.311
floor1,wide,estK,48,1438,48.012,1.0,1920,1080,1,337.46,380.89,30,39,2.699,921.0,921.0,,,,0.313
floor1,wide,estK,49,1468,49.014,1.0,1920,1080,1,337.78,386.92,30,37,2.966,921.0,921.0,,,,0.313
floor1,wide,estK,50,1498,50.016,1.0,1920,1080,1,338.37,393.48,34,41,4.122,921.0,921.0,,,,0.307
floor1,wide,estK,51,1527,50.984,1.0,1920,1080,1,338.41,398.94,23,28,3.408,921.0,921.0,,,,0.302
floor1,wide,estK,52,1557,51.986,1.0,1920,1080,1,339.35,405.57,29,32,4.668,921.0,921.0,,,,0.285
floor1,wide,estK,53,1587,52.987,1.0,1920,1080,1,339.84,411.97,29,39,4.265,921.0,921.0,,,,0.298
floor1,wide,estK,54,1617,53.989,1.0,1920,1080,1,340.4,417.6,21,29,3.889,921.0,921.0,,,,0.297
floor1,wide,estK,55,1647,54.991,1.0,1920,1080,1,340.07,424.4,21,28,3.968,921.0,921.0,,,,0.298
floor1,wide,estK,56,1677,55.992,1.0,1920,1080,1,340.52,430.14,20,32,3.508,921.0,921.0,,,,0.303
floor1,wide,estK,57,1707,56.994,1.0,1920,1080,0,,,0,0,,921.0,921.0,,,,0.312
floor1,wide,estK,58,1737,57.996,1.0,1920,1080,0,,,0,0,,921.0,921.0,,,,0.231
floor1,wide,estK,59,1767,58.997,1.0,1920,1080,0,,,0,0,,921.0,921.0,,,,0.243
floor1,wide,estK,60,1797,59.999,1.0,1920,1080,1,337.09,454.59,19,32,3.706,921.0,921.0,,,,0.319
floor1,wide,estK,61,1827,61.001,1.0,1920,1080,1,337.17,449.63,22,33,4.264,921.0,921.0,,,,0.295
floor1,wide,estK,62,1857,62.002,1.0,1920,1080,1,338.54,443.91,24,35,3.629,921.0,921.0,,,,0.29
floor1,wide,estK,63,1887,63.004,1.0,1920,1080,1,340.34,437.96,37,47,2.985,921.0,921.0,,,,0.278
floor1,wide,estK,64,1917,64.006,1.0,1920,1080,1,340.52,431.06,34,43,3.084,921.0,921.0,,,,0.291
floor1,wide,estK,65,1947,65.007,1.0,1920,1080,1,340.32,423.36,34,47,2.876,921.0,921.0,,,,0.286
floor1,wide,estK,66,1977,66.009,1.0,1920,1080,1,339.94,416.46,33,44,4.042,921.0,921.0,,,,0.295
floor1,wide,estK,67,2007,67.01,1.0,1920,1080,1,339.41,408.82,37,43,4.173,921.0,921.0,,,,0.291
floor1,wide,estK,68,2037,68.012,1.0,1920,1080,1,339.18,401.92,34,47,2.201,921.0,921.0,,,,0.298
floor1,wide,estK,69,2067,69.014,1.0,1920,1080,1,338.31,393.24,25,32,3.556,921.0,921.0,,,,0.283
floor1,wide,estK,70,2097,70.015,1.0,1920,1080,1,337.87,386.4,28,34,2.308,921.0,921.0,,,,0.29
floor1,wide,estK,71,2126,70.984,1.0,1920,1080,1,336.84,378.92,38,43,2.489,921.0,921.0,,,,0.297
floor1,wide,estK,72,2156,71.985,1.0,1920,1080,1,336.38,365.39,38,42,2.194,921.0,921.0,,,,0.289
floor1,wide,estK,73,2186,72.987,1.0,1920,1080,1,336.26,359.57,40,42,2.727,921.0,921.0,,,,0.283
floor1,wide,estK,74,2216,73.989,1.0,1920,1080,1,335.93,353.47,42,50,2.418,921.0,921.0,,,,0.295
floor1,wide,estK,75,2246,74.99,1.0,1920,1080,1,335.54,347.48,43,51,3.654,921.0,921.0,,,,0.288
floor1,wide,estK,76,2276,75.992,1.0,1920,1080,1,335.05,341.5,41,50,3.15,921.0,921.0,,,,0.296
floor1,wide,estK,77,2306,76.994,1.0,1920,1080,1,334.43,335.75,34,37,1.797,921.0,921.0,,,,0.299
floor1,wide,estK,78,2336,77.995,1.0,1920,1080,1,333.67,330.59,32,38,4.802,921.0,921.0,,,,0.3
floor1,wide,estK,79,2366,78.997,1.0,1920,1080,1,333.01,325.07,23,26,2.807,921.0,921.0,,,,0.307
floor1,wide,estK,80,2396,79.999,1.0,1920,1080,1,331.1,319.78,23,27,3.007,921.0,921.0,,,,0.306
floor1,wide,estK,81,2426,81.0,1.0,1920,1080,1,328.53,315.27,30,35,3.773,921.0,921.0,,,,0.307
floor1,wide,estK,82,2456,82.002,1.0,1920,1080,1,325.3,311.47,16,22,3.757,921.0,921.0,,,,0.315
floor1,wide,estK,83,2486,83.004,1.0,1920,1080,1,321.32,309.5,30,41,2.632,921.0,921.0,,,,0.306
floor1,wide,estK,84,2516,84.005,1.0,1920,1080,1,316.77,308.33,50,57,2.591,921.0,921.0,,,,0.298
floor1,wide,estK,85,2546,85.007,1.0,1920,1080,1,311.23,308.01,42,50,2.319,921.0,921.0,,,,0.287
floor1,wide,estK,86,2576,86.008,1.0,1920,1080,1,305.89,308.13,42,54,2.823,921.0,921.0,,,,0.29
floor1,wide,estK,87,2606,87.01,1.0,1920,1080,1,300.19,308.9,41,52,3.71,921.0,921.0,,,,0.297
floor1,wide,estK,88,2636,88.012,1.0,1920,1080,1,294.24,310.04,34,49,4.61,921.0,921.0,,,,0.301
floor1,wide,estK,89,2666,89.013,1.0,1920,1080,1,288.2,311.07,25,37,3.079,921.0,921.0,,,,0.317
floor1,wide,estK,90,2696,90.015,1.0,1920,1080,1,283.46,312.04,25,33,2.036,921.0,921.0,,,,0.317
floor1,wide,estK,91,2725,90.983,1.0,1920,1080,1,278.06,313.57,34,45,3.541,921.0,921.0,,,,0.303
floor1,wide,estK,92,2755,91.985,1.0,1920,1080,1,270.96,316.26,29,37,4.324,921.0,921.0,,,,0.281
floor1,wide,estK,93,2785,92.987,1.0,1920,1080,1,265.3,319.34,19,21,1.995,921.0,921.0,,,,0.282
floor1,wide,estK,94,2815,93.988,1.0,1920,1080,1,261.06,323.27,17,20,3.512,921.0,921.0,,,,0.29
floor1,wide,estK,95,2845,94.99,1.0,1920,1080,1,258.52,328.85,25,30,3.235,921.0,921.0,,,,0.299
floor1,wide,estK,96,2875,95.992,1.0,1920,1080,1,256.77,335.03,35,42,3.224,921.0,921.0,,,,0.283
floor1,wide,estK,97,2905,96.993,1.0,1920,1080,1,255.23,341.85,41,50,2.42,921.0,921.0,,,,0.275
floor1,wide,estK,98,2935,97.995,1.0,1920,1080,1,254.81,348.2,45,55,2.453,921.0,921.0,,,,0.282
floor1,wide,estK,99,2965,98.997,1.0,1920,1080,1,254.82,355.23,38,47,3.962,921.0,921.0,,,,0.301
floor1,wide,estK,100,2995,99.998,1.0,1920,1080,1,254.84,361.38,45,52,2.478,921.0,921.0,,,,0.275
floor1,wide,estK,101,3025,101.0,1.0,1920,1080,1,254.95,367.18,47,60,3.667,921.0,921.0,,,,0.293
floor1,wide,estK,102,3055,102.002,1.0,1920,1080,1,254.59,373.02,50,57,3.141,921.0,921.0,,,,0.282
floor1,wide,estK,103,3085,103.003,1.0,1920,1080,1,254.38,379.25,52,55,3.285,921.0,921.0,,,,0.284
floor1,wide,estK,104,3115,104.005,1.0,1920,1080,1,254.27,385.38,49,52,2.672,921.0,921.0,,,,0.307
floor1,wide,estK,105,3145,105.006,1.0,1920,1080,1,254.27,390.94,33,36,3.104,921.0,921.0,,,,0.289
floor1,wide,estK,106,3175,106.008,1.0,1920,1080,1,254.24,397.19,36,42,2.935,921.0,921.0,,,,0.315
floor1,wide,estK,107,3205,107.01,1.0,1920,1080,1,254.26,403.09,34,41,2.965,921.0,921.0,,,,0.328
floor1,wide,estK,108,3235,108.011,1.0,1920,1080,1,254.21,408.54,44,49,2.466,921.0,921.0,,,,0.287
floor1,wide,estK,109,3265,109.013,1.0,1920,1080,1,253.95,414.34,40,40,2.188,921.0,921.0,,,,0.271
floor1,wide,estK,110,3295,110.015,1.0,1920,1080,1,254.43,420.11,45,50,2.421,921.0,921.0,,,,0.291
floor1,wide,estK,111,3325,111.016,1.0,1920,1080,1,255.12,425.72,44,46,2.196,921.0,921.0,,,,0.286
floor1,wide,estK,112,3354,111.985,1.0,1920,1080,1,254.98,430.71,46,51,2.773,921.0,921.0,,,,0.291
floor1,wide,estK,113,3384,112.986,1.0,1920,1080,1,254.03,436.16,36,48,2.302,921.0,921.0,,,,0.275
floor1,wide,estK,114,3414,113.988,1.0,1920,1080,1,252.78,441.5,32,43,2.553,921.0,921.0,,,,0.293
floor1,wide,estK,115,3444,114.99,1.0,1920,1080,1,252.18,446.9,32,36,2.975,921.0,921.0,,,,0.289
floor1,wide,estK,116,3474,115.991,1.0,1920,1080,1,252.24,451.02,24,28,2.664,921.0,921.0,,,,0.284
floor1,wide,estK,117,3504,116.993,1.0,1920,1080,1,254.17,452.92,11,17,1.997,921.0,921.0,,,,0.296
floor1,wide,estK,118,3534,117.995,1.0,1920,1080,0,,,0,0,,921.0,921.0,,,,0.23
floor1,wide,estK,119,3564,118.996,1.0,1920,1080,1,257.19,448.91,25,28,2.25,921.0,921.0,,,,0.283
floor1,wide,estK,120,3594,119.998,1.0,1920,1080,1,256.71,444.24,38,46,2.59,921.0,921.0,,,,0.275
floor1,wide,estK,121,3624,120.999,1.0,1920,1080,1,256.19,439.62,35,40,2.687,921.0,921.0,,,,0.295
floor1,wide,estK,122,3654,122.001,1.0,1920,1080,1,255.44,434.23,37,46,3.162,921.0,921.0,,,,0.279
floor1,wide,estK,123,3684,123.003,1.0,1920,1080,1,254.62,428.77,43,47,2.457,921.0,921.0,,,,0.277
floor1,wide,estK,124,3714,124.004,1.0,1920,1080,1,254.62,422.88,41,55,2.582,921.0,921.0,,,,0.279
floor1,wide,estK,125,3744,125.006,1.0,1920,1080,1,255.01,416.91,33,40,3.374,921.0,921.0,,,,0.292
floor1,wide,estK,126,3774,126.008,1.0,1920,1080,1,255.31,410.96,43,50,2.746,921.0,921.0,,,,0.293
floor1,wide,estK,127,3804,127.009,1.0,1920,1080,1,255.76,404.81,29,34,2.88,921.0,921.0,,,,0.292
floor1,wide,estK,128,3834,128.011,1.0,1920,1080,1,255.83,399.55,42,48,3.304,921.0,921.0,,,,0.295
floor1,wide,estK,129,3864,129.013,1.0,1920,1080,1,255.49,393.72,51,55,2.734,921.0,921.0,,,,0.293
floor1,wide,estK,130,3894,130.014,1.0,1920,1080,1,255.95,387.25,50,57,2.533,921.0,921.0,,,,0.279
floor1,wide,estK,131,3924,131.016,1.0,1920,1080,1,256.19,381.44,48,68,3.007,921.0,921.0,,,,0.276
floor1,wide,estK,132,3953,131.984,1.0,1920,1080,1,256.6,375.6,65,78,3.027,921.0,921.0,,,,0.283
floor1,wide,estK,133,3983,132.986,1.0,1920,1080,1,256.77,370.2,40,42,1.963,921.0,921.0,,,,0.282
floor1,wide,estK,134,4013,133.988,1.0,1920,1080,1,256.79,365.0,44,46,2.385,921.0,921.0,,,,0.289
floor1,wide,estK,135,4043,134.989,1.0,1920,1080,1,256.91,359.48,37,43,2.449,921.0,921.0,,,,0.297
floor1,wide,estK,136,4073,135.991,1.0,1920,1080,1,256.84,354.28,39,41,2.406,921.0,921.0,,,,0.297
floor1,wide,estK,137,4103,136.993,1.0,1920,1080,1,257.29,349.28,43,53,3.268,921.0,921.0,,,,0.291
floor1,wide,estK,138,4133,137.994,1.0,1920,1080,1,257.56,344.42,46,50,2.295,921.0,921.0,,,,0.294
floor1,wide,estK,139,4163,138.996,1.0,1920,1080,1,257.91,339.21,52,66,2.344,921.0,921.0,,,,0.297
floor1,wide,estK,140,4193,139.997,1.0,1920,1080,1,258.48,334.36,45,46,3.658,921.0,921.0,,,,0.298
floor1,wide,estK,141,4223,140.999,1.0,1920,1080,1,260.45,328.65,38,47,4.486,921.0,921.0,,,,0.296
floor1,wide,estK,142,4253,142.001,1.0,1920,1080,1,263.35,324.81,13,15,2.25,921.0,921.0,,,,0.305
floor1,wide,estK,143,4283,143.002,1.0,1920,1080,1,267.85,322.05,17,22,3.088,921.0,921.0,,,,0.3
floor1,wide,estK,144,4313,144.004,1.0,1920,1080,1,272.61,319.59,26,29,2.853,921.0,921.0,,,,0.296
floor1,wide,estK,145,4343,145.006,1.0,1920,1080,1,278.38,317.43,23,31,2.562,921.0,921.0,,,,0.296
floor1,wide,estK,146,4373,146.007,1.0,1920,1080,1,283.01,316.3,28,35,3.347,921.0,921.0,,,,0.321
floor1,wide,estK,147,4403,147.009,1.0,1920,1080,1,287.95,314.76,25,30,3.296,921.0,921.0,,,,0.3
floor1,wide,estK,148,4433,148.011,1.0,1920,1080,1,293.31,312.18,21,29,2.405,921.0,921.0,,,,0.302
floor1,wide,estK,149,4463,149.012,1.0,1920,1080,1,298.37,309.31,19,32,3.657,921.0,921.0,,,,0.288
floor1,wide,estK,150,4493,150.014,1.0,1920,1080,0,,,0,0,,921.0,921.0,,,,0.26
floor1,wide,estK,151,4523,151.016,1.0,1920,1080,1,305.79,300.66,17,22,3.293,921.0,921.0,,,,0.309
floor1,wide,estK,152,4552,151.984,1.0,1920,1080,1,308.43,298.01,15,23,2.436,921.0,921.0,,,,0.311
floor1,wide,estK,153,4582,152.986,1.0,1920,1080,1,306.53,290.97,10,13,4.023,921.0,921.0,,,,0.303
floor1,wide,estK,154,4612,153.987,1.0,1920,1080,1,309.08,285.98,12,18,4.034,921.0,921.0,,,,0.323
floor1,wide,estK,155,4642,154.989,1.0,1920,1080,1,309.88,281.91,15,25,3.349,921.0,921.0,,,,0.332
floor1,wide,estK,156,4672,155.991,1.0,1920,1080,1,309.35,276.42,13,24,3.582,921.0,921.0,,,,0.303
floor1,wide,estK,157,4702,156.992,1.0,1920,1080,1,309.48,271.61,25,42,2.912,921.0,921.0,,,,0.316
floor1,wide,estK,158,4732,157.994,1.0,1920,1080,1,310.14,265.88,31,46,3.874,921.0,921.0,,,,0.309
floor1,wide,estK,159,4762,158.995,1.0,1920,1080,1,308.29,252.99,24,41,3.324,921.0,921.0,,,,0.33
floor1,wide,estK,160,4792,159.997,1.0,1920,1080,1,308.74,255.16,18,30,2.107,921.0,921.0,,,,0.327
floor1,wide,estK,161,4822,160.999,1.0,1920,1080,1,308.72,250.21,19,32,2.346,921.0,921.0,,,,0.332
floor1,wide,estK,162,4852,162.0,1.0,1920,1080,1,308.38,240.36,20,37,3.793,921.0,921.0,,,,0.339
floor1,wide,estK,163,4882,163.002,1.0,1920,1080,1,309.22,247.28,16,29,5.013,921.0,921.0,,,,0.333
floor1,wide,estK,164,4912,164.004,1.0,1920,1080,1,309.04,234.18,13,26,2.857,921.0,921.0,,,,0.337
floor1,wide,estK,165,4942,165.005,1.0,1920,1080,1,308.6,229.25,12,21,2.591,921.0,921.0,,,,0.345
floor1,wide,estK,166,4972,166.007,1.0,1920,1080,1,309.49,224.74,14,20,2.631,921.0,921.0,,,,0.352
floor1,wide,estK,167,5002,167.009,1.0,1920,1080,1,312.54,219.41,16,23,4.029,921.0,921.0,,,,0.331
floor1,wide,estK,168,5032,168.01,1.0,1920,1080,1,311.61,212.98,22,29,4.641,921.0,921.0,,,,0.32
floor1,wide,estK,169,5062,169.012,1.0,1920,1080,1,309.94,206.81,24,34,3.247,921.0,921.0,,,,0.315
floor1,wide,estK,170,5092,170.014,1.0,1920,1080,1,312.11,201.42,31,41,2.115,921.0,921.0,,,,0.312
floor1,wide,estK,171,5122,171.015,1.0,1920,1080,1,312.75,195.89,37,42,2.738,921.0,921.0,,,,0.326
floor1,wide,estK,172,5151,171.984,1.0,1920,1080,1,313.36,190.97,33,41,3.377,921.0,921.0,,,,0.324
floor1,wide,estK,173,5181,172.985,1.0,1920,1080,1,313.87,185.45,27,33,3.16,921.0,921.0,,,,0.315
floor1,wide,estK,174,5211,173.987,1.0,1920,1080,1,314.06,180.59,30,34,4.037,921.0,921.0,,,,0.323
floor1,wide,estK,175,5241,174.989,1.0,1920,1080,1,314.28,175.82,32,40,3.694,921.0,921.0,,,,0.321
floor1,wide,estK,176,5271,175.99,1.0,1920,1080,1,314.38,170.53,22,25,2.13,921.0,921.0,,,,0.314
floor1,wide,estK,177,5301,176.992,1.0,1920,1080,1,314.89,165.88,20,26,3.241,921.0,921.0,,,,0.321
floor1,wide,estK,178,5331,177.993,1.0,1920,1080,1,314.78,160.95,20,31,2.993,921.0,921.0,,,,0.324
floor1,wide,estK,179,5361,178.995,1.0,1920,1080,0,,,0,0,,921.0,921.0,,,,0.3
floor1,wide,estK,180,5391,179.997,1.0,1920,1080,0,,,0,0,,921.0,921.0,,,,0.258
floor1,wide,estK,181,5421,180.998,1.0,1920,1080,1,303.87,150.28,22,26,3.72,921.0,921.0,,,,0.307
floor1,wide,estK,182,5451,182.0,1.0,1920,1080,1,298.29,151.17,35,42,3.629,921.0,921.0,,,,0.297
floor1,wide,estK,183,5481,183.002,1.0,1920,1080,1,290.83,151.09,31,36,3.74,921.0,921.0,,,,0.308
floor1,wide,estK,184,5511,184.003,1.0,1920,1080,1,285.41,151.83,32,45,3.103,921.0,921.0,,,,0.303
floor1,wide,estK,185,5541,185.005,1.0,1920,1080,1,278.82,151.38,26,33,3.217,921.0,921.0,,,,0.289
floor1,wide,estK,186,5571,186.007,1.0,1920,1080,1,273.18,150.87,42,53,2.429,921.0,921.0,,,,0.291
floor1,wide,estK,187,5601,187.008,1.0,1920,1080,1,266.98,150.23,39,48,3.182,921.0,921.0,,,,0.301
floor1,wide,estK,188,5631,188.01,1.0,1920,1080,1,260.92,149.41,27,33,3.46,921.0,921.0,,,,0.286
floor1,wide,estK,189,5661,189.012,1.0,1920,1080,1,253.9,148.29,23,34,2.536,921.0,921.0,,,,0.276
floor1,wide,estK,190,5691,190.013,1.0,1920,1080,1,247.89,147.79,34,40,2.151,921.0,921.0,,,,0.269
floor1,wide,estK,191,5721,191.015,1.0,1920,1080,1,240.89,147.42,31,34,2.352,921.0,921.0,,,,0.279
floor1,wide,estK,192,5751,192.017,1.0,1920,1080,1,232.89,147.56,41,49,2.087,921.0,921.0,,,,0.278
floor1,wide,estK,193,5780,192.985,1.0,1920,1080,1,226.11,147.66,37,53,2.589,921.0,921.0,,,,0.278
floor1,wide,estK,194,5810,193.986,1.0,1920,1080,1,218.59,147.87,31,43,2.213,921.0,921.0,,,,0.272
floor1,wide,estK,195,5840,194.988,1.0,1920,1080,1,210.95,148.53,27,35,3.444,921.0,921.0,,,,0.289
floor1,wide,estK,196,5870,195.99,1.0,1920,1080,1,203.19,148.38,26,36,2.124,921.0,921.0,,,,0.277
floor1,wide,estK,197,5900,196.991,1.0,1920,1080,1,196.02,148.72,10,20,3.03,921.0,921.0,,,,0.321
floor1,wide,estK,198,5930,197.993,1.0,1920,1080,1,186.56,149.11,19,32,3.294,921.0,921.0,,,,0.314
floor1,wide,estK,199,5960,198.995,1.0,1920,1080,1,181.61,148.59,18,29,3.927,921.0,921.0,,,,0.322
floor1,wide,estK,200,5990,199.996,1.0,1920,1080,1,175.02,148.34,15,27,2.384,921.0,921.0,,,,0.324
floor1,wide,estK,201,6020,200.998,1.0,1920,1080,1,164.27,146.0,13,26,2.787,921.0,921.0,,,,0.327
floor1,wide,estK,202,6050,202.0,1.0,1920,1080,1,160.22,145.75,16,28,2.93,921.0,921.0,,,,0.329
floor1,wide,estK,203,6080,203.001,1.0,1920,1080,1,153.4,144.74,13,24,2.665,921.0,921.0,,,,0.341
floor1,wide,estK,204,6110,204.003,1.0,1920,1080,1,149.89,151.35,12,20,3.255,921.0,921.0,,,,0.346
floor1,wide,estK,205,6140,205.005,1.0,1920,1080,1,147.1,149.17,11,21,2.587,921.0,921.0,,,,0.338
floor1,wide,estK,206,6170,206.006,1.0,1920,1080,1,134.85,144.37,11,21,3.361,921.0,921.0,,,,0.337
floor1,wide,estK,207,6200,207.008,1.0,1920,1080,1,129.23,148.64,12,13,1.753,921.0,921.0,,,,0.285
floor1,wide,estK,208,6230,208.01,1.0,1920,1080,1,133.88,152.14,14,22,2.824,921.0,921.0,,,,0.273
floor1,wide,estK,209,6260,209.011,1.0,1920,1080,1,129.63,155.87,10,16,3.418,921.0,921.0,,,,0.282
floor1,wide,estK,210,6290,210.013,1.0,1920,1080,1,136.42,156.57,10,17,3.978,921.0,921.0,,,,0.294
floor1,wide,estK,211,6320,211.015,1.0,1920,1080,1,143.74,156.79,13,15,2.902,921.0,921.0,,,,0.285
floor1,wide,estK,212,6350,212.016,1.0,1920,1080,1,152.14,155.81,10,13,3.302,921.0,921.0,,,,0.28
floor1,wide,estK,213,6379,212.984,1.0,1920,1080,1,160.78,154.12,13,14,2.867,921.0,921.0,,,,0.285
floor1,wide,estK,214,6409,213.986,1.0,1920,1080,1,169.73,153.1,10,15,2.913,921.0,921.0,,,,0.292
floor1,wide,estK,215,6439,214.988,1.0,1920,1080,1,180.07,151.73,17,23,2.525,921.0,921.0,,,,0.295
floor1,wide,estK,216,6469,215.989,1.0,1920,1080,0,,,0,0,,921.0,921.0,,,,0.284
floor1,wide,estK,217,6499,216.991,1.0,1920,1080,1,189.21,153.59,13,16,2.421,921.0,921.0,,,,0.29
floor1,wide,estK,218,6529,217.993,1.0,1920,1080,1,196.45,153.31,19,22,2.987,921.0,921.0,,,,0.285
floor1,wide,estK,219,6559,218.994,1.0,1920,1080,1,205.65,153.16,19,23,3.701,921.0,921.0,,,,0.284
floor1,wide,estK,220,6589,219.996,1.0,1920,1080,1,212.49,153.63,20,21,3.551,921.0,921.0,,,,0.293
floor1,wide,estK,221,6619,220.998,1.0,1920,1080,1,221.9,154.11,23,27,2.933,921.0,921.0,,,,0.297
floor1,wide,estK,222,6649,221.999,1.0,1920,1080,1,227.21,155.63,19,21,2.538,921.0,921.0,,,,0.297
floor1,wide,estK,223,6679,223.001,1.0,1920,1080,1,235.11,157.21,10,13,3.615,921.0,921.0,,,,0.295
floor1,wide,estK,224,6709,224.003,1.0,1920,1080,0,,,0,0,,921.0,921.0,,,,0.317
floor1,wide,estK,225,6739,225.004,1.0,1920,1080,1,243.96,161.3,16,20,3.674,921.0,921.0,,,,0.283
floor1,wide,estK,226,6769,226.006,1.0,1920,1080,1,245.98,164.69,19,21,3.295,921.0,921.0,,,,0.297
floor1,wide,estK,227,6799,227.008,1.0,1920,1080,1,247.83,169.11,27,29,2.541,921.0,921.0,,,,0.287
floor1,wide,estK,228,6829,228.009,1.0,1920,1080,1,248.29,173.08,37,39,2.753,921.0,921.0,,,,0.294
floor1,wide,estK,229,6859,229.011,1.0,1920,1080,1,248.54,177.21,30,36,1.991,921.0,921.0,,,,0.288
floor1,wide,estK,230,6889,230.013,1.0,1920,1080,1,248.5,181.8,28,41,3.83,921.0,921.0,,,,0.291
floor1,wide,estK,231,6919,231.014,1.0,1920,1080,1,248.3,186.37,31,32,2.509,921.0,921.0,,,,0.298
floor1,wide,estK,232,6949,232.016,1.0,1920,1080,1,248.38,191.56,31,37,2.868,921.0,921.0,,,,0.284
floor1,wide,estK,233,6978,232.984,1.0,1920,1080,1,248.65,196.17,25,26,2.657,921.0,921.0,,,,0.28
floor1,wide,estK,234,7008,233.986,1.0,1920,1080,1,249.1,200.2,35,36,5.725,921.0,921.0,,,,0.291
floor1,wide,estK,235,7038,234.987,1.0,1920,1080,1,250.74,205.33,16,20,4.775,921.0,921.0,,,,0.299
floor1,wide,estK,236,7068,235.989,1.0,1920,1080,1,254.39,210.51,16,19,1.881,921.0,921.0,,,,0.296
floor1,wide,estK,237,7098,236.991,1.0,1920,1080,1,259.32,213.54,14,17,3.927,921.0,921.0,,,,0.301
floor1,wide,estK,238,7128,237.992,1.0,1920,1080,0,,,0,0,,921.0,921.0,,,,0.296
floor1,wide,estK,239,7158,238.994,1.0,1920,1080,0,,,0,0,,921.0,921.0,,,,0.325
floor1,wide,estK,240,7188,239.996,1.0,1920,1080,1,278.15,220.77,17,24,3.609,921.0,921.0,,,,0.306
floor1,wide,estK,241,7218,240.997,1.0,1920,1080,1,282.9,221.36,24,30,2.885,921.0,921.0,,,,0.309
floor1,wide,estK,242,7248,241.999,1.0,1920,1080,1,287.16,220.06,16,17,2.861,921.0,921.0,,,,0.311
floor1,wide,estK,243,7278,243.001,1.0,1920,1080,1,291.95,220.7,10,17,3.515,921.0,921.0,,,,0.329
floor1,wide,estK,244,7308,244.002,1.0,1920,1080,0,,,0,0,,921.0,921.0,,,,0.348
floor1,wide,estK,245,7338,245.004,1.0,1920,1080,1,310.63,229.0,12,21,3.182,921.0,921.0,,,,0.349
floor1,wide,estK,246,7368,246.006,1.0,1920,1080,1,306.92,214.76,12,19,2.006,921.0,921.0,,,,0.327
floor1,wide,estK,247,7398,247.007,1.0,1920,1080,1,309.04,212.38,20,27,3.063,921.0,921.0,,,,0.324
floor1,wide,estK,248,7428,248.009,1.0,1920,1080,1,311.28,208.27,27,32,2.809,921.0,921.0,,,,0.31
floor1,wide,estK,249,7458,249.011,1.0,1920,1080,1,311.78,203.19,13,15,1.823,921.0,921.0,,,,0.331
floor1,wide,estK,250,7488,250.012,1.0,1920,1080,0,,,0,0,,921.0,921.0,,,,0.2
floor1,wide,estK,251,7518,251.014,1.0,1920,1080,0,,,0,0,,921.0,921.0,,,,0.326
floor1,wide,estK,252,7548,252.015,1.0,1920,1080,1,307.09,202.64,11,23,4.4,921.0,921.0,,,,0.284
floor1,wide,estK,253,7577,252.984,1.0,1920,1080,0,,,0,0,,921.0,921.0,,,,0.275
floor1,wide,estK,254,7607,253.985,1.0,1920,1080,0,,,0,0,,921.0,921.0,,,,0.294
floor1,wide,estK,255,7637,254.987,1.0,1920,1080,1,294.28,215.56,11,19,1.921,921.0,921.0,,,,0.272
floor1,wide,estK,256,7667,255.989,1.0,1920,1080,1,287.73,216.56,13,18,2.06,921.0,921.0,,,,0.28
floor1,wide,estK,257,7697,256.99,1.0,1920,1080,1,281.64,217.62,16,25,3.07,921.0,921.0,,,,0.276
floor1,wide,estK,258,7727,257.992,1.0,1920,1080,1,274.8,217.64,15,22,2.355,921.0,921.0,,,,0.281
floor1,wide,estK,259,7757,258.994,1.0,1920,1080,1,269.08,216.5,12,15,2.798,921.0,921.0,,,,0.28
floor1,wide,estK,260,7787,259.995,1.0,1920,1080,1,263.56,214.96,12,15,4.174,921.0,921.0,,,,0.314
floor1,wide,estK,261,7817,260.997,1.0,1920,1080,0,,,0,0,,921.0,921.0,,,,0.278
floor1,wide,estK,262,7847,261.999,1.0,1920,1080,0,,,0,0,,921.0,921.0,,,,0.197
floor1,wide,estK,263,7877,263.0,1.0,1920,1080,1,245.19,216.62,16,23,3.503,921.0,921.0,,,,0.284
floor1,wide,estK,264,7907,264.002,1.0,1920,1080,1,245.47,223.36,30,34,2.649,921.0,921.0,,,,0.289
floor1,wide,estK,265,7937,265.004,1.0,1920,1080,1,245.59,229.92,35,48,2.795,921.0,921.0,,,,0.299
floor1,wide,estK,266,7967,266.005,1.0,1920,1080,1,245.98,235.43,33,39,2.963,921.0,921.0,,,,0.282
floor1,wide,estK,267,7997,267.007,1.0,1920,1080,1,246.43,242.18,39,45,2.528,921.0,921.0,,,,0.292
floor1,wide,estK,268,8027,268.009,1.0,1920,1080,1,246.63,248.9,32,34,2.771,921.0,921.0,,,,0.289
floor1,wide,estK,269,8057,269.01,1.0,1920,1080,1,247.04,256.13,37,40,2.698,921.0,921.0,,,,0.3
floor1,wide,estK,270,8087,270.012,1.0,1920,1080,1,247.35,263.34,32,33,2.546,921.0,921.0,,,,0.3
floor1,wide,estK,271,8117,271.013,1.0,1920,1080,1,246.98,270.76,32,34,2.38,921.0,921.0,,,,0.291
floor1,wide,estK,272,8147,272.015,1.0,1920,1080,1,247.3,277.31,40,43,2.315,921.0,921.0,,,,0.302
floor1,wide,estK,273,8176,272.983,1.0,1920,1080,1,247.55,283.12,47,51,3.288,921.0,921.0,,,,0.303
floor1,wide,estK,274,8206,273.985,1.0,1920,1080,1,247.5,289.75,38,45,2.571,921.0,921.0,,,,0.306
floor1,wide,estK,275,8236,274.987,1.0,1920,1080,1,247.77,295.9,29,31,2.425,921.0,921.0,,,,0.299
floor1,wide,estK,276,8266,275.988,1.0,1920,1080,1,248.34,302.14,34,38,3.439,921.0,921.0,,,,0.306
floor1,wide,estK,277,8296,276.99,1.0,1920,1080,1,248.93,308.01,34,43,3.767,921.0,921.0,,,,0.29
floor1,wide,estK,278,8326,277.992,1.0,1920,1080,1,249.52,313.01,15,29,3.262,921.0,921.0,,,,0.301
floor1,wide,estK,279,8356,278.993,1.0,1920,1080,1,259.11,323.17,11,21,2.987,921.0,921.0,,,,0.302
floor1,wide,estK,280,8386,279.995,1.0,1920,1080,1,263.02,321.08,14,18,5.331,921.0,921.0,,,,0.315
floor1,wide,estK,281,8416,280.997,1.0,1920,1080,1,265.39,318.23,24,43,4.095,921.0,921.0,,,,0.323
floor1,wide,estK,282,8446,281.998,1.0,1920,1080,1,261.19,313.23,15,17,2.159,921.0,921.0,,,,0.316
floor1,wide,estK,283,8476,283.0,1.0,1920,1080,1,258.83,308.69,19,20,3.247,921.0,921.0,,,,0.283
floor1,wide,estK,284,8506,284.002,1.0,1920,1080,1,255.07,302.39,27,30,2.659,921.0,921.0,,,,0.293
floor1,wide,estK,285,8536,285.003,1.0,1920,1080,1,252.24,296.64,28,31,3.448,921.0,921.0,,,,0.298
floor1,wide,estK,286,8566,286.005,1.0,1920,1080,1,249.72,291.07,26,28,2.051,921.0,921.0,,,,0.297
floor1,wide,estK,287,8596,287.007,1.0,1920,1080,1,249.18,283.66,35,39,3.065,921.0,921.0,,,,0.292
floor1,wide,estK,288,8626,288.008,1.0,1920,1080,1,249.3,276.87,37,48,2.789,921.0,921.0,,,,0.28
floor1,wide,estK,289,8656,289.01,1.0,1920,1080,1,248.91,269.39,52,62,3.763,921.0,921.0,,,,0.311
floor1,wide,estK,290,8686,290.011,1.0,1920,1080,1,248.68,261.98,47,57,2.279,921.0,921.0,,,,0.294
floor1,wide,estK,291,8716,291.013,1.0,1920,1080,1,247.95,254.27,40,45,2.829,921.0,921.0,,,,0.281
floor1,wide,estK,292,8746,292.015,1.0,1920,1080,1,247.69,245.8,43,53,4.012,921.0,921.0,,,,0.296
floor1,wide,estK,293,8776,293.016,1.0,1920,1080,1,247.47,238.67,33,44,2.953,921.0,921.0,,,,0.291
floor1,wide,estK,294,8805,293.985,1.0,1920,1080,1,246.96,230.91,38,43,3.309,921.0,921.0,,,,0.286
floor1,wide,estK,295,8835,294.986,1.0,1920,1080,1,246.7,222.37,32,34,2.568,921.0,921.0,,,,0.299
floor1,wide,estK,296,8865,295.988,1.0,1920,1080,1,247.48,215.02,29,37,3.196,921.0,921.0,,,,0.294
floor1,wide,estK,297,8895,296.99,1.0,1920,1080,1,248.35,208.22,33,39,3.132,921.0,921.0,,,,0.286
floor1,wide,estK,298,8925,297.991,1.0,1920,1080,1,249.37,201.91,22,29,2.971,921.0,921.0,,,,0.284
floor1,wide,estK,299,8955,298.993,1.0,1920,1080,1,253.48,195.19,17,21,2.273,921.0,921.0,,,,0.294
floor1,wide,estK,300,8985,299.995,1.0,1920,1080,1,250.26,190.79,29,37,4.455,921.0,921.0,,,,0.299
floor1,wide,estK,301,9015,300.996,1.0,1920,1080,1,250.28,184.8,26,32,3.36,921.0,921.0,,,,0.298
floor1,wide,estK,302,9045,301.998,1.0,1920,1080,1,254.72,176.86,25,27,2.818,921.0,921.0,,,,0.294
floor1,wide,estK,303,9075,303.0,1.0,1920,1080,1,254.93,171.56,23,29,2.884,921.0,921.0,,,,0.294
floor1,wide,estK,304,9105,304.001,1.0,1920,1080,1,250.33,169.15,34,47,3.347,921.0,921.0,,,,0.291
floor1,wide,estK,305,9135,305.003,1.0,1920,1080,1,250.72,164.55,24,31,2.666,921.0,921.0,,,,0.303
floor1,wide,estK,306,9165,306.005,1.0,1920,1080,1,255.65,155.14,34,41,2.752,921.0,921.0,,,,0.293
floor1,wide,estK,307,9195,307.006,1.0,1920,1080,1,255.63,150.53,38,43,3.355,921.0,921.0,,,,0.297
floor1,wide_fov,map,0,0,0.0,1.52,1264,710,1,315.85,135.98,50,67,2.756,1400.0,1400.0,,,,0.297
floor1,wide_fov,map,1,30,1.002,1.52,1264,710,1,316.13,136.7,53,68,2.842,1400.0,1400.0,,,,0.286
floor1,wide_fov,map,2,60,2.003,1.52,1264,710,1,315.94,139.98,52,68,2.635,1400.0,1400.0,,,,0.278
floor1,wide_fov,map,3,90,3.005,1.52,1264,710,1,315.88,144.74,59,75,3.491,1400.0,1400.0,,,,0.286
floor1,wide_fov,map,4,120,4.007,1.52,1264,710,1,316.0,150.33,29,33,3.228,1400.0,1400.0,,,,0.292
floor1,wide_fov,map,5,150,5.008,1.52,1264,710,1,316.16,156.21,34,39,2.883,1400.0,1400.0,,,,0.28
floor1,wide_fov,map,6,180,6.01,1.52,1264,710,1,316.03,161.23,30,42,3.101,1400.0,1400.0,,,,0.308
floor1,wide_fov,map,7,210,7.012,1.52,1264,710,1,316.37,167.05,29,41,2.759,1400.0,1400.0,,,,0.285
floor1,wide_fov,map,8,240,8.013,1.52,1264,710,1,316.63,171.69,30,40,2.77,1400.0,1400.0,,,,0.284
floor1,wide_fov,map,9,270,9.015,1.52,1264,710,1,316.71,177.33,25,35,2.786,1400.0,1400.0,,,,0.28
floor1,wide_fov,map,10,300,10.017,1.52,1264,710,1,316.83,183.32,21,26,3.409,1400.0,1400.0,,,,0.282
floor1,wide_fov,map,11,329,10.985,1.52,1264,710,1,317.09,188.62,25,35,2.151,1400.0,1400.0,,,,0.273
floor1,wide_fov,map,12,359,11.986,1.52,1264,710,1,316.68,195.18,29,45,3.445,1400.0,1400.0,,,,0.285
floor1,wide_fov,map,13,389,12.988,1.52,1264,710,1,315.74,201.52,22,32,2.947,1400.0,1400.0,,,,0.289
floor1,wide_fov,map,14,419,13.99,1.52,1264,710,1,314.12,206.74,23,33,3.743,1400.0,1400.0,,,,0.273
floor1,wide_fov,map,15,449,14.991,1.52,1264,710,1,312.52,212.56,22,29,3.453,1400.0,1400.0,,,,0.28
floor1,wide_fov,map,16,479,15.993,1.52,1264,710,1,311.84,217.13,28,39,3.917,1400.0,1400.0,,,,0.271
floor1,wide_fov,map,17,509,16.995,1.52,1264,710,1,310.4,223.96,27,34,3.631,1400.0,1400.0,,,,0.277
floor1,wide_fov,map,18,539,17.996,1.52,1264,710,1,310.58,228.38,34,42,4.301,1400.0,1400.0,,,,0.281
floor1,wide_fov,map,19,569,18.998,1.52,1264,710,1,309.52,233.55,26,34,3.876,1400.0,1400.0,,,,0.286
floor1,wide_fov,map,20,599,20.0,1.52,1264,710,1,310.01,235.71,27,34,3.772,1400.0,1400.0,,,,0.284
floor1,wide_fov,map,21,629,21.001,1.52,1264,710,1,309.42,239.91,25,32,2.298,1400.0,1400.0,,,,0.282
floor1,wide_fov,map,22,659,22.003,1.52,1264,710,1,309.8,242.55,29,39,2.335,1400.0,1400.0,,,,0.31
floor1,wide_fov,map,23,689,23.005,1.52,1264,710,1,309.9,244.47,25,30,3.315,1400.0,1400.0,,,,0.278
floor1,wide_fov,map,24,719,24.006,1.52,1264,710,1,309.85,248.84,32,47,3.531,1400.0,1400.0,,,,0.277
floor1,wide_fov,map,25,749,25.008,1.52,1264,710,1,310.44,253.6,29,42,2.794,1400.0,1400.0,,,,0.279
floor1,wide_fov,map,26,779,26.01,1.52,1264,710,1,310.8,258.86,29,41,3.382,1400.0,1400.0,,,,0.27
floor1,wide_fov,map,27,809,27.011,1.52,1264,710,1,311.18,264.25,24,35,3.443,1400.0,1400.0,,,,0.278
floor1,wide_fov,map,28,839,28.013,1.52,1264,710,1,311.62,270.22,24,38,2.643,1400.0,1400.0,,,,0.286
floor1,wide_fov,map,29,869,29.015,1.52,1264,710,1,312.63,275.72,18,33,1.963,1400.0,1400.0,,,,0.269
floor1,wide_fov,map,30,899,30.016,1.52,1264,710,1,313.66,280.74,18,34,2.091,1400.0,1400.0,,,,0.281
floor1,wide_fov,map,31,928,30.984,1.52,1264,710,1,315.19,285.78,16,22,2.685,1400.0,1400.0,,,,0.297
floor1,wide_fov,map,32,958,31.986,1.52,1264,710,1,317.54,290.31,20,27,2.721,1400.0,1400.0,,,,0.297
floor1,wide_fov,map,33,988,32.988,1.52,1264,710,1,320.58,295.27,20,27,2.845,1400.0,1400.0,,,,0.277
floor1,wide_fov,map,34,1018,33.989,1.52,1264,710,1,326.39,301.35,17,21,2.807,1400.0,1400.0,,,,0.273
floor1,wide_fov,map,35,1048,34.991,1.52,1264,710,1,328.78,306.63,15,19,2.202,1400.0,1400.0,,,,0.275
floor1,wide_fov,map,36,1078,35.993,1.52,1264,710,1,331.83,311.23,16,26,2.653,1400.0,1400.0,,,,0.308
floor1,wide_fov,map,37,1108,36.994,1.52,1264,710,1,330.56,314.37,18,31,4.418,1400.0,1400.0,,,,0.311
floor1,wide_fov,map,38,1138,37.996,1.52,1264,710,1,332.75,319.9,33,47,2.897,1400.0,1400.0,,,,0.31
floor1,wide_fov,map,39,1168,38.998,1.52,1264,710,1,333.69,325.98,34,53,3.061,1400.0,1400.0,,,,0.283
floor1,wide_fov,map,40,1198,39.999,1.52,1264,710,1,334.44,331.62,37,56,2.873,1400.0,1400.0,,,,0.273
floor1,wide_fov,map,41,1228,41.001,1.52,1264,710,1,335.07,336.98,36,46,3.423,1400.0,1400.0,,,,0.344
floor1,wide_fov,map,42,1258,42.003,1.52,1264,710,1,335.77,343.01,40,53,3.496,1400.0,1400.0,,,,0.281
floor1,wide_fov,map,43,1288,43.004,1.52,1264,710,1,336.27,349.09,35,47,3.573,1400.0,1400.0,,,,0.3
floor1,wide_fov,map,44,1318,44.006,1.52,1264,710,1,336.6,355.13,36,56,3.421,1400.0,1400.0,,,,0.3
floor1,wide_fov,map,45,1348,45.008,1.52,1264,710,1,336.77,361.27,36,60,4.267,1400.0,1400.0,,,,0.294
floor1,wide_fov,map,46,1378,46.009,1.52,1264,710,1,337.07,368.23,33,47,3.427,1400.0,1400.0,,,,0.299
floor1,wide_fov,map,47,1408,47.011,1.52,1264,710,1,336.98,373.94,33,53,3.558,1400.0,1400.0,,,,0.29
floor1,wide_fov,map,48,1438,48.012,1.52,1264,710,1,337.44,381.05,30,40,3.991,1400.0,1400.0,,,,0.278
floor1,wide_fov,map,49,1468,49.014,1.52,1264,710,1,337.92,386.88,25,34,3.288,1400.0,1400.0,,,,0.282
floor1,wide_fov,map,50,1498,50.016,1.52,1264,710,1,338.26,393.31,22,32,3.815,1400.0,1400.0,,,,0.284
floor1,wide_fov,map,51,1527,50.984,1.52,1264,710,1,338.36,399.24,19,25,4.358,1400.0,1400.0,,,,0.292
floor1,wide_fov,map,52,1557,51.986,1.52,1264,710,1,339.03,405.64,21,32,3.75,1400.0,1400.0,,,,0.278
floor1,wide_fov,map,53,1587,52.987,1.52,1264,710,1,339.73,412.27,19,26,3.537,1400.0,1400.0,,,,0.313
floor1,wide_fov,map,54,1617,53.989,1.52,1264,710,1,340.05,418.47,17,27,2.388,1400.0,1400.0,,,,0.292
floor1,wide_fov,map,55,1647,54.991,1.52,1264,710,1,340.15,424.24,13,20,2.204,1400.0,1400.0,,,,0.316
floor1,wide_fov,map,56,1677,55.992,1.52,1264,710,1,340.58,430.42,17,26,3.492,1400.0,1400.0,,,,0.298
floor1,wide_fov,map,57,1707,56.994,1.52,1264,710,0,,,0,0,,1400.0,1400.0,,,,0.303
floor1,wide_fov,map,58,1737,57.996,1.52,1264,710,0,,,0,0,,1400.0,1400.0,,,,0.225
floor1,wide_fov,map,59,1767,58.997,1.52,1264,710,0,,,0,0,,1400.0,1400.0,,,,0.2
floor1,wide_fov,map,60,1797,59.999,1.52,1264,710,1,337.37,455.82,12,22,3.915,1400.0,1400.0,,,,0.321
floor1,wide_fov,map,61,1827,61.001,1.52,1264,710,1,337.51,450.5,19,33,3.102,1400.0,1400.0,,,,0.308
floor1,wide_fov,map,62,1857,62.002,1.52,1264,710,1,338.84,444.98,37,47,4.317,1400.0,1400.0,,,,0.286
floor1,wide_fov,map,63,1887,63.004,1.52,1264,710,1,340.41,438.12,32,42,3.908,1400.0,1400.0,,,,0.277
floor1,wide_fov,map,64,1917,64.006,1.52,1264,710,1,340.77,430.89,29,46,4.33,1400.0,1400.0,,,,0.287
floor1,wide_fov,map,65,1947,65.007,1.52,1264,710,1,340.57,424.12,32,46,4.259,1400.0,1400.0,,,,0.278
floor1,wide_fov,map,66,1977,66.009,1.52,1264,710,1,339.86,416.53,31,46,3.488,1400.0,1400.0,,,,0.293
floor1,wide_fov,map,67,2007,67.01,1.52,1264,710,1,339.12,408.77,33,44,3.474,1400.0,1400.0,,,,0.278
floor1,wide_fov,map,68,2037,68.012,1.52,1264,710,1,338.7,401.2,29,46,4.166,1400.0,1400.0,,,,0.29
floor1,wide_fov,map,69,2067,69.014,1.52,1264,710,1,338.41,394.01,22,30,3.606,1400.0,1400.0,,,,0.283
floor1,wide_fov,map,70,2097,70.015,1.52,1264,710,1,337.86,386.3,27,36,2.134,1400.0,1400.0,,,,0.275
floor1,wide_fov,map,71,2126,70.984,1.52,1264,710,1,336.95,370.7,31,38,2.57,1400.0,1400.0,,,,0.279
floor1,wide_fov,map,72,2156,71.985,1.52,1264,710,1,336.38,365.23,41,48,2.61,1400.0,1400.0,,,,0.268
floor1,wide_fov,map,73,2186,72.987,1.52,1264,710,1,336.12,359.38,39,48,3.418,1400.0,1400.0,,,,0.281
floor1,wide_fov,map,74,2216,73.989,1.52,1264,710,1,336.02,353.36,44,52,2.793,1400.0,1400.0,,,,0.279
floor1,wide_fov,map,75,2246,74.99,1.52,1264,710,1,335.43,347.83,40,53,4.803,1400.0,1400.0,,,,0.288
floor1,wide_fov,map,76,2276,75.992,1.52,1264,710,1,334.94,341.2,44,52,3.13,1400.0,1400.0,,,,0.299
floor1,wide_fov,map,77,2306,76.994,1.52,1264,710,1,334.44,335.98,35,38,3.579,1400.0,1400.0,,,,0.288
floor1,wide_fov,map,78,2336,77.995,1.52,1264,710,1,333.62,330.87,29,37,4.132,1400.0,1400.0,,,,0.298
floor1,wide_fov,map,79,2366,78.997,1.52,1264,710,1,332.9,325.05,21,26,3.514,1400.0,1400.0,,,,0.28
floor1,wide_fov,map,80,2396,79.999,1.52,1264,710,1,331.2,319.46,21,28,3.277,1400.0,1400.0,,,,0.309
floor1,wide_fov,map,81,2426,81.0,1.52,1264,710,1,328.78,315.3,23,32,3.563,1400.0,1400.0,,,,0.283
floor1,wide_fov,map,82,2456,82.002,1.52,1264,710,1,326.38,311.61,14,28,3.924,1400.0,1400.0,,,,0.304
floor1,wide_fov,map,83,2486,83.004,1.52,1264,710,1,321.61,309.82,30,45,3.158,1400.0,1400.0,,,,0.31
floor1,wide_fov,map,84,2516,84.005,1.52,1264,710,1,316.97,308.28,50,60,3.488,1400.0,1400.0,,,,0.281
floor1,wide_fov,map,85,2546,85.007,1.52,1264,710,1,311.59,307.93,41,53,3.552,1400.0,1400.0,,,,0.28
floor1,wide_fov,map,86,2576,86.008,1.52,1264,710,1,305.74,308.32,32,44,3.564,1400.0,1400.0,,,,0.286
floor1,wide_fov,map,87,2606,87.01,1.52,1264,710,1,300.01,309.18,27,36,3.011,1400.0,1400.0,,,,0.287
floor1,wide_fov,map,88,2636,88.012,1.52,1264,710,1,296.47,309.25,28,42,3.314,1400.0,1400.0,,,,0.302
floor1,wide_fov,map,89,2666,89.013,1.52,1264,710,1,290.11,310.39,26,37,4.657,1400.0,1400.0,,,,0.31
floor1,wide_fov,map,90,2696,90.015,1.52,1264,710,1,282.15,312.61,24,29,2.33,1400.0,1400.0,,,,0.299
floor1,wide_fov,map,91,2725,90.983,1.52,1264,710,1,276.55,313.92,30,37,4.138,1400.0,1400.0,,,,0.285
floor1,wide_fov,map,92,2755,91.985,1.52,1264,710,1,270.7,316.48,31,41,4.444,1400.0,1400.0,,,,0.279
floor1,wide_fov,map,93,2785,92.987,1.52,1264,710,1,265.5,319.2,23,28,2.949,1400.0,1400.0,,,,0.281
floor1,wide_fov,map,94,2815,93.988,1.52,1264,710,1,261.04,323.58,18,26,2.097,1400.0,1400.0,,,,0.28
floor1,wide_fov,map,95,2845,94.99,1.52,1264,710,1,258.46,328.93,26,36,3.237,1400.0,1400.0,,,,0.294
floor1,wide_fov,map,96,2875,95.992,1.52,1264,710,1,256.67,335.53,34,40,3.65,1400.0,1400.0,,,,0.273
floor1,wide_fov,map,97,2905,96.993,1.52,1264,710,1,255.29,341.68,45,55,3.2,1400.0,1400.0,,,,0.279
floor1,wide_fov,map,98,2935,97.995,1.52,1264,710,1,254.78,348.8,39,58,3.145,1400.0,1400.0,,,,0.276
floor1,wide_fov,map,99,2965,98.997,1.52,1264,710,1,254.65,355.26,39,47,2.605,1400.0,1400.0,,,,0.297
floor1,wide_fov,map,100,2995,99.998,1.52,1264,710,1,254.81,361.42,50,57,3.21,1400.0,1400.0,,,,0.285
floor1,wide_fov,map,101,3025,101.0,1.52,1264,710,1,254.95,367.0,48,59,3.729,1400.0,1400.0,,,,0.283
floor1,wide_fov,map,102,3055,102.002,1.52,1264,710,1,254.57,373.34,49,56,3.238,1400.0,1400.0,,,,0.285
floor1,wide_fov,map,103,3085,103.003,1.52,1264,710,1,254.38,379.25,54,55,2.992,1400.0,1400.0,,,,0.297
floor1,wide_fov,map,104,3115,104.005,1.52,1264,710,1,254.28,385.38,33,44,2.453,1400.0,1400.0,,,,0.289
floor1,wide_fov,map,105,3145,105.006,1.52,1264,710,1,254.25,390.48,30,35,3.268,1400.0,1400.0,,,,0.288
floor1,wide_fov,map,106,3175,106.008,1.52,1264,710,1,254.18,396.87,34,39,3.44,1400.0,1400.0,,,,0.324
floor1,wide_fov,map,107,3205,107.01,1.52,1264,710,1,254.2,402.66,46,51,3.258,1400.0,1400.0,,,,0.294
floor1,wide_fov,map,108,3235,108.011,1.52,1264,710,1,254.22,408.51,38,41,2.92,1400.0,1400.0,,,,0.277
floor1,wide_fov,map,109,3265,109.013,1.52,1264,710,1,254.07,414.49,40,43,2.491,1400.0,1400.0,,,,0.26
floor1,wide_fov,map,110,3295,110.015,1.52,1264,710,1,254.51,420.17,47,53,2.755,1400.0,1400.0,,,,0.282
floor1,wide_fov,map,111,3325,111.016,1.52,1264,710,1,255.23,425.77,43,47,3.609,1400.0,1400.0,,,,0.274
floor1,wide_fov,map,112,3354,111.985,1.52,1264,710,1,255.14,430.89,39,50,3.33,1400.0,1400.0,,,,0.289
floor1,wide_fov,map,113,3384,112.986,1.52,1264,710,1,254.21,436.11,33,44,3.325,1400.0,1400.0,,,,0.274
floor1,wide_fov,map,114,3414,113.988,1.52,1264,710,1,253.16,441.43,29,34,2.96,1400.0,1400.0,,,,0.287
floor1,wide_fov,map,115,3444,114.99,1.52,1264,710,1,252.23,446.79,27,40,3.825,1400.0,1400.0,,,,0.288
floor1,wide_fov,map,116,3474,115.991,1.52,1264,710,1,252.26,450.95,19,24,3.205,1400.0,1400.0,,,,0.289
floor1,wide_fov,map,117,3504,116.993,1.52,1264,710,0,,,0,0,,1400.0,1400.0,,,,0.205
floor1,wide_fov,map,118,3534,117.995,1.52,1264,710,0,,,0,0,,1400.0,1400.0,,,,0.205
floor1,wide_fov,map,119,3564,118.996,1.52,1264,710,1,257.06,449.06,27,36,4.091,1400.0,1400.0,,,,0.278
floor1,wide_fov,map,120,3594,119.998,1.52,1264,710,1,256.75,444.54,37,47,3.233,1400.0,1400.0,,,,0.288
floor1,wide_fov,map,121,3624,120.999,1.52,1264,710,1,256.23,439.35,37,46,3.642,1400.0,1400.0,,,,0.285
floor1,wide_fov,map,122,3654,122.001,1.52,1264,710,1,255.48,434.37,45,52,3.564,1400.0,1400.0,,,,0.274
floor1,wide_fov,map,123,3684,123.003,1.52,1264,710,1,254.69,428.82,38,43,4.002,1400.0,1400.0,,,,0.287
floor1,wide_fov,map,124,3714,124.004,1.52,1264,710,1,254.57,423.21,31,45,3.225,1400.0,1400.0,,,,0.275
floor1,wide_fov,map,125,3744,125.006,1.52,1264,710,1,254.96,416.97,38,45,3.06,1400.0,1400.0,,,,0.293
floor1,wide_fov,map,126,3774,126.008,1.52,1264,710,1,255.47,410.87,37,46,3.939,1400.0,1400.0,,,,0.288
floor1,wide_fov,map,127,3804,127.009,1.52,1264,710,1,255.65,405.76,31,43,4.175,1400.0,1400.0,,,,0.292
floor1,wide_fov,map,128,3834,128.011,1.52,1264,710,1,255.81,399.88,43,53,3.77,1400.0,1400.0,,,,0.28
floor1,wide_fov,map,129,3864,129.013,1.52,1264,710,1,255.52,393.7,47,62,3.055,1400.0,1400.0,,,,0.273
floor1,wide_fov,map,130,3894,130.014,1.52,1264,710,1,255.86,387.53,45,63,3.692,1400.0,1400.0,,,,0.28
floor1,wide_fov,map,131,3924,131.016,1.52,1264,710,1,256.16,381.26,60,78,2.91,1400.0,1400.0,,,,0.271
floor1,wide_fov,map,132,3953,131.984,1.52,1264,710,1,256.57,375.4,43,53,3.387,1400.0,1400.0,,,,0.28
floor1,wide_fov,map,133,3983,132.986,1.52,1264,710,1,256.76,370.17,43,54,3.332,1400.0,1400.0,,,,0.277
floor1,wide_fov,map,134,4013,133.988,1.52,1264,710,1,256.83,365.1,39,48,3.168,1400.0,1400.0,,,,0.279
floor1,wide_fov,map,135,4043,134.989,1.52,1264,710,1,256.84,359.4,37,45,3.337,1400.0,1400.0,,,,0.286
floor1,wide_fov,map,136,4073,135.991,1.52,1264,710,1,256.89,354.38,28,37,2.899,1400.0,1400.0,,,,0.291
floor1,wide_fov,map,137,4103,136.993,1.52,1264,710,1,257.36,349.41,33,39,3.398,1400.0,1400.0,,,,0.276
floor1,wide_fov,map,138,4133,137.994,1.52,1264,710,1,257.68,344.24,48,59,3.026,1400.0,1400.0,,,,0.294
floor1,wide_fov,map,139,4163,138.996,1.52,1264,710,1,258.04,339.07,45,62,3.689,1400.0,1400.0,,,,0.286
floor1,wide_fov,map,140,4193,139.997,1.52,1264,710,1,258.65,334.07,30,39,2.735,1400.0,1400.0,,,,0.285
floor1,wide_fov,map,141,4223,140.999,1.52,1264,710,1,260.3,329.29,25,34,3.608,1400.0,1400.0,,,,0.303
floor1,wide_fov,map,142,4253,142.001,1.52,1264,710,1,262.99,325.35,13,16,3.359,1400.0,1400.0,,,,0.319
floor1,wide_fov,map,143,4283,143.002,1.52,1264,710,1,267.75,322.01,16,18,5.456,1400.0,1400.0,,,,0.271
floor1,wide_fov,map,144,4313,144.004,1.52,1264,710,1,272.68,319.53,27,38,3.901,1400.0,1400.0,,,,0.267
floor1,wide_fov,map,145,4343,145.006,1.52,1264,710,1,278.71,317.08,23,34,3.575,1400.0,1400.0,,,,0.283
floor1,wide_fov,map,146,4373,146.007,1.52,1264,710,1,283.35,315.65,20,33,2.825,1400.0,1400.0,,,,0.287
floor1,wide_fov,map,147,4403,147.009,1.52,1264,710,1,288.27,314.05,19,34,2.906,1400.0,1400.0,,,,0.295
floor1,wide_fov,map,148,4433,148.011,1.52,1264,710,1,295.92,310.89,13,27,1.464,1400.0,1400.0,,,,0.302
floor1,wide_fov,map,149,4463,149.012,1.52,1264,710,1,297.57,308.82,10,15,3.782,1400.0,1400.0,,,,0.273
floor1,wide_fov,map,150,4493,150.014,1.52,1264,710,0,,,0,0,,1400.0,1400.0,,,,0.247
floor1,wide_fov,map,151,4523,151.016,1.52,1264,710,0,,,0,0,,1400.0,1400.0,,,,0.302
floor1,wide_fov,map,152,4552,151.984,1.52,1264,710,1,308.63,297.85,10,17,3.232,1400.0,1400.0,,,,0.293
floor1,wide_fov,map,153,4582,152.986,1.52,1264,710,1,309.98,293.73,10,16,3.114,1400.0,1400.0,,,,0.292
floor1,wide_fov,map,154,4612,153.987,1.52,1264,710,1,308.87,285.78,21,30,4.469,1400.0,1400.0,,,,0.3
floor1,wide_fov,map,155,4642,154.989,1.52,1264,710,1,309.97,282.16,19,26,4.77,1400.0,1400.0,,,,0.303
floor1,wide_fov,map,156,4672,155.991,1.52,1264,710,1,310.02,277.0,12,20,3.18,1400.0,1400.0,,,,0.305
floor1,wide_fov,map,157,4702,156.992,1.52,1264,710,1,307.97,265.28,21,38,3.427,1400.0,1400.0,,,,0.304
floor1,wide_fov,map,158,4732,157.994,1.52,1264,710,1,308.2,259.56,24,37,3.674,1400.0,1400.0,,,,0.311
floor1,wide_fov,map,159,4762,158.995,1.52,1264,710,1,308.56,254.18,20,37,3.524,1400.0,1400.0,,,,0.329
floor1,wide_fov,map,160,4792,159.997,1.52,1264,710,1,308.61,255.2,15,30,2.739,1400.0,1400.0,,,,0.322
floor1,wide_fov,map,161,4822,160.999,1.52,1264,710,1,308.36,244.3,15,33,2.873,1400.0,1400.0,,,,0.336
floor1,wide_fov,map,162,4852,162.0,1.52,1264,710,1,309.23,248.35,14,32,2.774,1400.0,1400.0,,,,0.341
floor1,wide_fov,map,163,4882,163.002,1.52,1264,710,1,308.25,237.2,10,18,2.661,1400.0,1400.0,,,,0.341
floor1,wide_fov,map,164,4912,164.004,1.52,1264,710,1,308.35,233.05,14,24,3.224,1400.0,1400.0,,,,0.343
floor1,wide_fov,map,165,4942,165.005,1.52,1264,710,1,308.1,227.76,18,23,2.264,1400.0,1400.0,,,,0.324
floor1,wide_fov,map,166,4972,166.007,1.52,1264,710,1,308.19,223.24,18,28,3.022,1400.0,1400.0,,,,0.318
floor1,wide_fov,map,167,5002,167.009,1.52,1264,710,1,308.99,216.67,15,23,3.454,1400.0,1400.0,,,,0.329
floor1,wide_fov,map,168,5032,168.01,1.52,1264,710,1,307.97,213.02,11,16,1.913,1400.0,1400.0,,,,0.314
floor1,wide_fov,map,169,5062,169.012,1.52,1264,710,1,310.07,206.92,20,30,2.831,1400.0,1400.0,,,,0.316
floor1,wide_fov,map,170,5092,170.014,1.52,1264,710,1,312.31,201.28,29,40,2.952,1400.0,1400.0,,,,0.322
floor1,wide_fov,map,171,5122,171.015,1.52,1264,710,1,312.28,195.66,33,46,3.048,1400.0,1400.0,,,,0.316
floor1,wide_fov,map,172,5151,171.984,1.52,1264,710,1,312.72,190.51,30,43,3.097,1400.0,1400.0,,,,0.325
floor1,wide_fov,map,173,5181,172.985,1.52,1264,710,1,313.5,185.52,27,41,4.125,1400.0,1400.0,,,,0.313
floor1,wide_fov,map,174,5211,173.987,1.52,1264,710,1,313.43,180.73,27,40,3.753,1400.0,1400.0,,,,0.321
floor1,wide_fov,map,175,5241,174.989,1.52,1264,710,1,313.9,175.26,22,34,4.024,1400.0,1400.0,,,,0.307
floor1,wide_fov,map,176,5271,175.99,1.52,1264,710,1,314.29,170.55,24,31,4.162,1400.0,1400.0,,,,0.305
floor1,wide_fov,map,177,5301,176.992,1.52,1264,710,1,314.9,165.72,26,32,3.387,1400.0,1400.0,,,,0.306
floor1,wide_fov,map,178,5331,177.993,1.52,1264,710,1,315.25,161.53,15,26,2.735,1400.0,1400.0,,,,0.312
floor1,wide_fov,map,179,5361,178.995,1.52,1264,710,0,,,0,0,,1400.0,1400.0,,,,0.27
floor1,wide_fov,map,180,5391,179.997,1.52,1264,710,0,,,0,0,,1400.0,1400.0,,,,0.275
floor1,wide_fov,map,181,5421,180.998,1.52,1264,710,1,304.28,150.34,21,27,3.599,1400.0,1400.0,,,,0.307
floor1,wide_fov,map,182,5451,182.0,1.52,1264,710,1,297.98,151.32,26,32,3.684,1400.0,1400.0,,,,0.279
floor1,wide_fov,map,183,5481,183.002,1.52,1264,710,1,291.46,152.12,21,27,2.59,1400.0,1400.0,,,,0.284
floor1,wide_fov,map,184,5511,184.003,1.52,1264,710,1,285.41,151.7,31,40,3.881,1400.0,1400.0,,,,0.285
floor1,wide_fov,map,185,5541,185.005,1.52,1264,710,1,279.08,151.36,36,51,2.931,1400.0,1400.0,,,,0.276
floor1,wide_fov,map,186,5571,186.007,1.52,1264,710,1,273.07,150.76,34,50,3.343,1400.0,1400.0,,,,0.276
floor1,wide_fov,map,187,5601,187.008,1.52,1264,710,1,266.95,150.06,30,42,4.268,1400.0,1400.0,,,,0.276
floor1,wide_fov,map,188,5631,188.01,1.52,1264,710,1,260.27,149.36,27,38,2.277,1400.0,1400.0,,,,0.272
floor1,wide_fov,map,189,5661,189.012,1.52,1264,710,1,255.08,148.22,26,35,2.907,1400.0,1400.0,,,,0.271
floor1,wide_fov,map,190,5691,190.013,1.52,1264,710,1,248.05,147.36,28,39,2.956,1400.0,1400.0,,,,0.276
floor1,wide_fov,map,191,5721,191.015,1.52,1264,710,1,240.63,147.21,29,36,2.716,1400.0,1400.0,,,,0.271
floor1,wide_fov,map,192,5751,192.017,1.52,1264,710,1,233.14,147.41,38,51,2.947,1400.0,1400.0,,,,0.289
floor1,wide_fov,map,193,5780,192.985,1.52,1264,710,1,226.1,147.6,31,49,2.543,1400.0,1400.0,,,,0.273
floor1,wide_fov,map,194,5810,193.986,1.52,1264,710,1,218.48,147.92,26,41,3.45,1400.0,1400.0,,,,0.272
floor1,wide_fov,map,195,5840,194.988,1.52,1264,710,1,210.94,148.38,20,26,2.847,1400.0,1400.0,,,,0.299
floor1,wide_fov,map,196,5870,195.99,1.52,1264,710,1,203.55,148.25,24,36,3.045,1400.0,1400.0,,,,0.284
floor1,wide_fov,map,197,5900,196.991,1.52,1264,710,0,,,0,0,,1400.0,1400.0,,,,0.29
floor1,wide_fov,map,198,5930,197.993,1.52,1264,710,1,186.57,149.81,14,27,3.867,1400.0,1400.0,,,,0.321
floor1,wide_fov,map,199,5960,198.995,1.52,1264,710,1,180.27,143.34,12,21,3.854,1400.0,1400.0,,,,0.31
floor1,wide_fov,map,200,5990,199.996,1.52,1264,710,1,169.08,147.16,13,27,4.554,1400.0,1400.0,,,,0.335
floor1,wide_fov,map,201,6020,200.998,1.52,1264,710,1,166.55,147.26,13,23,3.218,1400.0,1400.0,,,,0.327
floor1,wide_fov,map,202,6050,202.0,1.52,1264,710,1,164.32,147.47,16,34,3.224,1400.0,1400.0,,,,0.347
floor1,wide_fov,map,203,6080,203.001,1.52,1264,710,1,152.23,144.35,10,20,3.037,1400.0,1400.0,,,,0.318
floor1,wide_fov,map,204,6110,204.003,1.52,1264,710,1,149.0,145.51,10,24,3.091,1400.0,1400.0,,,,0.315
floor1,wide_fov,map,205,6140,205.005,1.52,1264,710,0,,,0,0,,1400.0,1400.0,,,,0.357
floor1,wide_fov,map,206,6170,206.006,1.52,1264,710,0,,,0,0,,1400.0,1400.0,,,,0.349
floor1,wide_fov,map,207,6200,207.008,1.52,1264,710,0,,,0,0,,1400.0,1400.0,,,,0.234
floor1,wide_fov,map,208,6230,208.01,1.52,1264,710,1,133.91,151.37,12,27,4.492,1400.0,1400.0,,,,0.251
floor1,wide_fov,map,209,6260,209.011,1.52,1264,710,0,,,0,0,,1400.0,1400.0,,,,0.289
floor1,wide_fov,map,210,6290,210.013,1.52,1264,710,0,,,0,0,,1400.0,1400.0,,,,0.29
floor1,wide_fov,map,211,6320,211.015,1.52,1264,710,1,143.35,156.97,11,14,4.76,1400.0,1400.0,,,,0.269
floor1,wide_fov,map,212,6350,212.016,1.52,1264,710,1,152.27,155.75,10,14,3.786,1400.0,1400.0,,,,0.281
floor1,wide_fov,map,213,6379,212.984,1.52,1264,710,1,162.37,153.51,11,14,4.42,1400.0,1400.0,,,,0.281
floor1,wide_fov,map,214,6409,213.986,1.52,1264,710,1,166.68,155.09,12,21,2.922,1400.0,1400.0,,,,0.29
floor1,wide_fov,map,215,6439,214.988,1.52,1264,710,1,177.49,152.4,13,20,3.373,1400.0,1400.0,,,,0.297
floor1,wide_fov,map,216,6469,215.989,1.52,1264,710,0,,,0,0,,1400.0,1400.0,,,,0.221
floor1,wide_fov,map,217,6499,216.991,1.52,1264,710,1,188.29,153.83,17,22,3.615,1400.0,1400.0,,,,0.284
floor1,wide_fov,map,218,6529,217.993,1.52,1264,710,1,197.17,153.15,18,24,3.483,1400.0,1400.0,,,,0.296
floor1,wide_fov,map,219,6559,218.994,1.52,1264,710,1,205.96,152.54,14,20,3.877,1400.0,1400.0,,,,0.287
floor1,wide_fov,map,220,6589,219.996,1.52,1264,710,1,212.16,153.56,20,28,3.849,1400.0,1400.0,,,,0.296
floor1,wide_fov,map,221,6619,220.998,1.52,1264,710,1,222.25,153.82,24,33,4.414,1400.0,1400.0,,,,0.294
floor1,wide_fov,map,222,6649,221.999,1.52,1264,710,1,226.98,155.81,19,24,4.064,1400.0,1400.0,,,,0.279
floor1,wide_fov,map,223,6679,223.001,1.52,1264,710,0,,,0,0,,1400.0,1400.0,,,,0.285
floor1,wide_fov,map,224,6709,224.003,1.52,1264,710,0,,,0,0,,1400.0,1400.0,,,,0.305
floor1,wide_fov,map,225,6739,225.004,1.52,1264,710,1,244.62,161.91,11,19,2.681,1400.0,1400.0,,,,0.286
floor1,wide_fov,map,226,6769,226.006,1.52,1264,710,1,246.2,164.95,18,27,3.549,1400.0,1400.0,,,,0.311
floor1,wide_fov,map,227,6799,227.008,1.52,1264,710,1,247.77,169.09,34,38,3.97,1400.0,1400.0,,,,0.287
floor1,wide_fov,map,228,6829,228.009,1.52,1264,710,1,248.37,173.02,33,41,3.313,1400.0,1400.0,,,,0.285
floor1,wide_fov,map,229,6859,229.011,1.52,1264,710,1,248.5,177.15,30,38,4.031,1400.0,1400.0,,,,0.276
floor1,wide_fov,map,230,6889,230.013,1.52,1264,710,1,248.7,181.27,25,44,3.896,1400.0,1400.0,,,,0.288
floor1,wide_fov,map,231,6919,231.014,1.52,1264,710,1,248.43,186.32,26,32,3.498,1400.0,1400.0,,,,0.275
floor1,wide_fov,map,232,6949,232.016,1.52,1264,710,1,248.37,191.51,29,31,3.867,1400.0,1400.0,,,,0.28
floor1,wide_fov,map,233,6978,232.984,1.52,1264,710,1,248.64,195.88,23,25,3.939,1400.0,1400.0,,,,0.277
floor1,wide_fov,map,234,7008,233.986,1.52,1264,710,1,249.37,201.3,22,25,3.976,1400.0,1400.0,,,,0.285
floor1,wide_fov,map,235,7038,234.987,1.52,1264,710,1,251.27,205.62,13,17,3.351,1400.0,1400.0,,,,0.282
floor1,wide_fov,map,236,7068,235.989,1.52,1264,710,1,254.42,210.78,11,14,1.408,1400.0,1400.0,,,,0.28
floor1,wide_fov,map,237,7098,236.991,1.52,1264,710,0,,,0,0,,1400.0,1400.0,,,,0.302
floor1,wide_fov,map,238,7128,237.992,1.52,1264,710,0,,,0,0,,1400.0,1400.0,,,,0.241
floor1,wide_fov,map,239,7158,238.994,1.52,1264,710,1,275.18,227.01,12,16,3.532,1400.0,1400.0,,,,0.283
floor1,wide_fov,map,240,7188,239.996,1.52,1264,710,1,280.46,225.21,12,16,3.115,1400.0,1400.0,,,,0.292
floor1,wide_fov,map,241,7218,240.997,1.52,1264,710,1,283.1,221.62,12,16,3.016,1400.0,1400.0,,,,0.292
floor1,wide_fov,map,242,7248,241.999,1.52,1264,710,1,286.85,220.35,21,26,3.945,1400.0,1400.0,,,,0.297
floor1,wide_fov,map,243,7278,243.001,1.52,1264,710,0,,,0,0,,1400.0,1400.0,,,,0.283
floor1,wide_fov,map,244,7308,244.002,1.52,1264,710,0,,,0,0,,1400.0,1400.0,,,,0.333
floor1,wide_fov,map,245,7338,245.004,1.52,1264,710,1,303.37,218.03,10,18,3.899,1400.0,1400.0,,,,0.359
floor1,wide_fov,map,246,7368,246.006,1.52,1264,710,1,307.43,215.3,16,22,3.268,1400.0,1400.0,,,,0.327
floor1,wide_fov,map,247,7398,247.007,1.52,1264,710,1,308.52,211.72,21,35,3.332,1400.0,1400.0,,,,0.317
floor1,wide_fov,map,248,7428,248.009,1.52,1264,710,1,310.92,207.39,25,36,1.941,1400.0,1400.0,,,,0.321
floor1,wide_fov,map,249,7458,249.011,1.52,1264,710,0,,,0,0,,1400.0,1400.0,,,,0.329
floor1,wide_fov,map,250,7488,250.012,1.52,1264,710,0,,,0,0,,1400.0,1400.0,,,,0.207
floor1,wide_fov,map,251,7518,251.014,1.52,1264,710,0,,,0,0,,1400.0,1400.0,,,,0.216
floor1,wide_fov,map,252,7548,252.015,1.52,1264,710,0,,,0,0,,1400.0,1400.0,,,,0.278
floor1,wide_fov,map,253,7577,252.984,1.52,1264,710,0,,,0,0,,1400.0,1400.0,,,,0.248
floor1,wide_fov,map,254,7607,253.985,1.52,1264,710,0,,,0,0,,1400.0,1400.0,,,,0.262
floor1,wide_fov,map,255,7637,254.987,1.52,1264,710,0,,,0,0,,1400.0,1400.0,,,,0.276
floor1,wide_fov,map,256,7667,255.989,1.52,1264,710,1,288.2,216.68,13,20,3.726,1400.0,1400.0,,,,0.27
floor1,wide_fov,map,257,7697,256.99,1.52,1264,710,1,281.2,217.88,11,16,3.132,1400.0,1400.0,,,,0.27
floor1,wide_fov,map,258,7727,257.992,1.52,1264,710,1,275.14,217.19,10,14,2.246,1400.0,1400.0,,,,0.262
floor1,wide_fov,map,259,7757,258.994,1.52,1264,710,1,269.0,216.51,10,14,2.258,1400.0,1400.0,,,,0.278
floor1,wide_fov,map,260,7787,259.995,1.52,1264,710,1,263.21,214.94,10,14,1.362,1400.0,1400.0,,,,0.305
floor1,wide_fov,map,261,7817,260.997,1.52,1264,710,0,,,0,0,,1400.0,1400.0,,,,0.248
floor1,wide_fov,map,262,7847,261.999,1.52,1264,710,0,,,0,0,,1400.0,1400.0,,,,0.187
floor1,wide_fov,map,263,7877,263.0,1.52,1264,710,0,,,0,0,,1400.0,1400.0,,,,0.302
floor1,wide_fov,map,264,7907,264.002,1.52,1264,710,1,245.82,221.24,18,29,3.517,1400.0,1400.0,,,,0.302
floor1,wide_fov,map,265,7937,265.004,1.52,1264,710,1,245.51,228.84,20,27,4.597,1400.0,1400.0,,,,0.294
floor1,wide_fov,map,266,7967,266.005,1.52,1264,710,1,245.83,235.53,31,40,3.551,1400.0,1400.0,,,,0.291
floor1,wide_fov,map,267,7997,267.007,1.52,1264,710,1,246.43,242.25,37,44,3.739,1400.0,1400.0,,,,0.286
floor1,wide_fov,map,268,8027,268.009,1.52,1264,710,1,246.51,248.43,33,38,2.49,1400.0,1400.0,,,,0.28
floor1,wide_fov,map,269,8057,269.01,1.52,1264,710,1,246.99,255.91,34,40,3.137,1400.0,1400.0,,,,0.284
floor1,wide_fov,map,270,8087,270.012,1.52,1264,710,1,247.32,263.34,35,40,3.169,1400.0,1400.0,,,,0.288
floor1,wide_fov,map,271,8117,271.013,1.52,1264,710,1,247.25,270.66,36,43,3.129,1400.0,1400.0,,,,0.288
floor1,wide_fov,map,272,8147,272.015,1.52,1264,710,1,247.16,277.71,38,50,3.521,1400.0,1400.0,,,,0.289
floor1,wide_fov,map,273,8176,272.983,1.52,1264,710,1,247.54,283.2,37,44,3.552,1400.0,1400.0,,,,0.294
floor1,wide_fov,map,274,8206,273.985,1.52,1264,710,1,247.34,289.75,31,42,3.299,1400.0,1400.0,,,,0.288
floor1,wide_fov,map,275,8236,274.987,1.52,1264,710,1,248.05,296.1,33,40,2.81,1400.0,1400.0,,,,0.296
floor1,wide_fov,map,276,8266,275.988,1.52,1264,710,1,248.24,301.74,45,57,4.277,1400.0,1400.0,,,,0.294
floor1,wide_fov,map,277,8296,276.99,1.52,1264,710,1,248.75,307.91,27,47,3.272,1400.0,1400.0,,,,0.285
floor1,wide_fov,map,278,8326,277.992,1.52,1264,710,1,249.12,313.56,13,28,4.559,1400.0,1400.0,,,,0.286
floor1,wide_fov,map,279,8356,278.993,1.52,1264,710,1,258.43,322.23,14,28,3.764,1400.0,1400.0,,,,0.289
floor1,wide_fov,map,280,8386,279.995,1.52,1264,710,1,263.76,320.63,12,29,4.817,1400.0,1400.0,,,,0.303
floor1,wide_fov,map,281,8416,280.997,1.52,1264,710,1,265.29,318.17,14,27,2.814,1400.0,1400.0,,,,0.313
floor1,wide_fov,map,282,8446,281.998,1.52,1264,710,1,261.61,313.32,13,14,3.455,1400.0,1400.0,,,,0.299
floor1,wide_fov,map,283,8476,283.0,1.52,1264,710,1,258.65,308.2,13,15,1.941,1400.0,1400.0,,,,0.287
floor1,wide_fov,map,284,8506,284.002,1.52,1264,710,1,255.13,302.53,20,25,3.399,1400.0,1400.0,,,,0.299
floor1,wide_fov,map,285,8536,285.003,1.52,1264,710,1,252.16,296.64,28,34,4.503,1400.0,1400.0,,,,0.287
floor1,wide_fov,map,286,8566,286.005,1.52,1264,710,1,250.05,290.47,28,38,3.382,1400.0,1400.0,,,,0.281
floor1,wide_fov,map,287,8596,287.007,1.52,1264,710,1,249.14,283.4,32,37,4.001,1400.0,1400.0,,,,0.281
floor1,wide_fov,map,288,8626,288.008,1.52,1264,710,1,249.25,276.94,46,59,3.2,1400.0,1400.0,,,,0.274
floor1,wide_fov,map,289,8656,289.01,1.52,1264,710,1,249.02,269.44,45,50,3.83,1400.0,1400.0,,,,0.277
floor1,wide_fov,map,290,8686,290.011,1.52,1264,710,1,248.67,262.1,39,53,3.527,1400.0,1400.0,,,,0.268
floor1,wide_fov,map,291,8716,291.013,1.52,1264,710,1,248.08,254.25,36,49,3.747,1400.0,1400.0,,,,0.284
floor1,wide_fov,map,292,8746,292.015,1.52,1264,710,1,247.67,246.31,34,43,3.552,1400.0,1400.0,,,,0.269
floor1,wide_fov,map,293,8776,293.016,1.52,1264,710,1,247.25,238.82,31,39,2.893,1400.0,1400.0,,,,0.272
floor1,wide_fov,map,294,8805,293.985,1.52,1264,710,1,246.97,231.34,28,31,2.491,1400.0,1400.0,,,,0.264
floor1,wide_fov,map,295,8835,294.986,1.52,1264,710,1,246.62,222.4,27,31,4.062,1400.0,1400.0,,,,0.286
floor1,wide_fov,map,296,8865,295.988,1.52,1264,710,1,247.36,214.9,27,32,3.249,1400.0,1400.0,,,,0.292
floor1,wide_fov,map,297,8895,296.99,1.52,1264,710,1,248.42,208.24,29,33,3.143,1400.0,1400.0,,,,0.276
floor1,wide_fov,map,298,8925,297.991,1.52,1264,710,1,249.03,202.75,12,16,2.899,1400.0,1400.0,,,,0.272
floor1,wide_fov,map,299,8955,298.993,1.52,1264,710,1,250.0,196.31,24,38,3.9,1400.0,1400.0,,,,0.278
floor1,wide_fov,map,300,8985,299.995,1.52,1264,710,1,250.11,190.61,19,30,3.535,1400.0,1400.0,,,,0.289
floor1,wide_fov,map,301,9015,300.996,1.52,1264,710,1,249.69,185.46,25,40,4.516,1400.0,1400.0,,,,0.29
floor1,wide_fov,map,302,9045,301.998,1.52,1264,710,1,254.59,176.91,28,32,4.054,1400.0,1400.0,,,,0.282
floor1,wide_fov,map,303,9075,303.0,1.52,1264,710,1,254.61,171.2,18,23,4.365,1400.0,1400.0,,,,0.29
floor1,wide_fov,map,304,9105,304.001,1.52,1264,710,1,250.03,169.19,27,43,4.221,1400.0,1400.0,,,,0.28
floor1,wide_fov,map,305,9135,305.003,1.52,1264,710,1,255.12,160.61,29,37,3.962,1400.0,1400.0,,,,0.29
floor1,wide_fov,map,306,9165,306.005,1.52,1264,710,1,255.43,155.3,29,42,3.05,1400.0,1400.0,,,,0.28
floor1,wide_fov,map,307,9195,307.006,1.52,1264,710,1,255.58,150.48,25,37,3.318,1400.0,1400.0,,,,0.278
