exp,variant,kmode,sample,frame,time_s,zoom,in_w,in_h,success,x_px,y_px,num_inliers,num_matches,reproj_px,fx_used,fy_used,calib_status,calib_focal,calib_estimates,elapsed_s
floor5,base,map,0,0,0.0,1.0,1920,1080,1,285.98,458.98,108,111,2.066,1400.0,1400.0,,,,0.585
floor5,base,map,1,60,1.001,1.0,1920,1080,1,286.44,459.31,144,146,1.796,1400.0,1400.0,,,,0.242
floor5,base,map,2,120,2.002,1.0,1920,1080,1,288.72,459.32,140,143,2.314,1400.0,1400.0,,,,0.267
floor5,base,map,3,180,3.003,1.0,1920,1080,1,289.51,460.49,29,41,4.334,1400.0,1400.0,,,,0.317
floor5,base,map,4,240,4.004,1.0,1920,1080,1,290.5,462.61,33,50,3.789,1400.0,1400.0,,,,0.315
floor5,base,map,5,300,5.005,1.0,1920,1080,1,291.67,463.68,99,114,4.448,1400.0,1400.0,,,,0.24
floor5,base,map,6,360,6.006,1.0,1920,1080,1,293.1,464.5,176,182,2.579,1400.0,1400.0,,,,0.249
floor5,base,map,7,420,7.007,1.0,1920,1080,1,294.95,463.66,74,106,3.688,1400.0,1400.0,,,,0.267
floor5,base,map,8,480,8.008,1.0,1920,1080,1,295.32,461.08,68,83,2.361,1400.0,1400.0,,,,0.284
floor5,base,map,9,539,8.992,1.0,1920,1080,1,295.55,458.36,67,76,2.845,1400.0,1400.0,,,,0.277
floor5,base,map,10,599,9.993,1.0,1920,1080,1,295.47,455.05,74,82,2.406,1400.0,1400.0,,,,0.276
floor5,base,map,11,659,10.994,1.0,1920,1080,1,295.22,451.25,73,83,3.014,1400.0,1400.0,,,,0.283
floor5,base,map,12,719,11.995,1.0,1920,1080,1,295.03,447.26,47,59,3.054,1400.0,1400.0,,,,0.282
floor5,base,map,13,779,12.996,1.0,1920,1080,1,294.69,442.99,52,70,3.472,1400.0,1400.0,,,,0.282
floor5,base,map,14,839,13.997,1.0,1920,1080,1,294.49,438.95,50,57,2.831,1400.0,1400.0,,,,0.279
floor5,base,map,15,899,14.998,1.0,1920,1080,1,294.64,434.55,55,60,3.231,1400.0,1400.0,,,,0.282
floor5,base,map,16,959,15.999,1.0,1920,1080,1,295.18,430.28,54,66,3.408,1400.0,1400.0,,,,0.283
floor5,base,map,17,1019,17.0,1.0,1920,1080,1,295.92,425.97,51,63,3.237,1400.0,1400.0,,,,0.281
floor5,base,map,18,1079,18.001,1.0,1920,1080,1,296.36,421.45,62,71,2.831,1400.0,1400.0,,,,0.277
floor5,base,map,19,1139,19.002,1.0,1920,1080,1,296.51,416.74,53,61,3.17,1400.0,1400.0,,,,0.265
floor5,base,map,20,1199,20.003,1.0,1920,1080,1,296.45,411.73,63,71,3.207,1400.0,1400.0,,,,0.264
floor5,base,map,21,1259,21.004,1.0,1920,1080,1,296.07,406.4,73,89,3.334,1400.0,1400.0,,,,0.281
floor5,base,map,22,1319,22.005,1.0,1920,1080,1,295.83,401.3,77,86,3.149,1400.0,1400.0,,,,0.267
floor5,base,map,23,1379,23.006,1.0,1920,1080,1,295.85,396.48,74,84,2.843,1400.0,1400.0,,,,0.261
floor5,base,map,24,1439,24.007,1.0,1920,1080,1,295.76,391.67,83,85,3.332,1400.0,1400.0,,,,0.256
floor5,base,map,25,1499,25.008,1.0,1920,1080,1,295.38,386.78,121,127,2.441,1400.0,1400.0,,,,0.26
floor5,base,map,26,1558,25.993,1.0,1920,1080,1,295.19,382.01,150,160,2.737,1400.0,1400.0,,,,0.268
floor5,base,map,27,1618,26.994,1.0,1920,1080,1,295.37,377.25,147,154,2.413,1400.0,1400.0,,,,0.268
floor5,base,map,28,1678,27.995,1.0,1920,1080,1,295.42,372.32,139,153,2.333,1400.0,1400.0,,,,0.258
floor5,base,map,29,1738,28.996,1.0,1920,1080,1,294.99,367.4,139,154,2.698,1400.0,1400.0,,,,0.278
floor5,base,map,30,1798,29.997,1.0,1920,1080,1,294.6,362.23,81,100,3.618,1400.0,1400.0,,,,0.278
floor5,base,map,31,1858,30.998,1.0,1920,1080,1,294.35,356.85,77,94,2.917,1400.0,1400.0,,,,0.288
floor5,base,map,32,1918,31.999,1.0,1920,1080,1,294.39,351.8,76,89,2.531,1400.0,1400.0,,,,0.274
floor5,base,map,33,1978,33.0,1.0,1920,1080,1,294.23,346.86,80,92,3.953,1400.0,1400.0,,,,0.268
floor5,base,map,34,2038,34.001,1.0,1920,1080,1,293.63,342.0,74,93,2.62,1400.0,1400.0,,,,0.269
floor5,base,map,35,2098,35.002,1.0,1920,1080,1,293.01,336.66,92,117,2.885,1400.0,1400.0,,,,0.264
floor5,base,map,36,2158,36.003,1.0,1920,1080,1,292.78,331.52,88,104,3.335,1400.0,1400.0,,,,0.287
floor5,base,map,37,2218,37.004,1.0,1920,1080,1,292.63,326.36,89,104,3.135,1400.0,1400.0,,,,0.277
floor5,base,map,38,2278,38.005,1.0,1920,1080,1,292.29,321.38,88,99,3.309,1400.0,1400.0,,,,0.302
floor5,base,map,39,2338,39.006,1.0,1920,1080,1,292.07,316.16,77,92,3.163,1400.0,1400.0,,,,0.311
floor5,base,map,40,2398,40.007,1.0,1920,1080,1,292.01,310.8,81,104,3.28,1400.0,1400.0,,,,0.356
floor5,base,map,41,2458,41.008,1.0,1920,1080,1,291.99,305.55,86,97,4.03,1400.0,1400.0,,,,0.335
floor5,base,map,42,2517,41.992,1.0,1920,1080,1,291.97,300.56,91,99,4.013,1400.0,1400.0,,,,0.321
floor5,base,map,43,2577,42.993,1.0,1920,1080,1,292.01,295.42,97,104,3.211,1400.0,1400.0,,,,0.305
floor5,base,map,44,2637,43.994,1.0,1920,1080,1,292.18,290.36,107,119,3.65,1400.0,1400.0,,,,0.332
floor5,base,map,45,2697,44.995,1.0,1920,1080,1,292.29,285.3,92,99,2.955,1400.0,1400.0,,,,0.343
floor5,base,map,46,2757,45.996,1.0,1920,1080,1,292.3,280.32,87,98,2.954,1400.0,1400.0,,,,0.309
floor5,base,map,47,2817,46.997,1.0,1920,1080,1,292.09,275.46,98,107,2.795,1400.0,1400.0,,,,0.315
floor5,base,map,48,2877,47.998,1.0,1920,1080,1,291.81,270.44,106,119,2.964,1400.0,1400.0,,,,0.356
floor5,base,map,49,2937,48.999,1.0,1920,1080,1,291.57,265.48,122,130,2.905,1400.0,1400.0,,,,0.337
floor5,base,map,50,2997,50.0,1.0,1920,1080,1,291.46,260.46,118,136,2.818,1400.0,1400.0,,,,0.303
floor5,base,map,51,3057,51.001,1.0,1920,1080,1,291.22,255.57,123,134,3.216,1400.0,1400.0,,,,0.354
floor5,base,map,52,3117,52.002,1.0,1920,1080,1,290.74,250.74,104,126,2.818,1400.0,1400.0,,,,0.306
floor5,base,map,53,3177,53.003,1.0,1920,1080,1,290.34,245.81,93,124,2.948,1400.0,1400.0,,,,0.292
floor5,base,map,54,3237,54.004,1.0,1920,1080,1,289.27,241.08,89,107,3.826,1400.0,1400.0,,,,0.323
floor5,base,map,55,3297,55.005,1.0,1920,1080,1,287.37,236.51,110,125,3.492,1400.0,1400.0,,,,0.333
floor5,base,map,56,3357,56.006,1.0,1920,1080,1,284.55,233.41,100,115,3.009,1400.0,1400.0,,,,0.316
floor5,base,map,57,3417,57.007,1.0,1920,1080,1,281.15,230.84,112,121,3.064,1400.0,1400.0,,,,0.287
floor5,base,map,58,3477,58.008,1.0,1920,1080,1,276.74,229.14,106,121,2.621,1400.0,1400.0,,,,0.326
floor5,base,map,59,3536,58.992,1.0,1920,1080,1,271.9,228.17,98,108,2.768,1400.0,1400.0,,,,0.301
floor5,base,map,60,3596,59.993,1.0,1920,1080,1,266.88,227.51,88,106,3.228,1400.0,1400.0,,,,0.329
floor5,base,map,61,3656,60.994,1.0,1920,1080,1,262.01,227.03,84,94,2.522,1400.0,1400.0,,,,0.325
floor5,base,map,62,3716,61.995,1.0,1920,1080,1,257.45,226.42,69,85,2.561,1400.0,1400.0,,,,0.354
floor5,base,map,63,3776,62.996,1.0,1920,1080,1,252.9,225.8,100,110,3.141,1400.0,1400.0,,,,0.31
floor5,base,map,64,3836,63.997,1.0,1920,1080,1,249.01,225.09,120,130,2.516,1400.0,1400.0,,,,0.282
floor5,base,map,65,3896,64.998,1.0,1920,1080,1,244.57,224.44,133,141,2.56,1400.0,1400.0,,,,0.283
floor5,base,map,66,3956,65.999,1.0,1920,1080,1,239.94,223.85,127,139,2.479,1400.0,1400.0,,,,0.293
floor5,base,map,67,4016,67.0,1.0,1920,1080,1,235.23,223.32,118,129,2.192,1400.0,1400.0,,,,0.33
floor5,base,map,68,4076,68.001,1.0,1920,1080,1,230.72,222.59,120,130,2.281,1400.0,1400.0,,,,0.325
floor5,base,map,69,4136,69.002,1.0,1920,1080,1,226.1,221.69,104,117,3.528,1400.0,1400.0,,,,0.334
floor5,base,map,70,4196,70.003,1.0,1920,1080,1,221.47,220.96,95,106,2.978,1400.0,1400.0,,,,0.317
floor5,base,map,71,4256,71.004,1.0,1920,1080,1,217.35,220.87,98,105,2.426,1400.0,1400.0,,,,0.301
floor5,base,map,72,4316,72.005,1.0,1920,1080,1,213.76,221.11,67,78,2.52,1400.0,1400.0,,,,0.285
floor5,base,map,73,4376,73.006,1.0,1920,1080,1,210.25,221.26,44,57,3.383,1400.0,1400.0,,,,0.279
floor5,base,map,74,4436,74.007,1.0,1920,1080,1,207.56,220.33,16,34,3.571,1400.0,1400.0,,,,0.239
floor5,base,map,75,4496,75.008,1.0,1920,1080,0,,,0,0,,1400.0,1400.0,,,,0.288
floor5,base,map,76,4555,75.993,1.0,1920,1080,1,208.91,197.46,17,29,3.296,1400.0,1400.0,,,,0.291
floor5,base,map,77,4615,76.994,1.0,1920,1080,1,207.83,195.03,75,101,3.687,1400.0,1400.0,,,,0.262
floor5,base,map,78,4675,77.995,1.0,1920,1080,1,207.78,191.65,73,102,2.791,1400.0,1400.0,,,,0.311
floor5,base,map,79,4735,78.996,1.0,1920,1080,1,207.66,187.88,83,106,3.132,1400.0,1400.0,,,,0.258
floor5,base,map,80,4795,79.997,1.0,1920,1080,1,206.8,184.1,72,88,3.153,1400.0,1400.0,,,,0.26
floor5,base,map,81,4855,80.998,1.0,1920,1080,1,205.97,180.21,93,122,3.149,1400.0,1400.0,,,,0.258
floor5,base,map,82,4915,81.999,1.0,1920,1080,1,204.98,176.36,120,133,2.871,1400.0,1400.0,,,,0.254
floor5,base,map,83,4975,83.0,1.0,1920,1080,1,204.04,172.36,117,135,2.918,1400.0,1400.0,,,,0.261
floor5,base,map,84,5035,84.001,1.0,1920,1080,1,203.23,168.23,121,132,3.043,1400.0,1400.0,,,,0.248
floor5,base,map,85,5095,85.002,1.0,1920,1080,1,202.88,163.87,97,109,2.58,1400.0,1400.0,,,,0.265
floor5,base,map,86,5155,86.003,1.0,1920,1080,1,202.81,159.68,122,144,2.911,1400.0,1400.0,,,,0.26
floor5,base,map,87,5215,87.004,1.0,1920,1080,1,202.87,155.6,127,141,2.461,1400.0,1400.0,,,,0.264
floor5,base,map,88,5275,88.005,1.0,1920,1080,1,202.98,151.42,127,137,2.577,1400.0,1400.0,,,,0.265
floor5,base,map,89,5335,89.006,1.0,1920,1080,1,203.19,147.15,141,148,2.864,1400.0,1400.0,,,,0.257
floor5,base,map,90,5395,90.007,1.0,1920,1080,1,203.1,142.66,121,133,2.757,1400.0,1400.0,,,,0.253
floor5,base,map,91,5455,91.008,1.0,1920,1080,1,203.1,138.17,109,122,2.915,1400.0,1400.0,,,,0.243
floor5,base,map,92,5514,91.992,1.0,1920,1080,1,202.88,133.88,118,139,3.167,1400.0,1400.0,,,,0.24
floor5,base,map,93,5574,92.993,1.0,1920,1080,1,202.79,129.43,123,140,2.82,1400.0,1400.0,,,,0.234
floor5,base,map,94,5634,93.994,1.0,1920,1080,1,202.83,125.03,136,146,2.529,1400.0,1400.0,,,,0.24
floor5,base,map,95,5694,94.995,1.0,1920,1080,1,202.95,120.7,126,134,2.629,1400.0,1400.0,,,,0.238
floor5,base,map,96,5754,95.996,1.0,1920,1080,1,203.18,116.18,131,136,2.722,1400.0,1400.0,,,,0.242
floor5,base,map,97,5814,96.997,1.0,1920,1080,1,203.61,111.94,137,150,2.674,1400.0,1400.0,,,,0.266
floor5,base,map,98,5874,97.998,1.0,1920,1080,1,203.5,107.82,134,136,3.081,1400.0,1400.0,,,,0.271
floor5,base,map,99,5934,98.999,1.0,1920,1080,1,203.23,103.36,126,138,3.42,1400.0,1400.0,,,,0.279
floor5,base,map,100,5994,100.0,1.0,1920,1080,1,203.14,99.07,105,122,2.709,1400.0,1400.0,,,,0.259
floor5,base,map,101,6054,101.001,1.0,1920,1080,1,203.51,94.76,102,110,2.471,1400.0,1400.0,,,,0.255
floor5,base,map,102,6114,102.002,1.0,1920,1080,1,203.47,90.51,116,122,2.735,1400.0,1400.0,,,,0.275
floor5,base,map,103,6174,103.003,1.0,1920,1080,1,203.07,86.38,120,133,2.819,1400.0,1400.0,,,,0.269
floor5,base,map,104,6234,104.004,1.0,1920,1080,1,202.81,82.28,111,123,3.061,1400.0,1400.0,,,,0.267
floor5,base,map,105,6294,105.005,1.0,1920,1080,1,202.48,78.11,102,108,3.079,1400.0,1400.0,,,,0.28
floor5,base,map,106,6354,106.006,1.0,1920,1080,1,203.88,77.11,103,109,2.682,1400.0,1400.0,,,,0.287
floor5,base,map,107,6414,107.007,1.0,1920,1080,1,203.62,73.08,86,104,2.843,1400.0,1400.0,,,,0.279
floor5,base,map,108,6474,108.008,1.0,1920,1080,1,203.21,69.24,112,121,2.953,1400.0,1400.0,,,,0.276
floor5,base,map,109,6533,108.992,1.0,1920,1080,1,202.89,65.44,105,117,3.304,1400.0,1400.0,,,,0.267
floor5,base,map,110,6593,109.993,1.0,1920,1080,1,202.57,61.46,92,102,3.258,1400.0,1400.0,,,,0.244
floor5,base,map,111,6653,110.994,1.0,1920,1080,1,202.5,57.38,69,86,3.498,1400.0,1400.0,,,,0.271
floor5,base,map,112,6713,111.995,1.0,1920,1080,1,202.09,54.28,76,87,3.512,1400.0,1400.0,,,,0.275
floor5,base,map,113,6773,112.996,1.0,1920,1080,1,201.68,51.47,65,91,3.954,1400.0,1400.0,,,,0.273
floor5,base,map,114,6833,113.997,1.0,1920,1080,1,201.95,49.11,50,80,3.375,1400.0,1400.0,,,,0.29
floor5,base,map,115,6893,114.998,1.0,1920,1080,1,203.02,46.67,22,32,2.889,1400.0,1400.0,,,,0.279
floor5,base,map,116,6953,115.999,1.0,1920,1080,1,205.34,49.64,12,24,3.351,1400.0,1400.0,,,,0.33
floor5,base,map,117,7013,117.0,1.0,1920,1080,1,207.22,44.72,30,41,3.777,1400.0,1400.0,,,,0.319
floor5,base,map,118,7073,118.001,1.0,1920,1080,1,209.34,47.15,58,84,2.538,1400.0,1400.0,,,,0.293
floor5,base,map,119,7133,119.002,1.0,1920,1080,1,210.66,50.9,78,115,2.357,1400.0,1400.0,,,,0.281
floor5,base,map,120,7193,120.003,1.0,1920,1080,1,210.83,55.13,98,106,2.327,1400.0,1400.0,,,,0.271
floor5,base,map,121,7253,121.004,1.0,1920,1080,1,210.52,59.3,111,123,2.262,1400.0,1400.0,,,,0.274
floor5,base,map,122,7313,122.005,1.0,1920,1080,1,210.18,63.43,113,128,2.764,1400.0,1400.0,,,,0.265
floor5,base,map,123,7373,123.006,1.0,1920,1080,1,210.2,67.53,121,135,2.705,1400.0,1400.0,,,,0.267
floor5,base,map,124,7433,124.007,1.0,1920,1080,1,209.99,71.97,121,148,3.251,1400.0,1400.0,,,,0.264
floor5,base,map,125,7493,125.008,1.0,1920,1080,1,209.85,76.34,111,133,3.131,1400.0,1400.0,,,,0.288
floor5,base,map,126,7552,125.993,1.0,1920,1080,1,209.78,80.63,119,144,2.792,1400.0,1400.0,,,,0.277
floor5,base,map,127,7612,126.994,1.0,1920,1080,1,209.65,85.05,116,126,4.842,1400.0,1400.0,,,,0.27
floor5,base,map,128,7672,127.995,1.0,1920,1080,1,209.74,89.47,105,111,2.947,1400.0,1400.0,,,,0.244
floor5,base,map,129,7732,128.996,1.0,1920,1080,1,209.68,93.91,115,124,2.805,1400.0,1400.0,,,,0.241
floor5,base,map,130,7792,129.997,1.0,1920,1080,1,209.33,97.28,105,112,2.634,1400.0,1400.0,,,,0.233
floor5,base,map,131,7852,130.998,1.0,1920,1080,1,209.2,103.06,112,121,2.977,1400.0,1400.0,,,,0.24
floor5,base,map,132,7912,131.999,1.0,1920,1080,1,209.01,109.13,108,125,3.099,1400.0,1400.0,,,,0.249
floor5,base,map,133,7972,133.0,1.0,1920,1080,1,208.66,114.95,132,145,2.473,1400.0,1400.0,,,,0.244
floor5,base,map,134,8032,134.001,1.0,1920,1080,1,208.68,120.6,124,135,2.591,1400.0,1400.0,,,,0.272
floor5,base,map,135,8092,135.002,1.0,1920,1080,1,208.92,126.18,132,160,3.112,1400.0,1400.0,,,,0.266
floor5,base,map,136,8152,136.003,1.0,1920,1080,1,209.18,131.68,125,141,2.83,1400.0,1400.0,,,,0.276
floor5,base,map,137,8212,137.004,1.0,1920,1080,1,209.2,137.35,87,105,3.802,1400.0,1400.0,,,,0.274
floor5,base,map,138,8272,138.005,1.0,1920,1080,1,208.99,142.91,79,93,4.219,1400.0,1400.0,,,,0.274
floor5,base,map,139,8332,139.006,1.0,1920,1080,1,209.12,148.26,82,98,4.07,1400.0,1400.0,,,,0.275
floor5,base,map,140,8392,140.007,1.0,1920,1080,1,209.15,153.48,85,95,3.192,1400.0,1400.0,,,,0.25
floor5,base,map,141,8452,141.008,1.0,1920,1080,1,209.03,158.74,93,105,3.008,1400.0,1400.0,,,,0.273
floor5,base,map,142,8511,141.992,1.0,1920,1080,1,209.0,164.26,100,120,3.567,1400.0,1400.0,,,,0.26
floor5,base,map,143,8571,142.993,1.0,1920,1080,1,209.06,169.76,72,83,3.852,1400.0,1400.0,,,,0.263
floor5,base,map,144,8631,143.994,1.0,1920,1080,1,209.01,175.18,72,84,3.01,1400.0,1400.0,,,,0.269
floor5,base,map,145,8691,144.995,1.0,1920,1080,1,209.01,180.42,91,103,2.507,1400.0,1400.0,,,,0.277
floor5,base,map,146,8751,145.996,1.0,1920,1080,1,209.32,185.91,88,93,2.979,1400.0,1400.0,,,,0.284
floor5,base,map,147,8811,146.997,1.0,1920,1080,1,209.19,191.32,70,81,2.974,1400.0,1400.0,,,,0.268
floor5,base,map,148,8871,147.998,1.0,1920,1080,1,209.07,196.36,64,72,3.245,1400.0,1400.0,,,,0.295
floor5,base,map,149,8931,148.999,1.0,1920,1080,1,209.15,201.59,65,81,2.621,1400.0,1400.0,,,,0.27
floor5,base,map,150,8991,150.0,1.0,1920,1080,1,209.21,207.09,67,80,2.926,1400.0,1400.0,,,,0.27
floor5,base,map,151,9051,151.001,1.0,1920,1080,1,209.28,212.3,62,73,3.227,1400.0,1400.0,,,,0.274
floor5,base,map,152,9111,152.002,1.0,1920,1080,1,209.46,217.49,53,57,3.109,1400.0,1400.0,,,,0.269
floor5,base,map,153,9171,153.003,1.0,1920,1080,1,209.54,222.68,37,47,3.692,1400.0,1400.0,,,,0.284
floor5,base,map,154,9231,154.004,1.0,1920,1080,1,209.48,227.92,29,37,3.383,1400.0,1400.0,,,,0.287
floor5,base,map,155,9291,155.005,1.0,1920,1080,1,209.45,233.33,21,32,5.063,1400.0,1400.0,,,,0.285
floor5,base,map,156,9351,156.006,1.0,1920,1080,1,204.5,225.65,78,96,2.615,1400.0,1400.0,,,,0.33
floor5,base,map,157,9411,157.007,1.0,1920,1080,1,204.89,231.14,106,116,2.832,1400.0,1400.0,,,,0.317
floor5,base,map,158,9471,158.008,1.0,1920,1080,1,204.73,236.52,98,107,2.559,1400.0,1400.0,,,,0.336
floor5,base,map,159,9530,158.992,1.0,1920,1080,1,204.92,241.71,120,134,3.13,1400.0,1400.0,,,,0.318
floor5,base,map,160,9590,159.993,1.0,1920,1080,1,205.02,247.68,111,121,2.734,1400.0,1400.0,,,,0.344
floor5,base,map,161,9650,160.994,1.0,1920,1080,1,205.29,253.31,103,109,2.782,1400.0,1400.0,,,,0.335
floor5,base,map,162,9710,161.995,1.0,1920,1080,1,205.57,258.84,95,116,3.356,1400.0,1400.0,,,,0.316
floor5,base,map,163,9770,162.996,1.0,1920,1080,1,205.83,264.21,88,107,2.99,1400.0,1400.0,,,,0.333
floor5,base,map,164,9830,163.997,1.0,1920,1080,1,206.33,269.24,90,116,2.803,1400.0,1400.0,,,,0.327
floor5,base,map,165,9890,164.998,1.0,1920,1080,1,206.74,274.27,92,104,3.259,1400.0,1400.0,,,,0.351
floor5,base,map,166,9950,165.999,1.0,1920,1080,1,206.75,280.02,96,107,2.921,1400.0,1400.0,,,,0.32
floor5,base,map,167,10010,167.0,1.0,1920,1080,1,206.92,285.67,109,119,3.305,1400.0,1400.0,,,,0.313
floor5,base,map,168,10070,168.001,1.0,1920,1080,1,206.94,291.0,82,105,2.821,1400.0,1400.0,,,,0.323
floor5,base,map,169,10130,169.002,1.0,1920,1080,1,206.89,296.58,101,125,3.697,1400.0,1400.0,,,,0.327
floor5,base,map,170,10190,170.003,1.0,1920,1080,1,207.01,302.11,87,98,3.194,1400.0,1400.0,,,,0.325
floor5,base,map,171,10250,171.004,1.0,1920,1080,1,207.25,307.48,103,112,3.572,1400.0,1400.0,,,,0.304
floor5,base,map,172,10310,172.005,1.0,1920,1080,1,207.57,312.71,68,90,4.064,1400.0,1400.0,,,,0.308
floor5,base,map,173,10370,173.006,1.0,1920,1080,1,207.63,318.14,92,109,3.345,1400.0,1400.0,,,,0.351
floor5,base,map,174,10430,174.007,1.0,1920,1080,1,207.63,323.7,78,98,2.737,1400.0,1400.0,,,,0.346
floor5,base,map,175,10490,175.008,1.0,1920,1080,1,207.81,329.09,89,96,3.807,1400.0,1400.0,,,,0.336
floor5,base,map,176,10549,175.992,1.0,1920,1080,1,208.0,334.46,86,96,4.001,1400.0,1400.0,,,,0.324
floor5,base,map,177,10609,176.993,1.0,1920,1080,1,208.15,340.08,85,86,2.895,1400.0,1400.0,,,,0.306
floor5,base,map,178,10669,177.994,1.0,1920,1080,1,208.06,345.4,115,118,3.045,1400.0,1400.0,,,,0.318
floor5,base,map,179,10729,178.995,1.0,1920,1080,1,208.24,350.79,86,92,3.516,1400.0,1400.0,,,,0.284
floor5,base,map,180,10789,179.996,1.0,1920,1080,1,208.6,355.96,118,121,3.535,1400.0,1400.0,,,,0.313
floor5,base,map,181,10849,180.997,1.0,1920,1080,1,208.75,361.19,102,111,3.237,1400.0,1400.0,,,,0.308
floor5,base,map,182,10909,181.998,1.0,1920,1080,1,208.97,366.55,89,100,3.781,1400.0,1400.0,,,,0.304
floor5,base,map,183,10969,182.999,1.0,1920,1080,1,210.09,353.19,206,233,2.351,1400.0,1400.0,,,,0.28
floor5,base,map,184,11029,184.0,1.0,1920,1080,1,210.29,357.66,138,172,3.068,1400.0,1400.0,,,,0.263
floor5,base,map,185,11089,185.001,1.0,1920,1080,1,210.12,361.68,105,109,2.624,1400.0,1400.0,,,,0.274
floor5,base,map,186,11149,186.002,1.0,1920,1080,1,210.19,366.04,134,137,2.785,1400.0,1400.0,,,,0.269
floor5,base,map,187,11209,187.003,1.0,1920,1080,1,210.44,370.35,123,130,2.905,1400.0,1400.0,,,,0.27
floor5,base,map,188,11269,188.004,1.0,1920,1080,1,210.7,374.48,101,114,2.699,1400.0,1400.0,,,,0.274
floor5,base,map,189,11329,189.005,1.0,1920,1080,1,210.82,378.68,98,108,2.841,1400.0,1400.0,,,,0.268
floor5,base,map,190,11389,190.006,1.0,1920,1080,1,210.89,382.44,101,114,2.507,1400.0,1400.0,,,,0.273
floor5,base,map,191,11449,191.007,1.0,1920,1080,1,210.55,386.32,103,123,3.043,1400.0,1400.0,,,,0.267
floor5,base,map,192,11508,191.992,1.0,1920,1080,1,210.17,390.14,98,117,2.693,1400.0,1400.0,,,,0.272
floor5,base,map,193,11568,192.993,1.0,1920,1080,1,209.96,394.31,107,122,3.81,1400.0,1400.0,,,,0.26
floor5,base,map,194,11628,193.994,1.0,1920,1080,1,210.13,398.46,104,116,3.039,1400.0,1400.0,,,,0.264
floor5,base,map,195,11688,194.995,1.0,1920,1080,1,210.45,402.64,118,131,2.207,1400.0,1400.0,,,,0.243
floor5,base,map,196,11748,195.996,1.0,1920,1080,1,210.71,406.9,149,158,2.489,1400.0,1400.0,,,,0.254
floor5,base,map,197,11808,196.997,1.0,1920,1080,1,210.7,410.98,143,152,2.734,1400.0,1400.0,,,,0.251
floor5,base,map,198,11868,197.998,1.0,1920,1080,1,210.84,414.97,120,127,2.185,1400.0,1400.0,,,,0.25
floor5,base,map,199,11928,198.999,1.0,1920,1080,1,211.21,419.09,137,147,2.923,1400.0,1400.0,,,,0.254
floor5,base,map,200,11988,200.0,1.0,1920,1080,1,211.69,423.0,103,118,2.525,1400.0,1400.0,,,,0.26
floor5,base,map,201,12048,201.001,1.0,1920,1080,1,211.94,426.71,119,123,2.934,1400.0,1400.0,,,,0.256
floor5,base,map,202,12108,202.002,1.0,1920,1080,1,212.13,430.24,114,121,2.614,1400.0,1400.0,,,,0.267
floor5,base,map,203,12168,203.003,1.0,1920,1080,1,212.36,433.44,116,124,2.86,1400.0,1400.0,,,,0.275
floor5,base,map,204,12228,204.004,1.0,1920,1080,1,212.36,435.82,124,141,3.607,1400.0,1400.0,,,,0.268
floor5,base,map,205,12288,205.005,1.0,1920,1080,1,212.36,437.43,74,97,3.303,1400.0,1400.0,,,,0.261
floor5,base,map,206,12348,206.006,1.0,1920,1080,1,211.97,438.44,51,71,4.604,1400.0,1400.0,,,,0.27
floor5,base,map,207,12408,207.007,1.0,1920,1080,1,211.66,450.7,36,55,4.56,1400.0,1400.0,,,,0.234
floor5,base,map,208,12468,208.008,1.0,1920,1080,1,293.42,465.24,39,85,3.51,1400.0,1400.0,,,,0.303
floor5,base,map,209,12527,208.992,1.0,1920,1080,1,294.84,464.48,31,65,2.711,1400.0,1400.0,,,,0.328
floor5,base,map,210,12587,209.993,1.0,1920,1080,0,,,0,0,,1400.0,1400.0,,,,0.242
floor5,base,map,211,12647,210.994,1.0,1920,1080,1,206.7,437.97,30,52,4.109,1400.0,1400.0,,,,0.288
floor5,base,map,212,12707,211.995,1.0,1920,1080,1,206.15,437.32,40,66,4.58,1400.0,1400.0,,,,0.277
floor5,base,map,213,12767,212.996,1.0,1920,1080,1,205.38,436.55,55,82,5.121,1400.0,1400.0,,,,0.256
floor5,base,map,214,12827,213.997,1.0,1920,1080,1,205.65,434.96,78,94,2.812,1400.0,1400.0,,,,0.276
floor5,base,map,215,12887,214.998,1.0,1920,1080,1,205.86,432.68,84,89,2.793,1400.0,1400.0,,,,0.268
floor5,base,map,216,12947,215.999,1.0,1920,1080,1,206.34,429.27,96,100,3.42,1400.0,1400.0,,,,0.259
floor5,base,map,217,13007,217.0,1.0,1920,1080,1,206.55,425.15,64,79,3.93,1400.0,1400.0,,,,0.268
floor5,base,map,218,13067,218.001,1.0,1920,1080,1,207.0,420.95,69,83,2.871,1400.0,1400.0,,,,0.281
floor5,base,map,219,13127,219.002,1.0,1920,1080,1,207.49,416.85,64,71,3.195,1400.0,1400.0,,,,0.273
floor5,base,map,220,13187,220.003,1.0,1920,1080,1,207.57,412.44,67,78,2.896,1400.0,1400.0,,,,0.271
floor5,base,map,221,13247,221.004,1.0,1920,1080,1,207.42,407.93,63,72,4.792,1400.0,1400.0,,,,0.271
floor5,base,map,222,13307,222.005,1.0,1920,1080,1,207.08,403.66,53,63,3.412,1400.0,1400.0,,,,0.274
floor5,base,map,223,13367,223.006,1.0,1920,1080,1,207.1,399.38,55,63,3.893,1400.0,1400.0,,,,0.275
floor5,base,map,224,13427,224.007,1.0,1920,1080,1,206.92,395.51,64,76,3.593,1400.0,1400.0,,,,0.276
floor5,base,map,225,13487,225.008,1.0,1920,1080,1,207.01,391.33,55,71,4.13,1400.0,1400.0,,,,0.279
floor5,base,map,226,13546,225.992,1.0,1920,1080,1,206.92,387.32,56,73,4.43,1400.0,1400.0,,,,0.278
floor5,base,map,227,13606,226.993,1.0,1920,1080,1,206.36,383.88,36,54,3.882,1400.0,1400.0,,,,0.275
floor5,base,map,228,13666,227.994,1.0,1920,1080,1,205.45,379.65,37,51,4.636,1400.0,1400.0,,,,0.277
floor5,base,map,229,13726,228.995,1.0,1920,1080,1,205.14,375.25,64,72,3.85,1400.0,1400.0,,,,0.284
floor5,base,map,230,13786,229.996,1.0,1920,1080,1,205.14,370.6,66,77,4.578,1400.0,1400.0,,,,0.285
floor5,base,map,231,13846,230.997,1.0,1920,1080,1,205.36,366.37,43,53,3.088,1400.0,1400.0,,,,0.286
floor5,base,map,232,13906,231.998,1.0,1920,1080,1,205.66,361.77,62,74,3.245,1400.0,1400.0,,,,0.278
floor5,base,map,233,13966,232.999,1.0,1920,1080,1,206.03,356.83,75,87,3.612,1400.0,1400.0,,,,0.27
floor5,base,map,234,14026,234.0,1.0,1920,1080,1,206.32,351.87,78,93,3.8,1400.0,1400.0,,,,0.269
floor5,base,map,235,14086,235.001,1.0,1920,1080,1,206.5,347.24,71,87,3.455,1400.0,1400.0,,,,0.271
floor5,base,map,236,14146,236.002,1.0,1920,1080,1,206.43,342.95,63,78,3.659,1400.0,1400.0,,,,0.274
floor5,base,map,237,14206,237.003,1.0,1920,1080,1,206.65,338.74,69,101,3.984,1400.0,1400.0,,,,0.272
floor5,base,map,238,14266,238.004,1.0,1920,1080,1,206.04,334.15,71,98,4.212,1400.0,1400.0,,,,0.272
floor5,base,map,239,14326,239.005,1.0,1920,1080,1,205.85,330.29,68,96,3.776,1400.0,1400.0,,,,0.277
floor5,base,map,240,14386,240.006,1.0,1920,1080,1,206.15,326.58,64,96,3.918,1400.0,1400.0,,,,0.272
floor5,base,map,241,14446,241.007,1.0,1920,1080,1,206.1,321.6,54,70,3.862,1400.0,1400.0,,,,0.268
floor5,base,map,242,14505,241.992,1.0,1920,1080,1,205.76,317.24,49,63,3.796,1400.0,1400.0,,,,0.265
floor5,base,map,243,14565,242.993,1.0,1920,1080,1,205.31,313.09,50,72,3.356,1400.0,1400.0,,,,0.271
floor5,base,map,244,14625,243.994,1.0,1920,1080,1,205.39,308.61,56,67,3.694,1400.0,1400.0,,,,0.274
floor5,base,map,245,14685,244.995,1.0,1920,1080,1,205.35,304.2,58,93,2.948,1400.0,1400.0,,,,0.272
floor5,base,map,246,14745,245.996,1.0,1920,1080,1,205.21,299.44,56,89,3.117,1400.0,1400.0,,,,0.279
floor5,base,map,247,14805,246.997,1.0,1920,1080,1,204.84,294.52,59,81,3.23,1400.0,1400.0,,,,0.282
floor5,base,map,248,14865,247.998,1.0,1920,1080,1,204.49,289.96,70,87,3.036,1400.0,1400.0,,,,0.288
floor5,base,map,249,14925,248.999,1.0,1920,1080,1,204.53,284.89,80,91,4.279,1400.0,1400.0,,,,0.281
floor5,base,map,250,14985,250.0,1.0,1920,1080,1,204.9,280.04,78,104,3.766,1400.0,1400.0,,,,0.285
floor5,base,map,251,15045,251.001,1.0,1920,1080,1,205.08,275.27,81,102,3.379,1400.0,1400.0,,,,0.274
floor5,base,map,252,15105,252.002,1.0,1920,1080,1,205.55,270.99,72,86,2.806,1400.0,1400.0,,,,0.283
floor5,base,map,253,15165,253.003,1.0,1920,1080,1,205.21,266.48,57,76,4.241,1400.0,1400.0,,,,0.28
floor5,base,map,254,15225,254.004,1.0,1920,1080,1,204.52,261.92,53,70,2.792,1400.0,1400.0,,,,0.281
floor5,base,map,255,15285,255.005,1.0,1920,1080,1,203.69,257.56,69,83,3.686,1400.0,1400.0,,,,0.271
floor5,base,map,256,15345,256.006,1.0,1920,1080,1,203.15,253.08,77,93,4.181,1400.0,1400.0,,,,0.276
floor5,base,map,257,15405,257.007,1.0,1920,1080,1,202.88,248.46,70,92,4.205,1400.0,1400.0,,,,0.279
floor5,base,map,258,15465,258.008,1.0,1920,1080,1,202.84,243.89,90,106,2.874,1400.0,1400.0,,,,0.275
floor5,base,map,259,15524,258.992,1.0,1920,1080,1,202.82,239.5,103,114,3.156,1400.0,1400.0,,,,0.264
floor5,base,map,260,15584,259.993,1.0,1920,1080,1,203.34,234.76,117,130,3.347,1400.0,1400.0,,,,0.256
floor5,base,map,261,15644,260.994,1.0,1920,1080,1,204.26,230.24,121,144,3.834,1400.0,1400.0,,,,0.28
floor5,base,map,262,15704,261.995,1.0,1920,1080,1,205.56,225.84,81,108,4.692,1400.0,1400.0,,,,0.274
floor5,base,map,263,15764,262.996,1.0,1920,1080,1,206.31,221.59,58,87,3.218,1400.0,1400.0,,,,0.268
floor5,base,map,264,15824,263.997,1.0,1920,1080,1,207.27,217.13,53,85,3.549,1400.0,1400.0,,,,0.269
floor5,base,map,265,15884,264.998,1.0,1920,1080,1,208.52,212.6,29,48,3.627,1400.0,1400.0,,,,0.281
floor5,base,map,266,15944,265.999,1.0,1920,1080,1,212.77,239.22,34,49,3.749,1400.0,1400.0,,,,0.286
floor5,base,map,267,16004,267.0,1.0,1920,1080,1,215.23,235.94,40,59,3.89,1400.0,1400.0,,,,0.294
floor5,base,map,268,16064,268.001,1.0,1920,1080,1,218.12,233.57,54,67,3.088,1400.0,1400.0,,,,0.279
floor5,base,map,269,16124,269.002,1.0,1920,1080,1,222.17,233.18,47,69,2.387,1400.0,1400.0,,,,0.273
floor5,base,map,270,16184,270.003,1.0,1920,1080,1,226.86,233.2,55,71,3.394,1400.0,1400.0,,,,0.28
floor5,base,map,271,16244,271.004,1.0,1920,1080,1,232.18,234.4,83,92,2.535,1400.0,1400.0,,,,0.271
floor5,base,map,272,16304,272.005,1.0,1920,1080,1,236.76,235.16,94,102,2.946,1400.0,1400.0,,,,0.263
floor5,base,map,273,16364,273.006,1.0,1920,1080,1,241.58,235.95,120,129,2.728,1400.0,1400.0,,,,0.264
floor5,base,map,274,16424,274.007,1.0,1920,1080,1,246.25,236.54,102,114,2.443,1400.0,1400.0,,,,0.265
floor5,base,map,275,16484,275.008,1.0,1920,1080,1,250.54,237.37,117,122,2.931,1400.0,1400.0,,,,0.266
floor5,base,map,276,16543,275.992,1.0,1920,1080,1,255.14,238.44,125,145,2.94,1400.0,1400.0,,,,0.253
floor5,base,map,277,16603,276.993,1.0,1920,1080,1,259.91,239.5,121,133,3.197,1400.0,1400.0,,,,0.264
floor5,base,map,278,16663,277.994,1.0,1920,1080,1,264.66,239.74,116,129,3.108,1400.0,1400.0,,,,0.252
floor5,base,map,279,16723,278.995,1.0,1920,1080,1,270.04,239.65,85,105,3.951,1400.0,1400.0,,,,0.244
floor5,base,map,280,16783,279.996,1.0,1920,1080,1,275.2,239.86,58,67,2.923,1400.0,1400.0,,,,0.247
floor5,base,map,281,16843,280.997,1.0,1920,1080,1,279.8,241.24,53,58,2.979,1400.0,1400.0,,,,0.253
floor5,base,map,282,16903,281.998,1.0,1920,1080,1,283.98,242.65,66,71,2.603,1400.0,1400.0,,,,0.255
floor5,base,map,283,16963,282.999,1.0,1920,1080,1,287.55,245.25,74,86,4.159,1400.0,1400.0,,,,0.256
floor5,base,map,284,17023,284.0,1.0,1920,1080,1,290.2,247.95,97,108,2.851,1400.0,1400.0,,,,0.265
floor5,base,map,285,17083,285.001,1.0,1920,1080,1,291.27,251.91,91,101,3.15,1400.0,1400.0,,,,0.262
floor5,base,map,286,17143,286.002,1.0,1920,1080,1,291.71,256.7,85,90,3.016,1400.0,1400.0,,,,0.256
floor5,base,map,287,17203,287.003,1.0,1920,1080,1,291.98,261.25,78,86,3.291,1400.0,1400.0,,,,0.264
floor5,base,map,288,17263,288.004,1.0,1920,1080,1,292.47,265.93,76,93,2.652,1400.0,1400.0,,,,0.268
floor5,base,map,289,17323,289.005,1.0,1920,1080,1,292.86,270.65,67,92,2.532,1400.0,1400.0,,,,0.267
floor5,base,map,290,17383,290.006,1.0,1920,1080,1,292.8,275.28,64,81,3.111,1400.0,1400.0,,,,0.267
floor5,base,map,291,17443,291.007,1.0,1920,1080,1,292.87,279.91,71,97,2.656,1400.0,1400.0,,,,0.277
floor5,base,map,292,17502,291.992,1.0,1920,1080,1,292.9,284.83,78,91,2.95,1400.0,1400.0,,,,0.281
floor5,base,map,293,17562,292.993,1.0,1920,1080,1,292.3,289.72,95,114,3.504,1400.0,1400.0,,,,0.279
floor5,base,map,294,17622,293.994,1.0,1920,1080,1,292.0,294.6,102,113,3.636,1400.0,1400.0,,,,0.27
floor5,base,map,295,17682,294.995,1.0,1920,1080,1,292.15,299.75,87,108,3.055,1400.0,1400.0,,,,0.281
floor5,base,map,296,17742,295.996,1.0,1920,1080,1,292.26,304.74,90,108,2.92,1400.0,1400.0,,,,0.275
floor5,base,map,297,17802,296.997,1.0,1920,1080,1,292.73,309.76,81,93,2.57,1400.0,1400.0,,,,0.271
floor5,base,map,298,17862,297.998,1.0,1920,1080,1,292.75,314.8,94,102,2.464,1400.0,1400.0,,,,0.285
floor5,base,map,299,17922,298.999,1.0,1920,1080,1,292.63,319.63,103,112,2.381,1400.0,1400.0,,,,0.264
floor5,base,map,300,17982,300.0,1.0,1920,1080,1,292.56,324.35,123,131,2.527,1400.0,1400.0,,,,0.271
floor5,base,map,301,18042,301.001,1.0,1920,1080,1,292.38,329.23,127,144,3.42,1400.0,1400.0,,,,0.27
floor5,base,map,302,18102,302.002,1.0,1920,1080,1,292.55,334.17,126,134,2.373,1400.0,1400.0,,,,0.269
floor5,base,map,303,18162,303.003,1.0,1920,1080,1,292.58,339.09,122,133,2.399,1400.0,1400.0,,,,0.259
floor5,base,map,304,18222,304.004,1.0,1920,1080,1,292.72,343.9,115,120,2.652,1400.0,1400.0,,,,0.274
floor5,base,map,305,18282,305.005,1.0,1920,1080,1,292.68,349.1,105,124,2.732,1400.0,1400.0,,,,0.272
floor5,base,map,306,18342,306.006,1.0,1920,1080,1,292.73,353.98,90,101,2.869,1400.0,1400.0,,,,0.264
floor5,base,map,307,18402,307.007,1.0,1920,1080,1,293.04,358.73,78,89,2.584,1400.0,1400.0,,,,0.274
floor5,base,map,308,18462,308.008,1.0,1920,1080,1,293.48,363.64,78,88,3.64,1400.0,1400.0,,,,0.27
floor5,base,map,309,18521,308.992,1.0,1920,1080,1,293.78,368.45,82,94,2.659,1400.0,1400.0,,,,0.273
floor5,base,map,310,18581,309.993,1.0,1920,1080,1,293.96,373.4,97,111,3.362,1400.0,1400.0,,,,0.274
floor5,base,map,311,18641,310.994,1.0,1920,1080,1,294.05,378.32,85,99,3.243,1400.0,1400.0,,,,0.269
floor5,base,map,312,18701,311.995,1.0,1920,1080,1,294.24,383.65,76,94,3.584,1400.0,1400.0,,,,0.267
floor5,base,map,313,18761,312.996,1.0,1920,1080,1,294.34,388.84,84,102,2.689,1400.0,1400.0,,,,0.268
floor5,base,map,314,18821,313.997,1.0,1920,1080,1,294.61,393.64,84,109,2.855,1400.0,1400.0,,,,0.27
floor5,base,map,315,18881,314.998,1.0,1920,1080,1,294.84,398.47,67,104,3.286,1400.0,1400.0,,,,0.267
floor5,base,map,316,18941,315.999,1.0,1920,1080,1,295.18,403.12,84,108,3.53,1400.0,1400.0,,,,0.28
floor5,base,map,317,19001,317.0,1.0,1920,1080,1,295.42,407.89,92,129,3.247,1400.0,1400.0,,,,0.276
floor5,base,map,318,19061,318.001,1.0,1920,1080,1,295.29,412.94,93,108,2.88,1400.0,1400.0,,,,0.278
floor5,base,map,319,19121,319.002,1.0,1920,1080,1,295.27,417.54,93,100,3.167,1400.0,1400.0,,,,0.271
floor5,base,map,320,19181,320.003,1.0,1920,1080,1,295.31,421.53,87,97,3.84,1400.0,1400.0,,,,0.273
floor5,base,map,321,19241,321.004,1.0,1920,1080,1,295.73,425.57,87,102,3.694,1400.0,1400.0,,,,0.269
floor5,base,map,322,19301,322.005,1.0,1920,1080,1,296.34,429.61,75,94,3.883,1400.0,1400.0,,,,0.268
floor5,base,map,323,19361,323.006,1.0,1920,1080,1,297.04,433.92,60,84,4.502,1400.0,1400.0,,,,0.266
floor5,base,map,324,19421,324.007,1.0,1920,1080,1,297.37,437.97,51,66,3.441,1400.0,1400.0,,,,0.274
floor5,base,map,325,19481,325.008,1.0,1920,1080,1,297.64,442.02,56,80,3.607,1400.0,1400.0,,,,0.278
floor5,base,map,326,19540,325.992,1.0,1920,1080,1,297.78,446.0,62,86,3.746,1400.0,1400.0,,,,0.264
floor5,base,map,327,19600,326.993,1.0,1920,1080,1,297.55,449.73,62,94,2.999,1400.0,1400.0,,,,0.275
floor5,base,map,328,19660,327.994,1.0,1920,1080,1,297.07,453.5,54,78,4.2,1400.0,1400.0,,,,0.287
floor5,base,map,329,19720,328.995,1.0,1920,1080,1,296.63,456.93,36,62,2.985,1400.0,1400.0,,,,0.295
floor5,base,map,330,19780,329.996,1.0,1920,1080,1,296.29,460.53,26,42,3.577,1400.0,1400.0,,,,0.304
floor5,base,map,331,19840,330.997,1.0,1920,1080,1,296.34,463.81,13,28,4.267,1400.0,1400.0,,,,0.325
floor5,base,selfcal,0,0,0.0,1.0,1920,1080,1,285.98,458.98,108,111,2.066,1400.0,1400.0,estimating,1400.0,0,0.24
floor5,base,selfcal,1,60,1.001,1.0,1920,1080,1,286.44,459.31,144,146,1.796,1400.0,1400.0,estimating,1591.3,1,0.241
floor5,base,selfcal,2,120,2.002,1.0,1920,1080,1,287.08,459.04,110,149,4.604,1591.3,1591.3,estimating,1591.3,2,0.272
floor5,base,selfcal,3,180,3.003,1.0,1920,1080,1,288.0,458.36,31,53,4.771,1591.3,1591.3,estimating,1591.3,3,0.324
floor5,base,selfcal,4,240,4.004,1.0,1920,1080,1,289.68,460.04,22,48,4.596,1591.3,1591.3,estimating,1591.3,4,0.352
floor5,base,selfcal,5,300,5.005,1.0,1920,1080,1,290.26,463.65,90,112,3.321,1591.3,1591.3,estimating,1315.3,5,0.244
floor5,base,selfcal,6,360,6.006,1.0,1920,1080,1,293.65,464.45,169,182,3.897,1315.3,1315.3,estimating,1321.1,6,0.249
floor5,base,selfcal,7,420,7.007,1.0,1920,1080,1,295.28,463.4,56,91,3.712,1321.1,1321.1,estimating,1324.1,7,0.288
floor5,base,selfcal,8,480,8.008,1.0,1920,1080,1,295.2,459.71,51,69,3.664,1324.1,1324.1,estimating,1330.1,8,0.297
floor5,base,selfcal,9,539,8.992,1.0,1920,1080,1,295.57,457.08,55,76,3.817,1330.1,1330.1,estimating,1335.0,9,0.287
floor5,base,selfcal,10,599,9.993,1.0,1920,1080,1,295.5,453.92,56,74,5.029,1335.0,1335.0,estimating,1343.4,10,0.283
floor5,base,selfcal,11,659,10.994,1.0,1920,1080,1,295.28,450.57,54,82,5.008,1343.4,1343.4,estimating,1351.0,11,0.291
floor5,base,selfcal,12,719,11.995,1.0,1920,1080,1,294.96,446.21,42,61,3.3,1351.0,1351.0,estimating,1358.6,12,0.295
floor5,base,selfcal,13,779,12.996,1.0,1920,1080,1,294.64,442.34,47,70,4.285,1358.6,1358.6,estimating,1364.7,13,0.289
floor5,base,selfcal,14,839,13.997,1.0,1920,1080,1,294.7,437.97,45,57,2.616,1364.7,1364.7,estimating,1369.6,14,0.292
floor5,base,selfcal,15,899,14.998,1.0,1920,1080,1,294.81,433.8,44,53,3.472,1369.6,1369.6,estimating,1374.3,15,0.291
floor5,base,selfcal,16,959,15.999,1.0,1920,1080,1,295.28,429.83,51,66,3.823,1374.3,1374.3,estimating,1378.0,16,0.286
floor5,base,selfcal,17,1019,17.0,1.0,1920,1080,1,295.96,425.52,50,63,3.948,1378.0,1378.0,estimating,1380.3,17,0.283
floor5,base,selfcal,18,1079,18.001,1.0,1920,1080,1,296.28,421.0,56,71,3.173,1380.3,1380.3,estimating,1381.8,18,0.28
floor5,base,selfcal,19,1139,19.002,1.0,1920,1080,1,296.47,416.23,55,63,3.013,1381.8,1381.8,estimating,1383.0,19,0.278
floor5,base,selfcal,20,1199,20.003,1.0,1920,1080,1,296.34,411.28,66,74,3.407,1383.0,1383.0,estimating,1385.6,20,0.28
floor5,base,selfcal,21,1259,21.004,1.0,1920,1080,1,295.94,405.77,71,86,3.392,1385.6,1385.6,estimating,1388.5,21,0.278
floor5,base,selfcal,22,1319,22.005,1.0,1920,1080,1,295.87,401.06,76,86,3.526,1388.5,1388.5,estimating,1391.6,22,0.279
floor5,base,selfcal,23,1379,23.006,1.0,1920,1080,1,295.83,396.39,72,80,3.433,1391.6,1391.6,estimating,1394.0,23,0.267
floor5,base,selfcal,24,1439,24.007,1.0,1920,1080,1,295.73,391.68,77,88,2.412,1394.0,1394.0,estimating,1396.5,24,0.26
floor5,base,selfcal,25,1499,25.008,1.0,1920,1080,1,295.37,386.7,116,127,2.362,1396.5,1396.5,estimating,1399.3,25,0.263
floor5,base,selfcal,26,1558,25.993,1.0,1920,1080,1,295.19,381.99,149,160,2.764,1399.3,1399.3,estimating,1401.6,26,0.274
floor5,base,selfcal,27,1618,26.994,1.0,1920,1080,1,295.38,377.28,148,154,2.454,1401.6,1401.6,estimating,1403.4,27,0.277
floor5,base,selfcal,28,1678,27.995,1.0,1920,1080,1,295.42,372.35,140,153,2.635,1403.4,1403.4,estimating,1405.0,28,0.265
floor5,base,selfcal,29,1738,28.996,1.0,1920,1080,1,295.01,367.47,141,154,2.708,1405.0,1405.0,estimating,1406.3,29,0.279
floor5,base,selfcal,30,1798,29.997,1.0,1920,1080,1,294.52,362.32,77,92,2.593,1406.3,1406.3,estimating,1406.3,30,0.287
floor5,base,selfcal,31,1858,30.998,1.0,1920,1080,1,294.35,356.95,74,94,2.811,1406.3,1406.3,estimating,1406.3,31,0.291
floor5,base,selfcal,32,1918,31.999,1.0,1920,1080,1,294.39,351.92,77,89,2.65,1406.3,1406.3,estimating,1406.3,32,0.281
floor5,base,selfcal,33,1978,33.0,1.0,1920,1080,1,294.2,346.96,79,92,3.444,1406.3,1406.3,estimating,1406.3,33,0.279
floor5,base,selfcal,34,2038,34.001,1.0,1920,1080,1,293.64,342.3,72,93,2.846,1406.3,1406.3,estimating,1405.0,34,0.279
floor5,base,selfcal,35,2098,35.002,1.0,1920,1080,1,293.03,336.81,91,117,2.905,1405.0,1405.0,estimating,1404.0,35,0.274
floor5,base,selfcal,36,2158,36.003,1.0,1920,1080,1,292.86,331.92,89,112,3.437,1404.0,1404.0,estimating,1404.0,36,0.287
floor5,base,selfcal,37,2218,37.004,1.0,1920,1080,1,292.62,326.44,88,104,3.041,1404.0,1404.0,estimating,1404.0,37,0.28
floor5,base,selfcal,38,2278,38.005,1.0,1920,1080,1,292.29,321.51,87,99,3.438,1404.0,1404.0,estimating,1403.0,38,0.306
floor5,base,selfcal,39,2338,39.006,1.0,1920,1080,1,292.07,316.22,78,92,3.107,1403.0,1403.0,estimating,1403.0,39,0.344
floor5,base,selfcal,40,2398,40.007,1.0,1920,1080,1,292.01,310.88,81,104,3.231,1403.0,1403.0,estimating,1401.7,40,0.369
floor5,base,selfcal,41,2458,41.008,1.0,1920,1080,1,292.0,305.55,84,97,3.629,1401.7,1401.7,estimating,1401.7,41,0.331
floor5,base,selfcal,42,2517,41.992,1.0,1920,1080,1,291.97,300.61,91,99,4.015,1401.7,1401.7,estimating,1400.6,42,0.328
floor5,base,selfcal,43,2577,42.993,1.0,1920,1080,1,292.01,295.43,97,104,3.226,1400.6,1400.6,estimating,1400.6,43,0.317
floor5,base,selfcal,44,2637,43.994,1.0,1920,1080,1,292.18,290.38,106,119,3.661,1400.6,1400.6,estimating,1400.6,44,0.329
floor5,base,selfcal,45,2697,44.995,1.0,1920,1080,1,292.29,285.32,92,99,2.894,1400.6,1400.6,estimating,1399.3,45,0.341
floor5,base,selfcal,46,2757,45.996,1.0,1920,1080,1,292.35,280.32,90,105,2.673,1399.3,1399.3,estimating,1398.2,46,0.32
floor5,base,selfcal,47,2817,46.997,1.0,1920,1080,1,292.09,275.4,99,104,2.812,1398.2,1398.2,estimating,1398.2,47,0.314
floor5,base,selfcal,48,2877,47.998,1.0,1920,1080,1,291.79,270.38,106,119,2.928,1398.2,1398.2,estimating,1398.2,48,0.363
floor5,base,selfcal,49,2937,48.999,1.0,1920,1080,1,291.57,265.46,121,130,2.964,1398.2,1398.2,estimating,1399.4,49,0.354
floor5,base,selfcal,50,2997,50.0,1.0,1920,1080,1,291.45,260.45,117,136,2.843,1399.4,1399.4,estimating,1400.5,50,0.311
floor5,base,selfcal,51,3057,51.001,1.0,1920,1080,1,291.22,255.58,123,134,3.208,1400.5,1400.5,estimating,1400.5,51,0.35
floor5,base,selfcal,52,3117,52.002,1.0,1920,1080,1,290.75,250.75,104,126,2.868,1400.5,1400.5,estimating,1400.5,52,0.326
floor5,base,selfcal,53,3177,53.003,1.0,1920,1080,1,290.34,245.82,93,124,2.959,1400.5,1400.5,estimating,1400.5,53,0.299
floor5,base,selfcal,54,3237,54.004,1.0,1920,1080,1,289.39,241.18,87,107,3.57,1400.5,1400.5,estimating,1400.5,54,0.337
floor5,base,selfcal,55,3297,55.005,1.0,1920,1080,1,287.39,236.51,110,125,3.561,1400.5,1400.5,estimating,1398.7,55,0.341
floor5,base,selfcal,56,3357,56.006,1.0,1920,1080,1,284.51,233.4,100,115,3.029,1398.7,1398.7,estimating,1397.2,56,0.324
floor5,base,selfcal,57,3417,57.007,1.0,1920,1080,1,281.07,230.84,112,121,3.014,1397.2,1397.2,estimating,1395.6,57,0.315
floor5,base,selfcal,58,3477,58.008,1.0,1920,1080,1,276.64,229.15,106,121,2.788,1395.6,1395.6,estimating,1395.6,58,0.37
floor5,base,selfcal,59,3536,58.992,1.0,1920,1080,1,271.8,228.17,95,108,2.54,1395.6,1395.6,estimating,1395.6,59,0.357
floor5,base,selfcal,60,3596,59.993,1.0,1920,1080,1,266.72,227.56,89,101,3.929,1395.6,1395.6,estimating,1395.6,60,0.373
floor5,base,selfcal,61,3656,60.994,1.0,1920,1080,1,261.94,227.03,86,98,3.672,1395.6,1395.6,estimating,1395.6,61,0.36
floor5,base,selfcal,62,3716,61.995,1.0,1920,1080,1,257.31,226.43,73,85,3.153,1395.6,1395.6,estimating,1395.6,62,0.409
floor5,base,selfcal,63,3776,62.996,1.0,1920,1080,1,252.82,225.84,100,110,3.145,1395.6,1395.6,estimating,1395.6,63,0.363
floor5,base,selfcal,64,3836,63.997,1.0,1920,1080,1,248.87,225.11,120,130,2.401,1395.6,1395.6,estimating,1397.2,64,0.317
floor5,base,selfcal,65,3896,64.998,1.0,1920,1080,1,244.5,224.45,132,141,2.548,1397.2,1397.2,estimating,1398.5,65,0.316
floor5,base,selfcal,66,3956,65.999,1.0,1920,1080,1,239.9,223.84,127,139,2.474,1398.5,1398.5,estimating,1399.5,66,0.327
floor5,base,selfcal,67,4016,67.0,1.0,1920,1080,1,235.21,223.32,118,129,2.261,1399.5,1399.5,estimating,1399.5,67,0.37
floor5,base,selfcal,68,4076,68.001,1.0,1920,1080,1,230.71,222.59,120,130,2.295,1399.5,1399.5,estimating,1399.5,68,0.365
floor5,base,selfcal,69,4136,69.002,1.0,1920,1080,1,226.09,221.69,104,117,3.448,1399.5,1399.5,estimating,1399.5,69,0.377
floor5,base,selfcal,70,4196,70.003,1.0,1920,1080,1,221.46,220.97,95,106,2.778,1399.5,1399.5,estimating,1399.5,70,0.353
floor5,base,selfcal,71,4256,71.004,1.0,1920,1080,1,217.34,220.87,98,105,2.425,1399.5,1399.5,estimating,1399.5,71,0.335
floor5,base,selfcal,72,4316,72.005,1.0,1920,1080,1,213.75,221.11,67,78,2.57,1399.5,1399.5,estimating,1399.5,72,0.308
floor5,base,selfcal,73,4376,73.006,1.0,1920,1080,1,210.25,221.26,44,57,3.391,1399.5,1399.5,estimating,1399.5,73,0.307
floor5,base,selfcal,74,4436,74.007,1.0,1920,1080,1,207.56,220.33,16,34,3.551,1399.5,1399.5,estimating,1399.5,74,0.272
floor5,base,selfcal,75,4496,75.008,1.0,1920,1080,0,,,0,0,,1399.5,1399.5,estimating,1399.5,75,0.312
floor5,base,selfcal,76,4555,75.993,1.0,1920,1080,1,208.91,197.45,17,29,3.31,1399.5,1399.5,estimating,1399.5,75,0.322
floor5,base,selfcal,77,4615,76.994,1.0,1920,1080,1,207.83,195.02,75,101,3.674,1399.5,1399.5,estimating,1399.5,76,0.29
floor5,base,selfcal,78,4675,77.995,1.0,1920,1080,1,207.76,191.66,74,102,3.233,1399.5,1399.5,estimating,1399.5,77,0.342
floor5,base,selfcal,79,4735,78.996,1.0,1920,1080,1,207.67,187.87,83,106,3.139,1399.5,1399.5,estimating,1399.5,78,0.289
floor5,base,selfcal,80,4795,79.997,1.0,1920,1080,1,206.8,184.08,72,88,3.116,1399.5,1399.5,estimating,1399.5,79,0.281
floor5,base,selfcal,81,4855,80.998,1.0,1920,1080,1,205.98,180.19,93,122,3.156,1399.5,1399.5,estimating,1401.0,80,0.293
floor5,base,selfcal,82,4915,81.999,1.0,1920,1080,1,204.97,176.39,120,133,2.942,1401.0,1401.0,estimating,1401.0,81,0.281
floor5,base,selfcal,83,4975,83.0,1.0,1920,1080,1,204.03,172.38,116,135,2.952,1401.0,1401.0,estimating,1401.0,82,0.285
floor5,base,selfcal,84,5035,84.001,1.0,1920,1080,1,203.22,168.26,121,132,3.109,1401.0,1401.0,estimating,1401.0,83,0.255
floor5,base,selfcal,85,5095,85.002,1.0,1920,1080,1,202.88,163.9,97,109,2.536,1401.0,1401.0,estimating,1401.0,84,0.271
floor5,base,selfcal,86,5155,86.003,1.0,1920,1080,1,202.81,159.7,121,144,2.868,1401.0,1401.0,estimating,1401.0,85,0.268
floor5,base,selfcal,87,5215,87.004,1.0,1920,1080,1,202.84,155.68,129,139,3.101,1401.0,1401.0,estimating,1401.0,86,0.268
floor5,base,selfcal,88,5275,88.005,1.0,1920,1080,1,202.97,151.44,127,137,2.684,1401.0,1401.0,estimating,1401.0,87,0.264
floor5,base,selfcal,89,5335,89.006,1.0,1920,1080,1,203.18,147.17,141,148,2.905,1401.0,1401.0,estimating,1401.0,88,0.259
floor5,base,selfcal,90,5395,90.007,1.0,1920,1080,1,203.11,142.68,125,133,2.919,1401.0,1401.0,estimating,1401.0,89,0.26
floor5,base,selfcal,91,5455,91.008,1.0,1920,1080,1,203.09,138.2,109,122,2.899,1401.0,1401.0,estimating,1401.0,90,0.246
floor5,base,selfcal,92,5514,91.992,1.0,1920,1080,1,202.88,133.91,118,139,3.1,1401.0,1401.0,estimating,1401.0,91,0.246
floor5,base,selfcal,93,5574,92.993,1.0,1920,1080,1,202.79,129.46,126,140,2.862,1401.0,1401.0,estimating,1401.0,92,0.242
floor5,base,selfcal,94,5634,93.994,1.0,1920,1080,1,202.83,125.06,136,146,2.5,1401.0,1401.0,estimating,1401.0,93,0.248
floor5,base,selfcal,95,5694,94.995,1.0,1920,1080,1,203.0,120.69,125,142,3.222,1401.0,1401.0,estimating,1401.0,94,0.245
floor5,base,selfcal,96,5754,95.996,1.0,1920,1080,1,203.18,116.21,131,136,2.657,1401.0,1401.0,estimating,1401.0,95,0.247
floor5,base,selfcal,97,5814,96.997,1.0,1920,1080,1,203.61,111.97,137,150,2.642,1401.0,1401.0,estimating,1399.2,96,0.268
floor5,base,selfcal,98,5874,97.998,1.0,1920,1080,1,203.5,107.8,134,136,3.04,1399.2,1399.2,estimating,1397.7,97,0.274
floor5,base,selfcal,99,5934,98.999,1.0,1920,1080,1,203.25,103.28,124,138,3.565,1397.7,1397.7,estimating,1397.7,98,0.281
floor5,base,selfcal,100,5994,100.0,1.0,1920,1080,1,203.17,99.01,101,116,2.661,1397.7,1397.7,estimating,1397.7,99,0.263
floor5,base,selfcal,101,6054,101.001,1.0,1920,1080,1,203.53,94.69,102,110,2.508,1397.7,1397.7,estimating,1397.7,100,0.256
floor5,base,selfcal,102,6114,102.002,1.0,1920,1080,1,203.48,90.46,116,122,2.777,1397.7,1397.7,estimating,1397.7,101,0.276
floor5,base,selfcal,103,6174,103.003,1.0,1920,1080,1,203.09,86.33,122,133,2.869,1397.7,1397.7,estimating,1397.7,102,0.273
floor5,base,selfcal,104,6234,104.004,1.0,1920,1080,1,202.86,82.21,117,132,3.057,1397.7,1397.7,estimating,1397.7,103,0.271
floor5,base,selfcal,105,6294,105.005,1.0,1920,1080,1,202.5,78.06,102,108,3.148,1397.7,1397.7,estimating,1397.7,104,0.286
floor5,base,selfcal,106,6354,106.006,1.0,1920,1080,1,203.87,77.08,102,109,2.757,1397.7,1397.7,estimating,1397.7,105,0.294
floor5,base,selfcal,107,6414,107.007,1.0,1920,1080,1,203.64,73.03,85,104,2.952,1397.7,1397.7,estimating,1397.7,106,0.282
floor5,base,selfcal,108,6474,108.008,1.0,1920,1080,1,203.22,69.2,112,121,2.962,1397.7,1397.7,estimating,1397.7,107,0.277
floor5,base,selfcal,109,6533,108.992,1.0,1920,1080,1,202.89,65.4,106,117,3.315,1397.7,1397.7,estimating,1397.7,108,0.269
floor5,base,selfcal,110,6593,109.993,1.0,1920,1080,1,202.59,61.42,90,102,3.126,1397.7,1397.7,estimating,1399.2,109,0.25
floor5,base,selfcal,111,6653,110.994,1.0,1920,1080,1,202.5,57.37,69,86,3.422,1399.2,1399.2,estimating,1400.7,110,0.262
floor5,base,selfcal,112,6713,111.995,1.0,1920,1080,1,202.09,54.29,76,87,3.51,1400.7,1400.7,estimating,1401.9,111,0.269
floor5,base,selfcal,113,6773,112.996,1.0,1920,1080,1,201.69,51.48,64,91,3.545,1401.9,1401.9,estimating,1401.9,112,0.274
floor5,base,selfcal,114,6833,113.997,1.0,1920,1080,1,201.88,49.07,54,84,3.809,1401.9,1401.9,estimating,1401.9,113,0.286
floor5,base,selfcal,115,6893,114.998,1.0,1920,1080,1,203.01,46.67,22,32,2.878,1401.9,1401.9,estimating,1403.8,114,0.282
floor5,base,selfcal,116,6953,115.999,1.0,1920,1080,1,205.29,49.64,12,24,3.382,1403.8,1403.8,estimating,1403.8,115,0.322
floor5,base,selfcal,117,7013,117.0,1.0,1920,1080,1,207.2,44.61,29,41,3.689,1403.8,1403.8,estimating,1403.8,116,0.32
floor5,base,selfcal,118,7073,118.001,1.0,1920,1080,1,209.35,47.02,58,84,2.499,1403.8,1403.8,estimating,1403.8,117,0.292
floor5,base,selfcal,119,7133,119.002,1.0,1920,1080,1,210.67,50.71,78,115,2.373,1403.8,1403.8,estimating,1401.1,118,0.283
floor5,base,selfcal,120,7193,120.003,1.0,1920,1080,1,210.83,55.11,98,106,2.43,1401.1,1401.1,estimating,1397.7,119,0.278
floor5,base,selfcal,121,7253,121.004,1.0,1920,1080,1,210.53,59.37,111,123,2.126,1397.7,1397.7,estimating,1395.1,120,0.272
floor5,base,selfcal,122,7313,122.005,1.0,1920,1080,1,210.19,63.56,113,128,3.524,1395.1,1395.1,estimating,1392.9,121,0.27
floor5,base,selfcal,123,7373,123.006,1.0,1920,1080,1,210.18,67.7,120,135,2.894,1392.9,1392.9,estimating,1391.2,122,0.266
floor5,base,selfcal,124,7433,124.007,1.0,1920,1080,1,209.97,72.17,124,148,3.504,1391.2,1391.2,estimating,1391.2,123,0.267
floor5,base,selfcal,125,7493,125.008,1.0,1920,1080,1,209.9,76.58,110,133,3.79,1391.2,1391.2,estimating,1391.2,124,0.288
floor5,base,selfcal,126,7552,125.993,1.0,1920,1080,1,209.83,80.85,120,144,5.452,1391.2,1391.2,estimating,1391.2,125,0.298
floor5,base,selfcal,127,7612,126.994,1.0,1920,1080,1,209.69,85.22,113,126,6.702,1391.2,1391.2,estimating,1392.3,126,0.276
floor5,base,selfcal,128,7672,127.995,1.0,1920,1080,1,209.7,89.68,104,109,3.009,1392.3,1392.3,estimating,1394.1,127,0.252
floor5,base,selfcal,129,7732,128.996,1.0,1920,1080,1,209.67,94.07,114,124,3.238,1394.1,1394.1,estimating,1396.2,128,0.244
floor5,base,selfcal,130,7792,129.997,1.0,1920,1080,1,209.32,97.4,102,112,2.605,1396.2,1396.2,estimating,1398.0,129,0.239
floor5,base,selfcal,131,7852,130.998,1.0,1920,1080,1,209.22,103.22,101,119,2.578,1398.0,1398.0,estimating,1399.4,130,0.247
floor5,base,selfcal,132,7912,131.999,1.0,1920,1080,1,209.01,109.15,110,125,3.191,1399.4,1399.4,estimating,1400.8,131,0.258
floor5,base,selfcal,133,7972,133.0,1.0,1920,1080,1,208.66,114.93,132,145,2.456,1400.8,1400.8,estimating,1400.8,132,0.25
floor5,base,selfcal,134,8032,134.001,1.0,1920,1080,1,208.68,120.58,124,135,2.622,1400.8,1400.8,estimating,1400.8,133,0.255
floor5,base,selfcal,135,8092,135.002,1.0,1920,1080,1,208.92,126.16,132,160,3.097,1400.8,1400.8,estimating,1400.8,134,0.263
floor5,base,selfcal,136,8152,136.003,1.0,1920,1080,1,209.18,131.66,125,141,2.809,1400.8,1400.8,estimating,1400.8,135,0.273
floor5,base,selfcal,137,8212,137.004,1.0,1920,1080,1,209.2,137.33,87,105,3.686,1400.8,1400.8,estimating,1401.8,136,0.271
floor5,base,selfcal,138,8272,138.005,1.0,1920,1080,1,208.99,142.87,79,93,4.041,1401.8,1401.8,estimating,1401.8,137,0.277
floor5,base,selfcal,139,8332,139.006,1.0,1920,1080,1,209.06,148.22,93,109,3.691,1401.8,1401.8,estimating,1401.8,138,0.276
floor5,base,selfcal,140,8392,140.007,1.0,1920,1080,1,209.13,153.4,87,97,2.854,1401.8,1401.8,estimating,1401.8,139,0.261
floor5,base,selfcal,141,8452,141.008,1.0,1920,1080,1,209.03,158.7,93,105,2.864,1401.8,1401.8,estimating,1403.0,140,0.263
floor5,base,selfcal,142,8511,141.992,1.0,1920,1080,1,209.0,164.2,102,120,3.374,1403.0,1403.0,estimating,1403.0,141,0.264
floor5,base,selfcal,143,8571,142.993,1.0,1920,1080,1,209.0,169.72,73,88,3.552,1403.0,1403.0,estimating,1404.2,142,0.268
floor5,base,selfcal,144,8631,143.994,1.0,1920,1080,1,209.01,175.07,72,84,2.452,1404.2,1404.2,estimating,1404.2,143,0.272
floor5,base,selfcal,145,8691,144.995,1.0,1920,1080,1,208.96,180.34,90,103,2.639,1404.2,1404.2,estimating,1404.2,144,0.283
floor5,base,selfcal,146,8751,145.996,1.0,1920,1080,1,209.29,185.81,95,113,2.735,1404.2,1404.2,estimating,1405.6,145,0.287
floor5,base,selfcal,147,8811,146.997,1.0,1920,1080,1,209.2,191.16,70,81,2.802,1405.6,1405.6,estimating,1406.8,146,0.279
floor5,base,selfcal,148,8871,147.998,1.0,1920,1080,1,209.05,196.3,68,82,2.693,1406.8,1406.8,estimating,1406.8,147,0.278
floor5,base,selfcal,149,8931,148.999,1.0,1920,1080,1,209.13,201.38,66,81,2.71,1406.8,1406.8,estimating,1406.8,148,0.269
floor5,base,selfcal,150,8991,150.0,1.0,1920,1080,1,209.21,206.97,63,70,3.261,1406.8,1406.8,estimating,1406.8,149,0.272
floor5,base,selfcal,151,9051,151.001,1.0,1920,1080,1,209.3,212.18,60,73,2.958,1406.8,1406.8,estimating,1404.6,150,0.279
floor5,base,selfcal,152,9111,152.002,1.0,1920,1080,1,209.25,217.42,50,60,2.918,1404.6,1404.6,estimating,1402.9,151,0.267
floor5,base,selfcal,153,9171,153.003,1.0,1920,1080,1,209.37,222.75,38,44,3.488,1402.9,1402.9,estimating,1402.9,152,0.287
floor5,base,selfcal,154,9231,154.004,1.0,1920,1080,1,209.58,227.76,29,37,4.003,1402.9,1402.9,estimating,1402.9,153,0.287
floor5,base,selfcal,155,9291,155.005,1.0,1920,1080,1,209.46,233.24,21,32,5.456,1402.9,1402.9,estimating,1401.0,154,0.286
floor5,base,selfcal,156,9351,156.006,1.0,1920,1080,1,204.5,225.58,78,96,2.611,1401.0,1401.0,estimating,1398.9,155,0.329
floor5,base,selfcal,157,9411,157.007,1.0,1920,1080,1,204.88,231.21,107,116,2.823,1398.9,1398.9,estimating,1397.0,156,0.321
floor5,base,selfcal,158,9471,158.008,1.0,1920,1080,1,204.7,236.72,97,107,2.504,1397.0,1397.0,estimating,1395.7,157,0.329
floor5,base,selfcal,159,9530,158.992,1.0,1920,1080,1,204.83,242.05,118,134,2.664,1395.7,1395.7,estimating,1394.4,158,0.331
floor5,base,selfcal,160,9590,159.993,1.0,1920,1080,1,204.96,247.98,103,133,2.797,1394.4,1394.4,estimating,1393.4,159,0.351
floor5,base,selfcal,161,9650,160.994,1.0,1920,1080,1,205.17,253.64,113,127,2.877,1393.4,1393.4,estimating,1393.4,160,0.34
floor5,base,selfcal,162,9710,161.995,1.0,1920,1080,1,205.6,259.02,83,100,2.978,1393.4,1393.4,estimating,1393.4,161,0.314
floor5,base,selfcal,163,9770,162.996,1.0,1920,1080,1,205.75,264.59,86,107,3.044,1393.4,1393.4,estimating,1393.4,162,0.352
floor5,base,selfcal,164,9830,163.997,1.0,1920,1080,1,206.26,269.59,91,116,2.783,1393.4,1393.4,estimating,1393.4,163,0.336
floor5,base,selfcal,165,9890,164.998,1.0,1920,1080,1,206.64,274.66,97,104,3.138,1393.4,1393.4,estimating,1393.4,164,0.352
floor5,base,selfcal,166,9950,165.999,1.0,1920,1080,1,206.64,280.37,104,117,2.532,1393.4,1393.4,estimating,1393.4,165,0.331
floor5,base,selfcal,167,10010,167.0,1.0,1920,1080,1,206.9,286.0,109,119,2.929,1393.4,1393.4,estimating,1393.4,166,0.317
floor5,base,selfcal,168,10070,168.001,1.0,1920,1080,1,206.87,291.33,83,105,2.793,1393.4,1393.4,estimating,1393.4,167,0.312
floor5,base,selfcal,169,10130,169.002,1.0,1920,1080,1,206.9,296.85,95,125,3.378,1393.4,1393.4,estimating,1393.4,168,0.329
floor5,base,selfcal,170,10190,170.003,1.0,1920,1080,1,206.99,302.35,83,98,2.752,1393.4,1393.4,estimating,1393.4,169,0.326
floor5,base,selfcal,171,10250,171.004,1.0,1920,1080,1,207.24,307.76,99,112,3.057,1393.4,1393.4,estimating,1393.4,170,0.304
floor5,base,selfcal,172,10310,172.005,1.0,1920,1080,1,207.52,312.97,69,90,3.767,1393.4,1393.4,estimating,1393.4,171,0.304
floor5,base,selfcal,173,10370,173.006,1.0,1920,1080,1,207.64,318.35,88,97,3.051,1393.4,1393.4,estimating,1393.4,172,0.35
floor5,base,selfcal,174,10430,174.007,1.0,1920,1080,1,207.68,323.93,80,98,2.597,1393.4,1393.4,estimating,1395.0,173,0.351
floor5,base,selfcal,175,10490,175.008,1.0,1920,1080,1,207.8,329.24,90,96,2.89,1395.0,1395.0,estimating,1396.2,174,0.346
floor5,base,selfcal,176,10549,175.992,1.0,1920,1080,1,207.98,334.58,86,96,3.436,1396.2,1396.2,estimating,1396.2,175,0.33
floor5,base,selfcal,177,10609,176.993,1.0,1920,1080,1,208.14,340.18,85,86,3.106,1396.2,1396.2,estimating,1396.2,176,0.307
floor5,base,selfcal,178,10669,177.994,1.0,1920,1080,1,208.04,345.54,109,119,3.235,1396.2,1396.2,estimating,1396.2,177,0.339
floor5,base,selfcal,179,10729,178.995,1.0,1920,1080,1,208.23,350.89,85,92,3.824,1396.2,1396.2,estimating,1397.6,178,0.285
floor5,base,selfcal,180,10789,179.996,1.0,1920,1080,1,208.59,356.02,118,121,3.39,1397.6,1397.6,estimating,1397.6,179,0.305
floor5,base,selfcal,181,10849,180.997,1.0,1920,1080,1,208.74,361.26,103,111,3.013,1397.6,1397.6,estimating,1397.6,180,0.316
floor5,base,selfcal,182,10909,181.998,1.0,1920,1080,1,208.97,366.61,89,100,3.602,1397.6,1397.6,estimating,1397.6,181,0.303
floor5,base,selfcal,183,10969,182.999,1.0,1920,1080,1,210.08,353.23,207,233,2.408,1397.6,1397.6,estimating,1397.6,182,0.277
floor5,base,selfcal,184,11029,184.0,1.0,1920,1080,1,210.29,357.72,137,172,3.356,1397.6,1397.6,estimating,1397.6,183,0.267
floor5,base,selfcal,185,11089,185.001,1.0,1920,1080,1,210.13,361.74,105,109,2.608,1397.6,1397.6,estimating,1397.6,184,0.273
floor5,base,selfcal,186,11149,186.002,1.0,1920,1080,1,210.2,366.09,134,137,2.617,1397.6,1397.6,estimating,1397.6,185,0.272
floor5,base,selfcal,187,11209,187.003,1.0,1920,1080,1,210.46,370.41,123,130,2.923,1397.6,1397.6,estimating,1397.6,186,0.269
floor5,base,selfcal,188,11269,188.004,1.0,1920,1080,1,210.71,374.53,103,114,2.763,1397.6,1397.6,estimating,1397.6,187,0.275
floor5,base,selfcal,189,11329,189.005,1.0,1920,1080,1,210.83,378.73,100,108,2.921,1397.6,1397.6,estimating,1397.6,188,0.273
floor5,base,selfcal,190,11389,190.006,1.0,1920,1080,1,210.89,382.5,102,114,2.466,1397.6,1397.6,estimating,1397.6,189,0.274
floor5,base,selfcal,191,11449,191.007,1.0,1920,1080,1,210.55,386.37,106,123,3.287,1397.6,1397.6,estimating,1397.6,190,0.274
floor5,base,selfcal,192,11508,191.992,1.0,1920,1080,1,210.12,390.23,95,105,2.919,1397.6,1397.6,estimating,1397.6,191,0.278
floor5,base,selfcal,193,11568,192.993,1.0,1920,1080,1,209.95,394.36,106,122,3.84,1397.6,1397.6,estimating,1397.6,192,0.257
floor5,base,selfcal,194,11628,193.994,1.0,1920,1080,1,210.13,398.51,104,116,3.082,1397.6,1397.6,estimating,1397.6,193,0.264
floor5,base,selfcal,195,11688,194.995,1.0,1920,1080,1,210.44,402.7,118,131,2.231,1397.6,1397.6,estimating,1399.1,194,0.243
floor5,base,selfcal,196,11748,195.996,1.0,1920,1080,1,210.71,406.9,147,158,2.549,1399.1,1399.1,estimating,1399.1,195,0.253
floor5,base,selfcal,197,11808,196.997,1.0,1920,1080,1,210.69,411.0,144,152,2.795,1399.1,1399.1,estimating,1399.1,196,0.25
floor5,base,selfcal,198,11868,197.998,1.0,1920,1080,1,210.82,415.04,121,131,2.397,1399.1,1399.1,estimating,1400.5,197,0.249
floor5,base,selfcal,199,11928,198.999,1.0,1920,1080,1,211.21,419.08,137,147,2.906,1400.5,1400.5,estimating,1401.5,198,0.258
floor5,base,selfcal,200,11988,200.0,1.0,1920,1080,1,211.7,422.97,104,118,2.65,1401.5,1401.5,estimating,1402.9,199,0.267
floor5,base,selfcal,201,12048,201.001,1.0,1920,1080,1,211.94,426.67,118,123,2.77,1402.9,1402.9,estimating,1405.3,200,0.263
floor5,base,selfcal,202,12108,202.002,1.0,1920,1080,1,212.13,430.16,115,121,2.349,1405.3,1405.3,estimating,1407.9,201,0.268
floor5,base,selfcal,203,12168,203.003,1.0,1920,1080,1,212.36,433.33,117,124,3.05,1407.9,1407.9,estimating,1407.9,202,0.282
floor5,base,selfcal,204,12228,204.004,1.0,1920,1080,1,212.31,435.67,114,120,3.107,1407.9,1407.9,estimating,1407.9,203,0.28
floor5,base,selfcal,205,12288,205.005,1.0,1920,1080,1,212.41,437.33,76,97,3.156,1407.9,1407.9,estimating,1407.9,204,0.264
floor5,base,selfcal,206,12348,206.006,1.0,1920,1080,1,212.06,438.35,54,74,3.904,1407.9,1407.9,estimating,1407.9,205,0.27
floor5,base,selfcal,207,12408,207.007,1.0,1920,1080,1,211.72,450.73,36,55,4.555,1407.9,1407.9,estimating,1407.9,206,0.238
floor5,base,selfcal,208,12468,208.008,1.0,1920,1080,1,293.33,465.13,41,90,3.331,1407.9,1407.9,estimating,1407.9,207,0.311
floor5,base,selfcal,209,12527,208.992,1.0,1920,1080,1,294.8,464.48,31,65,2.716,1407.9,1407.9,estimating,1407.9,208,0.33
floor5,base,selfcal,210,12587,209.993,1.0,1920,1080,0,,,0,0,,1407.9,1407.9,estimating,1407.9,209,0.245
floor5,base,selfcal,211,12647,210.994,1.0,1920,1080,1,206.73,438.03,30,52,4.086,1407.9,1407.9,estimating,1407.9,209,0.285
floor5,base,selfcal,212,12707,211.995,1.0,1920,1080,1,206.17,437.44,40,66,4.02,1407.9,1407.9,estimating,1413.0,210,0.282
floor5,base,selfcal,213,12767,212.996,1.0,1920,1080,1,205.38,436.56,68,82,5.786,1413.0,1413.0,estimating,1420.7,211,0.255
floor5,base,selfcal,214,12827,213.997,1.0,1920,1080,1,205.69,435.43,84,94,3.176,1420.7,1420.7,estimating,1426.9,212,0.28
floor5,base,selfcal,215,12887,214.998,1.0,1920,1080,1,205.9,433.08,82,98,3.283,1426.9,1426.9,estimating,1431.9,213,0.27
floor5,base,selfcal,216,12947,215.999,1.0,1920,1080,1,206.45,429.75,88,100,4.304,1431.9,1431.9,estimating,1435.8,214,0.265
floor5,base,selfcal,217,13007,217.0,1.0,1920,1080,1,206.53,425.91,60,79,3.602,1435.8,1435.8,estimating,1437.4,215,0.265
floor5,base,selfcal,218,13067,218.001,1.0,1920,1080,1,207.08,421.68,58,79,4.029,1437.4,1437.4,estimating,1437.4,216,0.28
floor5,base,selfcal,219,13127,219.002,1.0,1920,1080,1,207.48,417.59,64,77,3.017,1437.4,1437.4,estimating,1435.0,217,0.275
floor5,base,selfcal,220,13187,220.003,1.0,1920,1080,1,207.57,413.04,59,78,3.335,1435.0,1435.0,estimating,1431.7,218,0.271
floor5,base,selfcal,221,13247,221.004,1.0,1920,1080,1,207.24,408.79,57,70,3.127,1431.7,1431.7,estimating,1427.2,219,0.284
floor5,base,selfcal,222,13307,222.005,1.0,1920,1080,1,207.09,404.38,52,63,3.09,1427.2,1427.2,estimating,1422.5,220,0.27
floor5,base,selfcal,223,13367,223.006,1.0,1920,1080,1,207.06,400.14,57,70,2.569,1422.5,1422.5,estimating,1420.2,221,0.289
floor5,base,selfcal,224,13427,224.007,1.0,1920,1080,1,206.89,395.76,63,72,3.523,1420.2,1420.2,estimating,1418.3,222,0.274
floor5,base,selfcal,225,13487,225.008,1.0,1920,1080,1,206.83,391.8,53,65,4.068,1418.3,1418.3,estimating,1418.3,223,0.281
floor5,base,selfcal,226,13546,225.992,1.0,1920,1080,1,206.77,387.84,52,65,3.644,1418.3,1418.3,estimating,1418.3,224,0.281
floor5,base,selfcal,227,13606,226.993,1.0,1920,1080,1,206.29,384.21,34,54,3.516,1418.3,1418.3,estimating,1416.6,225,0.278
floor5,base,selfcal,228,13666,227.994,1.0,1920,1080,1,205.49,379.92,33,45,3.572,1416.6,1416.6,estimating,1416.6,226,0.27
floor5,base,selfcal,229,13726,228.995,1.0,1920,1080,1,205.11,375.72,64,72,2.689,1416.6,1416.6,estimating,1416.6,227,0.279
floor5,base,selfcal,230,13786,229.996,1.0,1920,1080,1,205.17,371.14,59,73,3.755,1416.6,1416.6,estimating,1416.6,228,0.288
floor5,base,selfcal,231,13846,230.997,1.0,1920,1080,1,205.42,366.77,48,63,5.542,1416.6,1416.6,estimating,1416.6,229,0.292
floor5,base,selfcal,232,13906,231.998,1.0,1920,1080,1,205.59,362.21,61,74,3.925,1416.6,1416.6,estimating,1416.6,230,0.277
floor5,base,selfcal,233,13966,232.999,1.0,1920,1080,1,206.13,357.41,74,87,3.53,1416.6,1416.6,estimating,1416.6,231,0.278
floor5,base,selfcal,234,14026,234.0,1.0,1920,1080,1,206.82,353.21,78,99,4.701,1416.6,1416.6,estimating,1416.6,232,0.287
floor5,base,selfcal,235,14086,235.001,1.0,1920,1080,1,206.79,348.32,71,98,3.159,1416.6,1416.6,estimating,1416.6,233,0.274
floor5,base,selfcal,236,14146,236.002,1.0,1920,1080,1,206.87,344.3,63,88,3.039,1416.6,1416.6,estimating,1415.3,234,0.277
floor5,base,selfcal,237,14206,237.003,1.0,1920,1080,1,206.6,339.44,71,101,3.423,1415.3,1415.3,estimating,1414.3,235,0.281
floor5,base,selfcal,238,14266,238.004,1.0,1920,1080,1,206.06,335.11,62,98,3.802,1414.3,1414.3,estimating,1412.9,236,0.276
floor5,base,selfcal,239,14326,239.005,1.0,1920,1080,1,206.07,330.9,59,79,2.874,1412.9,1412.9,estimating,1411.7,237,0.277
floor5,base,selfcal,240,14386,240.006,1.0,1920,1080,1,206.07,326.64,59,87,3.552,1411.7,1411.7,estimating,1411.7,238,0.281
floor5,base,selfcal,241,14446,241.007,1.0,1920,1080,1,206.09,322.19,54,70,3.384,1411.7,1411.7,estimating,1410.3,239,0.274
floor5,base,selfcal,242,14505,241.992,1.0,1920,1080,1,205.78,317.79,49,63,3.245,1410.3,1410.3,estimating,1409.2,240,0.271
floor5,base,selfcal,243,14565,242.993,1.0,1920,1080,1,205.34,313.74,52,72,3.479,1409.2,1409.2,estimating,1409.2,241,0.274
floor5,base,selfcal,244,14625,243.994,1.0,1920,1080,1,205.32,308.94,51,67,3.712,1409.2,1409.2,estimating,1409.2,242,0.279
floor5,base,selfcal,245,14685,244.995,1.0,1920,1080,1,205.48,304.64,57,93,2.94,1409.2,1409.2,estimating,1409.2,243,0.275
floor5,base,selfcal,246,14745,245.996,1.0,1920,1080,1,205.22,299.84,58,89,3.261,1409.2,1409.2,estimating,1409.2,244,0.277
floor5,base,selfcal,247,14805,246.997,1.0,1920,1080,1,204.88,294.99,59,81,2.93,1409.2,1409.2,estimating,1409.2,245,0.284
floor5,base,selfcal,248,14865,247.998,1.0,1920,1080,1,204.54,290.23,72,87,3.584,1409.2,1409.2,estimating,1410.4,246,0.278
floor5,base,selfcal,249,14925,248.999,1.0,1920,1080,1,204.49,285.06,85,109,3.413,1410.4,1410.4,estimating,1411.5,247,0.277
floor5,base,selfcal,250,14985,250.0,1.0,1920,1080,1,204.92,280.55,83,108,2.944,1411.5,1411.5,estimating,1411.5,248,0.286
floor5,base,selfcal,251,15045,251.001,1.0,1920,1080,1,205.27,275.9,76,98,2.663,1411.5,1411.5,estimating,1411.5,249,0.28
floor5,base,selfcal,252,15105,252.002,1.0,1920,1080,1,205.55,271.36,73,86,2.81,1411.5,1411.5,estimating,1411.5,250,0.281
floor5,base,selfcal,253,15165,253.003,1.0,1920,1080,1,205.25,266.77,62,76,3.806,1411.5,1411.5,estimating,1413.1,251,0.282
floor5,base,selfcal,254,15225,254.004,1.0,1920,1080,1,204.36,262.36,65,76,3.128,1413.1,1413.1,estimating,1413.1,252,0.284
floor5,base,selfcal,255,15285,255.005,1.0,1920,1080,1,203.68,257.83,75,86,3.575,1413.1,1413.1,estimating,1414.5,253,0.274
floor5,base,selfcal,256,15345,256.006,1.0,1920,1080,1,203.22,253.5,81,93,3.484,1414.5,1414.5,estimating,1414.5,254,0.275
floor5,base,selfcal,257,15405,257.007,1.0,1920,1080,1,202.87,248.74,73,84,4.336,1414.5,1414.5,estimating,1415.7,255,0.282
floor5,base,selfcal,258,15465,258.008,1.0,1920,1080,1,202.84,244.41,85,106,2.646,1415.7,1415.7,estimating,1415.7,256,0.275
floor5,base,selfcal,259,15524,258.992,1.0,1920,1080,1,202.77,239.83,105,119,3.256,1415.7,1415.7,estimating,1415.7,257,0.267
floor5,base,selfcal,260,15584,259.993,1.0,1920,1080,1,203.33,235.19,123,144,4.308,1415.7,1415.7,estimating,1415.7,258,0.259
floor5,base,selfcal,261,15644,260.994,1.0,1920,1080,1,204.34,230.57,125,148,3.793,1415.7,1415.7,estimating,1415.7,259,0.281
floor5,base,selfcal,262,15704,261.995,1.0,1920,1080,1,205.55,226.14,74,107,3.926,1415.7,1415.7,estimating,1415.7,260,0.278
floor5,base,selfcal,263,15764,262.996,1.0,1920,1080,1,206.26,221.95,59,87,3.462,1415.7,1415.7,estimating,1414.1,261,0.268
floor5,base,selfcal,264,15824,263.997,1.0,1920,1080,1,207.21,217.42,56,85,3.715,1414.1,1414.1,estimating,1412.1,262,0.273
floor5,base,selfcal,265,15884,264.998,1.0,1920,1080,1,208.39,212.8,27,48,3.936,1412.1,1412.1,estimating,1410.4,263,0.289
floor5,base,selfcal,266,15944,265.999,1.0,1920,1080,1,212.25,239.49,36,48,4.374,1410.4,1410.4,estimating,1408.5,264,0.288
floor5,base,selfcal,267,16004,267.0,1.0,1920,1080,1,214.89,235.96,41,59,3.916,1408.5,1408.5,estimating,1405.0,265,0.295
floor5,base,selfcal,268,16064,268.001,1.0,1920,1080,1,217.85,233.57,54,67,2.995,1405.0,1405.0,estimating,1402.2,266,0.277
floor5,base,selfcal,269,16124,269.002,1.0,1920,1080,1,222.04,233.17,47,69,2.32,1402.2,1402.2,estimating,1396.2,267,0.274
floor5,base,selfcal,270,16184,270.003,1.0,1920,1080,1,226.98,233.25,56,71,3.312,1396.2,1396.2,estimating,1390.0,268,0.281
floor5,base,selfcal,271,16244,271.004,1.0,1920,1080,1,232.71,234.53,83,92,2.608,1390.0,1390.0,estimating,1384.9,269,0.274
floor5,base,selfcal,272,16304,272.005,1.0,1920,1080,1,237.46,235.29,96,102,3.053,1384.9,1384.9,estimating,1384.9,270,0.267
floor5,base,selfcal,273,16364,273.006,1.0,1920,1080,1,242.06,236.03,109,119,2.518,1384.9,1384.9,estimating,1384.9,271,0.269
floor5,base,selfcal,274,16424,274.007,1.0,1920,1080,1,246.67,236.7,104,114,3.172,1384.9,1384.9,estimating,1386.3,272,0.268
floor5,base,selfcal,275,16484,275.008,1.0,1920,1080,1,251.01,237.49,113,122,3.112,1386.3,1386.3,estimating,1387.8,273,0.268
floor5,base,selfcal,276,16543,275.992,1.0,1920,1080,1,255.69,238.62,134,145,2.856,1387.8,1387.8,estimating,1389.0,274,0.256
floor5,base,selfcal,277,16603,276.993,1.0,1920,1080,1,260.45,239.54,118,139,3.304,1389.0,1389.0,estimating,1390.0,275,0.262
floor5,base,selfcal,278,16663,277.994,1.0,1920,1080,1,264.99,239.67,123,135,3.266,1390.0,1390.0,estimating,1390.0,276,0.252
floor5,base,selfcal,279,16723,278.995,1.0,1920,1080,1,270.14,239.43,87,112,2.967,1390.0,1390.0,estimating,1390.0,277,0.257
floor5,base,selfcal,280,16783,279.996,1.0,1920,1080,1,275.38,240.01,66,84,3.82,1390.0,1390.0,estimating,1390.0,278,0.251
floor5,base,selfcal,281,16843,280.997,1.0,1920,1080,1,279.98,241.29,52,58,2.967,1390.0,1390.0,estimating,1390.0,279,0.254
floor5,base,selfcal,282,16903,281.998,1.0,1920,1080,1,284.08,242.77,65,71,2.406,1390.0,1390.0,estimating,1390.0,280,0.255
floor5,base,selfcal,283,16963,282.999,1.0,1920,1080,1,287.57,245.43,71,86,4.264,1390.0,1390.0,estimating,1390.0,281,0.257
floor5,base,selfcal,284,17023,284.0,1.0,1920,1080,1,290.19,248.09,93,108,3.173,1390.0,1390.0,estimating,1390.0,282,0.26
floor5,base,selfcal,285,17083,285.001,1.0,1920,1080,1,291.31,252.13,94,103,3.65,1390.0,1390.0,estimating,1390.0,283,0.263
floor5,base,selfcal,286,17143,286.002,1.0,1920,1080,1,291.74,256.97,85,90,2.934,1390.0,1390.0,estimating,1390.0,284,0.263
floor5,base,selfcal,287,17203,287.003,1.0,1920,1080,1,292.01,261.48,77,86,3.259,1390.0,1390.0,estimating,1390.0,285,0.261
floor5,base,selfcal,288,17263,288.004,1.0,1920,1080,1,292.58,266.2,65,78,3.879,1390.0,1390.0,estimating,1390.0,286,0.27
floor5,base,selfcal,289,17323,289.005,1.0,1920,1080,1,292.79,270.65,64,72,3.623,1390.0,1390.0,estimating,1390.0,287,0.268
floor5,base,selfcal,290,17383,290.006,1.0,1920,1080,1,292.82,275.36,65,81,3.749,1390.0,1390.0,estimating,1390.0,288,0.268
floor5,base,selfcal,291,17443,291.007,1.0,1920,1080,1,292.91,280.12,74,97,2.622,1390.0,1390.0,estimating,1390.0,289,0.269
floor5,base,selfcal,292,17502,291.992,1.0,1920,1080,1,292.92,285.0,82,102,2.968,1390.0,1390.0,estimating,1389.0,290,0.283
floor5,base,selfcal,293,17562,292.993,1.0,1920,1080,1,292.31,289.88,96,114,3.081,1389.0,1389.0,estimating,1389.0,291,0.286
floor5,base,selfcal,294,17622,293.994,1.0,1920,1080,1,292.06,294.81,102,113,2.961,1389.0,1389.0,estimating,1389.0,292,0.276
floor5,base,selfcal,295,17682,294.995,1.0,1920,1080,1,292.3,300.04,91,118,3.178,1389.0,1389.0,estimating,1389.0,293,0.278
floor5,base,selfcal,296,17742,295.996,1.0,1920,1080,1,292.3,304.96,91,104,2.885,1389.0,1389.0,estimating,1389.0,294,0.273
floor5,base,selfcal,297,17802,296.997,1.0,1920,1080,1,292.74,310.14,81,93,2.5,1389.0,1389.0,estimating,1389.0,295,0.272
floor5,base,selfcal,298,17862,297.998,1.0,1920,1080,1,292.75,315.19,88,102,2.322,1389.0,1389.0,estimating,1390.5,296,0.274
floor5,base,selfcal,299,17922,298.999,1.0,1920,1080,1,292.65,319.88,106,112,2.269,1390.5,1390.5,estimating,1391.8,297,0.265
floor5,base,selfcal,300,17982,300.0,1.0,1920,1080,1,292.56,324.58,120,131,2.329,1391.8,1391.8,estimating,1393.3,298,0.27
floor5,base,selfcal,301,18042,301.001,1.0,1920,1080,1,292.38,329.34,123,144,2.949,1393.3,1393.3,estimating,1394.6,299,0.272
floor5,base,selfcal,302,18102,302.002,1.0,1920,1080,1,292.5,334.22,123,136,3.125,1394.6,1394.6,estimating,1395.6,300,0.272
floor5,base,selfcal,303,18162,303.003,1.0,1920,1080,1,292.58,339.18,121,133,2.806,1395.6,1395.6,estimating,1395.6,301,0.265
floor5,base,selfcal,304,18222,304.004,1.0,1920,1080,1,292.71,344.0,115,120,2.676,1395.6,1395.6,estimating,1397.1,302,0.274
floor5,base,selfcal,305,18282,305.005,1.0,1920,1080,1,292.67,349.15,104,124,2.933,1397.1,1397.1,estimating,1397.1,303,0.272
floor5,base,selfcal,306,18342,306.006,1.0,1920,1080,1,292.73,354.0,93,101,3.11,1397.1,1397.1,estimating,1397.1,304,0.265
floor5,base,selfcal,307,18402,307.007,1.0,1920,1080,1,293.04,358.8,78,89,2.62,1397.1,1397.1,estimating,1397.1,305,0.283
floor5,base,selfcal,308,18462,308.008,1.0,1920,1080,1,293.5,363.7,77,88,3.689,1397.1,1397.1,estimating,1397.1,306,0.265
floor5,base,selfcal,309,18521,308.992,1.0,1920,1080,1,293.78,368.51,82,94,2.892,1397.1,1397.1,estimating,1397.1,307,0.271
floor5,base,selfcal,310,18581,309.993,1.0,1920,1080,1,293.98,373.47,95,111,3.64,1397.1,1397.1,estimating,1398.9,308,0.281
floor5,base,selfcal,311,18641,310.994,1.0,1920,1080,1,294.06,378.34,84,99,3.299,1398.9,1398.9,estimating,1398.9,309,0.272
floor5,base,selfcal,312,18701,311.995,1.0,1920,1080,1,294.23,383.68,76,94,3.671,1398.9,1398.9,estimating,1398.9,310,0.268
floor5,base,selfcal,313,18761,312.996,1.0,1920,1080,1,294.33,388.9,83,102,2.521,1398.9,1398.9,estimating,1398.9,311,0.262
floor5,base,selfcal,314,18821,313.997,1.0,1920,1080,1,294.6,393.67,84,109,2.954,1398.9,1398.9,estimating,1398.9,312,0.274
floor5,base,selfcal,315,18881,314.998,1.0,1920,1080,1,294.84,398.49,67,104,3.312,1398.9,1398.9,estimating,1401.2,313,0.271
floor5,base,selfcal,316,18941,315.999,1.0,1920,1080,1,295.18,403.09,84,108,3.646,1401.2,1401.2,estimating,1403.4,314,0.282
floor5,base,selfcal,317,19001,317.0,1.0,1920,1080,1,295.35,407.88,87,117,3.174,1403.4,1403.4,estimating,1403.4,315,0.272
floor5,base,selfcal,318,19061,318.001,1.0,1920,1080,1,295.31,412.87,95,108,3.146,1403.4,1403.4,estimating,1403.4,316,0.281
floor5,base,selfcal,319,19121,319.002,1.0,1920,1080,1,295.27,417.48,94,100,3.083,1403.4,1403.4,estimating,1403.4,317,0.276
floor5,base,selfcal,320,19181,320.003,1.0,1920,1080,1,295.35,421.49,87,97,3.025,1403.4,1403.4,estimating,1403.4,318,0.278
floor5,base,selfcal,321,19241,321.004,1.0,1920,1080,1,295.72,425.52,87,102,3.611,1403.4,1403.4,estimating,1403.4,319,0.274
floor5,base,selfcal,322,19301,322.005,1.0,1920,1080,1,296.37,429.54,73,93,3.642,1403.4,1403.4,estimating,1403.4,320,0.283
floor5,base,selfcal,323,19361,323.006,1.0,1920,1080,1,297.0,433.84,59,84,4.008,1403.4,1403.4,estimating,1403.4,321,0.27
floor5,base,selfcal,324,19421,324.007,1.0,1920,1080,1,297.39,437.96,52,66,3.564,1403.4,1403.4,estimating,1403.4,322,0.271
floor5,base,selfcal,325,19481,325.008,1.0,1920,1080,1,297.58,441.94,57,80,3.975,1403.4,1403.4,estimating,1403.4,323,0.28
floor5,base,selfcal,326,19540,325.992,1.0,1920,1080,1,297.74,445.93,61,86,3.715,1403.4,1403.4,estimating,1405.2,324,0.274
floor5,base,selfcal,327,19600,326.993,1.0,1920,1080,1,297.48,449.6,61,94,3.291,1405.2,1405.2,estimating,1409.6,325,0.277
floor5,base,selfcal,328,19660,327.994,1.0,1920,1080,1,297.12,453.5,57,101,3.608,1409.6,1409.6,estimating,1413.0,326,0.281
floor5,base,selfcal,329,19720,328.995,1.0,1920,1080,1,296.41,456.76,37,54,3.405,1413.0,1413.0,estimating,1413.0,327,0.298
floor5,base,selfcal,330,19780,329.996,1.0,1920,1080,1,296.45,460.34,25,42,3.023,1413.0,1413.0,estimating,1415.6,328,0.302
floor5,base,selfcal,331,19840,330.997,1.0,1920,1080,1,296.31,463.67,13,28,4.139,1415.6,1415.6,estimating,1419.2,329,0.329
floor5,px540,map,0,0,0.0,1.0,960,540,1,286.08,458.79,103,115,2.387,1400.0,1400.0,,,,0.232
floor5,px540,map,1,60,1.001,1.0,960,540,1,286.42,459.34,149,153,1.92,1400.0,1400.0,,,,0.229
floor5,px540,map,2,120,2.002,1.0,960,540,1,288.66,459.33,141,157,2.932,1400.0,1400.0,,,,0.273
floor5,px540,map,3,180,3.003,1.0,960,540,1,289.56,460.49,29,53,3.108,1400.0,1400.0,,,,0.306
floor5,px540,map,4,240,4.004,1.0,960,540,1,290.45,462.54,35,48,4.974,1400.0,1400.0,,,,0.306
floor5,px540,map,5,300,5.005,1.0,960,540,1,291.71,463.84,113,120,5.524,1400.0,1400.0,,,,0.233
floor5,px540,map,6,360,6.006,1.0,960,540,1,293.11,464.5,166,175,3.36,1400.0,1400.0,,,,0.242
floor5,px540,map,7,420,7.007,1.0,960,540,1,295.04,463.65,70,94,3.477,1400.0,1400.0,,,,0.276
floor5,px540,map,8,480,8.008,1.0,960,540,1,295.32,461.1,74,90,2.547,1400.0,1400.0,,,,0.275
floor5,px540,map,9,539,8.992,1.0,960,540,1,295.57,458.38,68,77,2.902,1400.0,1400.0,,,,0.27
floor5,px540,map,10,599,9.993,1.0,960,540,1,295.41,455.08,70,80,2.773,1400.0,1400.0,,,,0.27
floor5,px540,map,11,659,10.994,1.0,960,540,1,295.26,451.2,74,82,2.724,1400.0,1400.0,,,,0.275
floor5,px540,map,12,719,11.995,1.0,960,540,1,295.0,447.21,47,59,2.713,1400.0,1400.0,,,,0.276
floor5,px540,map,13,779,12.996,1.0,960,540,1,294.68,442.99,47,60,3.361,1400.0,1400.0,,,,0.279
floor5,px540,map,14,839,13.997,1.0,960,540,1,294.58,438.68,55,61,2.726,1400.0,1400.0,,,,0.277
floor5,px540,map,15,899,14.998,1.0,960,540,1,294.67,434.49,49,54,3.218,1400.0,1400.0,,,,0.275
floor5,px540,map,16,959,15.999,1.0,960,540,1,295.21,430.25,56,67,3.202,1400.0,1400.0,,,,0.267
floor5,px540,map,17,1019,17.0,1.0,960,540,1,295.88,425.96,55,63,2.922,1400.0,1400.0,,,,0.278
floor5,px540,map,18,1079,18.001,1.0,960,540,1,296.43,421.54,55,68,3.067,1400.0,1400.0,,,,0.272
floor5,px540,map,19,1139,19.002,1.0,960,540,1,296.39,416.78,56,63,2.616,1400.0,1400.0,,,,0.266
floor5,px540,map,20,1199,20.003,1.0,960,540,1,296.49,411.84,66,73,3.931,1400.0,1400.0,,,,0.263
floor5,px540,map,21,1259,21.004,1.0,960,540,1,296.12,406.2,74,82,3.756,1400.0,1400.0,,,,0.271
floor5,px540,map,22,1319,22.005,1.0,960,540,1,295.89,401.32,74,82,3.223,1400.0,1400.0,,,,0.273
floor5,px540,map,23,1379,23.006,1.0,960,540,1,295.79,396.56,75,83,3.142,1400.0,1400.0,,,,0.256
floor5,px540,map,24,1439,24.007,1.0,960,540,1,295.8,391.75,84,89,3.252,1400.0,1400.0,,,,0.251
floor5,px540,map,25,1499,25.008,1.0,960,540,1,295.37,386.79,121,131,2.429,1400.0,1400.0,,,,0.257
floor5,px540,map,26,1558,25.993,1.0,960,540,1,295.18,382.06,143,156,2.35,1400.0,1400.0,,,,0.261
floor5,px540,map,27,1618,26.994,1.0,960,540,1,295.37,377.25,134,150,2.416,1400.0,1400.0,,,,0.258
floor5,px540,map,28,1678,27.995,1.0,960,540,1,295.46,372.34,135,145,2.573,1400.0,1400.0,,,,0.253
floor5,px540,map,29,1738,28.996,1.0,960,540,1,294.96,367.37,137,150,2.82,1400.0,1400.0,,,,0.272
floor5,px540,map,30,1798,29.997,1.0,960,540,1,294.5,362.21,82,97,2.57,1400.0,1400.0,,,,0.273
floor5,px540,map,31,1858,30.998,1.0,960,540,1,294.35,356.82,75,92,3.285,1400.0,1400.0,,,,0.274
floor5,px540,map,32,1918,31.999,1.0,960,540,1,294.39,351.88,80,97,2.606,1400.0,1400.0,,,,0.268
floor5,px540,map,33,1978,33.0,1.0,960,540,1,294.2,346.83,77,90,3.599,1400.0,1400.0,,,,0.264
floor5,px540,map,34,2038,34.001,1.0,960,540,1,293.81,341.62,71,93,3.092,1400.0,1400.0,,,,0.255
floor5,px540,map,35,2098,35.002,1.0,960,540,1,293.07,336.66,80,97,3.118,1400.0,1400.0,,,,0.246
floor5,px540,map,36,2158,36.003,1.0,960,540,1,292.82,331.55,83,97,3.025,1400.0,1400.0,,,,0.268
floor5,px540,map,37,2218,37.004,1.0,960,540,1,292.63,326.32,73,80,2.985,1400.0,1400.0,,,,0.277
floor5,px540,map,38,2278,38.005,1.0,960,540,1,292.28,321.39,81,93,3.33,1400.0,1400.0,,,,0.287
floor5,px540,map,39,2338,39.006,1.0,960,540,1,292.01,316.13,80,91,3.36,1400.0,1400.0,,,,0.314
floor5,px540,map,40,2398,40.007,1.0,960,540,1,292.07,310.75,77,100,2.877,1400.0,1400.0,,,,0.353
floor5,px540,map,41,2458,41.008,1.0,960,540,1,292.06,305.48,93,102,3.805,1400.0,1400.0,,,,0.314
floor5,px540,map,42,2517,41.992,1.0,960,540,1,291.98,300.58,85,101,4.232,1400.0,1400.0,,,,0.307
floor5,px540,map,43,2577,42.993,1.0,960,540,1,292.01,295.45,96,105,3.932,1400.0,1400.0,,,,0.316
floor5,px540,map,44,2637,43.994,1.0,960,540,1,292.24,290.44,101,113,3.662,1400.0,1400.0,,,,0.312
floor5,px540,map,45,2697,44.995,1.0,960,540,1,292.31,285.31,92,101,3.178,1400.0,1400.0,,,,0.325
floor5,px540,map,46,2757,45.996,1.0,960,540,1,292.3,280.3,82,93,2.906,1400.0,1400.0,,,,0.303
floor5,px540,map,47,2817,46.997,1.0,960,540,1,292.08,275.47,96,102,2.676,1400.0,1400.0,,,,0.314
floor5,px540,map,48,2877,47.998,1.0,960,540,1,291.8,270.55,100,110,2.739,1400.0,1400.0,,,,0.353
floor5,px540,map,49,2937,48.999,1.0,960,540,1,291.55,265.54,124,129,2.973,1400.0,1400.0,,,,0.348
floor5,px540,map,50,2997,50.0,1.0,960,540,1,291.5,260.5,100,126,2.459,1400.0,1400.0,,,,0.312
floor5,px540,map,51,3057,51.001,1.0,960,540,1,291.19,255.63,123,139,3.111,1400.0,1400.0,,,,0.35
floor5,px540,map,52,3117,52.002,1.0,960,540,1,290.73,250.85,101,122,2.894,1400.0,1400.0,,,,0.323
floor5,px540,map,53,3177,53.003,1.0,960,540,1,290.23,245.63,100,128,3.022,1400.0,1400.0,,,,0.297
floor5,px540,map,54,3237,54.004,1.0,960,540,1,289.27,241.0,90,117,3.612,1400.0,1400.0,,,,0.328
floor5,px540,map,55,3297,55.005,1.0,960,540,1,287.38,236.47,106,127,3.284,1400.0,1400.0,,,,0.322
floor5,px540,map,56,3357,56.006,1.0,960,540,1,284.51,233.39,108,130,2.973,1400.0,1400.0,,,,0.339
floor5,px540,map,57,3417,57.007,1.0,960,540,1,281.19,230.81,119,125,3.969,1400.0,1400.0,,,,0.287
floor5,px540,map,58,3477,58.008,1.0,960,540,1,276.67,229.14,122,137,2.939,1400.0,1400.0,,,,0.312
floor5,px540,map,59,3536,58.992,1.0,960,540,1,271.94,228.17,95,110,2.596,1400.0,1400.0,,,,0.298
floor5,px540,map,60,3596,59.993,1.0,960,540,1,266.87,227.5,91,107,3.104,1400.0,1400.0,,,,0.335
floor5,px540,map,61,3656,60.994,1.0,960,540,1,262.0,227.04,89,103,2.555,1400.0,1400.0,,,,0.317
floor5,px540,map,62,3716,61.995,1.0,960,540,1,257.45,226.4,70,82,3.049,1400.0,1400.0,,,,0.35
floor5,px540,map,63,3776,62.996,1.0,960,540,1,252.92,225.78,96,112,2.949,1400.0,1400.0,,,,0.306
floor5,px540,map,64,3836,63.997,1.0,960,540,1,248.98,225.1,121,130,2.663,1400.0,1400.0,,,,0.282
floor5,px540,map,65,3896,64.998,1.0,960,540,1,244.57,224.44,133,144,2.493,1400.0,1400.0,,,,0.296
floor5,px540,map,66,3956,65.999,1.0,960,540,1,239.94,223.86,121,127,2.206,1400.0,1400.0,,,,0.289
floor5,px540,map,67,4016,67.0,1.0,960,540,1,235.29,223.35,128,141,2.65,1400.0,1400.0,,,,0.315
floor5,px540,map,68,4076,68.001,1.0,960,540,1,230.76,222.59,116,123,2.109,1400.0,1400.0,,,,0.363
floor5,px540,map,69,4136,69.002,1.0,960,540,1,226.09,221.69,94,107,2.548,1400.0,1400.0,,,,0.327
floor5,px540,map,70,4196,70.003,1.0,960,540,1,221.46,220.97,89,109,2.427,1400.0,1400.0,,,,0.316
floor5,px540,map,71,4256,71.004,1.0,960,540,1,217.36,220.86,96,101,2.528,1400.0,1400.0,,,,0.297
floor5,px540,map,72,4316,72.005,1.0,960,540,1,213.76,221.12,65,77,2.679,1400.0,1400.0,,,,0.286
floor5,px540,map,73,4376,73.006,1.0,960,540,1,210.3,221.31,41,59,4.499,1400.0,1400.0,,,,0.288
floor5,px540,map,74,4436,74.007,1.0,960,540,1,207.67,220.2,13,27,3.206,1400.0,1400.0,,,,0.258
floor5,px540,map,75,4496,75.008,1.0,960,540,0,,,0,0,,1400.0,1400.0,,,,0.271
floor5,px540,map,76,4555,75.993,1.0,960,540,1,208.27,198.25,23,33,4.101,1400.0,1400.0,,,,0.287
floor5,px540,map,77,4615,76.994,1.0,960,540,1,207.77,195.04,68,89,4.224,1400.0,1400.0,,,,0.261
floor5,px540,map,78,4675,77.995,1.0,960,540,1,207.78,191.6,71,95,3.358,1400.0,1400.0,,,,0.291
floor5,px540,map,79,4735,78.996,1.0,960,540,1,207.67,188.0,74,89,3.614,1400.0,1400.0,,,,0.256
floor5,px540,map,80,4795,79.997,1.0,960,540,1,206.8,184.13,67,93,3.427,1400.0,1400.0,,,,0.249
floor5,px540,map,81,4855,80.998,1.0,960,540,1,205.91,180.27,89,106,3.306,1400.0,1400.0,,,,0.246
floor5,px540,map,82,4915,81.999,1.0,960,540,1,204.95,176.37,102,117,2.662,1400.0,1400.0,,,,0.246
floor5,px540,map,83,4975,83.0,1.0,960,540,1,203.96,172.39,114,123,3.122,1400.0,1400.0,,,,0.245
floor5,px540,map,84,5035,84.001,1.0,960,540,1,203.21,168.27,100,117,3.107,1400.0,1400.0,,,,0.242
floor5,px540,map,85,5095,85.002,1.0,960,540,1,202.84,163.95,91,99,2.573,1400.0,1400.0,,,,0.259
floor5,px540,map,86,5155,86.003,1.0,960,540,1,202.88,159.6,109,132,3.375,1400.0,1400.0,,,,0.261
floor5,px540,map,87,5215,87.004,1.0,960,540,1,202.83,155.63,119,132,2.778,1400.0,1400.0,,,,0.256
floor5,px540,map,88,5275,88.005,1.0,960,540,1,203.02,151.42,123,130,2.614,1400.0,1400.0,,,,0.26
floor5,px540,map,89,5335,89.006,1.0,960,540,1,203.17,147.2,113,123,2.622,1400.0,1400.0,,,,0.257
floor5,px540,map,90,5395,90.007,1.0,960,540,1,203.13,142.69,118,127,3.433,1400.0,1400.0,,,,0.243
floor5,px540,map,91,5455,91.008,1.0,960,540,1,203.06,138.13,102,109,3.23,1400.0,1400.0,,,,0.237
floor5,px540,map,92,5514,91.992,1.0,960,540,1,202.86,133.8,99,119,3.632,1400.0,1400.0,,,,0.239
floor5,px540,map,93,5574,92.993,1.0,960,540,1,202.79,129.42,112,127,2.949,1400.0,1400.0,,,,0.246
floor5,px540,map,94,5634,93.994,1.0,960,540,1,202.85,125.03,128,137,2.517,1400.0,1400.0,,,,0.239
floor5,px540,map,95,5694,94.995,1.0,960,540,1,202.96,120.6,122,130,2.822,1400.0,1400.0,,,,0.231
floor5,px540,map,96,5754,95.996,1.0,960,540,1,203.23,116.19,122,129,2.794,1400.0,1400.0,,,,0.254
floor5,px540,map,97,5814,96.997,1.0,960,540,1,203.61,111.94,123,131,2.566,1400.0,1400.0,,,,0.264
floor5,px540,map,98,5874,97.998,1.0,960,540,1,203.49,107.84,127,137,2.974,1400.0,1400.0,,,,0.268
floor5,px540,map,99,5934,98.999,1.0,960,540,1,203.27,103.39,113,137,2.959,1400.0,1400.0,,,,0.286
floor5,px540,map,100,5994,100.0,1.0,960,540,1,203.11,99.1,105,115,2.751,1400.0,1400.0,,,,0.263
floor5,px540,map,101,6054,101.001,1.0,960,540,1,203.48,94.83,109,116,2.805,1400.0,1400.0,,,,0.238
floor5,px540,map,102,6114,102.002,1.0,960,540,1,203.46,90.51,99,109,2.332,1400.0,1400.0,,,,0.261
floor5,px540,map,103,6174,103.003,1.0,960,540,1,203.11,86.4,112,119,2.811,1400.0,1400.0,,,,0.265
floor5,px540,map,104,6234,104.004,1.0,960,540,1,202.85,82.25,113,121,3.2,1400.0,1400.0,,,,0.259
floor5,px540,map,105,6294,105.005,1.0,960,540,1,202.41,78.15,93,97,3.055,1400.0,1400.0,,,,0.27
floor5,px540,map,106,6354,106.006,1.0,960,540,1,203.87,77.1,93,110,2.733,1400.0,1400.0,,,,0.279
floor5,px540,map,107,6414,107.007,1.0,960,540,1,203.6,73.09,82,92,3.296,1400.0,1400.0,,,,0.284
floor5,px540,map,108,6474,108.008,1.0,960,540,1,203.4,69.19,98,117,2.742,1400.0,1400.0,,,,0.281
floor5,px540,map,109,6533,108.992,1.0,960,540,1,202.89,65.45,103,109,2.73,1400.0,1400.0,,,,0.272
floor5,px540,map,110,6593,109.993,1.0,960,540,1,202.59,61.47,89,99,2.879,1400.0,1400.0,,,,0.265
floor5,px540,map,111,6653,110.994,1.0,960,540,1,202.54,57.43,67,86,4.014,1400.0,1400.0,,,,0.267
floor5,px540,map,112,6713,111.995,1.0,960,540,1,201.98,54.29,77,88,3.875,1400.0,1400.0,,,,0.268
floor5,px540,map,113,6773,112.996,1.0,960,540,1,201.67,51.46,60,82,3.016,1400.0,1400.0,,,,0.276
floor5,px540,map,114,6833,113.997,1.0,960,540,1,201.98,49.14,52,77,3.688,1400.0,1400.0,,,,0.278
floor5,px540,map,115,6893,114.998,1.0,960,540,1,203.01,46.6,21,30,3.08,1400.0,1400.0,,,,0.288
floor5,px540,map,116,6953,115.999,1.0,960,540,1,205.32,49.58,11,22,3.345,1400.0,1400.0,,,,0.335
floor5,px540,map,117,7013,117.0,1.0,960,540,1,207.14,44.63,26,45,2.796,1400.0,1400.0,,,,0.327
floor5,px540,map,118,7073,118.001,1.0,960,540,1,209.38,47.1,52,76,2.611,1400.0,1400.0,,,,0.289
floor5,px540,map,119,7133,119.002,1.0,960,540,1,210.64,50.96,72,107,2.617,1400.0,1400.0,,,,0.285
floor5,px540,map,120,7193,120.003,1.0,960,540,1,210.81,55.1,92,101,2.979,1400.0,1400.0,,,,0.272
floor5,px540,map,121,7253,121.004,1.0,960,540,1,210.55,59.33,105,119,2.235,1400.0,1400.0,,,,0.273
floor5,px540,map,122,7313,122.005,1.0,960,540,1,210.19,63.43,118,124,3.239,1400.0,1400.0,,,,0.263
floor5,px540,map,123,7373,123.006,1.0,960,540,1,210.2,67.58,116,132,3.296,1400.0,1400.0,,,,0.275
floor5,px540,map,124,7433,124.007,1.0,960,540,1,209.97,71.94,122,139,3.137,1400.0,1400.0,,,,0.265
floor5,px540,map,125,7493,125.008,1.0,960,540,1,209.9,76.45,107,126,2.932,1400.0,1400.0,,,,0.278
floor5,px540,map,126,7552,125.993,1.0,960,540,1,209.82,80.68,117,139,3.665,1400.0,1400.0,,,,0.28
floor5,px540,map,127,7612,126.994,1.0,960,540,1,209.58,84.95,114,128,3.376,1400.0,1400.0,,,,0.267
floor5,px540,map,128,7672,127.995,1.0,960,540,1,209.74,89.47,100,111,3.369,1400.0,1400.0,,,,0.261
floor5,px540,map,129,7732,128.996,1.0,960,540,1,209.65,93.89,122,130,2.752,1400.0,1400.0,,,,0.242
floor5,px540,map,130,7792,129.997,1.0,960,540,1,209.36,97.27,82,88,3.041,1400.0,1400.0,,,,0.231
floor5,px540,map,131,7852,130.998,1.0,960,540,1,209.25,103.14,102,112,2.891,1400.0,1400.0,,,,0.232
floor5,px540,map,132,7912,131.999,1.0,960,540,1,208.94,109.07,108,116,2.622,1400.0,1400.0,,,,0.238
floor5,px540,map,133,7972,133.0,1.0,960,540,1,208.66,114.95,124,134,2.481,1400.0,1400.0,,,,0.237
floor5,px540,map,134,8032,134.001,1.0,960,540,1,208.68,120.64,122,137,2.575,1400.0,1400.0,,,,0.245
floor5,px540,map,135,8092,135.002,1.0,960,540,1,208.91,126.17,132,159,2.857,1400.0,1400.0,,,,0.261
floor5,px540,map,136,8152,136.003,1.0,960,540,1,209.13,131.64,119,138,2.837,1400.0,1400.0,,,,0.268
floor5,px540,map,137,8212,137.004,1.0,960,540,1,209.2,137.38,83,101,4.319,1400.0,1400.0,,,,0.271
floor5,px540,map,138,8272,138.005,1.0,960,540,1,208.99,142.89,79,93,4.074,1400.0,1400.0,,,,0.271
floor5,px540,map,139,8332,139.006,1.0,960,540,1,209.08,148.3,90,104,5.276,1400.0,1400.0,,,,0.262
floor5,px540,map,140,8392,140.007,1.0,960,540,1,209.13,153.34,82,91,2.869,1400.0,1400.0,,,,0.252
floor5,px540,map,141,8452,141.008,1.0,960,540,1,209.01,158.7,91,101,2.687,1400.0,1400.0,,,,0.255
floor5,px540,map,142,8511,141.992,1.0,960,540,1,208.99,164.2,94,107,3.41,1400.0,1400.0,,,,0.258
floor5,px540,map,143,8571,142.993,1.0,960,540,1,209.06,169.8,70,81,3.166,1400.0,1400.0,,,,0.258
floor5,px540,map,144,8631,143.994,1.0,960,540,1,209.02,175.14,78,82,2.854,1400.0,1400.0,,,,0.266
floor5,px540,map,145,8691,144.995,1.0,960,540,1,208.96,180.42,101,114,2.895,1400.0,1400.0,,,,0.274
floor5,px540,map,146,8751,145.996,1.0,960,540,1,209.32,185.9,99,116,3.284,1400.0,1400.0,,,,0.27
floor5,px540,map,147,8811,146.997,1.0,960,540,1,209.24,191.3,74,91,3.411,1400.0,1400.0,,,,0.261
floor5,px540,map,148,8871,147.998,1.0,960,540,1,209.14,196.56,66,69,3.758,1400.0,1400.0,,,,0.276
floor5,px540,map,149,8931,148.999,1.0,960,540,1,209.09,201.77,57,67,2.467,1400.0,1400.0,,,,0.274
floor5,px540,map,150,8991,150.0,1.0,960,540,1,209.21,207.07,69,77,2.921,1400.0,1400.0,,,,0.266
floor5,px540,map,151,9051,151.001,1.0,960,540,1,209.27,212.42,51,56,2.579,1400.0,1400.0,,,,0.272
floor5,px540,map,152,9111,152.002,1.0,960,540,1,209.42,217.49,50,56,3.234,1400.0,1400.0,,,,0.269
floor5,px540,map,153,9171,153.003,1.0,960,540,1,209.62,222.67,38,46,3.242,1400.0,1400.0,,,,0.279
floor5,px540,map,154,9231,154.004,1.0,960,540,1,209.58,227.89,29,37,3.65,1400.0,1400.0,,,,0.287
floor5,px540,map,155,9291,155.005,1.0,960,540,1,209.73,233.19,19,33,4.241,1400.0,1400.0,,,,0.284
floor5,px540,map,156,9351,156.006,1.0,960,540,1,204.5,225.73,81,87,2.541,1400.0,1400.0,,,,0.331
floor5,px540,map,157,9411,157.007,1.0,960,540,1,204.8,231.28,107,115,2.65,1400.0,1400.0,,,,0.323
floor5,px540,map,158,9471,158.008,1.0,960,540,1,204.75,236.49,96,104,2.604,1400.0,1400.0,,,,0.337
floor5,px540,map,159,9530,158.992,1.0,960,540,1,204.82,241.92,103,120,3.122,1400.0,1400.0,,,,0.321
floor5,px540,map,160,9590,159.993,1.0,960,540,1,205.08,247.55,103,118,3.037,1400.0,1400.0,,,,0.342
floor5,px540,map,161,9650,160.994,1.0,960,540,1,205.27,253.37,106,111,2.811,1400.0,1400.0,,,,0.335
floor5,px540,map,162,9710,161.995,1.0,960,540,1,205.49,258.8,98,116,3.187,1400.0,1400.0,,,,0.314
floor5,px540,map,163,9770,162.996,1.0,960,540,1,205.93,264.16,93,113,3.035,1400.0,1400.0,,,,0.327
floor5,px540,map,164,9830,163.997,1.0,960,540,1,206.25,269.31,97,126,3.036,1400.0,1400.0,,,,0.322
floor5,px540,map,165,9890,164.998,1.0,960,540,1,206.57,274.4,106,120,3.405,1400.0,1400.0,,,,0.329
floor5,px540,map,166,9950,165.999,1.0,960,540,1,206.79,280.03,114,126,3.153,1400.0,1400.0,,,,0.302
floor5,px540,map,167,10010,167.0,1.0,960,540,1,206.82,285.84,103,118,3.013,1400.0,1400.0,,,,0.29
floor5,px540,map,168,10070,168.001,1.0,960,540,1,206.76,291.25,87,110,3.24,1400.0,1400.0,,,,0.322
floor5,px540,map,169,10130,169.002,1.0,960,540,1,206.97,296.67,103,121,3.405,1400.0,1400.0,,,,0.34
floor5,px540,map,170,10190,170.003,1.0,960,540,1,207.12,302.1,97,109,3.721,1400.0,1400.0,,,,0.335
floor5,px540,map,171,10250,171.004,1.0,960,540,1,207.1,307.55,96,113,3.208,1400.0,1400.0,,,,0.317
floor5,px540,map,172,10310,172.005,1.0,960,540,1,207.6,312.66,61,84,3.463,1400.0,1400.0,,,,0.311
floor5,px540,map,173,10370,173.006,1.0,960,540,1,207.62,318.2,88,94,2.545,1400.0,1400.0,,,,0.348
floor5,px540,map,174,10430,174.007,1.0,960,540,1,207.71,323.74,73,87,2.876,1400.0,1400.0,,,,0.349
floor5,px540,map,175,10490,175.008,1.0,960,540,1,207.82,329.21,78,92,3.052,1400.0,1400.0,,,,0.337
floor5,px540,map,176,10549,175.992,1.0,960,540,1,208.02,334.7,81,88,3.543,1400.0,1400.0,,,,0.309
floor5,px540,map,177,10609,176.993,1.0,960,540,1,208.2,340.07,85,90,2.635,1400.0,1400.0,,,,0.289
floor5,px540,map,178,10669,177.994,1.0,960,540,1,208.05,345.41,103,109,2.941,1400.0,1400.0,,,,0.322
floor5,px540,map,179,10729,178.995,1.0,960,540,1,208.22,350.9,93,101,3.794,1400.0,1400.0,,,,0.294
floor5,px540,map,180,10789,179.996,1.0,960,540,1,208.57,355.87,99,105,3.776,1400.0,1400.0,,,,0.287
floor5,px540,map,181,10849,180.997,1.0,960,540,1,208.75,361.16,95,105,3.309,1400.0,1400.0,,,,0.293
floor5,px540,map,182,10909,181.998,1.0,960,540,1,208.91,366.47,81,93,4.19,1400.0,1400.0,,,,0.29
floor5,px540,map,183,10969,182.999,1.0,960,540,1,210.08,353.19,195,210,2.779,1400.0,1400.0,,,,0.263
floor5,px540,map,184,11029,184.0,1.0,960,540,1,210.29,357.61,140,177,3.021,1400.0,1400.0,,,,0.281
floor5,px540,map,185,11089,185.001,1.0,960,540,1,210.13,361.84,94,107,2.273,1400.0,1400.0,,,,0.272
floor5,px540,map,186,11149,186.002,1.0,960,540,1,210.2,366.04,127,136,3.019,1400.0,1400.0,,,,0.271
floor5,px540,map,187,11209,187.003,1.0,960,540,1,210.43,370.31,117,126,2.803,1400.0,1400.0,,,,0.259
floor5,px540,map,188,11269,188.004,1.0,960,540,1,210.72,374.5,96,104,2.776,1400.0,1400.0,,,,0.295
floor5,px540,map,189,11329,189.005,1.0,960,540,1,210.8,378.65,93,109,2.719,1400.0,1400.0,,,,0.278
floor5,px540,map,190,11389,190.006,1.0,960,540,1,210.88,382.48,101,109,2.455,1400.0,1400.0,,,,0.291
floor5,px540,map,191,11449,191.007,1.0,960,540,1,210.54,386.27,116,132,3.208,1400.0,1400.0,,,,0.256
floor5,px540,map,192,11508,191.992,1.0,960,540,1,210.15,390.2,104,117,3.643,1400.0,1400.0,,,,0.286
floor5,px540,map,193,11568,192.993,1.0,960,540,1,209.96,394.35,106,120,4.086,1400.0,1400.0,,,,0.259
floor5,px540,map,194,11628,193.994,1.0,960,540,1,210.12,398.45,99,120,2.817,1400.0,1400.0,,,,0.252
floor5,px540,map,195,11688,194.995,1.0,960,540,1,210.49,402.62,114,133,2.719,1400.0,1400.0,,,,0.241
floor5,px540,map,196,11748,195.996,1.0,960,540,1,210.71,406.91,143,157,2.827,1400.0,1400.0,,,,0.261
floor5,px540,map,197,11808,196.997,1.0,960,540,1,210.69,410.96,142,150,2.555,1400.0,1400.0,,,,0.261
floor5,px540,map,198,11868,197.998,1.0,960,540,1,210.82,415.01,128,137,2.467,1400.0,1400.0,,,,0.252
floor5,px540,map,199,11928,198.999,1.0,960,540,1,211.24,419.09,136,146,2.831,1400.0,1400.0,,,,0.249
floor5,px540,map,200,11988,200.0,1.0,960,540,1,211.64,423.02,99,103,3.071,1400.0,1400.0,,,,0.257
floor5,px540,map,201,12048,201.001,1.0,960,540,1,211.86,426.72,109,122,2.852,1400.0,1400.0,,,,0.254
floor5,px540,map,202,12108,202.002,1.0,960,540,1,212.13,430.24,116,121,2.605,1400.0,1400.0,,,,0.268
floor5,px540,map,203,12168,203.003,1.0,960,540,1,212.38,433.46,117,123,2.959,1400.0,1400.0,,,,0.272
floor5,px540,map,204,12228,204.004,1.0,960,540,1,212.37,435.85,116,133,3.306,1400.0,1400.0,,,,0.269
floor5,px540,map,205,12288,205.005,1.0,960,540,1,212.51,437.41,74,90,3.338,1400.0,1400.0,,,,0.255
floor5,px540,map,206,12348,206.006,1.0,960,540,1,212.01,438.53,45,56,3.398,1400.0,1400.0,,,,0.263
floor5,px540,map,207,12408,207.007,1.0,960,540,1,211.85,451.43,36,56,2.939,1400.0,1400.0,,,,0.242
floor5,px540,map,208,12468,208.008,1.0,960,540,1,293.46,465.34,40,89,3.869,1400.0,1400.0,,,,0.319
floor5,px540,map,209,12527,208.992,1.0,960,540,1,295.1,463.95,34,68,3.68,1400.0,1400.0,,,,0.336
floor5,px540,map,210,12587,209.993,1.0,960,540,0,,,0,0,,1400.0,1400.0,,,,0.239
floor5,px540,map,211,12647,210.994,1.0,960,540,1,206.67,437.98,30,60,3.461,1400.0,1400.0,,,,0.29
floor5,px540,map,212,12707,211.995,1.0,960,540,1,206.21,437.47,41,68,3.76,1400.0,1400.0,,,,0.273
floor5,px540,map,213,12767,212.996,1.0,960,540,1,205.38,436.44,55,81,5.474,1400.0,1400.0,,,,0.253
floor5,px540,map,214,12827,213.997,1.0,960,540,1,205.66,434.99,78,94,2.892,1400.0,1400.0,,,,0.272
floor5,px540,map,215,12887,214.998,1.0,960,540,1,205.81,432.59,87,91,3.427,1400.0,1400.0,,,,0.26
floor5,px540,map,216,12947,215.999,1.0,960,540,1,206.32,429.26,91,94,3.725,1400.0,1400.0,,,,0.267
floor5,px540,map,217,13007,217.0,1.0,960,540,1,206.52,425.21,61,67,3.367,1400.0,1400.0,,,,0.267
floor5,px540,map,218,13067,218.001,1.0,960,540,1,207.04,420.92,68,82,3.719,1400.0,1400.0,,,,0.273
floor5,px540,map,219,13127,219.002,1.0,960,540,1,207.45,416.7,72,80,3.035,1400.0,1400.0,,,,0.275
floor5,px540,map,220,13187,220.003,1.0,960,540,1,207.63,412.42,68,80,3.086,1400.0,1400.0,,,,0.271
floor5,px540,map,221,13247,221.004,1.0,960,540,1,207.39,407.93,59,68,4.924,1400.0,1400.0,,,,0.27
floor5,px540,map,222,13307,222.005,1.0,960,540,1,207.12,403.57,55,64,3.448,1400.0,1400.0,,,,0.269
floor5,px540,map,223,13367,223.006,1.0,960,540,1,207.17,399.29,61,72,3.493,1400.0,1400.0,,,,0.272
floor5,px540,map,224,13427,224.007,1.0,960,540,1,207.13,395.37,55,67,2.854,1400.0,1400.0,,,,0.274
floor5,px540,map,225,13487,225.008,1.0,960,540,1,206.92,391.5,65,76,3.331,1400.0,1400.0,,,,0.274
floor5,px540,map,226,13546,225.992,1.0,960,540,1,206.66,387.64,57,72,3.608,1400.0,1400.0,,,,0.303
floor5,px540,map,227,13606,226.993,1.0,960,540,1,206.3,383.89,36,56,3.823,1400.0,1400.0,,,,0.282
floor5,px540,map,228,13666,227.994,1.0,960,540,1,205.48,379.77,36,45,3.849,1400.0,1400.0,,,,0.268
floor5,px540,map,229,13726,228.995,1.0,960,540,1,205.12,375.3,59,69,3.317,1400.0,1400.0,,,,0.282
floor5,px540,map,230,13786,229.996,1.0,960,540,1,205.23,370.92,56,66,2.722,1400.0,1400.0,,,,0.285
floor5,px540,map,231,13846,230.997,1.0,960,540,1,205.34,366.25,50,65,3.506,1400.0,1400.0,,,,0.295
floor5,px540,map,232,13906,231.998,1.0,960,540,1,205.7,361.8,62,75,3.58,1400.0,1400.0,,,,0.27
floor5,px540,map,233,13966,232.999,1.0,960,540,1,206.04,356.74,80,91,4.086,1400.0,1400.0,,,,0.284
floor5,px540,map,234,14026,234.0,1.0,960,540,1,206.33,351.92,76,95,4.015,1400.0,1400.0,,,,0.261
floor5,px540,map,235,14086,235.001,1.0,960,540,1,206.51,347.27,69,87,3.434,1400.0,1400.0,,,,0.268
floor5,px540,map,236,14146,236.002,1.0,960,540,1,206.52,343.03,75,94,3.119,1400.0,1400.0,,,,0.275
floor5,px540,map,237,14206,237.003,1.0,960,540,1,206.36,338.61,73,92,3.529,1400.0,1400.0,,,,0.273
floor5,px540,map,238,14266,238.004,1.0,960,540,1,206.21,334.24,63,96,3.954,1400.0,1400.0,,,,0.264
floor5,px540,map,239,14326,239.005,1.0,960,540,1,206.03,330.31,66,93,3.0,1400.0,1400.0,,,,0.272
floor5,px540,map,240,14386,240.006,1.0,960,540,1,206.18,326.07,59,94,2.721,1400.0,1400.0,,,,0.267
floor5,px540,map,241,14446,241.007,1.0,960,540,1,206.44,321.88,56,85,3.636,1400.0,1400.0,,,,0.276
floor5,px540,map,242,14505,241.992,1.0,960,540,1,205.75,317.07,48,72,3.02,1400.0,1400.0,,,,0.264
floor5,px540,map,243,14565,242.993,1.0,960,540,1,205.41,313.3,49,62,3.379,1400.0,1400.0,,,,0.274
floor5,px540,map,244,14625,243.994,1.0,960,540,1,205.2,308.72,50,67,3.647,1400.0,1400.0,,,,0.264
floor5,px540,map,245,14685,244.995,1.0,960,540,1,205.35,303.87,56,89,3.069,1400.0,1400.0,,,,0.276
floor5,px540,map,246,14745,245.996,1.0,960,540,1,205.21,299.37,54,91,3.505,1400.0,1400.0,,,,0.269
floor5,px540,map,247,14805,246.997,1.0,960,540,1,204.81,294.47,54,79,3.163,1400.0,1400.0,,,,0.269
floor5,px540,map,248,14865,247.998,1.0,960,540,1,204.34,289.62,67,84,4.029,1400.0,1400.0,,,,0.275
floor5,px540,map,249,14925,248.999,1.0,960,540,1,204.43,284.82,82,101,4.452,1400.0,1400.0,,,,0.27
floor5,px540,map,250,14985,250.0,1.0,960,540,1,204.94,280.19,78,106,3.383,1400.0,1400.0,,,,0.276
floor5,px540,map,251,15045,251.001,1.0,960,540,1,205.35,275.51,77,101,3.819,1400.0,1400.0,,,,0.267
floor5,px540,map,252,15105,252.002,1.0,960,540,1,205.55,270.88,74,90,3.098,1400.0,1400.0,,,,0.274
floor5,px540,map,253,15165,253.003,1.0,960,540,1,205.18,266.55,51,64,3.771,1400.0,1400.0,,,,0.271
floor5,px540,map,254,15225,254.004,1.0,960,540,1,204.28,261.99,68,83,3.785,1400.0,1400.0,,,,0.27
floor5,px540,map,255,15285,255.005,1.0,960,540,1,203.53,257.37,77,98,4.492,1400.0,1400.0,,,,0.268
floor5,px540,map,256,15345,256.006,1.0,960,540,1,203.14,252.98,72,84,4.432,1400.0,1400.0,,,,0.265
floor5,px540,map,257,15405,257.007,1.0,960,540,1,202.87,248.56,76,91,4.363,1400.0,1400.0,,,,0.271
floor5,px540,map,258,15465,258.008,1.0,960,540,1,202.87,244.01,88,104,2.871,1400.0,1400.0,,,,0.263
floor5,px540,map,259,15524,258.992,1.0,960,540,1,202.83,239.47,107,122,3.172,1400.0,1400.0,,,,0.254
floor5,px540,map,260,15584,259.993,1.0,960,540,1,203.37,234.85,125,142,3.086,1400.0,1400.0,,,,0.251
floor5,px540,map,261,15644,260.994,1.0,960,540,1,204.32,230.25,138,155,3.39,1400.0,1400.0,,,,0.264
floor5,px540,map,262,15704,261.995,1.0,960,540,1,205.59,225.78,77,110,3.443,1400.0,1400.0,,,,0.264
floor5,px540,map,263,15764,262.996,1.0,960,540,1,206.28,221.68,54,88,3.43,1400.0,1400.0,,,,0.259
floor5,px540,map,264,15824,263.997,1.0,960,540,1,207.27,217.17,60,85,3.645,1400.0,1400.0,,,,0.264
floor5,px540,map,265,15884,264.998,1.0,960,540,1,208.91,212.63,27,51,3.292,1400.0,1400.0,,,,0.273
floor5,px540,map,266,15944,265.999,1.0,960,540,1,212.82,239.12,36,50,4.241,1400.0,1400.0,,,,0.28
floor5,px540,map,267,16004,267.0,1.0,960,540,1,215.1,235.41,37,44,3.747,1400.0,1400.0,,,,0.29
floor5,px540,map,268,16064,268.001,1.0,960,540,1,218.3,233.58,49,57,2.816,1400.0,1400.0,,,,0.266
floor5,px540,map,269,16124,269.002,1.0,960,540,1,222.24,233.22,49,67,3.001,1400.0,1400.0,,,,0.255
floor5,px540,map,270,16184,270.003,1.0,960,540,1,226.89,233.26,58,73,3.654,1400.0,1400.0,,,,0.277
floor5,px540,map,271,16244,271.004,1.0,960,540,1,231.88,234.24,79,92,2.564,1400.0,1400.0,,,,0.267
floor5,px540,map,272,16304,272.005,1.0,960,540,1,236.83,235.19,99,109,2.939,1400.0,1400.0,,,,0.266
floor5,px540,map,273,16364,273.006,1.0,960,540,1,241.56,235.94,105,117,2.665,1400.0,1400.0,,,,0.257
floor5,px540,map,274,16424,274.007,1.0,960,540,1,246.22,236.54,98,108,2.782,1400.0,1400.0,,,,0.256
floor5,px540,map,275,16484,275.008,1.0,960,540,1,250.62,237.38,128,134,2.983,1400.0,1400.0,,,,0.252
floor5,px540,map,276,16543,275.992,1.0,960,540,1,255.17,238.5,128,146,2.73,1400.0,1400.0,,,,0.249
floor5,px540,map,277,16603,276.993,1.0,960,540,1,259.82,239.43,127,138,3.19,1400.0,1400.0,,,,0.245
floor5,px540,map,278,16663,277.994,1.0,960,540,1,264.69,239.75,118,137,3.2,1400.0,1400.0,,,,0.235
floor5,px540,map,279,16723,278.995,1.0,960,540,1,269.85,239.49,93,114,3.994,1400.0,1400.0,,,,0.229
floor5,px540,map,280,16783,279.996,1.0,960,540,1,275.23,239.99,69,87,3.476,1400.0,1400.0,,,,0.228
floor5,px540,map,281,16843,280.997,1.0,960,540,1,279.78,241.2,53,58,2.735,1400.0,1400.0,,,,0.238
floor5,px540,map,282,16903,281.998,1.0,960,540,1,283.87,242.64,67,71,3.014,1400.0,1400.0,,,,0.238
floor5,px540,map,283,16963,282.999,1.0,960,540,1,287.61,245.33,69,81,4.21,1400.0,1400.0,,,,0.245
floor5,px540,map,284,17023,284.0,1.0,960,540,1,290.25,248.02,100,104,4.021,1400.0,1400.0,,,,0.241
floor5,px540,map,285,17083,285.001,1.0,960,540,1,291.27,251.91,93,103,3.035,1400.0,1400.0,,,,0.238
floor5,px540,map,286,17143,286.002,1.0,960,540,1,291.73,256.63,77,82,2.988,1400.0,1400.0,,,,0.237
floor5,px540,map,287,17203,287.003,1.0,960,540,1,291.99,261.29,71,81,3.177,1400.0,1400.0,,,,0.245
floor5,px540,map,288,17263,288.004,1.0,960,540,1,292.46,265.93,63,75,3.456,1400.0,1400.0,,,,0.252
floor5,px540,map,289,17323,289.005,1.0,960,540,1,292.87,270.59,69,87,4.968,1400.0,1400.0,,,,0.25
floor5,px540,map,290,17383,290.006,1.0,960,540,1,292.8,275.26,56,80,2.672,1400.0,1400.0,,,,0.25
floor5,px540,map,291,17443,291.007,1.0,960,540,1,293.01,279.99,70,86,2.678,1400.0,1400.0,,,,0.253
floor5,px540,map,292,17502,291.992,1.0,960,540,1,292.87,284.83,78,102,3.592,1400.0,1400.0,,,,0.268
floor5,px540,map,293,17562,292.993,1.0,960,540,1,292.28,289.72,95,113,3.326,1400.0,1400.0,,,,0.263
floor5,px540,map,294,17622,293.994,1.0,960,540,1,292.16,294.78,108,123,3.787,1400.0,1400.0,,,,0.253
floor5,px540,map,295,17682,294.995,1.0,960,540,1,292.15,299.79,87,111,3.109,1400.0,1400.0,,,,0.253
floor5,px540,map,296,17742,295.996,1.0,960,540,1,292.28,304.91,83,97,2.78,1400.0,1400.0,,,,0.252
floor5,px540,map,297,17802,296.997,1.0,960,540,1,292.68,309.83,80,99,2.887,1400.0,1400.0,,,,0.257
floor5,px540,map,298,17862,297.998,1.0,960,540,1,292.78,314.82,92,101,2.037,1400.0,1400.0,,,,0.256
floor5,px540,map,299,17922,298.999,1.0,960,540,1,292.64,319.7,90,96,2.205,1400.0,1400.0,,,,0.251
floor5,px540,map,300,17982,300.0,1.0,960,540,1,292.54,324.4,117,125,2.408,1400.0,1400.0,,,,0.255
floor5,px540,map,301,18042,301.001,1.0,960,540,1,292.36,329.25,122,135,2.563,1400.0,1400.0,,,,0.259
floor5,px540,map,302,18102,302.002,1.0,960,540,1,292.48,334.08,128,139,3.088,1400.0,1400.0,,,,0.246
floor5,px540,map,303,18162,303.003,1.0,960,540,1,292.6,339.12,118,128,2.733,1400.0,1400.0,,,,0.261
floor5,px540,map,304,18222,304.004,1.0,960,540,1,292.68,343.94,110,131,2.775,1400.0,1400.0,,,,0.274
floor5,px540,map,305,18282,305.005,1.0,960,540,1,292.69,349.08,103,118,3.388,1400.0,1400.0,,,,0.27
floor5,px540,map,306,18342,306.006,1.0,960,540,1,292.72,353.92,90,99,3.406,1400.0,1400.0,,,,0.256
floor5,px540,map,307,18402,307.007,1.0,960,540,1,293.06,358.65,78,95,2.715,1400.0,1400.0,,,,0.275
floor5,px540,map,308,18462,308.008,1.0,960,540,1,293.47,363.63,68,80,2.846,1400.0,1400.0,,,,0.261
floor5,px540,map,309,18521,308.992,1.0,960,540,1,293.78,368.45,77,92,3.035,1400.0,1400.0,,,,0.266
floor5,px540,map,310,18581,309.993,1.0,960,540,1,293.94,373.42,93,109,3.424,1400.0,1400.0,,,,0.259
floor5,px540,map,311,18641,310.994,1.0,960,540,1,294.11,378.36,87,102,3.76,1400.0,1400.0,,,,0.258
floor5,px540,map,312,18701,311.995,1.0,960,540,1,294.27,383.62,82,97,3.508,1400.0,1400.0,,,,0.256
floor5,px540,map,313,18761,312.996,1.0,960,540,1,294.46,388.54,77,93,3.463,1400.0,1400.0,,,,0.26
floor5,px540,map,314,18821,313.997,1.0,960,540,1,294.72,393.65,74,103,2.632,1400.0,1400.0,,,,0.256
floor5,px540,map,315,18881,314.998,1.0,960,540,1,294.93,398.5,63,96,2.958,1400.0,1400.0,,,,0.256
floor5,px540,map,316,18941,315.999,1.0,960,540,1,295.17,403.05,80,92,2.807,1400.0,1400.0,,,,0.27
floor5,px540,map,317,19001,317.0,1.0,960,540,1,295.36,407.89,89,120,3.222,1400.0,1400.0,,,,0.262
floor5,px540,map,318,19061,318.001,1.0,960,540,1,295.28,412.96,89,109,2.613,1400.0,1400.0,,,,0.263
floor5,px540,map,319,19121,319.002,1.0,960,540,1,295.26,417.48,90,103,3.108,1400.0,1400.0,,,,0.266
floor5,px540,map,320,19181,320.003,1.0,960,540,1,295.32,421.53,86,97,3.221,1400.0,1400.0,,,,0.263
floor5,px540,map,321,19241,321.004,1.0,960,540,1,295.72,425.55,85,99,3.495,1400.0,1400.0,,,,0.259
floor5,px540,map,322,19301,322.005,1.0,960,540,1,296.48,429.71,68,85,4.964,1400.0,1400.0,,,,0.259
floor5,px540,map,323,19361,323.006,1.0,960,540,1,296.98,433.95,54,82,4.129,1400.0,1400.0,,,,0.267
floor5,px540,map,324,19421,324.007,1.0,960,540,1,297.31,437.92,38,47,3.393,1400.0,1400.0,,,,0.259
floor5,px540,map,325,19481,325.008,1.0,960,540,1,297.54,441.96,55,74,4.807,1400.0,1400.0,,,,0.248
floor5,px540,map,326,19540,325.992,1.0,960,540,1,297.76,445.94,50,61,4.069,1400.0,1400.0,,,,0.253
floor5,px540,map,327,19600,326.993,1.0,960,540,1,297.53,449.8,61,94,3.131,1400.0,1400.0,,,,0.261
floor5,px540,map,328,19660,327.994,1.0,960,540,1,297.18,453.56,64,94,3.486,1400.0,1400.0,,,,0.272
floor5,px540,map,329,19720,328.995,1.0,960,540,1,296.45,456.98,37,60,3.795,1400.0,1400.0,,,,0.283
floor5,px540,map,330,19780,329.996,1.0,960,540,1,296.24,460.48,29,44,3.594,1400.0,1400.0,,,,0.292
floor5,px540,map,331,19840,330.997,1.0,960,540,1,296.24,463.83,16,25,4.489,1400.0,1400.0,,,,0.311
floor5,px540,selfcal,0,0,0.0,1.0,960,540,1,286.08,458.79,103,115,2.387,1400.0,1400.0,estimating,1400.0,0,0.228
floor5,px540,selfcal,1,60,1.001,1.0,960,540,1,286.42,459.34,149,153,1.92,1400.0,1400.0,estimating,1949.9,1,0.232
floor5,px540,selfcal,2,120,2.002,1.0,960,540,1,283.9,459.54,83,157,4.199,1949.9,1949.9,estimating,1949.9,2,0.286
floor5,px540,selfcal,3,180,3.003,1.0,960,540,1,284.8,454.73,23,44,5.005,1949.9,1949.9,estimating,1406.7,3,0.32
floor5,px540,selfcal,4,240,4.004,1.0,960,540,1,290.42,462.58,33,48,4.65,1406.7,1406.7,estimating,1396.4,4,0.316
floor5,px540,selfcal,5,300,5.005,1.0,960,540,1,291.74,463.85,113,120,5.51,1396.4,1396.4,estimating,1398.5,5,0.228
floor5,px540,selfcal,6,360,6.006,1.0,960,540,1,293.12,464.5,166,175,3.325,1398.5,1398.5,estimating,1389.9,6,0.242
floor5,px540,selfcal,7,420,7.007,1.0,960,540,1,295.08,463.59,75,111,3.296,1389.9,1389.9,estimating,1381.7,7,0.261
floor5,px540,selfcal,8,480,8.008,1.0,960,540,1,295.33,460.8,72,90,3.047,1381.7,1381.7,estimating,1381.7,8,0.271
floor5,px540,selfcal,9,539,8.992,1.0,960,540,1,295.57,458.01,67,77,2.796,1381.7,1381.7,estimating,1379.4,9,0.267
floor5,px540,selfcal,10,599,9.993,1.0,960,540,1,295.41,454.73,71,80,2.884,1379.4,1379.4,estimating,1379.4,10,0.269
floor5,px540,selfcal,11,659,10.994,1.0,960,540,1,295.31,450.89,70,85,3.5,1379.4,1379.4,estimating,1379.4,11,0.272
floor5,px540,selfcal,12,719,11.995,1.0,960,540,1,295.04,446.84,48,63,3.38,1379.4,1379.4,estimating,1382.7,12,0.274
floor5,px540,selfcal,13,779,12.996,1.0,960,540,1,294.71,442.6,47,60,3.715,1382.7,1382.7,estimating,1385.3,13,0.277
floor5,px540,selfcal,14,839,13.997,1.0,960,540,1,294.59,438.57,53,61,2.484,1385.3,1385.3,estimating,1388.4,14,0.269
floor5,px540,selfcal,15,899,14.998,1.0,960,540,1,294.7,434.26,50,54,2.887,1388.4,1388.4,estimating,1391.3,15,0.267
floor5,px540,selfcal,16,959,15.999,1.0,960,540,1,295.26,430.08,55,67,2.693,1391.3,1391.3,estimating,1393.1,16,0.266
floor5,px540,selfcal,17,1019,17.0,1.0,960,540,1,295.95,425.84,56,63,3.426,1393.1,1393.1,estimating,1394.6,17,0.273
floor5,px540,selfcal,18,1079,18.001,1.0,960,540,1,296.39,421.35,54,68,3.202,1394.6,1394.6,estimating,1396.2,18,0.265
floor5,px540,selfcal,19,1139,19.002,1.0,960,540,1,296.38,416.65,56,63,2.755,1396.2,1396.2,estimating,1398.0,19,0.257
floor5,px540,selfcal,20,1199,20.003,1.0,960,540,1,296.48,411.79,66,73,3.848,1398.0,1398.0,estimating,1399.8,20,0.263
floor5,px540,selfcal,21,1259,21.004,1.0,960,540,1,296.12,406.2,74,82,3.762,1399.8,1399.8,estimating,1401.2,21,0.266
floor5,px540,selfcal,22,1319,22.005,1.0,960,540,1,295.88,401.34,77,82,3.186,1401.2,1401.2,estimating,1402.4,22,0.262
floor5,px540,selfcal,23,1379,23.006,1.0,960,540,1,295.83,396.61,77,84,2.666,1402.4,1402.4,estimating,1403.5,23,0.255
floor5,px540,selfcal,24,1439,24.007,1.0,960,540,1,295.79,391.8,85,89,3.21,1403.5,1403.5,estimating,1406.0,24,0.249
floor5,px540,selfcal,25,1499,25.008,1.0,960,540,1,295.38,386.92,119,131,2.387,1406.0,1406.0,estimating,1408.6,25,0.252
floor5,px540,selfcal,26,1558,25.993,1.0,960,540,1,295.21,382.19,143,164,2.527,1408.6,1408.6,estimating,1410.8,26,0.254
floor5,px540,selfcal,27,1618,26.994,1.0,960,540,1,295.42,377.46,131,150,2.716,1410.8,1410.8,estimating,1410.8,27,0.254
floor5,px540,selfcal,28,1678,27.995,1.0,960,540,1,295.47,372.47,137,145,2.767,1410.8,1410.8,estimating,1410.8,28,0.253
floor5,px540,selfcal,29,1738,28.996,1.0,960,540,1,295.04,367.53,134,150,2.909,1410.8,1410.8,estimating,1410.8,29,0.269
floor5,px540,selfcal,30,1798,29.997,1.0,960,540,1,294.5,362.41,82,97,2.748,1410.8,1410.8,estimating,1410.8,30,0.268
floor5,px540,selfcal,31,1858,30.998,1.0,960,540,1,294.38,356.99,72,90,3.301,1410.8,1410.8,estimating,1409.6,31,0.272
floor5,px540,selfcal,32,1918,31.999,1.0,960,540,1,294.38,352.04,80,99,3.021,1409.6,1409.6,estimating,1409.6,32,0.263
floor5,px540,selfcal,33,1978,33.0,1.0,960,540,1,294.22,347.0,78,90,2.799,1409.6,1409.6,estimating,1409.6,33,0.257
floor5,px540,selfcal,34,2038,34.001,1.0,960,540,1,293.76,342.13,68,88,2.531,1409.6,1409.6,estimating,1407.8,34,0.255
floor5,px540,selfcal,35,2098,35.002,1.0,960,540,1,293.02,336.86,76,89,3.011,1407.8,1407.8,estimating,1407.8,35,0.245
floor5,px540,selfcal,36,2158,36.003,1.0,960,540,1,292.83,331.81,84,97,3.223,1407.8,1407.8,estimating,1407.8,36,0.268
floor5,px540,selfcal,37,2218,37.004,1.0,960,540,1,292.63,326.51,72,80,2.868,1407.8,1407.8,estimating,1407.8,37,0.259
floor5,px540,selfcal,38,2278,38.005,1.0,960,540,1,292.29,321.6,82,93,3.465,1407.8,1407.8,estimating,1407.8,38,0.288
floor5,px540,selfcal,39,2338,39.006,1.0,960,540,1,292.04,316.36,79,91,3.5,1407.8,1407.8,estimating,1409.0,39,0.303
floor5,px540,selfcal,40,2398,40.007,1.0,960,540,1,292.07,310.97,74,100,2.954,1409.0,1409.0,estimating,1409.0,40,0.355
floor5,px540,selfcal,41,2458,41.008,1.0,960,540,1,292.05,305.69,89,102,4.029,1409.0,1409.0,estimating,1409.0,41,0.311
floor5,px540,selfcal,42,2517,41.992,1.0,960,540,1,291.97,300.8,94,101,4.465,1409.0,1409.0,estimating,1409.0,42,0.302
floor5,px540,selfcal,43,2577,42.993,1.0,960,540,1,292.03,295.73,92,105,3.871,1409.0,1409.0,estimating,1409.0,43,0.317
floor5,px540,selfcal,44,2637,43.994,1.0,960,540,1,292.22,290.55,95,112,3.664,1409.0,1409.0,estimating,1409.0,44,0.304
floor5,px540,selfcal,45,2697,44.995,1.0,960,540,1,292.39,285.45,91,112,3.884,1409.0,1409.0,estimating,1409.0,45,0.328
floor5,px540,selfcal,46,2757,45.996,1.0,960,540,1,292.34,280.52,88,103,3.107,1409.0,1409.0,estimating,1409.0,46,0.311
floor5,px540,selfcal,47,2817,46.997,1.0,960,540,1,292.08,275.74,96,102,2.903,1409.0,1409.0,estimating,1407.5,47,0.302
floor5,px540,selfcal,48,2877,47.998,1.0,960,540,1,291.84,270.75,98,110,3.109,1407.5,1407.5,estimating,1406.3,48,0.343
floor5,px540,selfcal,49,2937,48.999,1.0,960,540,1,291.58,265.65,119,129,2.951,1406.3,1406.3,estimating,1406.3,49,0.341
floor5,px540,selfcal,50,2997,50.0,1.0,960,540,1,291.57,260.66,102,126,3.131,1406.3,1406.3,estimating,1406.3,50,0.3
floor5,px540,selfcal,51,3057,51.001,1.0,960,540,1,291.17,255.79,106,129,3.268,1406.3,1406.3,estimating,1405.0,51,0.326
floor5,px540,selfcal,52,3117,52.002,1.0,960,540,1,290.8,251.02,99,122,3.073,1405.0,1405.0,estimating,1405.0,52,0.298
floor5,px540,selfcal,53,3177,53.003,1.0,960,540,1,290.31,245.83,106,128,3.08,1405.0,1405.0,estimating,1403.8,53,0.288
floor5,px540,selfcal,54,3237,54.004,1.0,960,540,1,289.36,241.14,90,117,3.979,1403.8,1403.8,estimating,1403.8,54,0.311
floor5,px540,selfcal,55,3297,55.005,1.0,960,540,1,287.48,236.56,101,117,3.095,1403.8,1403.8,estimating,1402.6,55,0.304
floor5,px540,selfcal,56,3357,56.006,1.0,960,540,1,284.57,233.4,106,130,2.962,1402.6,1402.6,estimating,1402.6,56,0.317
floor5,px540,selfcal,57,3417,57.007,1.0,960,540,1,281.25,230.8,118,125,4.533,1402.6,1402.6,estimating,1402.6,57,0.279
floor5,px540,selfcal,58,3477,58.008,1.0,960,540,1,276.72,229.13,123,137,2.771,1402.6,1402.6,estimating,1401.2,58,0.29
floor5,px540,selfcal,59,3536,58.992,1.0,960,540,1,271.97,228.17,95,110,2.533,1401.2,1401.2,estimating,1401.2,59,0.286
floor5,px540,selfcal,60,3596,59.993,1.0,960,540,1,266.9,227.5,91,107,3.228,1401.2,1401.2,estimating,1401.2,60,0.325
floor5,px540,selfcal,61,3656,60.994,1.0,960,540,1,262.17,227.05,90,102,5.101,1401.2,1401.2,estimating,1401.2,61,0.302
floor5,px540,selfcal,62,3716,61.995,1.0,960,540,1,257.49,226.4,70,82,3.105,1401.2,1401.2,estimating,1401.2,62,0.331
floor5,px540,selfcal,63,3776,62.996,1.0,960,540,1,252.99,225.77,92,100,2.53,1401.2,1401.2,estimating,1401.2,63,0.292
floor5,px540,selfcal,64,3836,63.997,1.0,960,540,1,249.02,225.09,121,130,2.663,1401.2,1401.2,estimating,1401.2,64,0.262
floor5,px540,selfcal,65,3896,64.998,1.0,960,540,1,244.6,224.45,132,144,2.533,1401.2,1401.2,estimating,1401.2,65,0.274
floor5,px540,selfcal,66,3956,65.999,1.0,960,540,1,239.97,223.86,120,127,2.191,1401.2,1401.2,estimating,1401.2,66,0.279
floor5,px540,selfcal,67,4016,67.0,1.0,960,540,1,235.3,223.35,128,141,2.565,1401.2,1401.2,estimating,1401.2,67,0.308
floor5,px540,selfcal,68,4076,68.001,1.0,960,540,1,230.79,222.59,116,123,2.077,1401.2,1401.2,estimating,1401.2,68,0.315
floor5,px540,selfcal,69,4136,69.002,1.0,960,540,1,226.07,221.71,104,119,2.757,1401.2,1401.2,estimating,1401.2,69,0.305
floor5,px540,selfcal,70,4196,70.003,1.0,960,540,1,221.49,220.96,89,109,2.458,1401.2,1401.2,estimating,1401.2,70,0.3
floor5,px540,selfcal,71,4256,71.004,1.0,960,540,1,217.37,220.87,97,101,2.517,1401.2,1401.2,estimating,1401.2,71,0.285
floor5,px540,selfcal,72,4316,72.005,1.0,960,540,1,213.78,221.12,65,77,2.743,1401.2,1401.2,estimating,1401.2,72,0.269
floor5,px540,selfcal,73,4376,73.006,1.0,960,540,1,210.3,221.2,40,59,4.007,1401.2,1401.2,estimating,1401.2,73,0.271
floor5,px540,selfcal,74,4436,74.007,1.0,960,540,1,207.51,220.33,16,33,3.323,1401.2,1401.2,estimating,1401.2,74,0.243
floor5,px540,selfcal,75,4496,75.008,1.0,960,540,0,,,0,0,,1401.2,1401.2,estimating,1401.2,75,0.263
floor5,px540,selfcal,76,4555,75.993,1.0,960,540,1,208.28,198.27,23,33,3.986,1401.2,1401.2,estimating,1401.2,75,0.266
floor5,px540,selfcal,77,4615,76.994,1.0,960,540,1,207.78,195.04,69,89,4.118,1401.2,1401.2,estimating,1401.2,76,0.247
floor5,px540,selfcal,78,4675,77.995,1.0,960,540,1,207.78,191.62,71,95,3.317,1401.2,1401.2,estimating,1401.2,77,0.262
floor5,px540,selfcal,79,4735,78.996,1.0,960,540,1,207.67,188.01,74,89,3.684,1401.2,1401.2,estimating,1401.2,78,0.243
floor5,px540,selfcal,80,4795,79.997,1.0,960,540,1,206.79,184.15,69,93,3.503,1401.2,1401.2,estimating,1401.2,79,0.245
floor5,px540,selfcal,81,4855,80.998,1.0,960,540,1,205.91,180.3,89,106,3.292,1401.2,1401.2,estimating,1401.2,80,0.238
floor5,px540,selfcal,82,4915,81.999,1.0,960,540,1,204.94,176.4,102,117,2.69,1401.2,1401.2,estimating,1402.4,81,0.232
floor5,px540,selfcal,83,4975,83.0,1.0,960,540,1,203.95,172.42,111,123,3.147,1402.4,1402.4,estimating,1402.4,82,0.24
floor5,px540,selfcal,84,5035,84.001,1.0,960,540,1,203.2,168.33,100,117,3.163,1402.4,1402.4,estimating,1402.4,83,0.234
floor5,px540,selfcal,85,5095,85.002,1.0,960,540,1,202.83,164.02,91,99,2.598,1402.4,1402.4,estimating,1402.4,84,0.252
floor5,px540,selfcal,86,5155,86.003,1.0,960,540,1,202.76,159.74,108,132,3.003,1402.4,1402.4,estimating,1402.4,85,0.246
floor5,px540,selfcal,87,5215,87.004,1.0,960,540,1,202.82,155.69,119,132,2.734,1402.4,1402.4,estimating,1402.4,86,0.245
floor5,px540,selfcal,88,5275,88.005,1.0,960,540,1,203.02,151.48,122,130,2.66,1402.4,1402.4,estimating,1402.4,87,0.245
floor5,px540,selfcal,89,5335,89.006,1.0,960,540,1,203.16,147.26,113,123,3.073,1402.4,1402.4,estimating,1402.4,88,0.245
floor5,px540,selfcal,90,5395,90.007,1.0,960,540,1,203.13,142.74,116,126,3.188,1402.4,1402.4,estimating,1400.7,89,0.233
floor5,px540,selfcal,91,5455,91.008,1.0,960,540,1,203.06,138.14,102,109,3.247,1400.7,1400.7,estimating,1400.7,90,0.227
floor5,px540,selfcal,92,5514,91.992,1.0,960,540,1,202.86,133.81,103,119,3.645,1400.7,1400.7,estimating,1399.2,91,0.222
floor5,px540,selfcal,93,5574,92.993,1.0,960,540,1,202.8,129.39,112,127,2.888,1399.2,1399.2,estimating,1398.0,92,0.236
floor5,px540,selfcal,94,5634,93.994,1.0,960,540,1,202.85,124.98,127,137,2.551,1398.0,1398.0,estimating,1398.0,93,0.224
floor5,px540,selfcal,95,5694,94.995,1.0,960,540,1,202.96,120.56,121,130,2.816,1398.0,1398.0,estimating,1398.0,94,0.225
floor5,px540,selfcal,96,5754,95.996,1.0,960,540,1,203.24,116.14,122,129,2.816,1398.0,1398.0,estimating,1399.1,95,0.236
floor5,px540,selfcal,97,5814,96.997,1.0,960,540,1,203.62,111.92,123,131,2.583,1399.1,1399.1,estimating,1399.1,96,0.257
floor5,px540,selfcal,98,5874,97.998,1.0,960,540,1,203.49,107.82,128,137,3.041,1399.1,1399.1,estimating,1400.1,97,0.26
floor5,px540,selfcal,99,5934,98.999,1.0,960,540,1,203.26,103.4,114,137,2.947,1400.1,1400.1,estimating,1400.1,98,0.272
floor5,px540,selfcal,100,5994,100.0,1.0,960,540,1,203.11,99.1,105,115,2.735,1400.1,1400.1,estimating,1400.1,99,0.249
floor5,px540,selfcal,101,6054,101.001,1.0,960,540,1,203.47,94.84,109,116,2.802,1400.1,1400.1,estimating,1400.1,100,0.232
floor5,px540,selfcal,102,6114,102.002,1.0,960,540,1,203.47,90.51,100,109,2.413,1400.1,1400.1,estimating,1400.1,101,0.255
floor5,px540,selfcal,103,6174,103.003,1.0,960,540,1,203.11,86.41,112,119,2.816,1400.1,1400.1,estimating,1400.1,102,0.245
floor5,px540,selfcal,104,6234,104.004,1.0,960,540,1,202.85,82.26,113,121,3.184,1400.1,1400.1,estimating,1401.4,103,0.249
floor5,px540,selfcal,105,6294,105.005,1.0,960,540,1,202.4,78.18,93,97,3.071,1401.4,1401.4,estimating,1401.4,104,0.258
floor5,px540,selfcal,106,6354,106.006,1.0,960,540,1,203.86,77.12,93,110,2.719,1401.4,1401.4,estimating,1401.4,105,0.27
floor5,px540,selfcal,107,6414,107.007,1.0,960,540,1,203.63,73.1,84,97,3.561,1401.4,1401.4,estimating,1401.4,106,0.265
floor5,px540,selfcal,108,6474,108.008,1.0,960,540,1,203.39,69.22,98,117,2.731,1401.4,1401.4,estimating,1401.4,107,0.265
floor5,px540,selfcal,109,6533,108.992,1.0,960,540,1,202.89,65.47,103,109,2.697,1401.4,1401.4,estimating,1402.9,108,0.256
floor5,px540,selfcal,110,6593,109.993,1.0,960,540,1,202.59,61.51,91,99,2.671,1402.9,1402.9,estimating,1402.9,109,0.246
floor5,px540,selfcal,111,6653,110.994,1.0,960,540,1,202.47,57.44,65,82,3.302,1402.9,1402.9,estimating,1404.4,110,0.25
floor5,px540,selfcal,112,6713,111.995,1.0,960,540,1,201.96,54.35,76,88,3.674,1404.4,1404.4,estimating,1404.4,111,0.26
floor5,px540,selfcal,113,6773,112.996,1.0,960,540,1,201.69,51.5,60,82,2.708,1404.4,1404.4,estimating,1406.0,112,0.264
floor5,px540,selfcal,114,6833,113.997,1.0,960,540,1,201.92,49.2,49,74,3.136,1406.0,1406.0,estimating,1407.2,113,0.27
floor5,px540,selfcal,115,6893,114.998,1.0,960,540,1,202.98,46.82,18,30,3.253,1407.2,1407.2,estimating,1409.0,114,0.265
floor5,px540,selfcal,116,6953,115.999,1.0,960,540,1,205.21,49.56,11,22,3.128,1409.0,1409.0,estimating,1409.0,115,0.309
floor5,px540,selfcal,117,7013,117.0,1.0,960,540,1,207.1,44.41,26,45,2.96,1409.0,1409.0,estimating,1409.0,116,0.31
floor5,px540,selfcal,118,7073,118.001,1.0,960,540,1,209.38,46.94,51,76,2.473,1409.0,1409.0,estimating,1409.0,117,0.282
floor5,px540,selfcal,119,7133,119.002,1.0,960,540,1,210.67,50.6,73,107,2.712,1409.0,1409.0,estimating,1409.0,118,0.275
floor5,px540,selfcal,120,7193,120.003,1.0,960,540,1,210.81,54.88,92,101,3.215,1409.0,1409.0,estimating,1409.0,119,0.274
floor5,px540,selfcal,121,7253,121.004,1.0,960,540,1,210.53,59.04,104,119,4.055,1409.0,1409.0,estimating,1405.1,120,0.262
floor5,px540,selfcal,122,7313,122.005,1.0,960,540,1,210.17,63.32,114,124,3.804,1405.1,1405.1,estimating,1402.0,121,0.26
floor5,px540,selfcal,123,7373,123.006,1.0,960,540,1,210.2,67.54,116,132,3.215,1402.0,1402.0,estimating,1399.6,122,0.269
floor5,px540,selfcal,124,7433,124.007,1.0,960,540,1,209.97,71.95,122,139,3.126,1399.6,1399.6,estimating,1399.6,123,0.262
floor5,px540,selfcal,125,7493,125.008,1.0,960,540,1,209.9,76.46,107,126,2.961,1399.6,1399.6,estimating,1399.6,124,0.276
floor5,px540,selfcal,126,7552,125.993,1.0,960,540,1,209.82,80.69,117,139,3.691,1399.6,1399.6,estimating,1399.6,125,0.268
floor5,px540,selfcal,127,7612,126.994,1.0,960,540,1,209.58,84.95,113,128,3.395,1399.6,1399.6,estimating,1399.6,126,0.263
floor5,px540,selfcal,128,7672,127.995,1.0,960,540,1,209.74,89.48,100,111,3.45,1399.6,1399.6,estimating,1399.6,127,0.244
floor5,px540,selfcal,129,7732,128.996,1.0,960,540,1,209.65,93.9,122,130,2.766,1399.6,1399.6,estimating,1399.6,128,0.233
floor5,px540,selfcal,130,7792,129.997,1.0,960,540,1,209.34,97.35,86,97,3.585,1399.6,1399.6,estimating,1400.7,129,0.224
floor5,px540,selfcal,131,7852,130.998,1.0,960,540,1,209.23,103.12,103,112,2.878,1400.7,1400.7,estimating,1400.7,130,0.223
floor5,px540,selfcal,132,7912,131.999,1.0,960,540,1,208.94,109.05,108,116,2.59,1400.7,1400.7,estimating,1401.9,131,0.238
floor5,px540,selfcal,133,7972,133.0,1.0,960,540,1,208.64,114.91,120,134,2.439,1401.9,1401.9,estimating,1401.9,132,0.232
floor5,px540,selfcal,134,8032,134.001,1.0,960,540,1,208.68,120.6,122,137,2.635,1401.9,1401.9,estimating,1401.9,133,0.241
floor5,px540,selfcal,135,8092,135.002,1.0,960,540,1,208.91,126.13,132,159,2.845,1401.9,1401.9,estimating,1401.9,134,0.258
floor5,px540,selfcal,136,8152,136.003,1.0,960,540,1,209.19,131.63,113,145,2.881,1401.9,1401.9,estimating,1401.9,135,0.262
floor5,px540,selfcal,137,8212,137.004,1.0,960,540,1,209.2,137.35,83,101,4.162,1401.9,1401.9,estimating,1401.9,136,0.261
floor5,px540,selfcal,138,8272,138.005,1.0,960,540,1,208.99,142.85,79,93,3.84,1401.9,1401.9,estimating,1401.9,137,0.263
floor5,px540,selfcal,139,8332,139.006,1.0,960,540,1,209.08,148.26,90,104,4.681,1401.9,1401.9,estimating,1401.9,138,0.258
floor5,px540,selfcal,140,8392,140.007,1.0,960,540,1,209.13,153.29,82,91,3.061,1401.9,1401.9,estimating,1401.9,139,0.242
floor5,px540,selfcal,141,8452,141.008,1.0,960,540,1,209.01,158.65,91,101,2.651,1401.9,1401.9,estimating,1403.0,140,0.244
floor5,px540,selfcal,142,8511,141.992,1.0,960,540,1,208.98,164.14,91,107,3.169,1403.0,1403.0,estimating,1404.3,141,0.245
floor5,px540,selfcal,143,8571,142.993,1.0,960,540,1,209.06,169.69,70,81,2.835,1404.3,1404.3,estimating,1404.3,142,0.253
floor5,px540,selfcal,144,8631,143.994,1.0,960,540,1,209.03,175.03,78,82,2.753,1404.3,1404.3,estimating,1405.5,143,0.259
floor5,px540,selfcal,145,8691,144.995,1.0,960,540,1,209.04,180.37,95,98,2.274,1405.5,1405.5,estimating,1405.5,144,0.266
floor5,px540,selfcal,146,8751,145.996,1.0,960,540,1,209.3,185.8,99,116,3.073,1405.5,1405.5,estimating,1405.5,145,0.263
floor5,px540,selfcal,147,8811,146.997,1.0,960,540,1,209.23,191.17,74,91,3.161,1405.5,1405.5,estimating,1405.5,146,0.261
floor5,px540,selfcal,148,8871,147.998,1.0,960,540,1,209.11,196.45,65,69,3.459,1405.5,1405.5,estimating,1405.5,147,0.266
floor5,px540,selfcal,149,8931,148.999,1.0,960,540,1,209.26,201.46,59,75,3.437,1405.5,1405.5,estimating,1406.7,148,0.266
floor5,px540,selfcal,150,8991,150.0,1.0,960,540,1,209.23,206.84,68,77,2.948,1406.7,1406.7,estimating,1406.7,149,0.264
floor5,px540,selfcal,151,9051,151.001,1.0,960,540,1,209.24,212.24,54,56,2.993,1406.7,1406.7,estimating,1407.8,150,0.271
floor5,px540,selfcal,152,9111,152.002,1.0,960,540,1,209.43,217.22,49,56,3.185,1407.8,1407.8,estimating,1407.8,151,0.263
floor5,px540,selfcal,153,9171,153.003,1.0,960,540,1,209.65,222.46,38,46,3.311,1407.8,1407.8,estimating,1407.8,152,0.272
floor5,px540,selfcal,154,9231,154.004,1.0,960,540,1,209.58,227.72,29,37,3.707,1407.8,1407.8,estimating,1407.8,153,0.275
floor5,px540,selfcal,155,9291,155.005,1.0,960,540,1,209.81,232.89,15,24,3.72,1407.8,1407.8,estimating,1407.8,154,0.283
floor5,px540,selfcal,156,9351,156.006,1.0,960,540,1,204.56,225.11,76,87,2.619,1407.8,1407.8,estimating,1406.6,155,0.321
floor5,px540,selfcal,157,9411,157.007,1.0,960,540,1,204.81,231.01,103,115,2.835,1406.6,1406.6,estimating,1405.1,156,0.315
floor5,px540,selfcal,158,9471,158.008,1.0,960,540,1,204.76,236.27,95,104,2.768,1405.1,1405.1,estimating,1403.9,157,0.333
floor5,px540,selfcal,159,9530,158.992,1.0,960,540,1,204.85,241.67,106,120,3.373,1403.9,1403.9,estimating,1402.3,158,0.311
floor5,px540,selfcal,160,9590,159.993,1.0,960,540,1,205.12,247.42,101,118,3.235,1402.3,1402.3,estimating,1400.9,159,0.332
floor5,px540,selfcal,161,9650,160.994,1.0,960,540,1,205.28,253.32,105,111,2.779,1400.9,1400.9,estimating,1398.9,160,0.333
floor5,px540,selfcal,162,9710,161.995,1.0,960,540,1,205.48,258.83,94,116,3.049,1398.9,1398.9,estimating,1398.9,161,0.304
floor5,px540,selfcal,163,9770,162.996,1.0,960,540,1,205.92,264.22,93,113,3.006,1398.9,1398.9,estimating,1397.4,162,0.316
floor5,px540,selfcal,164,9830,163.997,1.0,960,540,1,206.23,269.43,99,126,3.134,1397.4,1397.4,estimating,1395.1,163,0.32
floor5,px540,selfcal,165,9890,164.998,1.0,960,540,1,206.41,274.76,104,120,3.07,1395.1,1395.1,estimating,1393.2,164,0.306
floor5,px540,selfcal,166,9950,165.999,1.0,960,540,1,206.69,280.37,120,126,2.883,1393.2,1393.2,estimating,1391.2,165,0.297
floor5,px540,selfcal,167,10010,167.0,1.0,960,540,1,206.77,286.19,108,118,3.08,1391.2,1391.2,estimating,1390.0,166,0.283
floor5,px540,selfcal,168,10070,168.001,1.0,960,540,1,206.78,291.6,87,110,2.823,1390.0,1390.0,estimating,1390.0,167,0.312
floor5,px540,selfcal,169,10130,169.002,1.0,960,540,1,206.91,297.01,103,121,3.338,1390.0,1390.0,estimating,1390.0,168,0.327
floor5,px540,selfcal,170,10190,170.003,1.0,960,540,1,207.1,302.56,93,109,3.173,1390.0,1390.0,estimating,1390.0,169,0.322
floor5,px540,selfcal,171,10250,171.004,1.0,960,540,1,207.15,308.0,95,113,3.181,1390.0,1390.0,estimating,1390.0,170,0.313
floor5,px540,selfcal,172,10310,172.005,1.0,960,540,1,207.46,313.16,68,90,3.382,1390.0,1390.0,estimating,1390.0,171,0.306
floor5,px540,selfcal,173,10370,173.006,1.0,960,540,1,207.64,318.51,86,100,3.144,1390.0,1390.0,estimating,1390.0,172,0.337
floor5,px540,selfcal,174,10430,174.007,1.0,960,540,1,207.71,324.0,79,89,3.321,1390.0,1390.0,estimating,1390.0,173,0.333
floor5,px540,selfcal,175,10490,175.008,1.0,960,540,1,207.77,329.35,84,95,3.037,1390.0,1390.0,estimating,1390.0,174,0.332
floor5,px540,selfcal,176,10549,175.992,1.0,960,540,1,208.02,334.91,78,88,3.807,1390.0,1390.0,estimating,1390.0,175,0.309
floor5,px540,selfcal,177,10609,176.993,1.0,960,540,1,208.19,340.31,84,90,2.875,1390.0,1390.0,estimating,1390.0,176,0.288
floor5,px540,selfcal,178,10669,177.994,1.0,960,540,1,208.01,345.68,103,109,3.233,1390.0,1390.0,estimating,1390.0,177,0.308
floor5,px540,selfcal,179,10729,178.995,1.0,960,540,1,208.17,351.12,87,101,4.188,1390.0,1390.0,estimating,1391.5,178,0.285
floor5,px540,selfcal,180,10789,179.996,1.0,960,540,1,208.55,356.1,100,105,3.41,1391.5,1391.5,estimating,1392.8,179,0.277
floor5,px540,selfcal,181,10849,180.997,1.0,960,540,1,208.73,361.31,96,105,2.94,1392.8,1392.8,estimating,1392.8,180,0.279
floor5,px540,selfcal,182,10909,181.998,1.0,960,540,1,208.93,366.66,82,93,3.942,1392.8,1392.8,estimating,1393.9,181,0.275
floor5,px540,selfcal,183,10969,182.999,1.0,960,540,1,210.07,353.3,195,210,2.82,1393.9,1393.9,estimating,1393.9,182,0.257
floor5,px540,selfcal,184,11029,184.0,1.0,960,540,1,210.28,357.75,144,177,3.373,1393.9,1393.9,estimating,1393.9,183,0.263
floor5,px540,selfcal,185,11089,185.001,1.0,960,540,1,210.16,361.91,93,107,2.151,1393.9,1393.9,estimating,1393.9,184,0.261
floor5,px540,selfcal,186,11149,186.002,1.0,960,540,1,210.22,366.21,122,125,2.609,1393.9,1393.9,estimating,1393.9,185,0.26
floor5,px540,selfcal,187,11209,187.003,1.0,960,540,1,210.44,370.45,119,125,3.081,1393.9,1393.9,estimating,1393.9,186,0.253
floor5,px540,selfcal,188,11269,188.004,1.0,960,540,1,210.7,374.66,93,104,2.752,1393.9,1393.9,estimating,1393.9,187,0.27
floor5,px540,selfcal,189,11329,189.005,1.0,960,540,1,210.82,378.75,97,109,3.048,1393.9,1393.9,estimating,1393.9,188,0.269
floor5,px540,selfcal,190,11389,190.006,1.0,960,540,1,210.89,382.59,98,109,2.408,1393.9,1393.9,estimating,1393.9,189,0.264
floor5,px540,selfcal,191,11449,191.007,1.0,960,540,1,210.56,386.4,111,132,3.294,1393.9,1393.9,estimating,1393.9,190,0.25
floor5,px540,selfcal,192,11508,191.992,1.0,960,540,1,210.15,390.3,104,117,3.978,1393.9,1393.9,estimating,1393.9,191,0.271
floor5,px540,selfcal,193,11568,192.993,1.0,960,540,1,209.94,394.53,96,107,2.764,1393.9,1393.9,estimating,1393.9,192,0.252
floor5,px540,selfcal,194,11628,193.994,1.0,960,540,1,210.15,398.57,99,106,2.866,1393.9,1393.9,estimating,1393.9,193,0.243
floor5,px540,selfcal,195,11688,194.995,1.0,960,540,1,210.54,402.72,114,133,2.92,1393.9,1393.9,estimating,1393.9,194,0.243
floor5,px540,selfcal,196,11748,195.996,1.0,960,540,1,210.68,407.02,142,157,2.911,1393.9,1393.9,estimating,1393.9,195,0.249
floor5,px540,selfcal,197,11808,196.997,1.0,960,540,1,210.64,411.08,142,150,2.893,1393.9,1393.9,estimating,1395.0,196,0.235
floor5,px540,selfcal,198,11868,197.998,1.0,960,540,1,210.8,415.1,130,137,2.683,1395.0,1395.0,estimating,1397.0,197,0.244
floor5,px540,selfcal,199,11928,198.999,1.0,960,540,1,211.25,419.12,135,143,2.954,1397.0,1397.0,estimating,1398.6,198,0.243
floor5,px540,selfcal,200,11988,200.0,1.0,960,540,1,211.64,423.05,99,103,3.185,1398.6,1398.6,estimating,1400.2,199,0.254
floor5,px540,selfcal,201,12048,201.001,1.0,960,540,1,211.86,426.71,109,122,2.853,1400.2,1400.2,estimating,1401.6,200,0.244
floor5,px540,selfcal,202,12108,202.002,1.0,960,540,1,212.13,430.22,116,121,2.538,1401.6,1401.6,estimating,1402.6,201,0.265
floor5,px540,selfcal,203,12168,203.003,1.0,960,540,1,212.37,433.4,116,119,2.421,1402.6,1402.6,estimating,1404.8,202,0.265
floor5,px540,selfcal,204,12228,204.004,1.0,960,540,1,212.35,435.77,113,133,3.021,1404.8,1404.8,estimating,1406.3,203,0.264
floor5,px540,selfcal,205,12288,205.005,1.0,960,540,1,212.54,437.3,73,90,3.45,1406.3,1406.3,estimating,1406.3,204,0.247
floor5,px540,selfcal,206,12348,206.006,1.0,960,540,1,212.04,438.46,45,56,3.312,1406.3,1406.3,estimating,1406.3,205,0.253
floor5,px540,selfcal,207,12408,207.007,1.0,960,540,1,211.9,451.46,36,56,2.94,1406.3,1406.3,estimating,1407.4,206,0.228
floor5,px540,selfcal,208,12468,208.008,1.0,960,540,1,293.35,465.14,39,88,3.337,1407.4,1407.4,estimating,1407.4,206,0.301
floor5,px540,selfcal,209,12527,208.992,1.0,960,540,1,295.07,463.94,34,68,3.672,1407.4,1407.4,estimating,1410.3,207,0.323
floor5,px540,selfcal,210,12587,209.993,1.0,960,540,0,,,0,0,,1410.3,1410.3,estimating,1412.6,208,0.236
floor5,px540,selfcal,211,12647,210.994,1.0,960,540,1,206.7,438.1,31,60,3.702,1412.6,1412.6,estimating,1414.4,208,0.276
floor5,px540,selfcal,212,12707,211.995,1.0,960,540,1,206.14,437.47,42,68,4.607,1414.4,1414.4,estimating,1416.3,209,0.267
floor5,px540,selfcal,213,12767,212.996,1.0,960,540,1,205.39,436.6,61,78,4.709,1416.3,1416.3,estimating,1416.3,210,0.243
floor5,px540,selfcal,214,12827,213.997,1.0,960,540,1,205.68,435.33,81,94,3.048,1416.3,1416.3,estimating,1420.6,211,0.263
floor5,px540,selfcal,215,12887,214.998,1.0,960,540,1,205.93,433.05,85,106,3.497,1420.6,1420.6,estimating,1423.9,212,0.252
floor5,px540,selfcal,216,12947,215.999,1.0,960,540,1,206.4,429.66,87,98,4.161,1423.9,1423.9,estimating,1426.1,213,0.26
floor5,px540,selfcal,217,13007,217.0,1.0,960,540,1,206.51,425.72,60,67,3.236,1426.1,1426.1,estimating,1424.3,214,0.252
floor5,px540,selfcal,218,13067,218.001,1.0,960,540,1,207.07,421.53,64,76,3.076,1424.3,1424.3,estimating,1422.2,215,0.269
floor5,px540,selfcal,219,13127,219.002,1.0,960,540,1,207.49,417.12,70,80,2.805,1422.2,1422.2,estimating,1422.2,216,0.274
floor5,px540,selfcal,220,13187,220.003,1.0,960,540,1,207.51,412.73,62,77,3.191,1422.2,1422.2,estimating,1420.6,217,0.263
floor5,px540,selfcal,221,13247,221.004,1.0,960,540,1,207.41,408.27,60,68,3.918,1420.6,1420.6,estimating,1419.3,218,0.26
floor5,px540,selfcal,222,13307,222.005,1.0,960,540,1,206.98,404.31,56,64,3.006,1419.3,1419.3,estimating,1418.2,219,0.259
floor5,px540,selfcal,223,13367,223.006,1.0,960,540,1,207.11,399.69,61,72,3.531,1418.2,1418.2,estimating,1416.5,220,0.265
floor5,px540,selfcal,224,13427,224.007,1.0,960,540,1,206.91,395.88,59,70,3.481,1416.5,1416.5,estimating,1416.5,221,0.263
floor5,px540,selfcal,225,13487,225.008,1.0,960,540,1,206.78,391.89,62,76,3.112,1416.5,1416.5,estimating,1416.5,222,0.269
floor5,px540,selfcal,226,13546,225.992,1.0,960,540,1,206.74,387.9,55,72,3.333,1416.5,1416.5,estimating,1416.5,223,0.262
floor5,px540,selfcal,227,13606,226.993,1.0,960,540,1,206.21,384.4,36,56,3.678,1416.5,1416.5,estimating,1416.5,224,0.265
floor5,px540,selfcal,228,13666,227.994,1.0,960,540,1,205.54,380.28,39,52,3.44,1416.5,1416.5,estimating,1416.5,225,0.257
floor5,px540,selfcal,229,13726,228.995,1.0,960,540,1,205.14,375.57,54,62,3.934,1416.5,1416.5,estimating,1416.5,226,0.275
floor5,px540,selfcal,230,13786,229.996,1.0,960,540,1,205.17,371.1,60,74,3.532,1416.5,1416.5,estimating,1416.5,227,0.282
floor5,px540,selfcal,231,13846,230.997,1.0,960,540,1,205.33,367.06,48,67,4.076,1416.5,1416.5,estimating,1416.5,228,0.28
floor5,px540,selfcal,232,13906,231.998,1.0,960,540,1,205.59,362.4,61,75,4.578,1416.5,1416.5,estimating,1416.5,229,0.264
floor5,px540,selfcal,233,13966,232.999,1.0,960,540,1,206.09,357.24,76,91,2.813,1416.5,1416.5,estimating,1414.9,230,0.263
floor5,px540,selfcal,234,14026,234.0,1.0,960,540,1,206.65,352.85,71,95,3.226,1414.9,1414.9,estimating,1413.7,231,0.255
floor5,px540,selfcal,235,14086,235.001,1.0,960,540,1,206.73,348.24,65,84,2.986,1413.7,1413.7,estimating,1412.2,232,0.261
floor5,px540,selfcal,236,14146,236.002,1.0,960,540,1,206.69,343.83,72,94,3.426,1412.2,1412.2,estimating,1411.0,233,0.261
floor5,px540,selfcal,237,14206,237.003,1.0,960,540,1,206.53,339.28,68,92,3.383,1411.0,1411.0,estimating,1411.0,234,0.264
floor5,px540,selfcal,238,14266,238.004,1.0,960,540,1,206.29,334.94,65,96,3.82,1411.0,1411.0,estimating,1411.0,235,0.268
floor5,px540,selfcal,239,14326,239.005,1.0,960,540,1,206.09,330.93,67,93,2.882,1411.0,1411.0,estimating,1413.3,236,0.269
floor5,px540,selfcal,240,14386,240.006,1.0,960,540,1,206.04,326.93,56,72,3.166,1413.3,1413.3,estimating,1416.2,237,0.264
floor5,px540,selfcal,241,14446,241.007,1.0,960,540,1,206.24,322.85,58,85,3.808,1416.2,1416.2,estimating,1418.6,238,0.261
floor5,px540,selfcal,242,14505,241.992,1.0,960,540,1,205.95,318.29,50,72,3.522,1418.6,1418.6,estimating,1420.6,239,0.258
floor5,px540,selfcal,243,14565,242.993,1.0,960,540,1,205.45,314.16,46,62,3.007,1420.6,1420.6,estimating,1422.3,240,0.262
floor5,px540,selfcal,244,14625,243.994,1.0,960,540,1,205.16,309.49,53,67,3.981,1422.3,1422.3,estimating,1423.5,241,0.263
floor5,px540,selfcal,245,14685,244.995,1.0,960,540,1,205.53,305.44,52,89,2.946,1423.5,1423.5,estimating,1423.5,242,0.262
floor5,px540,selfcal,246,14745,245.996,1.0,960,540,1,205.26,300.47,53,74,3.457,1423.5,1423.5,estimating,1423.5,243,0.267
floor5,px540,selfcal,247,14805,246.997,1.0,960,540,1,204.89,295.63,54,79,2.67,1423.5,1423.5,estimating,1423.5,244,0.271
floor5,px540,selfcal,248,14865,247.998,1.0,960,540,1,204.6,290.64,67,96,3.576,1423.5,1423.5,estimating,1423.5,245,0.275
floor5,px540,selfcal,249,14925,248.999,1.0,960,540,1,204.69,285.67,75,98,4.285,1423.5,1423.5,estimating,1423.5,246,0.279
floor5,px540,selfcal,250,14985,250.0,1.0,960,540,1,204.85,280.69,80,103,3.476,1423.5,1423.5,estimating,1423.5,247,0.271
floor5,px540,selfcal,251,15045,251.001,1.0,960,540,1,205.24,276.4,69,90,2.475,1423.5,1423.5,estimating,1422.2,248,0.269
floor5,px540,selfcal,252,15105,252.002,1.0,960,540,1,205.65,271.85,72,90,2.947,1422.2,1422.2,estimating,1419.7,249,0.271
floor5,px540,selfcal,253,15165,253.003,1.0,960,540,1,205.05,266.63,55,66,3.333,1419.7,1419.7,estimating,1416.7,250,0.271
floor5,px540,selfcal,254,15225,254.004,1.0,960,540,1,204.31,262.33,73,83,3.054,1416.7,1416.7,estimating,1415.3,251,0.266
floor5,px540,selfcal,255,15285,255.005,1.0,960,540,1,203.69,257.87,83,98,3.395,1415.3,1415.3,estimating,1414.2,252,0.27
floor5,px540,selfcal,256,15345,256.006,1.0,960,540,1,203.22,253.45,80,98,3.672,1414.2,1414.2,estimating,1414.2,253,0.264
floor5,px540,selfcal,257,15405,257.007,1.0,960,540,1,202.88,248.83,72,86,3.39,1414.2,1414.2,estimating,1414.2,254,0.266
floor5,px540,selfcal,258,15465,258.008,1.0,960,540,1,202.82,244.31,97,113,3.236,1414.2,1414.2,estimating,1414.2,255,0.263
floor5,px540,selfcal,259,15524,258.992,1.0,960,540,1,202.74,239.78,115,131,2.692,1414.2,1414.2,estimating,1414.2,256,0.262
floor5,px540,selfcal,260,15584,259.993,1.0,960,540,1,203.35,235.09,123,142,3.899,1414.2,1414.2,estimating,1414.2,257,0.25
floor5,px540,selfcal,261,15644,260.994,1.0,960,540,1,204.32,230.46,124,140,3.751,1414.2,1414.2,estimating,1414.2,258,0.258
floor5,px540,selfcal,262,15704,261.995,1.0,960,540,1,205.57,226.01,78,110,3.8,1414.2,1414.2,estimating,1414.2,259,0.263
floor5,px540,selfcal,263,15764,262.996,1.0,960,540,1,206.43,221.78,60,83,3.264,1414.2,1414.2,estimating,1412.8,260,0.253
floor5,px540,selfcal,264,15824,263.997,1.0,960,540,1,207.24,217.4,58,85,3.775,1412.8,1412.8,estimating,1410.8,261,0.262
floor5,px540,selfcal,265,15884,264.998,1.0,960,540,1,208.82,212.77,27,51,3.415,1410.8,1410.8,estimating,1409.2,262,0.269
floor5,px540,selfcal,266,15944,265.999,1.0,960,540,1,212.55,239.2,36,50,4.031,1409.2,1409.2,estimating,1407.3,263,0.275
floor5,px540,selfcal,267,16004,267.0,1.0,960,540,1,214.88,235.5,37,44,3.593,1407.3,1407.3,estimating,1405.2,264,0.282
floor5,px540,selfcal,268,16064,268.001,1.0,960,540,1,218.05,233.56,49,57,3.0,1405.2,1405.2,estimating,1404.1,265,0.267
floor5,px540,selfcal,269,16124,269.002,1.0,960,540,1,221.99,233.21,49,67,3.039,1404.1,1404.1,estimating,1401.2,266,0.254
floor5,px540,selfcal,270,16184,270.003,1.0,960,540,1,226.87,233.26,59,73,3.663,1401.2,1401.2,estimating,1398.1,267,0.27
floor5,px540,selfcal,271,16244,271.004,1.0,960,540,1,232.19,234.35,81,95,2.682,1398.1,1398.1,estimating,1393.8,268,0.276
floor5,px540,selfcal,272,16304,272.005,1.0,960,540,1,237.21,235.34,93,106,2.577,1393.8,1393.8,estimating,1390.3,269,0.262
floor5,px540,selfcal,273,16364,273.006,1.0,960,540,1,241.95,236.01,112,130,2.809,1390.3,1390.3,estimating,1387.5,270,0.257
floor5,px540,selfcal,274,16424,274.007,1.0,960,540,1,246.6,236.67,105,115,2.74,1387.5,1387.5,estimating,1387.5,271,0.258
floor5,px540,selfcal,275,16484,275.008,1.0,960,540,1,250.97,237.47,124,134,2.696,1387.5,1387.5,estimating,1388.9,272,0.255
floor5,px540,selfcal,276,16543,275.992,1.0,960,540,1,255.62,238.57,130,146,2.898,1388.9,1388.9,estimating,1390.1,273,0.245
floor5,px540,selfcal,277,16603,276.993,1.0,960,540,1,260.13,239.49,125,138,2.836,1390.1,1390.1,estimating,1392.2,274,0.247
floor5,px540,selfcal,278,16663,277.994,1.0,960,540,1,264.87,239.73,121,131,2.978,1392.2,1392.2,estimating,1393.8,275,0.235
floor5,px540,selfcal,279,16723,278.995,1.0,960,540,1,270.05,239.5,96,114,3.961,1393.8,1393.8,estimating,1395.2,276,0.235
floor5,px540,selfcal,280,16783,279.996,1.0,960,540,1,275.33,240.0,69,87,3.297,1395.2,1395.2,estimating,1396.3,277,0.23
floor5,px540,selfcal,281,16843,280.997,1.0,960,540,1,279.86,241.23,53,58,2.92,1396.3,1396.3,estimating,1397.5,278,0.243
floor5,px540,selfcal,282,16903,281.998,1.0,960,540,1,283.9,242.66,67,71,2.965,1397.5,1397.5,estimating,1399.0,279,0.244
floor5,px540,selfcal,283,16963,282.999,1.0,960,540,1,287.59,245.31,70,81,4.183,1399.0,1399.0,estimating,1400.4,280,0.246
floor5,px540,selfcal,284,17023,284.0,1.0,960,540,1,290.25,248.01,100,104,3.987,1400.4,1400.4,estimating,1403.1,281,0.239
floor5,px540,selfcal,285,17083,285.001,1.0,960,540,1,291.26,251.87,91,97,2.956,1403.1,1403.1,estimating,1405.2,282,0.241
floor5,px540,selfcal,286,17143,286.002,1.0,960,540,1,291.72,256.6,79,86,2.907,1405.2,1405.2,estimating,1406.9,283,0.239
floor5,px540,selfcal,287,17203,287.003,1.0,960,540,1,291.97,261.13,71,81,3.358,1406.9,1406.9,estimating,1408.3,284,0.248
floor5,px540,selfcal,288,17263,288.004,1.0,960,540,1,292.42,265.77,63,75,3.797,1408.3,1408.3,estimating,1408.3,285,0.258
floor5,px540,selfcal,289,17323,289.005,1.0,960,540,1,292.77,270.47,56,65,2.902,1408.3,1408.3,estimating,1406.0,286,0.247
floor5,px540,selfcal,290,17383,290.006,1.0,960,540,1,292.8,275.23,56,80,2.824,1406.0,1406.0,estimating,1403.0,287,0.249
floor5,px540,selfcal,291,17443,291.007,1.0,960,540,1,292.99,279.9,68,86,2.547,1403.0,1403.0,estimating,1400.6,288,0.254
floor5,px540,selfcal,292,17502,291.992,1.0,960,540,1,292.87,284.82,78,102,3.801,1400.6,1400.6,estimating,1397.7,289,0.273
floor5,px540,selfcal,293,17562,292.993,1.0,960,540,1,292.31,289.79,97,113,3.266,1397.7,1397.7,estimating,1395.8,290,0.264
floor5,px540,selfcal,294,17622,293.994,1.0,960,540,1,292.21,294.89,106,123,3.644,1395.8,1395.8,estimating,1393.9,291,0.257
floor5,px540,selfcal,295,17682,294.995,1.0,960,540,1,292.24,299.94,90,115,3.119,1393.9,1393.9,estimating,1392.4,292,0.254
floor5,px540,selfcal,296,17742,295.996,1.0,960,540,1,292.29,305.14,79,97,2.759,1392.4,1392.4,estimating,1391.4,293,0.251
floor5,px540,selfcal,297,17802,296.997,1.0,960,540,1,292.69,310.0,81,99,2.897,1391.4,1391.4,estimating,1391.4,294,0.258
floor5,px540,selfcal,298,17862,297.998,1.0,960,540,1,292.78,315.11,91,101,2.095,1391.4,1391.4,estimating,1391.4,295,0.256
floor5,px540,selfcal,299,17922,298.999,1.0,960,540,1,292.63,319.83,96,103,2.28,1391.4,1391.4,estimating,1391.4,296,0.254
floor5,px540,selfcal,300,17982,300.0,1.0,960,540,1,292.55,324.62,111,125,2.451,1391.4,1391.4,estimating,1391.4,297,0.253
floor5,px540,selfcal,301,18042,301.001,1.0,960,540,1,292.39,329.46,124,135,2.899,1391.4,1391.4,estimating,1391.4,298,0.261
floor5,px540,selfcal,302,18102,302.002,1.0,960,540,1,292.58,334.29,120,131,2.872,1391.4,1391.4,estimating,1391.4,299,0.247
floor5,px540,selfcal,303,18162,303.003,1.0,960,540,1,292.6,339.29,120,136,2.781,1391.4,1391.4,estimating,1392.7,300,0.253
floor5,px540,selfcal,304,18222,304.004,1.0,960,540,1,292.68,344.07,116,131,2.892,1392.7,1392.7,estimating,1394.2,301,0.26
floor5,px540,selfcal,305,18282,305.005,1.0,960,540,1,292.68,349.25,98,114,3.62,1394.2,1394.2,estimating,1395.8,302,0.269
floor5,px540,selfcal,306,18342,306.006,1.0,960,540,1,292.71,354.01,90,99,3.068,1395.8,1395.8,estimating,1397.1,303,0.253
floor5,px540,selfcal,307,18402,307.007,1.0,960,540,1,293.05,358.71,76,95,2.815,1397.1,1397.1,estimating,1398.2,304,0.278
floor5,px540,selfcal,308,18462,308.008,1.0,960,540,1,293.48,363.67,68,80,3.003,1398.2,1398.2,estimating,1398.2,305,0.256
floor5,px540,selfcal,309,18521,308.992,1.0,960,540,1,293.79,368.48,77,92,3.039,1398.2,1398.2,estimating,1398.2,306,0.263
floor5,px540,selfcal,310,18581,309.993,1.0,960,540,1,293.95,373.45,93,109,3.555,1398.2,1398.2,estimating,1398.2,307,0.254
floor5,px540,selfcal,311,18641,310.994,1.0,960,540,1,294.12,378.39,87,102,3.82,1398.2,1398.2,estimating,1399.5,308,0.265
floor5,px540,selfcal,312,18701,311.995,1.0,960,540,1,294.27,383.63,82,97,3.52,1399.5,1399.5,estimating,1400.6,309,0.254
floor5,px540,selfcal,313,18761,312.996,1.0,960,540,1,294.46,388.53,77,93,3.453,1400.6,1400.6,estimating,1400.6,310,0.255
floor5,px540,selfcal,314,18821,313.997,1.0,960,540,1,294.72,393.64,74,103,2.623,1400.6,1400.6,estimating,1400.6,311,0.254
floor5,px540,selfcal,315,18881,314.998,1.0,960,540,1,294.95,398.46,64,96,3.065,1400.6,1400.6,estimating,1401.9,312,0.264
floor5,px540,selfcal,316,18941,315.999,1.0,960,540,1,295.17,403.0,80,92,2.764,1401.9,1401.9,estimating,1403.3,313,0.272
floor5,px540,selfcal,317,19001,317.0,1.0,960,540,1,295.35,407.83,90,120,3.224,1403.3,1403.3,estimating,1404.3,314,0.259
floor5,px540,selfcal,318,19061,318.001,1.0,960,540,1,295.25,412.88,91,109,2.781,1404.3,1404.3,estimating,1404.3,315,0.263
floor5,px540,selfcal,319,19121,319.002,1.0,960,540,1,295.26,417.39,87,103,3.053,1404.3,1404.3,estimating,1404.3,316,0.267
floor5,px540,selfcal,320,19181,320.003,1.0,960,540,1,295.33,421.45,87,97,3.006,1404.3,1404.3,estimating,1404.3,317,0.268
floor5,px540,selfcal,321,19241,321.004,1.0,960,540,1,295.71,425.5,85,107,2.97,1404.3,1404.3,estimating,1404.3,318,0.263
floor5,px540,selfcal,322,19301,322.005,1.0,960,540,1,296.36,429.52,69,91,3.725,1404.3,1404.3,estimating,1404.3,319,0.259
floor5,px540,selfcal,323,19361,323.006,1.0,960,540,1,296.97,433.86,55,82,4.004,1404.3,1404.3,estimating,1404.3,320,0.261
floor5,px540,selfcal,324,19421,324.007,1.0,960,540,1,297.36,437.93,53,65,6.791,1404.3,1404.3,estimating,1404.3,321,0.26
floor5,px540,selfcal,325,19481,325.008,1.0,960,540,1,297.57,441.89,49,65,3.377,1404.3,1404.3,estimating,1404.3,322,0.25
floor5,px540,selfcal,326,19540,325.992,1.0,960,540,1,297.74,445.85,50,61,4.036,1404.3,1404.3,estimating,1404.3,323,0.253
floor5,px540,selfcal,327,19600,326.993,1.0,960,540,1,297.48,449.66,64,95,3.341,1404.3,1404.3,estimating,1404.3,324,0.262
floor5,px540,selfcal,328,19660,327.994,1.0,960,540,1,297.17,453.53,61,94,3.569,1404.3,1404.3,estimating,1405.6,325,0.274
floor5,px540,selfcal,329,19720,328.995,1.0,960,540,1,296.4,456.9,36,60,3.815,1405.6,1405.6,estimating,1406.7,326,0.28
floor5,px540,selfcal,330,19780,329.996,1.0,960,540,1,296.23,460.41,29,44,3.699,1406.7,1406.7,estimating,1406.7,327,0.286
floor5,px540,selfcal,331,19840,330.997,1.0,960,540,1,296.08,463.78,15,25,3.775,1406.7,1406.7,estimating,1406.7,328,0.313
floor5,crop75,map,0,0,0.0,1.3333,1440,810,1,289.9,460.0,121,125,2.723,1400.0,1400.0,,,,0.236
floor5,crop75,map,1,60,1.001,1.3333,1440,810,1,290.29,460.26,150,156,3.243,1400.0,1400.0,,,,0.226
floor5,crop75,map,2,120,2.002,1.3333,1440,810,1,291.83,460.96,69,125,3.367,1400.0,1400.0,,,,0.255
floor5,crop75,map,3,180,3.003,1.3333,1440,810,1,292.35,463.93,16,29,3.087,1400.0,1400.0,,,,0.318
floor5,crop75,map,4,240,4.004,1.3333,1440,810,1,293.34,465.19,14,28,3.227,1400.0,1400.0,,,,0.325
floor5,crop75,map,5,300,5.005,1.3333,1440,810,1,293.87,466.2,79,105,7.532,1400.0,1400.0,,,,0.233
floor5,crop75,map,6,360,6.006,1.3333,1440,810,1,295.35,463.92,139,162,6.805,1400.0,1400.0,,,,0.236
floor5,crop75,map,7,420,7.007,1.3333,1440,810,1,296.09,458.17,14,47,2.639,1400.0,1400.0,,,,0.343
floor5,crop75,map,8,480,8.008,1.3333,1440,810,1,296.37,455.41,17,61,2.914,1400.0,1400.0,,,,0.366
floor5,crop75,map,9,539,8.992,1.3333,1440,810,1,296.82,453.9,23,74,3.25,1400.0,1400.0,,,,0.36
floor5,crop75,map,10,599,9.993,1.3333,1440,810,1,296.92,451.55,25,88,3.199,1400.0,1400.0,,,,0.38
floor5,crop75,map,11,659,10.994,1.3333,1440,810,1,294.07,444.61,12,45,3.085,1400.0,1400.0,,,,0.391
floor5,crop75,map,12,719,11.995,1.3333,1440,810,1,293.77,438.62,14,55,4.196,1400.0,1400.0,,,,0.382
floor5,crop75,map,13,779,12.996,1.3333,1440,810,1,292.75,431.87,14,50,4.287,1400.0,1400.0,,,,0.376
floor5,crop75,map,14,839,13.997,1.3333,1440,810,1,296.4,434.27,15,56,2.563,1400.0,1400.0,,,,0.382
floor5,crop75,map,15,899,14.998,1.3333,1440,810,1,296.57,430.63,13,55,2.888,1400.0,1400.0,,,,0.37
floor5,crop75,map,16,959,15.999,1.3333,1440,810,1,295.71,408.61,12,31,3.188,1400.0,1400.0,,,,0.339
floor5,crop75,map,17,1019,17.0,1.3333,1440,810,1,294.28,406.58,15,35,4.296,1400.0,1400.0,,,,0.3
floor5,crop75,map,18,1079,18.001,1.3333,1440,810,1,295.7,410.92,17,48,3.701,1400.0,1400.0,,,,0.311
floor5,crop75,map,19,1139,19.002,1.3333,1440,810,1,294.79,403.58,20,65,4.023,1400.0,1400.0,,,,0.348
floor5,crop75,map,20,1199,20.003,1.3333,1440,810,1,294.38,397.77,21,55,3.388,1400.0,1400.0,,,,0.358
floor5,crop75,map,21,1259,21.004,1.3333,1440,810,1,294.26,396.54,20,61,3.542,1400.0,1400.0,,,,0.365
floor5,crop75,map,22,1319,22.005,1.3333,1440,810,1,294.25,392.55,18,64,3.629,1400.0,1400.0,,,,0.356
floor5,crop75,map,23,1379,23.006,1.3333,1440,810,1,293.87,386.97,24,77,4.046,1400.0,1400.0,,,,0.351
floor5,crop75,map,24,1439,24.007,1.3333,1440,810,1,293.79,385.17,31,95,3.708,1400.0,1400.0,,,,0.347
floor5,crop75,map,25,1499,25.008,1.3333,1440,810,1,292.85,379.34,52,122,3.63,1400.0,1400.0,,,,0.331
floor5,crop75,map,26,1558,25.993,1.3333,1440,810,1,292.81,375.43,51,119,3.149,1400.0,1400.0,,,,0.305
floor5,crop75,map,27,1618,26.994,1.3333,1440,810,1,292.89,371.8,57,137,3.368,1400.0,1400.0,,,,0.301
floor5,crop75,map,28,1678,27.995,1.3333,1440,810,1,292.97,368.21,51,150,4.455,1400.0,1400.0,,,,0.318
floor5,crop75,map,29,1738,28.996,1.3333,1440,810,1,292.48,364.31,39,111,4.451,1400.0,1400.0,,,,0.358
floor5,crop75,map,30,1798,29.997,1.3333,1440,810,1,292.83,354.8,19,82,2.849,1400.0,1400.0,,,,0.377
floor5,crop75,map,31,1858,30.998,1.3333,1440,810,1,293.42,341.01,19,69,3.981,1400.0,1400.0,,,,0.378
floor5,crop75,map,32,1918,31.999,1.3333,1440,810,1,292.59,324.57,23,85,3.606,1400.0,1400.0,,,,0.371
floor5,crop75,map,33,1978,33.0,1.3333,1440,810,1,293.4,332.01,25,88,4.185,1400.0,1400.0,,,,0.357
floor5,crop75,map,34,2038,34.001,1.3333,1440,810,1,291.42,316.35,24,88,3.054,1400.0,1400.0,,,,0.371
floor5,crop75,map,35,2098,35.002,1.3333,1440,810,1,293.42,324.89,26,97,4.072,1400.0,1400.0,,,,0.352
floor5,crop75,map,36,2158,36.003,1.3333,1440,810,1,288.68,308.56,23,78,2.804,1400.0,1400.0,,,,0.345
floor5,crop75,map,37,2218,37.004,1.3333,1440,810,1,288.95,304.88,25,95,3.288,1400.0,1400.0,,,,0.361
floor5,crop75,map,38,2278,38.005,1.3333,1440,810,1,290.23,301.19,21,97,2.997,1400.0,1400.0,,,,0.363
floor5,crop75,map,39,2338,39.006,1.3333,1440,810,1,290.03,298.32,25,92,3.72,1400.0,1400.0,,,,0.359
floor5,crop75,map,40,2398,40.007,1.3333,1440,810,1,290.08,294.79,22,98,3.866,1400.0,1400.0,,,,0.367
floor5,crop75,map,41,2458,41.008,1.3333,1440,810,1,291.41,292.06,21,91,3.884,1400.0,1400.0,,,,0.365
floor5,crop75,map,42,2517,41.992,1.3333,1440,810,1,290.04,286.35,24,109,4.048,1400.0,1400.0,,,,0.372
floor5,crop75,map,43,2577,42.993,1.3333,1440,810,1,292.01,281.56,28,83,3.151,1400.0,1400.0,,,,0.344
floor5,crop75,map,44,2637,43.994,1.3333,1440,810,1,290.43,278.16,33,117,4.835,1400.0,1400.0,,,,0.371
floor5,crop75,map,45,2697,44.995,1.3333,1440,810,1,290.01,274.28,28,97,2.734,1400.0,1400.0,,,,0.37
floor5,crop75,map,46,2757,45.996,1.3333,1440,810,1,291.5,270.74,31,97,2.714,1400.0,1400.0,,,,0.348
floor5,crop75,map,47,2817,46.997,1.3333,1440,810,1,291.16,266.95,28,100,3.435,1400.0,1400.0,,,,0.352
floor5,crop75,map,48,2877,47.998,1.3333,1440,810,1,291.13,263.28,24,109,3.262,1400.0,1400.0,,,,0.366
floor5,crop75,map,49,2937,48.999,1.3333,1440,810,1,288.88,248.2,30,125,3.299,1400.0,1400.0,,,,0.355
floor5,crop75,map,50,2997,50.0,1.3333,1440,810,1,291.68,244.56,23,114,4.464,1400.0,1400.0,,,,0.342
floor5,crop75,map,51,3057,51.001,1.3333,1440,810,1,286.54,240.75,29,106,3.96,1400.0,1400.0,,,,0.37
floor5,crop75,map,52,3117,52.002,1.3333,1440,810,1,285.41,237.86,26,90,3.787,1400.0,1400.0,,,,0.344
floor5,crop75,map,53,3177,53.003,1.3333,1440,810,1,285.05,234.4,26,100,4.513,1400.0,1400.0,,,,0.366
floor5,crop75,map,54,3237,54.004,1.3333,1440,810,1,283.39,229.74,25,94,3.525,1400.0,1400.0,,,,0.363
floor5,crop75,map,55,3297,55.005,1.3333,1440,810,1,280.27,228.7,26,87,5.109,1400.0,1400.0,,,,0.355
floor5,crop75,map,56,3357,56.006,1.3333,1440,810,1,276.08,229.86,32,71,3.62,1400.0,1400.0,,,,0.317
floor5,crop75,map,57,3417,57.007,1.3333,1440,810,1,272.67,230.28,34,93,3.674,1400.0,1400.0,,,,0.324
floor5,crop75,map,58,3477,58.008,1.3333,1440,810,1,268.89,230.28,33,105,5.164,1400.0,1400.0,,,,0.342
floor5,crop75,map,59,3536,58.992,1.3333,1440,810,1,265.53,228.62,30,92,2.72,1400.0,1400.0,,,,0.343
floor5,crop75,map,60,3596,59.993,1.3333,1440,810,1,261.73,227.35,26,72,2.802,1400.0,1400.0,,,,0.342
floor5,crop75,map,61,3656,60.994,1.3333,1440,810,1,245.62,227.13,21,64,3.47,1400.0,1400.0,,,,0.368
floor5,crop75,map,62,3716,61.995,1.3333,1440,810,1,241.92,225.88,49,93,2.675,1400.0,1400.0,,,,0.296
floor5,crop75,map,63,3776,62.996,1.3333,1440,810,1,238.56,225.45,47,96,3.472,1400.0,1400.0,,,,0.308
floor5,crop75,map,64,3836,63.997,1.3333,1440,810,1,235.56,224.0,49,117,3.861,1400.0,1400.0,,,,0.302
floor5,crop75,map,65,3896,64.998,1.3333,1440,810,1,232.25,224.73,50,111,3.808,1400.0,1400.0,,,,0.323
floor5,crop75,map,66,3956,65.999,1.3333,1440,810,1,228.47,221.92,62,126,3.337,1400.0,1400.0,,,,0.317
floor5,crop75,map,67,4016,67.0,1.3333,1440,810,1,225.3,222.4,62,111,3.181,1400.0,1400.0,,,,0.317
floor5,crop75,map,68,4076,68.001,1.3333,1440,810,1,221.96,221.45,44,83,2.621,1400.0,1400.0,,,,0.302
floor5,crop75,map,69,4136,69.002,1.3333,1440,810,1,218.42,221.61,50,97,2.66,1400.0,1400.0,,,,0.313
floor5,crop75,map,70,4196,70.003,1.3333,1440,810,1,214.86,220.78,69,90,3.452,1400.0,1400.0,,,,0.294
floor5,crop75,map,71,4256,71.004,1.3333,1440,810,1,211.98,221.28,49,69,3.059,1400.0,1400.0,,,,0.268
floor5,crop75,map,72,4316,72.005,1.3333,1440,810,1,209.32,220.75,39,55,3.905,1400.0,1400.0,,,,0.264
floor5,crop75,map,73,4376,73.006,1.3333,1440,810,1,206.88,219.99,20,35,3.493,1400.0,1400.0,,,,0.247
floor5,crop75,map,74,4436,74.007,1.3333,1440,810,1,204.68,219.87,10,21,5.721,1400.0,1400.0,,,,0.278
floor5,crop75,map,75,4496,75.008,1.3333,1440,810,0,,,0,0,,1400.0,1400.0,,,,0.26
floor5,crop75,map,76,4555,75.993,1.3333,1440,810,0,,,0,0,,1400.0,1400.0,,,,0.262
floor5,crop75,map,77,4615,76.994,1.3333,1440,810,1,209.02,190.86,25,89,3.316,1400.0,1400.0,,,,0.355
floor5,crop75,map,78,4675,77.995,1.3333,1440,810,1,208.82,187.97,24,94,4.143,1400.0,1400.0,,,,0.355
floor5,crop75,map,79,4735,78.996,1.3333,1440,810,1,205.64,180.13,20,80,3.362,1400.0,1400.0,,,,0.347
floor5,crop75,map,80,4795,79.997,1.3333,1440,810,1,206.64,172.61,22,91,4.326,1400.0,1400.0,,,,0.357
floor5,crop75,map,81,4855,80.998,1.3333,1440,810,1,206.98,169.4,28,106,4.48,1400.0,1400.0,,,,0.36
floor5,crop75,map,82,4915,81.999,1.3333,1440,810,1,205.1,166.49,29,125,3.986,1400.0,1400.0,,,,0.376
floor5,crop75,map,83,4975,83.0,1.3333,1440,810,1,203.69,163.03,27,100,3.985,1400.0,1400.0,,,,0.358
floor5,crop75,map,84,5035,84.001,1.3333,1440,810,1,202.82,158.96,29,122,3.801,1400.0,1400.0,,,,0.366
floor5,crop75,map,85,5095,85.002,1.3333,1440,810,1,204.63,144.65,25,111,2.86,1400.0,1400.0,,,,0.354
floor5,crop75,map,86,5155,86.003,1.3333,1440,810,1,204.61,153.39,23,103,3.579,1400.0,1400.0,,,,0.365
floor5,crop75,map,87,5215,87.004,1.3333,1440,810,1,205.73,137.84,29,106,5.075,1400.0,1400.0,,,,0.366
floor5,crop75,map,88,5275,88.005,1.3333,1440,810,1,204.7,135.28,30,86,4.902,1400.0,1400.0,,,,0.356
floor5,crop75,map,89,5335,89.006,1.3333,1440,810,1,204.91,129.99,40,97,4.243,1400.0,1400.0,,,,0.302
floor5,crop75,map,90,5395,90.007,1.3333,1440,810,1,205.14,125.36,38,106,3.898,1400.0,1400.0,,,,0.333
floor5,crop75,map,91,5455,91.008,1.3333,1440,810,1,204.32,125.0,31,101,3.865,1400.0,1400.0,,,,0.33
floor5,crop75,map,92,5514,91.992,1.3333,1440,810,1,204.19,121.92,33,115,3.433,1400.0,1400.0,,,,0.343
floor5,crop75,map,93,5574,92.993,1.3333,1440,810,1,205.29,119.3,37,130,4.365,1400.0,1400.0,,,,0.356
floor5,crop75,map,94,5634,93.994,1.3333,1440,810,1,205.84,116.02,38,114,4.659,1400.0,1400.0,,,,0.359
floor5,crop75,map,95,5694,94.995,1.3333,1440,810,1,205.24,112.57,35,117,4.891,1400.0,1400.0,,,,0.342
floor5,crop75,map,96,5754,95.996,1.3333,1440,810,1,205.53,109.2,31,122,3.272,1400.0,1400.0,,,,0.375
floor5,crop75,map,97,5814,96.997,1.3333,1440,810,1,206.15,106.31,33,124,3.465,1400.0,1400.0,,,,0.399
floor5,crop75,map,98,5874,97.998,1.3333,1440,810,1,205.29,96.93,22,120,3.835,1400.0,1400.0,,,,0.381
floor5,crop75,map,99,5934,98.999,1.3333,1440,810,1,206.24,87.1,21,106,3.287,1400.0,1400.0,,,,0.386
floor5,crop75,map,100,5994,100.0,1.3333,1440,810,1,205.26,88.17,31,107,4.115,1400.0,1400.0,,,,0.345
floor5,crop75,map,101,6054,101.001,1.3333,1440,810,1,205.45,84.53,32,101,4.464,1400.0,1400.0,,,,0.385
floor5,crop75,map,102,6114,102.002,1.3333,1440,810,1,203.39,75.67,29,114,4.372,1400.0,1400.0,,,,0.397
floor5,crop75,map,103,6174,103.003,1.3333,1440,810,1,203.24,74.89,32,96,4.446,1400.0,1400.0,,,,0.369
floor5,crop75,map,104,6234,104.004,1.3333,1440,810,1,204.99,73.28,28,99,4.222,1400.0,1400.0,,,,0.382
floor5,crop75,map,105,6294,105.005,1.3333,1440,810,1,205.12,69.32,36,88,4.606,1400.0,1400.0,,,,0.356
floor5,crop75,map,106,6354,106.006,1.3333,1440,810,1,206.11,69.4,25,93,4.998,1400.0,1400.0,,,,0.382
floor5,crop75,map,107,6414,107.007,1.3333,1440,810,1,205.88,66.25,31,83,3.652,1400.0,1400.0,,,,0.333
floor5,crop75,map,108,6474,108.008,1.3333,1440,810,1,203.28,62.18,38,83,3.5,1400.0,1400.0,,,,0.297
floor5,crop75,map,109,6533,108.992,1.3333,1440,810,1,202.24,56.53,26,71,4.737,1400.0,1400.0,,,,0.323
floor5,crop75,map,110,6593,109.993,1.3333,1440,810,1,201.89,53.27,23,70,4.789,1400.0,1400.0,,,,0.334
floor5,crop75,map,111,6653,110.994,1.3333,1440,810,1,203.77,52.53,16,58,3.286,1400.0,1400.0,,,,0.368
floor5,crop75,map,112,6713,111.995,1.3333,1440,810,1,203.65,47.46,17,57,5.044,1400.0,1400.0,,,,0.376
floor5,crop75,map,113,6773,112.996,1.3333,1440,810,1,203.04,45.11,16,57,3.854,1400.0,1400.0,,,,0.377
floor5,crop75,map,114,6833,113.997,1.3333,1440,810,1,204.13,46.36,27,73,3.715,1400.0,1400.0,,,,0.312
floor5,crop75,map,115,6893,114.998,1.3333,1440,810,0,,,0,0,,1400.0,1400.0,,,,0.287
floor5,crop75,map,116,6953,115.999,1.3333,1440,810,0,,,0,0,,1400.0,1400.0,,,,0.313
floor5,crop75,map,117,7013,117.0,1.3333,1440,810,1,209.55,51.46,17,42,2.266,1400.0,1400.0,,,,0.352
floor5,crop75,map,118,7073,118.001,1.3333,1440,810,1,209.08,54.77,22,88,3.008,1400.0,1400.0,,,,0.386
floor5,crop75,map,119,7133,119.002,1.3333,1440,810,1,209.46,57.54,24,104,2.566,1400.0,1400.0,,,,0.385
floor5,crop75,map,120,7193,120.003,1.3333,1440,810,1,209.83,60.69,27,105,4.472,1400.0,1400.0,,,,0.374
floor5,crop75,map,121,7253,121.004,1.3333,1440,810,1,211.22,63.06,26,104,3.719,1400.0,1400.0,,,,0.382
floor5,crop75,map,122,7313,122.005,1.3333,1440,810,1,208.98,73.21,29,99,3.448,1400.0,1400.0,,,,0.376
floor5,crop75,map,123,7373,123.006,1.3333,1440,810,1,212.29,74.84,28,113,3.68,1400.0,1400.0,,,,0.378
floor5,crop75,map,124,7433,124.007,1.3333,1440,810,1,209.16,79.28,32,124,3.377,1400.0,1400.0,,,,0.376
floor5,crop75,map,125,7493,125.008,1.3333,1440,810,1,208.82,82.5,34,111,3.96,1400.0,1400.0,,,,0.375
floor5,crop75,map,126,7552,125.993,1.3333,1440,810,1,208.49,96.81,33,84,4.205,1400.0,1400.0,,,,0.354
floor5,crop75,map,127,7612,126.994,1.3333,1440,810,1,207.25,102.76,35,93,3.797,1400.0,1400.0,,,,0.295
floor5,crop75,map,128,7672,127.995,1.3333,1440,810,1,207.91,103.5,35,87,3.936,1400.0,1400.0,,,,0.281
floor5,crop75,map,129,7732,128.996,1.3333,1440,810,1,207.76,106.76,36,98,3.822,1400.0,1400.0,,,,0.297
floor5,crop75,map,130,7792,129.997,1.3333,1440,810,1,207.91,109.71,42,112,4.628,1400.0,1400.0,,,,0.306
floor5,crop75,map,131,7852,130.998,1.3333,1440,810,1,209.94,113.89,40,115,4.022,1400.0,1400.0,,,,0.31
floor5,crop75,map,132,7912,131.999,1.3333,1440,810,1,207.62,118.61,44,137,4.474,1400.0,1400.0,,,,0.336
floor5,crop75,map,133,7972,133.0,1.3333,1440,810,1,207.76,123.17,38,136,4.067,1400.0,1400.0,,,,0.38
floor5,crop75,map,134,8032,134.001,1.3333,1440,810,1,208.16,127.36,36,149,3.966,1400.0,1400.0,,,,0.384
floor5,crop75,map,135,8092,135.002,1.3333,1440,810,1,208.26,131.62,27,131,3.48,1400.0,1400.0,,,,0.378
floor5,crop75,map,136,8152,136.003,1.3333,1440,810,1,208.2,146.34,15,77,3.641,1400.0,1400.0,,,,0.371
floor5,crop75,map,137,8212,137.004,1.3333,1440,810,1,207.86,146.21,18,81,4.057,1400.0,1400.0,,,,0.373
floor5,crop75,map,138,8272,138.005,1.3333,1440,810,1,208.26,152.51,18,91,3.804,1400.0,1400.0,,,,0.359
floor5,crop75,map,139,8332,139.006,1.3333,1440,810,1,207.88,154.83,22,83,2.459,1400.0,1400.0,,,,0.364
floor5,crop75,map,140,8392,140.007,1.3333,1440,810,1,208.16,158.79,19,84,3.098,1400.0,1400.0,,,,0.361
floor5,crop75,map,141,8452,141.008,1.3333,1440,810,1,208.13,164.34,25,109,2.677,1400.0,1400.0,,,,0.356
floor5,crop75,map,142,8511,141.992,1.3333,1440,810,1,207.13,186.48,25,58,3.324,1400.0,1400.0,,,,0.334
floor5,crop75,map,143,8571,142.993,1.3333,1440,810,1,206.6,190.34,22,65,3.212,1400.0,1400.0,,,,0.363
floor5,crop75,map,144,8631,143.994,1.3333,1440,810,1,211.15,194.21,21,83,2.248,1400.0,1400.0,,,,0.381
floor5,crop75,map,145,8691,144.995,1.3333,1440,810,1,207.82,199.02,23,59,3.448,1400.0,1400.0,,,,0.363
floor5,crop75,map,146,8751,145.996,1.3333,1440,810,1,207.67,201.57,23,66,3.525,1400.0,1400.0,,,,0.348
floor5,crop75,map,147,8811,146.997,1.3333,1440,810,1,209.8,206.36,22,70,2.542,1400.0,1400.0,,,,0.347
floor5,crop75,map,148,8871,147.998,1.3333,1440,810,1,206.96,209.16,21,69,2.793,1400.0,1400.0,,,,0.352
floor5,crop75,map,149,8931,148.999,1.3333,1440,810,1,210.16,214.41,21,58,3.247,1400.0,1400.0,,,,0.348
floor5,crop75,map,150,8991,150.0,1.3333,1440,810,1,207.13,214.95,21,62,4.295,1400.0,1400.0,,,,0.343
floor5,crop75,map,151,9051,151.001,1.3333,1440,810,1,209.88,222.49,20,56,4.91,1400.0,1400.0,,,,0.339
floor5,crop75,map,152,9111,152.002,1.3333,1440,810,1,209.96,226.02,18,48,3.756,1400.0,1400.0,,,,0.318
floor5,crop75,map,153,9171,153.003,1.3333,1440,810,1,207.15,228.58,11,25,2.62,1400.0,1400.0,,,,0.319
floor5,crop75,map,154,9231,154.004,1.3333,1440,810,1,208.99,232.82,10,27,3.754,1400.0,1400.0,,,,0.339
floor5,crop75,map,155,9291,155.005,1.3333,1440,810,1,204.47,255.98,29,95,3.826,1400.0,1400.0,,,,0.392
floor5,crop75,map,156,9351,156.006,1.3333,1440,810,1,203.84,259.04,24,95,3.317,1400.0,1400.0,,,,0.38
floor5,crop75,map,157,9411,157.007,1.3333,1440,810,1,210.56,262.4,34,119,3.665,1400.0,1400.0,,,,0.367
floor5,crop75,map,158,9471,158.008,1.3333,1440,810,1,210.16,268.28,37,111,3.659,1400.0,1400.0,,,,0.367
floor5,crop75,map,159,9530,158.992,1.3333,1440,810,1,210.18,271.36,35,118,4.09,1400.0,1400.0,,,,0.377
floor5,crop75,map,160,9590,159.993,1.3333,1440,810,1,205.78,276.76,35,126,3.65,1400.0,1400.0,,,,0.374
floor5,crop75,map,161,9650,160.994,1.3333,1440,810,1,206.19,280.55,35,135,3.999,1400.0,1400.0,,,,0.363
floor5,crop75,map,162,9710,161.995,1.3333,1440,810,1,209.96,284.44,31,82,4.201,1400.0,1400.0,,,,0.328
floor5,crop75,map,163,9770,162.996,1.3333,1440,810,1,212.91,286.53,39,107,3.611,1400.0,1400.0,,,,0.34
floor5,crop75,map,164,9830,163.997,1.3333,1440,810,1,212.62,290.25,39,108,3.602,1400.0,1400.0,,,,0.34
floor5,crop75,map,165,9890,164.998,1.3333,1440,810,1,211.02,294.42,40,103,3.637,1400.0,1400.0,,,,0.335
floor5,crop75,map,166,9950,165.999,1.3333,1440,810,1,211.21,297.67,36,109,3.744,1400.0,1400.0,,,,0.348
floor5,crop75,map,167,10010,167.0,1.3333,1440,810,1,210.8,302.84,40,105,3.823,1400.0,1400.0,,,,0.326
floor5,crop75,map,168,10070,168.001,1.3333,1440,810,1,211.38,307.01,36,104,4.243,1400.0,1400.0,,,,0.332
floor5,crop75,map,169,10130,169.002,1.3333,1440,810,1,207.18,315.06,30,79,4.683,1400.0,1400.0,,,,0.351
floor5,crop75,map,170,10190,170.003,1.3333,1440,810,1,207.72,319.83,26,84,3.326,1400.0,1400.0,,,,0.338
floor5,crop75,map,171,10250,171.004,1.3333,1440,810,1,208.45,320.37,28,90,3.767,1400.0,1400.0,,,,0.369
floor5,crop75,map,172,10310,172.005,1.3333,1440,810,1,209.92,323.36,25,93,4.864,1400.0,1400.0,,,,0.375
floor5,crop75,map,173,10370,173.006,1.3333,1440,810,1,208.71,327.73,21,98,2.879,1400.0,1400.0,,,,0.372
floor5,crop75,map,174,10430,174.007,1.3333,1440,810,1,208.6,332.62,24,98,4.023,1400.0,1400.0,,,,0.365
floor5,crop75,map,175,10490,175.008,1.3333,1440,810,1,208.47,341.78,21,71,3.229,1400.0,1400.0,,,,0.374
floor5,crop75,map,176,10549,175.992,1.3333,1440,810,1,207.12,347.58,24,88,4.97,1400.0,1400.0,,,,0.379
floor5,crop75,map,177,10609,176.993,1.3333,1440,810,1,206.84,349.19,22,103,3.175,1400.0,1400.0,,,,0.344
floor5,crop75,map,178,10669,177.994,1.3333,1440,810,1,207.05,360.02,21,103,3.722,1400.0,1400.0,,,,0.32
floor5,crop75,map,179,10729,178.995,1.3333,1440,810,1,208.96,359.89,24,114,4.962,1400.0,1400.0,,,,0.331
floor5,crop75,map,180,10789,179.996,1.3333,1440,810,1,209.38,364.51,22,94,2.673,1400.0,1400.0,,,,0.334
floor5,crop75,map,181,10849,180.997,1.3333,1440,810,1,209.31,368.92,20,97,4.6,1400.0,1400.0,,,,0.336
floor5,crop75,map,182,10909,181.998,1.3333,1440,810,1,209.72,375.77,15,86,2.919,1400.0,1400.0,,,,0.313
floor5,crop75,map,183,10969,182.999,1.3333,1440,810,1,209.69,368.96,22,68,4.032,1400.0,1400.0,,,,0.345
floor5,crop75,map,184,11029,184.0,1.3333,1440,810,1,208.35,373.87,28,78,3.59,1400.0,1400.0,,,,0.355
floor5,crop75,map,185,11089,185.001,1.3333,1440,810,1,208.59,376.93,28,76,5.37,1400.0,1400.0,,,,0.368
floor5,crop75,map,186,11149,186.002,1.3333,1440,810,1,208.98,380.74,29,92,3.454,1400.0,1400.0,,,,0.371
floor5,crop75,map,187,11209,187.003,1.3333,1440,810,1,211.36,383.52,28,84,4.112,1400.0,1400.0,,,,0.377
floor5,crop75,map,188,11269,188.004,1.3333,1440,810,1,209.0,385.8,28,88,4.105,1400.0,1400.0,,,,0.377
floor5,crop75,map,189,11329,189.005,1.3333,1440,810,1,209.51,389.85,25,92,4.291,1400.0,1400.0,,,,0.394
floor5,crop75,map,190,11389,190.006,1.3333,1440,810,1,210.59,393.08,26,99,3.084,1400.0,1400.0,,,,0.396
floor5,crop75,map,191,11449,191.007,1.3333,1440,810,1,208.14,395.17,25,111,3.682,1400.0,1400.0,,,,0.371
floor5,crop75,map,192,11508,191.992,1.3333,1440,810,1,210.02,398.45,26,117,3.437,1400.0,1400.0,,,,0.388
floor5,crop75,map,193,11568,192.993,1.3333,1440,810,1,208.48,400.81,32,120,3.509,1400.0,1400.0,,,,0.378
floor5,crop75,map,194,11628,193.994,1.3333,1440,810,1,208.54,404.11,31,112,4.856,1400.0,1400.0,,,,0.375
floor5,crop75,map,195,11688,194.995,1.3333,1440,810,1,208.79,406.97,38,125,2.794,1400.0,1400.0,,,,0.366
floor5,crop75,map,196,11748,195.996,1.3333,1440,810,1,208.86,411.71,40,120,3.834,1400.0,1400.0,,,,0.37
floor5,crop75,map,197,11808,196.997,1.3333,1440,810,1,211.24,420.73,31,82,4.486,1400.0,1400.0,,,,0.362
floor5,crop75,map,198,11868,197.998,1.3333,1440,810,1,211.33,423.69,33,82,4.007,1400.0,1400.0,,,,0.329
floor5,crop75,map,199,11928,198.999,1.3333,1440,810,1,210.82,426.8,30,106,3.35,1400.0,1400.0,,,,0.366
floor5,crop75,map,200,11988,200.0,1.3333,1440,810,1,212.27,429.69,34,102,4.01,1400.0,1400.0,,,,0.345
floor5,crop75,map,201,12048,201.001,1.3333,1440,810,1,212.42,432.53,32,108,2.993,1400.0,1400.0,,,,0.37
floor5,crop75,map,202,12108,202.002,1.3333,1440,810,1,213.03,440.12,33,116,3.896,1400.0,1400.0,,,,0.395
floor5,crop75,map,203,12168,203.003,1.3333,1440,810,1,209.44,442.3,38,136,3.792,1400.0,1400.0,,,,0.388
floor5,crop75,map,204,12228,204.004,1.3333,1440,810,1,209.69,443.71,36,116,3.739,1400.0,1400.0,,,,0.381
floor5,crop75,map,205,12288,205.005,1.3333,1440,810,1,209.83,443.91,27,74,4.415,1400.0,1400.0,,,,0.325
floor5,crop75,map,206,12348,206.006,1.3333,1440,810,1,210.47,442.21,22,55,3.585,1400.0,1400.0,,,,0.325
floor5,crop75,map,207,12408,207.007,1.3333,1440,810,1,209.49,449.58,31,61,3.765,1400.0,1400.0,,,,0.247
floor5,crop75,map,208,12468,208.008,1.3333,1440,810,1,295.32,463.88,32,74,3.826,1400.0,1400.0,,,,0.311
floor5,crop75,map,209,12527,208.992,1.3333,1440,810,1,296.53,461.12,19,29,3.703,1400.0,1400.0,,,,0.28
floor5,crop75,map,210,12587,209.993,1.3333,1440,810,1,297.51,461.41,10,26,2.882,1400.0,1400.0,,,,0.306
floor5,crop75,map,211,12647,210.994,1.3333,1440,810,0,,,0,0,,1400.0,1400.0,,,,0.291
floor5,crop75,map,212,12707,211.995,1.3333,1440,810,1,205.52,433.35,11,26,3.857,1400.0,1400.0,,,,0.339
floor5,crop75,map,213,12767,212.996,1.3333,1440,810,1,204.33,432.94,20,69,3.642,1400.0,1400.0,,,,0.322
floor5,crop75,map,214,12827,213.997,1.3333,1440,810,1,204.67,431.56,29,99,3.058,1400.0,1400.0,,,,0.333
floor5,crop75,map,215,12887,214.998,1.3333,1440,810,1,204.74,430.33,33,91,3.005,1400.0,1400.0,,,,0.339
floor5,crop75,map,216,12947,215.999,1.3333,1440,810,1,205.02,427.39,18,71,3.821,1400.0,1400.0,,,,0.357
floor5,crop75,map,217,13007,217.0,1.3333,1440,810,1,207.35,416.76,21,71,3.068,1400.0,1400.0,,,,0.353
floor5,crop75,map,218,13067,218.001,1.3333,1440,810,1,208.29,413.68,20,77,2.863,1400.0,1400.0,,,,0.369
floor5,crop75,map,219,13127,219.002,1.3333,1440,810,1,208.82,410.44,21,78,3.574,1400.0,1400.0,,,,0.367
floor5,crop75,map,220,13187,220.003,1.3333,1440,810,1,209.71,406.47,19,71,3.245,1400.0,1400.0,,,,0.366
floor5,crop75,map,221,13247,221.004,1.3333,1440,810,1,210.15,391.65,17,51,3.265,1400.0,1400.0,,,,0.35
floor5,crop75,map,222,13307,222.005,1.3333,1440,810,1,209.37,392.03,18,59,2.515,1400.0,1400.0,,,,0.343
floor5,crop75,map,223,13367,223.006,1.3333,1440,810,1,207.84,387.47,19,64,3.759,1400.0,1400.0,,,,0.395
floor5,crop75,map,224,13427,224.007,1.3333,1440,810,1,208.12,384.85,20,77,3.651,1400.0,1400.0,,,,0.381
floor5,crop75,map,225,13487,225.008,1.3333,1440,810,1,207.97,382.28,18,67,4.124,1400.0,1400.0,,,,0.38
floor5,crop75,map,226,13546,225.992,1.3333,1440,810,1,205.61,376.53,12,45,2.82,1400.0,1400.0,,,,0.366
floor5,crop75,map,227,13606,226.993,1.3333,1440,810,1,204.67,374.05,10,45,3.286,1400.0,1400.0,,,,0.338
floor5,crop75,map,228,13666,227.994,1.3333,1440,810,1,206.86,371.36,11,31,3.406,1400.0,1400.0,,,,0.339
floor5,crop75,map,229,13726,228.995,1.3333,1440,810,1,204.04,338.26,17,67,4.192,1400.0,1400.0,,,,0.361
floor5,crop75,map,230,13786,229.996,1.3333,1440,810,1,205.74,364.14,13,58,2.399,1400.0,1400.0,,,,0.356
floor5,crop75,map,231,13846,230.997,1.3333,1440,810,1,207.91,338.37,17,82,3.422,1400.0,1400.0,,,,0.354
floor5,crop75,map,232,13906,231.998,1.3333,1440,810,1,210.3,328.65,26,72,3.775,1400.0,1400.0,,,,0.337
floor5,crop75,map,233,13966,232.999,1.3333,1440,810,1,208.27,324.84,26,81,3.413,1400.0,1400.0,,,,0.328
floor5,crop75,map,234,14026,234.0,1.3333,1440,810,1,206.71,320.35,27,74,3.957,1400.0,1400.0,,,,0.304
floor5,crop75,map,235,14086,235.001,1.3333,1440,810,1,210.62,317.88,28,72,3.975,1400.0,1400.0,,,,0.301
floor5,crop75,map,236,14146,236.002,1.3333,1440,810,1,205.19,313.54,25,57,4.093,1400.0,1400.0,,,,0.336
floor5,crop75,map,237,14206,237.003,1.3333,1440,810,1,204.92,311.06,16,47,3.023,1400.0,1400.0,,,,0.339
floor5,crop75,map,238,14266,238.004,1.3333,1440,810,1,207.87,307.64,15,38,2.759,1400.0,1400.0,,,,0.307
floor5,crop75,map,239,14326,239.005,1.3333,1440,810,1,206.27,305.08,20,72,2.99,1400.0,1400.0,,,,0.328
floor5,crop75,map,240,14386,240.006,1.3333,1440,810,1,197.93,299.43,16,51,3.336,1400.0,1400.0,,,,0.33
floor5,crop75,map,241,14446,241.007,1.3333,1440,810,1,206.65,299.39,14,31,4.726,1400.0,1400.0,,,,0.315
floor5,crop75,map,242,14505,241.992,1.3333,1440,810,1,204.79,295.81,11,23,3.602,1400.0,1400.0,,,,0.315
floor5,crop75,map,243,14565,242.993,1.3333,1440,810,1,204.35,292.05,14,32,3.698,1400.0,1400.0,,,,0.329
floor5,crop75,map,244,14625,243.994,1.3333,1440,810,1,211.92,289.6,21,66,4.31,1400.0,1400.0,,,,0.346
floor5,crop75,map,245,14685,244.995,1.3333,1440,810,1,209.76,284.48,23,67,3.653,1400.0,1400.0,,,,0.328
floor5,crop75,map,246,14745,245.996,1.3333,1440,810,1,205.78,280.66,20,71,3.592,1400.0,1400.0,,,,0.354
floor5,crop75,map,247,14805,246.997,1.3333,1440,810,1,209.14,277.31,17,48,3.401,1400.0,1400.0,,,,0.358
floor5,crop75,map,248,14865,247.998,1.3333,1440,810,1,208.43,273.04,24,77,5.317,1400.0,1400.0,,,,0.362
floor5,crop75,map,249,14925,248.999,1.3333,1440,810,1,205.87,268.84,19,58,3.139,1400.0,1400.0,,,,0.35
floor5,crop75,map,250,14985,250.0,1.3333,1440,810,1,209.16,266.24,23,63,4.983,1400.0,1400.0,,,,0.353
floor5,crop75,map,251,15045,251.001,1.3333,1440,810,1,209.76,263.02,25,82,4.226,1400.0,1400.0,,,,0.34
floor5,crop75,map,252,15105,252.002,1.3333,1440,810,1,205.76,258.84,21,61,2.676,1400.0,1400.0,,,,0.348
floor5,crop75,map,253,15165,253.003,1.3333,1440,810,1,204.81,255.73,20,43,2.724,1400.0,1400.0,,,,0.302
floor5,crop75,map,254,15225,254.004,1.3333,1440,810,1,205.54,240.53,18,37,3.204,1400.0,1400.0,,,,0.286
floor5,crop75,map,255,15285,255.005,1.3333,1440,810,1,205.03,237.17,23,67,4.218,1400.0,1400.0,,,,0.339
floor5,crop75,map,256,15345,256.006,1.3333,1440,810,1,205.46,238.07,24,68,3.193,1400.0,1400.0,,,,0.331
floor5,crop75,map,257,15405,257.007,1.3333,1440,810,1,205.92,232.21,22,52,3.639,1400.0,1400.0,,,,0.344
floor5,crop75,map,258,15465,258.008,1.3333,1440,810,1,203.15,238.44,24,93,3.043,1400.0,1400.0,,,,0.372
floor5,crop75,map,259,15524,258.992,1.3333,1440,810,1,204.38,229.58,24,103,3.006,1400.0,1400.0,,,,0.38
floor5,crop75,map,260,15584,259.993,1.3333,1440,810,1,203.07,231.54,27,124,3.334,1400.0,1400.0,,,,0.396
floor5,crop75,map,261,15644,260.994,1.3333,1440,810,1,206.07,219.52,27,115,3.934,1400.0,1400.0,,,,0.402
floor5,crop75,map,262,15704,261.995,1.3333,1440,810,1,207.11,215.98,28,98,4.265,1400.0,1400.0,,,,0.392
floor5,crop75,map,263,15764,262.996,1.3333,1440,810,1,207.92,212.96,21,74,3.692,1400.0,1400.0,,,,0.362
floor5,crop75,map,264,15824,263.997,1.3333,1440,810,1,209.41,209.89,17,50,3.906,1400.0,1400.0,,,,0.353
floor5,crop75,map,265,15884,264.998,1.3333,1440,810,0,,,0,0,,1400.0,1400.0,,,,0.316
floor5,crop75,map,266,15944,265.999,1.3333,1440,810,1,220.02,233.27,15,27,2.304,1400.0,1400.0,,,,0.288
floor5,crop75,map,267,16004,267.0,1.3333,1440,810,1,219.02,231.23,17,27,2.863,1400.0,1400.0,,,,0.357
floor5,crop75,map,268,16064,268.001,1.3333,1440,810,1,242.44,233.72,19,46,2.514,1400.0,1400.0,,,,0.331
floor5,crop75,map,269,16124,269.002,1.3333,1440,810,1,251.85,231.48,17,57,2.536,1400.0,1400.0,,,,0.37
floor5,crop75,map,270,16184,270.003,1.3333,1440,810,1,246.22,231.83,35,78,4.176,1400.0,1400.0,,,,0.329
floor5,crop75,map,271,16244,271.004,1.3333,1440,810,1,249.64,231.9,32,89,4.565,1400.0,1400.0,,,,0.339
floor5,crop75,map,272,16304,272.005,1.3333,1440,810,1,253.46,233.14,33,95,4.737,1400.0,1400.0,,,,0.329
floor5,crop75,map,273,16364,273.006,1.3333,1440,810,1,257.0,233.43,31,112,5.049,1400.0,1400.0,,,,0.365
floor5,crop75,map,274,16424,274.007,1.3333,1440,810,1,260.52,238.56,34,60,3.313,1400.0,1400.0,,,,0.31
floor5,crop75,map,275,16484,275.008,1.3333,1440,810,1,263.46,239.38,32,65,3.536,1400.0,1400.0,,,,0.317
floor5,crop75,map,276,16543,275.992,1.3333,1440,810,1,267.3,237.27,33,120,4.341,1400.0,1400.0,,,,0.349
floor5,crop75,map,277,16603,276.993,1.3333,1440,810,1,280.36,235.86,33,120,4.463,1400.0,1400.0,,,,0.347
floor5,crop75,map,278,16663,277.994,1.3333,1440,810,1,273.74,241.01,33,77,3.566,1400.0,1400.0,,,,0.344
floor5,crop75,map,279,16723,278.995,1.3333,1440,810,1,277.92,240.64,29,85,3.551,1400.0,1400.0,,,,0.325
floor5,crop75,map,280,16783,279.996,1.3333,1440,810,1,281.9,243.01,28,55,3.194,1400.0,1400.0,,,,0.271
floor5,crop75,map,281,16843,280.997,1.3333,1440,810,1,285.35,243.63,28,48,3.376,1400.0,1400.0,,,,0.261
floor5,crop75,map,282,16903,281.998,1.3333,1440,810,1,287.88,245.27,38,55,3.335,1400.0,1400.0,,,,0.246
floor5,crop75,map,283,16963,282.999,1.3333,1440,810,1,290.74,250.85,21,65,2.476,1400.0,1400.0,,,,0.315
floor5,crop75,map,284,17023,284.0,1.3333,1440,810,1,291.2,260.26,21,74,3.244,1400.0,1400.0,,,,0.347
floor5,crop75,map,285,17083,285.001,1.3333,1440,810,1,292.6,263.57,19,80,3.427,1400.0,1400.0,,,,0.356
floor5,crop75,map,286,17143,286.002,1.3333,1440,810,1,292.73,267.02,21,79,3.383,1400.0,1400.0,,,,0.358
floor5,crop75,map,287,17203,287.003,1.3333,1440,810,1,292.2,270.34,19,78,4.511,1400.0,1400.0,,,,0.366
floor5,crop75,map,288,17263,288.004,1.3333,1440,810,1,292.62,279.78,17,68,3.843,1400.0,1400.0,,,,0.364
floor5,crop75,map,289,17323,289.005,1.3333,1440,810,1,294.18,289.28,15,51,3.598,1400.0,1400.0,,,,0.343
floor5,crop75,map,290,17383,290.006,1.3333,1440,810,1,293.48,292.28,20,95,3.484,1400.0,1400.0,,,,0.355
floor5,crop75,map,291,17443,291.007,1.3333,1440,810,1,293.32,291.31,22,94,3.071,1400.0,1400.0,,,,0.376
floor5,crop75,map,292,17502,291.992,1.3333,1440,810,1,293.32,294.74,21,83,2.694,1400.0,1400.0,,,,0.379
floor5,crop75,map,293,17562,292.993,1.3333,1440,810,1,293.42,307.05,31,105,4.92,1400.0,1400.0,,,,0.387
floor5,crop75,map,294,17622,293.994,1.3333,1440,810,1,293.31,306.48,28,93,4.081,1400.0,1400.0,,,,0.373
floor5,crop75,map,295,17682,294.995,1.3333,1440,810,1,293.33,313.32,30,102,4.261,1400.0,1400.0,,,,0.373
floor5,crop75,map,296,17742,295.996,1.3333,1440,810,1,293.97,316.93,31,110,3.486,1400.0,1400.0,,,,0.359
floor5,crop75,map,297,17802,296.997,1.3333,1440,810,1,293.95,320.07,26,94,3.149,1400.0,1400.0,,,,0.366
floor5,crop75,map,298,17862,297.998,1.3333,1440,810,1,293.58,324.51,24,96,3.902,1400.0,1400.0,,,,0.375
floor5,crop75,map,299,17922,298.999,1.3333,1440,810,1,294.16,334.39,24,106,3.598,1400.0,1400.0,,,,0.389
floor5,crop75,map,300,17982,300.0,1.3333,1440,810,1,292.78,333.18,29,114,4.146,1400.0,1400.0,,,,0.385
floor5,crop75,map,301,18042,301.001,1.3333,1440,810,1,291.95,337.08,26,127,3.827,1400.0,1400.0,,,,0.396
floor5,crop75,map,302,18102,302.002,1.3333,1440,810,1,292.05,345.35,24,117,2.846,1400.0,1400.0,,,,0.378
floor5,crop75,map,303,18162,303.003,1.3333,1440,810,1,293.77,348.99,25,111,4.044,1400.0,1400.0,,,,0.389
floor5,crop75,map,304,18222,304.004,1.3333,1440,810,1,292.34,353.11,23,113,3.018,1400.0,1400.0,,,,0.385
floor5,crop75,map,305,18282,305.005,1.3333,1440,810,1,293.16,360.44,24,74,4.205,1400.0,1400.0,,,,0.357
floor5,crop75,map,306,18342,306.006,1.3333,1440,810,1,293.66,372.98,21,77,4.35,1400.0,1400.0,,,,0.361
floor5,crop75,map,307,18402,307.007,1.3333,1440,810,1,294.09,377.14,18,58,3.006,1400.0,1400.0,,,,0.365
floor5,crop75,map,308,18462,308.008,1.3333,1440,810,1,294.58,375.91,21,85,4.351,1400.0,1400.0,,,,0.373
floor5,crop75,map,309,18521,308.992,1.3333,1440,810,1,294.45,379.55,19,84,4.213,1400.0,1400.0,,,,0.369
floor5,crop75,map,310,18581,309.993,1.3333,1440,810,1,295.39,389.98,20,94,3.063,1400.0,1400.0,,,,0.361
floor5,crop75,map,311,18641,310.994,1.3333,1440,810,1,294.45,392.39,18,73,4.093,1400.0,1400.0,,,,0.37
floor5,crop75,map,312,18701,311.995,1.3333,1440,810,1,295.67,396.46,15,45,2.414,1400.0,1400.0,,,,0.344
floor5,crop75,map,313,18761,312.996,1.3333,1440,810,1,295.81,400.65,31,93,3.924,1400.0,1400.0,,,,0.357
floor5,crop75,map,314,18821,313.997,1.3333,1440,810,1,295.96,405.45,27,100,4.02,1400.0,1400.0,,,,0.364
floor5,crop75,map,315,18881,314.998,1.3333,1440,810,1,296.42,408.32,24,90,2.44,1400.0,1400.0,,,,0.369
floor5,crop75,map,316,18941,315.999,1.3333,1440,810,1,296.49,412.22,27,106,3.529,1400.0,1400.0,,,,0.382
floor5,crop75,map,317,19001,317.0,1.3333,1440,810,1,296.42,416.26,28,114,4.045,1400.0,1400.0,,,,0.385
floor5,crop75,map,318,19061,318.001,1.3333,1440,810,1,296.28,419.68,29,107,3.44,1400.0,1400.0,,,,0.384
floor5,crop75,map,319,19121,319.002,1.3333,1440,810,1,297.14,422.88,25,99,3.523,1400.0,1400.0,,,,0.394
floor5,crop75,map,320,19181,320.003,1.3333,1440,810,1,296.19,428.72,27,77,4.139,1400.0,1400.0,,,,0.382
floor5,crop75,map,321,19241,321.004,1.3333,1440,810,1,298.64,438.46,25,62,3.238,1400.0,1400.0,,,,0.326
floor5,crop75,map,322,19301,322.005,1.3333,1440,810,1,296.59,440.89,26,45,4.138,1400.0,1400.0,,,,0.336
floor5,crop75,map,323,19361,323.006,1.3333,1440,810,1,298.86,444.1,24,53,3.575,1400.0,1400.0,,,,0.304
floor5,crop75,map,324,19421,324.007,1.3333,1440,810,1,298.02,447.18,29,58,4.021,1400.0,1400.0,,,,0.274
floor5,crop75,map,325,19481,325.008,1.3333,1440,810,1,300.11,450.72,32,63,3.862,1400.0,1400.0,,,,0.293
floor5,crop75,map,326,19540,325.992,1.3333,1440,810,1,299.42,453.83,27,65,3.232,1400.0,1400.0,,,,0.303
floor5,crop75,map,327,19600,326.993,1.3333,1440,810,1,298.69,456.64,28,96,3.646,1400.0,1400.0,,,,0.352
floor5,crop75,map,328,19660,327.994,1.3333,1440,810,1,297.28,459.22,22,52,3.992,1400.0,1400.0,,,,0.323
floor5,crop75,map,329,19720,328.995,1.3333,1440,810,1,296.38,462.02,20,40,4.202,1400.0,1400.0,,,,0.302
floor5,crop75,map,330,19780,329.996,1.3333,1440,810,1,296.93,464.7,13,26,4.749,1400.0,1400.0,,,,0.314
floor5,crop75,map,331,19840,330.997,1.3333,1440,810,0,,,0,0,,1400.0,1400.0,,,,0.313
floor5,crop75,selfcal,0,0,0.0,1.3333,1440,810,1,289.9,460.0,121,125,2.723,1400.0,1400.0,estimating,1400.0,0,0.229
floor5,crop75,selfcal,1,60,1.001,1.3333,1440,810,1,290.29,460.26,150,156,3.243,1400.0,1400.0,estimating,2553.3,1,0.228
floor5,crop75,selfcal,2,120,2.002,1.3333,1440,810,1,283.97,459.91,73,125,4.435,2553.3,2553.3,estimating,2553.3,2,0.256
floor5,crop75,selfcal,3,180,3.003,1.3333,1440,810,1,286.09,454.51,20,31,4.876,2553.3,2553.3,estimating,2553.3,3,0.308
floor5,crop75,selfcal,4,240,4.004,1.3333,1440,810,1,286.59,456.68,11,28,2.059,2553.3,2553.3,estimating,2254.7,4,0.332
floor5,crop75,selfcal,5,300,5.005,1.3333,1440,810,1,290.25,462.93,69,102,3.775,2254.7,2254.7,estimating,2254.7,5,0.234
floor5,crop75,selfcal,6,360,6.006,1.3333,1440,810,1,291.25,465.04,145,172,5.277,2254.7,2254.7,estimating,2254.7,6,0.236
floor5,crop75,selfcal,7,420,7.007,1.3333,1440,810,1,292.07,467.5,16,47,2.522,2254.7,2254.7,estimating,2254.7,7,0.361
floor5,crop75,selfcal,8,480,8.008,1.3333,1440,810,1,295.74,466.09,26,71,3.458,2254.7,2254.7,estimating,2209.6,8,0.329
floor5,crop75,selfcal,9,539,8.992,1.3333,1440,810,1,294.43,461.53,26,74,2.057,2209.6,2209.6,estimating,2165.4,9,0.323
floor5,crop75,selfcal,10,599,9.993,1.3333,1440,810,1,294.52,457.29,31,86,2.293,2165.4,2165.4,estimating,2122.1,10,0.346
floor5,crop75,selfcal,11,659,10.994,1.3333,1440,810,1,295.81,456.88,23,49,3.328,2122.1,2122.1,estimating,2079.7,11,0.326
floor5,crop75,selfcal,12,719,11.995,1.3333,1440,810,1,295.51,452.37,23,55,3.081,2079.7,2079.7,estimating,2038.1,12,0.305
floor5,crop75,selfcal,13,779,12.996,1.3333,1440,810,1,294.95,446.28,26,64,3.752,2038.1,2038.1,estimating,2001.0,13,0.296
floor5,crop75,selfcal,14,839,13.997,1.3333,1440,810,1,294.61,440.72,32,63,3.908,2001.0,2001.0,estimating,1971.8,14,0.286
floor5,crop75,selfcal,15,899,14.998,1.3333,1440,810,1,294.64,435.9,29,51,3.859,1971.8,1971.8,estimating,1949.5,15,0.28
floor5,crop75,selfcal,16,959,15.999,1.3333,1440,810,1,295.53,431.82,32,57,4.31,1949.5,1949.5,estimating,1932.8,16,0.274
floor5,crop75,selfcal,17,1019,17.0,1.3333,1440,810,1,296.05,428.33,25,35,4.536,1932.8,1932.8,estimating,1919.9,17,0.275
floor5,crop75,selfcal,18,1079,18.001,1.3333,1440,810,1,296.46,422.72,49,59,3.286,1919.9,1919.9,estimating,1909.3,18,0.27
floor5,crop75,selfcal,19,1139,19.002,1.3333,1440,810,1,296.54,417.87,57,65,3.18,1909.3,1909.3,estimating,1901.9,19,0.264
floor5,crop75,selfcal,20,1199,20.003,1.3333,1440,810,1,296.44,412.46,60,75,4.014,1901.9,1901.9,estimating,1895.9,20,0.265
floor5,crop75,selfcal,21,1259,21.004,1.3333,1440,810,1,296.07,406.87,63,72,4.22,1895.9,1895.9,estimating,1890.7,21,0.269
floor5,crop75,selfcal,22,1319,22.005,1.3333,1440,810,1,295.84,401.85,61,68,3.416,1890.7,1890.7,estimating,1886.5,22,0.25
floor5,crop75,selfcal,23,1379,23.006,1.3333,1440,810,1,295.84,396.95,72,77,2.712,1886.5,1886.5,estimating,1883.8,23,0.243
floor5,crop75,selfcal,24,1439,24.007,1.3333,1440,810,1,295.76,392.01,98,107,3.218,1883.8,1883.8,estimating,1881.2,24,0.244
floor5,crop75,selfcal,25,1499,25.008,1.3333,1440,810,1,295.46,387.05,130,141,2.975,1881.2,1881.2,estimating,1879.2,25,0.264
floor5,crop75,selfcal,26,1558,25.993,1.3333,1440,810,1,295.26,382.29,123,127,2.731,1879.2,1879.2,estimating,1879.2,26,0.27
floor5,crop75,selfcal,27,1618,26.994,1.3333,1440,810,1,295.39,377.45,126,140,2.715,1879.2,1879.2,estimating,1877.6,27,0.267
floor5,crop75,selfcal,28,1678,27.995,1.3333,1440,810,1,295.45,372.45,125,135,3.035,1877.6,1877.6,estimating,1877.6,28,0.265
floor5,crop75,selfcal,29,1738,28.996,1.3333,1440,810,1,295.02,367.55,96,111,2.836,1877.6,1877.6,estimating,1877.6,29,0.278
floor5,crop75,selfcal,30,1798,29.997,1.3333,1440,810,1,294.51,362.33,75,92,3.256,1877.6,1877.6,estimating,1877.6,30,0.274
floor5,crop75,selfcal,31,1858,30.998,1.3333,1440,810,1,294.42,357.09,66,89,3.826,1877.6,1877.6,estimating,1877.6,31,0.274
floor5,crop75,selfcal,32,1918,31.999,1.3333,1440,810,1,294.39,351.92,78,101,3.522,1877.6,1877.6,estimating,1877.6,32,0.265
floor5,crop75,selfcal,33,1978,33.0,1.3333,1440,810,1,294.23,347.14,70,94,2.689,1877.6,1877.6,estimating,1875.6,33,0.263
floor5,crop75,selfcal,34,2038,34.001,1.3333,1440,810,1,293.69,341.93,78,99,2.7,1875.6,1875.6,estimating,1873.9,34,0.259
floor5,crop75,selfcal,35,2098,35.002,1.3333,1440,810,1,293.04,336.92,83,110,3.588,1873.9,1873.9,estimating,1872.6,35,0.27
floor5,crop75,selfcal,36,2158,36.003,1.3333,1440,810,1,292.87,331.74,79,90,3.602,1872.6,1872.6,estimating,1870.9,36,0.297
floor5,crop75,selfcal,37,2218,37.004,1.3333,1440,810,1,292.61,326.51,85,98,3.643,1870.9,1870.9,estimating,1869.7,37,0.299
floor5,crop75,selfcal,38,2278,38.005,1.3333,1440,810,1,292.24,321.39,75,97,3.619,1869.7,1869.7,estimating,1869.7,38,0.327
floor5,crop75,selfcal,39,2338,39.006,1.3333,1440,810,1,291.97,316.28,61,80,3.996,1869.7,1869.7,estimating,1869.7,39,0.331
floor5,crop75,selfcal,40,2398,40.007,1.3333,1440,810,1,292.04,310.82,77,114,3.79,1869.7,1869.7,estimating,1869.7,40,0.341
floor5,crop75,selfcal,41,2458,41.008,1.3333,1440,810,1,292.08,305.54,70,98,4.018,1869.7,1869.7,estimating,1869.7,41,0.339
floor5,crop75,selfcal,42,2517,41.992,1.3333,1440,810,1,292.08,300.55,80,96,4.055,1869.7,1869.7,estimating,1869.7,42,0.343
floor5,crop75,selfcal,43,2577,42.993,1.3333,1440,810,1,292.04,295.65,100,114,3.81,1869.7,1869.7,estimating,1869.7,43,0.288
floor5,crop75,selfcal,44,2637,43.994,1.3333,1440,810,1,292.19,290.6,96,117,3.919,1869.7,1869.7,estimating,1869.7,44,0.324
floor5,crop75,selfcal,45,2697,44.995,1.3333,1440,810,1,292.35,285.33,88,110,3.66,1869.7,1869.7,estimating,1869.7,45,0.316
floor5,crop75,selfcal,46,2757,45.996,1.3333,1440,810,1,292.36,280.39,90,105,3.522,1869.7,1869.7,estimating,1868.2,46,0.314
floor5,crop75,selfcal,47,2817,46.997,1.3333,1440,810,1,292.11,275.4,88,108,3.402,1868.2,1868.2,estimating,1865.6,47,0.31
floor5,crop75,selfcal,48,2877,47.998,1.3333,1440,810,1,291.81,270.54,99,114,3.23,1865.6,1865.6,estimating,1863.2,48,0.343
floor5,crop75,selfcal,49,2937,48.999,1.3333,1440,810,1,291.51,265.45,108,124,3.209,1863.2,1863.2,estimating,1861.4,49,0.301
floor5,crop75,selfcal,50,2997,50.0,1.3333,1440,810,1,291.41,260.37,92,114,3.424,1861.4,1861.4,estimating,1861.4,50,0.324
floor5,crop75,selfcal,51,3057,51.001,1.3333,1440,810,1,291.15,255.43,97,121,3.612,1861.4,1861.4,estimating,1861.4,51,0.305
floor5,crop75,selfcal,52,3117,52.002,1.3333,1440,810,1,290.72,250.67,75,102,3.807,1861.4,1861.4,estimating,1861.4,52,0.306
floor5,crop75,selfcal,53,3177,53.003,1.3333,1440,810,1,290.35,245.87,75,97,3.763,1861.4,1861.4,estimating,1861.4,53,0.323
floor5,crop75,selfcal,54,3237,54.004,1.3333,1440,810,1,289.23,240.96,67,94,3.272,1861.4,1861.4,estimating,1861.4,54,0.305
floor5,crop75,selfcal,55,3297,55.005,1.3333,1440,810,1,287.22,236.52,70,96,3.583,1861.4,1861.4,estimating,1861.4,55,0.309
floor5,crop75,selfcal,56,3357,56.006,1.3333,1440,810,1,284.36,233.34,56,71,3.27,1861.4,1861.4,estimating,1861.4,56,0.314
floor5,crop75,selfcal,57,3417,57.007,1.3333,1440,810,1,281.21,230.83,77,98,3.841,1861.4,1861.4,estimating,1861.4,57,0.325
floor5,crop75,selfcal,58,3477,58.008,1.3333,1440,810,1,276.62,229.14,75,105,3.436,1861.4,1861.4,estimating,1861.4,58,0.309
floor5,crop75,selfcal,59,3536,58.992,1.3333,1440,810,1,271.8,228.19,80,98,3.305,1861.4,1861.4,estimating,1861.4,59,0.295
floor5,crop75,selfcal,60,3596,59.993,1.3333,1440,810,1,266.87,227.51,59,72,3.392,1861.4,1861.4,estimating,1861.4,60,0.321
floor5,crop75,selfcal,61,3656,60.994,1.3333,1440,810,1,261.91,227.03,55,64,3.191,1861.4,1861.4,estimating,1861.4,61,0.348
floor5,crop75,selfcal,62,3716,61.995,1.3333,1440,810,1,257.22,226.4,80,93,2.418,1861.4,1861.4,estimating,1861.4,62,0.304
floor5,crop75,selfcal,63,3776,62.996,1.3333,1440,810,1,252.88,225.76,92,107,2.563,1861.4,1861.4,estimating,1863.3,63,0.293
floor5,crop75,selfcal,64,3836,63.997,1.3333,1440,810,1,248.94,225.15,105,121,2.436,1863.3,1863.3,estimating,1864.9,64,0.296
floor5,crop75,selfcal,65,3896,64.998,1.3333,1440,810,1,244.53,224.5,103,111,2.539,1864.9,1864.9,estimating,1866.1,65,0.327
floor5,crop75,selfcal,66,3956,65.999,1.3333,1440,810,1,239.91,223.86,116,126,2.737,1866.1,1866.1,estimating,1866.1,66,0.313
floor5,crop75,selfcal,67,4016,67.0,1.3333,1440,810,1,235.23,223.31,101,114,2.71,1866.1,1866.1,estimating,1866.1,67,0.321
floor5,crop75,selfcal,68,4076,68.001,1.3333,1440,810,1,230.72,222.6,77,91,2.735,1866.1,1866.1,estimating,1866.1,68,0.298
floor5,crop75,selfcal,69,4136,69.002,1.3333,1440,810,1,226.06,221.71,86,101,3.129,1866.1,1866.1,estimating,1867.4,69,0.297
floor5,crop75,selfcal,70,4196,70.003,1.3333,1440,810,1,221.51,220.93,80,90,2.416,1867.4,1867.4,estimating,1867.4,70,0.295
floor5,crop75,selfcal,71,4256,71.004,1.3333,1440,810,1,217.41,220.85,66,76,2.718,1867.4,1867.4,estimating,1867.4,71,0.261
floor5,crop75,selfcal,72,4316,72.005,1.3333,1440,810,1,213.73,221.34,46,57,3.708,1867.4,1867.4,estimating,1867.4,72,0.261
floor5,crop75,selfcal,73,4376,73.006,1.3333,1440,810,1,210.23,221.29,22,33,3.03,1867.4,1867.4,estimating,1867.4,73,0.244
floor5,crop75,selfcal,74,4436,74.007,1.3333,1440,810,1,207.81,219.13,10,18,2.898,1867.4,1867.4,estimating,1867.4,74,0.271
floor5,crop75,selfcal,75,4496,75.008,1.3333,1440,810,0,,,0,0,,1867.4,1867.4,estimating,1867.4,74,0.265
floor5,crop75,selfcal,76,4555,75.993,1.3333,1440,810,0,,,0,0,,1867.4,1867.4,estimating,1867.4,74,0.265
floor5,crop75,selfcal,77,4615,76.994,1.3333,1440,810,1,207.75,195.28,64,89,3.646,1867.4,1867.4,estimating,1867.4,74,0.237
floor5,crop75,selfcal,78,4675,77.995,1.3333,1440,810,1,207.97,191.46,67,96,4.125,1867.4,1867.4,estimating,1867.4,75,0.248
floor5,crop75,selfcal,79,4735,78.996,1.3333,1440,810,1,207.72,187.91,58,85,3.375,1867.4,1867.4,estimating,1865.4,76,0.256
floor5,crop75,selfcal,80,4795,79.997,1.3333,1440,810,1,206.76,184.16,69,97,3.17,1865.4,1865.4,estimating,1861.9,77,0.242
floor5,crop75,selfcal,81,4855,80.998,1.3333,1440,810,1,205.93,180.15,87,106,3.731,1861.9,1861.9,estimating,1856.5,78,0.241
floor5,crop75,selfcal,82,4915,81.999,1.3333,1440,810,1,204.98,176.21,98,117,3.397,1856.5,1856.5,estimating,1852.2,79,0.255
floor5,crop75,selfcal,83,4975,83.0,1.3333,1440,810,1,203.99,172.06,86,103,4.014,1852.2,1852.2,estimating,1850.8,80,0.239
floor5,crop75,selfcal,84,5035,84.001,1.3333,1440,810,1,203.26,167.85,103,122,3.238,1850.8,1850.8,estimating,1849.3,81,0.246
floor5,crop75,selfcal,85,5095,85.002,1.3333,1440,810,1,202.92,163.61,94,111,3.142,1849.3,1849.3,estimating,1850.4,82,0.243
floor5,crop75,selfcal,86,5155,86.003,1.3333,1440,810,1,202.81,159.46,99,113,3.592,1850.4,1850.4,estimating,1850.4,83,0.252
floor5,crop75,selfcal,87,5215,87.004,1.3333,1440,810,1,202.92,155.37,110,121,2.975,1850.4,1850.4,estimating,1851.7,84,0.253
floor5,crop75,selfcal,88,5275,88.005,1.3333,1440,810,1,203.05,151.16,107,120,3.965,1851.7,1851.7,estimating,1853.6,85,0.246
floor5,crop75,selfcal,89,5335,89.006,1.3333,1440,810,1,203.12,146.82,89,117,3.505,1853.6,1853.6,estimating,1855.2,86,0.239
floor5,crop75,selfcal,90,5395,90.007,1.3333,1440,810,1,203.12,142.46,97,118,3.797,1855.2,1855.2,estimating,1856.4,87,0.242
floor5,crop75,selfcal,91,5455,91.008,1.3333,1440,810,1,202.99,137.82,100,120,3.922,1856.4,1856.4,estimating,1856.4,88,0.232
floor5,crop75,selfcal,92,5514,91.992,1.3333,1440,810,1,202.92,133.47,96,110,3.288,1856.4,1856.4,estimating,1856.4,89,0.232
floor5,crop75,selfcal,93,5574,92.993,1.3333,1440,810,1,202.85,129.08,118,130,3.511,1856.4,1856.4,estimating,1856.4,90,0.232
floor5,crop75,selfcal,94,5634,93.994,1.3333,1440,810,1,202.84,124.67,117,130,3.43,1856.4,1856.4,estimating,1858.1,91,0.234
floor5,crop75,selfcal,95,5694,94.995,1.3333,1440,810,1,203.01,120.46,109,121,3.711,1858.1,1858.1,estimating,1859.5,92,0.235
floor5,crop75,selfcal,96,5754,95.996,1.3333,1440,810,1,203.22,116.04,104,118,3.474,1859.5,1859.5,estimating,1861.1,93,0.247
floor5,crop75,selfcal,97,5814,96.997,1.3333,1440,810,1,203.64,111.8,107,125,3.332,1861.1,1861.1,estimating,1863.7,94,0.269
floor5,crop75,selfcal,98,5874,97.998,1.3333,1440,810,1,203.51,107.75,93,120,3.638,1863.7,1863.7,estimating,1865.9,95,0.26
floor5,crop75,selfcal,99,5934,98.999,1.3333,1440,810,1,203.14,103.49,99,116,2.932,1865.9,1865.9,estimating,1867.7,96,0.259
floor5,crop75,selfcal,100,5994,100.0,1.3333,1440,810,1,203.2,99.0,94,107,2.84,1867.7,1867.7,estimating,1870.0,97,0.258
floor5,crop75,selfcal,101,6054,101.001,1.3333,1440,810,1,203.44,94.78,95,106,3.659,1870.0,1870.0,estimating,1870.0,98,0.264
floor5,crop75,selfcal,102,6114,102.002,1.3333,1440,810,1,203.48,90.5,106,122,3.277,1870.0,1870.0,estimating,1871.4,99,0.261
floor5,crop75,selfcal,103,6174,103.003,1.3333,1440,810,1,203.11,86.49,94,107,3.026,1871.4,1871.4,estimating,1873.0,100,0.259
floor5,crop75,selfcal,104,6234,104.004,1.3333,1440,810,1,202.85,82.37,95,105,2.972,1873.0,1873.0,estimating,1873.0,101,0.258
floor5,crop75,selfcal,105,6294,105.005,1.3333,1440,810,1,202.39,78.2,67,82,3.0,1873.0,1873.0,estimating,1873.0,102,0.259
floor5,crop75,selfcal,106,6354,106.006,1.3333,1440,810,1,203.91,77.25,70,93,3.0,1873.0,1873.0,estimating,1873.0,103,0.275
floor5,crop75,selfcal,107,6414,107.007,1.3333,1440,810,1,203.83,73.06,75,97,3.219,1873.0,1873.0,estimating,1873.0,104,0.264
floor5,crop75,selfcal,108,6474,108.008,1.3333,1440,810,1,203.36,69.29,73,88,3.427,1873.0,1873.0,estimating,1873.0,105,0.264
floor5,crop75,selfcal,109,6533,108.992,1.3333,1440,810,1,202.9,65.53,55,63,2.962,1873.0,1873.0,estimating,1873.0,106,0.261
floor5,crop75,selfcal,110,6593,109.993,1.3333,1440,810,1,202.55,61.49,49,68,4.261,1873.0,1873.0,estimating,1873.0,107,0.256
floor5,crop75,selfcal,111,6653,110.994,1.3333,1440,810,1,202.48,57.28,40,62,4.53,1873.0,1873.0,estimating,1873.0,108,0.267
floor5,crop75,selfcal,112,6713,111.995,1.3333,1440,810,1,202.0,54.32,41,60,3.994,1873.0,1873.0,estimating,1873.0,109,0.266
floor5,crop75,selfcal,113,6773,112.996,1.3333,1440,810,1,201.71,51.53,28,50,3.985,1873.0,1873.0,estimating,1873.0,110,0.275
floor5,crop75,selfcal,114,6833,113.997,1.3333,1440,810,1,202.06,49.26,36,60,3.245,1873.0,1873.0,estimating,1873.0,111,0.269
floor5,crop75,selfcal,115,6893,114.998,1.3333,1440,810,1,203.0,46.57,12,21,3.052,1873.0,1873.0,estimating,1874.7,112,0.282
floor5,crop75,selfcal,116,6953,115.999,1.3333,1440,810,0,,,0,0,,1874.7,1874.7,estimating,1876.2,112,0.289
floor5,crop75,selfcal,117,7013,117.0,1.3333,1440,810,1,207.16,44.71,26,45,3.996,1876.2,1876.2,estimating,1877.3,112,0.311
floor5,crop75,selfcal,118,7073,118.001,1.3333,1440,810,1,209.34,46.92,64,88,3.023,1877.3,1877.3,estimating,1877.3,112,0.28
floor5,crop75,selfcal,119,7133,119.002,1.3333,1440,810,1,210.67,50.6,68,81,2.891,1877.3,1877.3,estimating,1877.3,113,0.268
floor5,crop75,selfcal,120,7193,120.003,1.3333,1440,810,1,210.82,54.97,89,105,3.367,1877.3,1877.3,estimating,1875.1,114,0.262
floor5,crop75,selfcal,121,7253,121.004,1.3333,1440,810,1,210.54,59.3,89,110,3.356,1875.1,1875.1,estimating,1871.9,115,0.259
floor5,crop75,selfcal,122,7313,122.005,1.3333,1440,810,1,210.22,63.34,99,120,3.428,1871.9,1871.9,estimating,1869.4,116,0.259
floor5,crop75,selfcal,123,7373,123.006,1.3333,1440,810,1,210.16,67.52,97,125,3.169,1869.4,1869.4,estimating,1867.5,117,0.261
floor5,crop75,selfcal,124,7433,124.007,1.3333,1440,810,1,209.99,71.94,100,134,3.683,1867.5,1867.5,estimating,1866.3,118,0.265
floor5,crop75,selfcal,125,7493,125.008,1.3333,1440,810,1,209.91,76.52,94,119,4.112,1866.3,1866.3,estimating,1866.3,119,0.268
floor5,crop75,selfcal,126,7552,125.993,1.3333,1440,810,1,209.85,80.72,93,112,4.298,1866.3,1866.3,estimating,1865.2,120,0.258
floor5,crop75,selfcal,127,7612,126.994,1.3333,1440,810,1,209.56,85.31,84,99,3.054,1865.2,1865.2,estimating,1865.2,121,0.244
floor5,crop75,selfcal,128,7672,127.995,1.3333,1440,810,1,209.72,89.67,92,104,3.355,1865.2,1865.2,estimating,1865.2,122,0.233
floor5,crop75,selfcal,129,7732,128.996,1.3333,1440,810,1,209.66,93.96,93,102,2.953,1865.2,1865.2,estimating,1868.4,123,0.231
floor5,crop75,selfcal,130,7792,129.997,1.3333,1440,810,1,209.36,97.34,99,112,3.038,1868.4,1868.4,estimating,1872.7,124,0.234
floor5,crop75,selfcal,131,7852,130.998,1.3333,1440,810,1,209.25,103.09,106,125,3.083,1872.7,1872.7,estimating,1876.2,125,0.236
floor5,crop75,selfcal,132,7912,131.999,1.3333,1440,810,1,208.94,108.86,117,137,3.309,1876.2,1876.2,estimating,1879.7,126,0.246
floor5,crop75,selfcal,133,7972,133.0,1.3333,1440,810,1,208.66,114.72,117,136,2.682,1879.7,1879.7,estimating,1881.8,127,0.245
floor5,crop75,selfcal,134,8032,134.001,1.3333,1440,810,1,208.72,120.38,112,141,2.926,1881.8,1881.8,estimating,1883.5,128,0.259
floor5,crop75,selfcal,135,8092,135.002,1.3333,1440,810,1,208.9,125.93,108,137,2.834,1883.5,1883.5,estimating,1884.5,129,0.263
floor5,crop75,selfcal,136,8152,136.003,1.3333,1440,810,1,209.13,131.35,82,109,3.496,1884.5,1884.5,estimating,1883.2,130,0.257
floor5,crop75,selfcal,137,8212,137.004,1.3333,1440,810,1,209.24,137.12,74,87,3.291,1883.2,1883.2,estimating,1882.1,131,0.264
floor5,crop75,selfcal,138,8272,138.005,1.3333,1440,810,1,209.03,142.57,73,91,3.251,1882.1,1882.1,estimating,1880.0,132,0.262
floor5,crop75,selfcal,139,8332,139.006,1.3333,1440,810,1,209.06,148.12,82,95,3.35,1880.0,1880.0,estimating,1877.8,133,0.262
floor5,crop75,selfcal,140,8392,140.007,1.3333,1440,810,1,209.15,153.24,76,88,3.232,1877.8,1877.8,estimating,1874.8,134,0.248
floor5,crop75,selfcal,141,8452,141.008,1.3333,1440,810,1,209.04,158.6,90,109,3.619,1874.8,1874.8,estimating,1872.8,135,0.245
floor5,crop75,selfcal,142,8511,141.992,1.3333,1440,810,1,208.98,164.38,66,78,3.805,1872.8,1872.8,estimating,1872.8,136,0.264
floor5,crop75,selfcal,143,8571,142.993,1.3333,1440,810,1,209.08,169.61,61,76,3.221,1872.8,1872.8,estimating,1870.7,137,0.265
floor5,crop75,selfcal,144,8631,143.994,1.3333,1440,810,1,208.99,174.98,85,102,3.135,1870.7,1870.7,estimating,1869.3,138,0.271
floor5,crop75,selfcal,145,8691,144.995,1.3333,1440,810,1,209.0,180.46,101,114,3.5,1869.3,1869.3,estimating,1868.1,139,0.271
floor5,crop75,selfcal,146,8751,145.996,1.3333,1440,810,1,209.28,185.94,71,85,3.603,1868.1,1868.1,estimating,1868.1,140,0.268
floor5,crop75,selfcal,147,8811,146.997,1.3333,1440,810,1,209.2,191.34,69,84,4.076,1868.1,1868.1,estimating,1868.1,141,0.269
floor5,crop75,selfcal,148,8871,147.998,1.3333,1440,810,1,209.08,196.35,58,70,3.472,1868.1,1868.1,estimating,1868.1,142,0.271
floor5,crop75,selfcal,149,8931,148.999,1.3333,1440,810,1,209.13,201.63,62,80,2.909,1868.1,1868.1,estimating,1868.1,143,0.259
floor5,crop75,selfcal,150,8991,150.0,1.3333,1440,810,1,209.16,207.04,57,64,4.071,1868.1,1868.1,estimating,1868.1,144,0.281
floor5,crop75,selfcal,151,9051,151.001,1.3333,1440,810,1,209.09,212.41,52,59,3.467,1868.1,1868.1,estimating,1868.1,145,0.272
floor5,crop75,selfcal,152,9111,152.002,1.3333,1440,810,1,209.32,217.52,42,55,3.847,1868.1,1868.1,estimating,1868.1,146,0.271
floor5,crop75,selfcal,153,9171,153.003,1.3333,1440,810,1,209.45,222.82,22,25,3.169,1868.1,1868.1,estimating,1868.1,147,0.277
floor5,crop75,selfcal,154,9231,154.004,1.3333,1440,810,1,209.45,227.86,21,33,3.839,1868.1,1868.1,estimating,1868.1,148,0.273
floor5,crop75,selfcal,155,9291,155.005,1.3333,1440,810,1,204.13,220.09,72,95,3.474,1868.1,1868.1,estimating,1868.1,149,0.333
floor5,crop75,selfcal,156,9351,156.006,1.3333,1440,810,1,204.43,225.63,73,95,3.125,1868.1,1868.1,estimating,1866.1,150,0.337
floor5,crop75,selfcal,157,9411,157.007,1.3333,1440,810,1,204.77,231.56,95,119,3.205,1866.1,1866.1,estimating,1863.2,151,0.286
floor5,crop75,selfcal,158,9471,158.008,1.3333,1440,810,1,204.72,236.63,99,115,3.199,1863.2,1863.2,estimating,1860.8,152,0.33
floor5,crop75,selfcal,159,9530,158.992,1.3333,1440,810,1,204.75,242.19,106,117,3.408,1860.8,1860.8,estimating,1859.0,153,0.314
floor5,crop75,selfcal,160,9590,159.993,1.3333,1440,810,1,205.08,247.89,98,126,3.275,1859.0,1859.0,estimating,1856.5,154,0.33
floor5,crop75,selfcal,161,9650,160.994,1.3333,1440,810,1,205.26,253.72,107,135,3.51,1856.5,1856.5,estimating,1854.8,155,0.332
floor5,crop75,selfcal,162,9710,161.995,1.3333,1440,810,1,205.63,259.14,98,120,3.877,1854.8,1854.8,estimating,1854.8,156,0.292
floor5,crop75,selfcal,163,9770,162.996,1.3333,1440,810,1,205.88,264.6,81,107,3.272,1854.8,1854.8,estimating,1854.8,157,0.327
floor5,crop75,selfcal,164,9830,163.997,1.3333,1440,810,1,206.19,269.78,76,100,3.156,1854.8,1854.8,estimating,1854.8,158,0.319
floor5,crop75,selfcal,165,9890,164.998,1.3333,1440,810,1,206.3,275.17,85,109,3.348,1854.8,1854.8,estimating,1854.8,159,0.311
floor5,crop75,selfcal,166,9950,165.999,1.3333,1440,810,1,206.56,280.62,80,109,3.14,1854.8,1854.8,estimating,1854.8,160,0.344
floor5,crop75,selfcal,167,10010,167.0,1.3333,1440,810,1,206.75,286.2,85,105,3.787,1854.8,1854.8,estimating,1853.2,161,0.328
floor5,crop75,selfcal,168,10070,168.001,1.3333,1440,810,1,206.78,291.67,69,85,4.194,1853.2,1853.2,estimating,1853.2,162,0.32
floor5,crop75,selfcal,169,10130,169.002,1.3333,1440,810,1,207.0,297.03,63,92,4.323,1853.2,1853.2,estimating,1853.2,163,0.334
floor5,crop75,selfcal,170,10190,170.003,1.3333,1440,810,1,207.06,302.61,70,87,3.846,1853.2,1853.2,estimating,1851.8,164,0.316
floor5,crop75,selfcal,171,10250,171.004,1.3333,1440,810,1,207.13,308.02,64,90,3.469,1851.8,1851.8,estimating,1851.8,165,0.342
floor5,crop75,selfcal,172,10310,172.005,1.3333,1440,810,1,207.49,313.09,67,93,3.748,1851.8,1851.8,estimating,1850.6,166,0.353
floor5,crop75,selfcal,173,10370,173.006,1.3333,1440,810,1,207.63,318.57,88,103,3.547,1850.6,1850.6,estimating,1849.5,167,0.343
floor5,crop75,selfcal,174,10430,174.007,1.3333,1440,810,1,207.69,324.18,77,98,4.016,1849.5,1849.5,estimating,1850.6,168,0.325
floor5,crop75,selfcal,175,10490,175.008,1.3333,1440,810,1,207.8,329.49,72,88,3.806,1850.6,1850.6,estimating,1853.0,169,0.334
floor5,crop75,selfcal,176,10549,175.992,1.3333,1440,810,1,207.91,335.01,79,89,3.705,1853.0,1853.0,estimating,1855.8,170,0.318
floor5,crop75,selfcal,177,10609,176.993,1.3333,1440,810,1,208.19,340.27,90,103,3.647,1855.8,1855.8,estimating,1860.5,171,0.28
floor5,crop75,selfcal,178,10669,177.994,1.3333,1440,810,1,208.04,345.44,91,103,4.006,1860.5,1860.5,estimating,1864.3,172,0.294
floor5,crop75,selfcal,179,10729,178.995,1.3333,1440,810,1,208.31,350.75,95,118,3.612,1864.3,1864.3,estimating,1866.3,173,0.287
floor5,crop75,selfcal,180,10789,179.996,1.3333,1440,810,1,208.54,355.87,90,102,3.329,1866.3,1866.3,estimating,1869.5,174,0.296
floor5,crop75,selfcal,181,10849,180.997,1.3333,1440,810,1,208.78,361.1,79,99,3.886,1869.5,1869.5,estimating,1872.1,175,0.277
floor5,crop75,selfcal,182,10909,181.998,1.3333,1440,810,1,208.9,366.38,70,91,4.26,1872.1,1872.1,estimating,1872.1,176,0.284
floor5,crop75,selfcal,183,10969,182.999,1.3333,1440,810,1,210.07,353.07,143,190,3.167,1872.1,1872.1,estimating,1872.1,177,0.286
floor5,crop75,selfcal,184,11029,184.0,1.3333,1440,810,1,210.24,357.4,104,109,2.887,1872.1,1872.1,estimating,1871.0,178,0.268
floor5,crop75,selfcal,185,11089,185.001,1.3333,1440,810,1,210.13,361.65,92,109,2.94,1871.0,1871.0,estimating,1869.6,179,0.268
floor5,crop75,selfcal,186,11149,186.002,1.3333,1440,810,1,210.19,365.97,114,128,3.018,1869.6,1869.6,estimating,1868.2,180,0.278
floor5,crop75,selfcal,187,11209,187.003,1.3333,1440,810,1,210.42,370.27,107,124,3.377,1868.2,1868.2,estimating,1867.1,181,0.28
floor5,crop75,selfcal,188,11269,188.004,1.3333,1440,810,1,210.67,374.41,99,118,2.776,1867.1,1867.1,estimating,1867.1,182,0.274
floor5,crop75,selfcal,189,11329,189.005,1.3333,1440,810,1,210.79,378.64,88,115,3.04,1867.1,1867.1,estimating,1867.1,183,0.277
floor5,crop75,selfcal,190,11389,190.006,1.3333,1440,810,1,210.87,382.45,105,119,2.782,1867.1,1867.1,estimating,1867.1,184,0.274
floor5,crop75,selfcal,191,11449,191.007,1.3333,1440,810,1,210.51,386.35,101,111,3.344,1867.1,1867.1,estimating,1867.1,185,0.251
floor5,crop75,selfcal,192,11508,191.992,1.3333,1440,810,1,210.15,390.14,86,105,3.288,1867.1,1867.1,estimating,1867.1,186,0.269
floor5,crop75,selfcal,193,11568,192.993,1.3333,1440,810,1,210.01,394.29,101,118,3.257,1867.1,1867.1,estimating,1867.1,187,0.256
floor5,crop75,selfcal,194,11628,193.994,1.3333,1440,810,1,210.15,398.48,102,112,2.988,1867.1,1867.1,estimating,1867.1,188,0.255
floor5,crop75,selfcal,195,11688,194.995,1.3333,1440,810,1,210.48,402.64,127,138,2.919,1867.1,1867.1,estimating,1867.1,189,0.256
floor5,crop75,selfcal,196,11748,195.996,1.3333,1440,810,1,210.77,406.85,120,137,2.774,1867.1,1867.1,estimating,1867.1,190,0.258
floor5,crop75,selfcal,197,11808,196.997,1.3333,1440,810,1,210.74,410.97,106,119,2.712,1867.1,1867.1,estimating,1867.1,191,0.251
floor5,crop75,selfcal,198,11868,197.998,1.3333,1440,810,1,210.77,415.15,88,98,3.234,1867.1,1867.1,estimating,1868.2,192,0.263
floor5,crop75,selfcal,199,11928,198.999,1.3333,1440,810,1,211.24,419.11,94,102,2.489,1868.2,1868.2,estimating,1870.9,193,0.265
floor5,crop75,selfcal,200,11988,200.0,1.3333,1440,810,1,211.67,423.04,93,106,3.317,1870.9,1870.9,estimating,1873.1,194,0.261
floor5,crop75,selfcal,201,12048,201.001,1.3333,1440,810,1,211.95,426.68,100,108,3.223,1873.1,1873.1,estimating,1876.7,195,0.262
floor5,crop75,selfcal,202,12108,202.002,1.3333,1440,810,1,212.15,430.13,108,113,2.743,1876.7,1876.7,estimating,1879.5,196,0.263
floor5,crop75,selfcal,203,12168,203.003,1.3333,1440,810,1,212.36,433.31,126,136,3.013,1879.5,1879.5,estimating,1880.9,197,0.26
floor5,crop75,selfcal,204,12228,204.004,1.3333,1440,810,1,212.35,435.66,98,120,3.306,1880.9,1880.9,estimating,1882.0,198,0.262
floor5,crop75,selfcal,205,12288,205.005,1.3333,1440,810,1,212.47,437.14,59,70,3.534,1882.0,1882.0,estimating,1882.0,199,0.261
floor5,crop75,selfcal,206,12348,206.006,1.3333,1440,810,1,211.99,438.33,34,55,2.732,1882.0,1882.0,estimating,1882.0,200,0.261
floor5,crop75,selfcal,207,12408,207.007,1.3333,1440,810,1,212.02,451.43,32,61,3.211,1882.0,1882.0,estimating,1882.0,201,0.236
floor5,crop75,selfcal,208,12468,208.008,1.3333,1440,810,1,293.22,465.02,31,74,3.307,1882.0,1882.0,estimating,1883.3,202,0.323
floor5,crop75,selfcal,209,12527,208.992,1.3333,1440,810,1,294.7,461.28,18,37,3.594,1883.3,1883.3,estimating,1883.3,203,0.283
floor5,crop75,selfcal,210,12587,209.993,1.3333,1440,810,1,296.39,459.95,10,26,2.861,1883.3,1883.3,estimating,1883.3,204,0.309
floor5,crop75,selfcal,211,12647,210.994,1.3333,1440,810,0,,,0,0,,1883.3,1883.3,estimating,1883.3,204,0.281
floor5,crop75,selfcal,212,12707,211.995,1.3333,1440,810,1,206.21,437.61,28,46,3.753,1883.3,1883.3,estimating,1883.3,204,0.269
floor5,crop75,selfcal,213,12767,212.996,1.3333,1440,810,1,205.4,436.5,45,68,6.684,1883.3,1883.3,estimating,1883.3,205,0.239
floor5,crop75,selfcal,214,12827,213.997,1.3333,1440,810,1,205.65,435.15,78,99,3.575,1883.3,1883.3,estimating,1884.9,206,0.249
floor5,crop75,selfcal,215,12887,214.998,1.3333,1440,810,1,205.85,432.82,74,87,3.279,1884.9,1884.9,estimating,1886.1,207,0.251
floor5,crop75,selfcal,216,12947,215.999,1.3333,1440,810,1,206.29,429.41,60,71,3.981,1886.1,1886.1,estimating,1886.1,208,0.259
floor5,crop75,selfcal,217,13007,217.0,1.3333,1440,810,1,206.5,425.45,58,65,3.217,1886.1,1886.1,estimating,1884.3,209,0.259
floor5,crop75,selfcal,218,13067,218.001,1.3333,1440,810,1,206.94,421.25,66,77,3.464,1884.3,1884.3,estimating,1881.5,210,0.259
floor5,crop75,selfcal,219,13127,219.002,1.3333,1440,810,1,207.6,417.02,59,76,3.215,1881.5,1881.5,estimating,1879.3,211,0.275
floor5,crop75,selfcal,220,13187,220.003,1.3333,1440,810,1,207.64,412.54,56,71,4.096,1879.3,1879.3,estimating,1879.3,212,0.268
floor5,crop75,selfcal,221,13247,221.004,1.3333,1440,810,1,207.52,408.22,49,59,4.211,1879.3,1879.3,estimating,1877.5,213,0.266
floor5,crop75,selfcal,222,13307,222.005,1.3333,1440,810,1,207.23,403.71,51,63,4.051,1877.5,1877.5,estimating,1876.0,214,0.267
floor5,crop75,selfcal,223,13367,223.006,1.3333,1440,810,1,207.25,399.4,61,79,3.403,1876.0,1876.0,estimating,1874.5,215,0.269
floor5,crop75,selfcal,224,13427,224.007,1.3333,1440,810,1,206.85,395.74,55,70,4.081,1874.5,1874.5,estimating,1874.5,216,0.27
floor5,crop75,selfcal,225,13487,225.008,1.3333,1440,810,1,206.82,391.71,49,67,3.77,1874.5,1874.5,estimating,1873.1,217,0.272
floor5,crop75,selfcal,226,13546,225.992,1.3333,1440,810,1,206.59,387.61,34,50,4.19,1873.1,1873.1,estimating,1871.5,218,0.264
floor5,crop75,selfcal,227,13606,226.993,1.3333,1440,810,1,206.26,383.69,24,45,3.674,1871.5,1871.5,estimating,1871.5,219,0.274
floor5,crop75,selfcal,228,13666,227.994,1.3333,1440,810,1,205.45,380.08,40,49,3.696,1871.5,1871.5,estimating,1871.5,220,0.257
floor5,crop75,selfcal,229,13726,228.995,1.3333,1440,810,1,205.05,375.2,55,67,5.211,1871.5,1871.5,estimating,1871.5,221,0.263
floor5,crop75,selfcal,230,13786,229.996,1.3333,1440,810,1,205.12,370.67,55,68,4.625,1871.5,1871.5,estimating,1871.5,222,0.263
floor5,crop75,selfcal,231,13846,230.997,1.3333,1440,810,1,205.34,366.36,68,78,3.518,1871.5,1871.5,estimating,1873.3,223,0.266
floor5,crop75,selfcal,232,13906,231.998,1.3333,1440,810,1,205.54,361.29,66,77,4.045,1873.3,1873.3,estimating,1873.3,224,0.266
floor5,crop75,selfcal,233,13966,232.999,1.3333,1440,810,1,206.15,357.22,65,81,3.632,1873.3,1873.3,estimating,1873.3,225,0.264
floor5,crop75,selfcal,234,14026,234.0,1.3333,1440,810,1,206.58,352.29,51,73,2.983,1873.3,1873.3,estimating,1874.8,226,0.265
floor5,crop75,selfcal,235,14086,235.001,1.3333,1440,810,1,206.8,347.93,54,74,3.894,1874.8,1874.8,estimating,1874.8,227,0.268
floor5,crop75,selfcal,236,14146,236.002,1.3333,1440,810,1,206.48,343.16,46,75,4.205,1874.8,1874.8,estimating,1874.8,228,0.273
floor5,crop75,selfcal,237,14206,237.003,1.3333,1440,810,1,206.44,338.84,51,73,4.109,1874.8,1874.8,estimating,1877.7,229,0.274
floor5,crop75,selfcal,238,14266,238.004,1.3333,1440,810,1,206.52,334.45,28,48,4.197,1877.7,1877.7,estimating,1877.7,230,0.284
floor5,crop75,selfcal,239,14326,239.005,1.3333,1440,810,1,205.98,330.58,47,72,3.198,1877.7,1877.7,estimating,1877.7,231,0.281
floor5,crop75,selfcal,240,14386,240.006,1.3333,1440,810,1,206.61,326.2,22,41,2.906,1877.7,1877.7,estimating,1877.7,232,0.294
floor5,crop75,selfcal,241,14446,241.007,1.3333,1440,810,1,206.2,322.09,28,43,4.431,1877.7,1877.7,estimating,1880.7,233,0.268
floor5,crop75,selfcal,242,14505,241.992,1.3333,1440,810,1,205.51,317.12,25,34,4.3,1880.7,1880.7,estimating,1883.0,234,0.27
floor5,crop75,selfcal,243,14565,242.993,1.3333,1440,810,1,205.3,313.5,35,69,3.403,1883.0,1883.0,estimating,1885.4,235,0.272
floor5,crop75,selfcal,244,14625,243.994,1.3333,1440,810,1,205.15,308.86,41,70,3.199,1885.4,1885.4,estimating,1886.8,236,0.263
floor5,crop75,selfcal,245,14685,244.995,1.3333,1440,810,1,205.2,304.29,43,60,3.354,1886.8,1886.8,estimating,1891.3,237,0.272
floor5,crop75,selfcal,246,14745,245.996,1.3333,1440,810,1,205.0,299.67,48,76,3.268,1891.3,1891.3,estimating,1894.8,238,0.266
floor5,crop75,selfcal,247,14805,246.997,1.3333,1440,810,1,204.85,295.25,44,65,2.816,1894.8,1894.8,estimating,1899.5,239,0.268
floor5,crop75,selfcal,248,14865,247.998,1.3333,1440,810,1,204.43,290.61,53,77,3.19,1899.5,1899.5,estimating,1903.3,240,0.264
floor5,crop75,selfcal,249,14925,248.999,1.3333,1440,810,1,204.45,285.58,49,77,4.172,1903.3,1903.3,estimating,1904.5,241,0.272
floor5,crop75,selfcal,250,14985,250.0,1.3333,1440,810,1,204.97,281.08,57,84,3.372,1904.5,1904.5,estimating,1901.3,242,0.276
floor5,crop75,selfcal,251,15045,251.001,1.3333,1440,810,1,205.3,276.65,53,82,3.322,1901.3,1901.3,estimating,1896.5,243,0.274
floor5,crop75,selfcal,252,15105,252.002,1.3333,1440,810,1,205.66,271.72,49,71,3.503,1896.5,1896.5,estimating,1896.5,244,0.277
floor5,crop75,selfcal,253,15165,253.003,1.3333,1440,810,1,205.21,266.9,36,47,2.942,1896.5,1896.5,estimating,1896.5,245,0.271
floor5,crop75,selfcal,254,15225,254.004,1.3333,1440,810,1,204.26,262.38,37,49,3.218,1896.5,1896.5,estimating,1896.5,246,0.266
floor5,crop75,selfcal,255,15285,255.005,1.3333,1440,810,1,203.73,258.09,53,60,3.524,1896.5,1896.5,estimating,1896.5,247,0.267
floor5,crop75,selfcal,256,15345,256.006,1.3333,1440,810,1,203.05,253.58,58,76,3.593,1896.5,1896.5,estimating,1894.0,248,0.264
floor5,crop75,selfcal,257,15405,257.007,1.3333,1440,810,1,202.84,249.07,60,79,2.977,1894.0,1894.0,estimating,1894.0,249,0.264
floor5,crop75,selfcal,258,15465,258.008,1.3333,1440,810,1,202.81,244.56,71,89,2.586,1894.0,1894.0,estimating,1895.2,250,0.269
floor5,crop75,selfcal,259,15524,258.992,1.3333,1440,810,1,202.75,240.03,91,105,3.029,1895.2,1895.2,estimating,1895.2,251,0.261
floor5,crop75,selfcal,260,15584,259.993,1.3333,1440,810,1,203.37,235.33,98,121,3.448,1895.2,1895.2,estimating,1895.2,252,0.267
floor5,crop75,selfcal,261,15644,260.994,1.3333,1440,810,1,204.32,230.76,82,113,4.23,1895.2,1895.2,estimating,1893.7,253,0.275
floor5,crop75,selfcal,262,15704,261.995,1.3333,1440,810,1,205.57,226.23,63,99,3.787,1893.7,1893.7,estimating,1891.7,254,0.276
floor5,crop75,selfcal,263,15764,262.996,1.3333,1440,810,1,206.34,221.82,49,74,3.669,1891.7,1891.7,estimating,1890.1,255,0.267
floor5,crop75,selfcal,264,15824,263.997,1.3333,1440,810,1,207.44,217.33,35,58,3.634,1890.1,1890.1,estimating,1890.1,256,0.268
floor5,crop75,selfcal,265,15884,264.998,1.3333,1440,810,1,208.22,212.95,15,26,3.999,1890.1,1890.1,estimating,1888.7,257,0.276
floor5,crop75,selfcal,266,15944,265.999,1.3333,1440,810,1,211.18,240.6,20,27,2.631,1888.7,1888.7,estimating,1886.6,258,0.279
floor5,crop75,selfcal,267,16004,267.0,1.3333,1440,810,1,214.39,235.94,28,43,3.2,1886.6,1886.6,estimating,1884.9,259,0.294
floor5,crop75,selfcal,268,16064,268.001,1.3333,1440,810,1,217.58,233.7,41,56,3.555,1884.9,1884.9,estimating,1883.0,260,0.271
floor5,crop75,selfcal,269,16124,269.002,1.3333,1440,810,1,221.87,233.13,39,55,3.309,1883.0,1883.0,estimating,1881.6,261,0.275
floor5,crop75,selfcal,270,16184,270.003,1.3333,1440,810,1,226.12,232.97,53,73,3.332,1881.6,1881.6,estimating,1877.8,262,0.274
floor5,crop75,selfcal,271,16244,271.004,1.3333,1440,810,1,231.63,234.35,78,100,3.246,1877.8,1877.8,estimating,1873.8,263,0.269
floor5,crop75,selfcal,272,16304,272.005,1.3333,1440,810,1,236.64,235.22,85,101,3.138,1873.8,1873.8,estimating,1870.5,264,0.257
floor5,crop75,selfcal,273,16364,273.006,1.3333,1440,810,1,241.41,235.87,91,101,3.26,1870.5,1870.5,estimating,1870.5,265,0.256
floor5,crop75,selfcal,274,16424,274.007,1.3333,1440,810,1,245.99,236.49,72,89,3.2,1870.5,1870.5,estimating,1870.5,266,0.258
floor5,crop75,selfcal,275,16484,275.008,1.3333,1440,810,1,250.37,237.26,94,107,3.216,1870.5,1870.5,estimating,1870.5,267,0.252
floor5,crop75,selfcal,276,16543,275.992,1.3333,1440,810,1,254.96,238.47,102,112,3.597,1870.5,1870.5,estimating,1870.5,268,0.239
floor5,crop75,selfcal,277,16603,276.993,1.3333,1440,810,1,259.64,239.58,101,120,3.403,1870.5,1870.5,estimating,1870.5,269,0.247
floor5,crop75,selfcal,278,16663,277.994,1.3333,1440,810,1,264.63,239.82,85,103,4.016,1870.5,1870.5,estimating,1870.5,270,0.246
floor5,crop75,selfcal,279,16723,278.995,1.3333,1440,810,1,269.62,239.46,63,76,4.146,1870.5,1870.5,estimating,1868.8,271,0.245
floor5,crop75,selfcal,280,16783,279.996,1.3333,1440,810,1,275.35,240.04,49,62,3.381,1868.8,1868.8,estimating,1866.9,272,0.248
floor5,crop75,selfcal,281,16843,280.997,1.3333,1440,810,1,279.75,241.21,42,48,3.562,1866.9,1866.9,estimating,1865.4,273,0.252
floor5,crop75,selfcal,282,16903,281.998,1.3333,1440,810,1,283.93,242.75,63,76,3.304,1865.4,1865.4,estimating,1865.4,274,0.241
floor5,crop75,selfcal,283,16963,282.999,1.3333,1440,810,1,287.85,245.57,51,65,3.953,1865.4,1865.4,estimating,1865.4,275,0.245
floor5,crop75,selfcal,284,17023,284.0,1.3333,1440,810,1,290.25,248.03,75,86,3.811,1865.4,1865.4,estimating,1865.4,276,0.243
floor5,crop75,selfcal,285,17083,285.001,1.3333,1440,810,1,291.26,251.96,79,93,3.568,1865.4,1865.4,estimating,1865.4,277,0.25
floor5,crop75,selfcal,286,17143,286.002,1.3333,1440,810,1,291.72,256.64,71,83,3.436,1865.4,1865.4,estimating,1866.4,278,0.251
floor5,crop75,selfcal,287,17203,287.003,1.3333,1440,810,1,291.96,261.28,63,78,3.318,1866.4,1866.4,estimating,1866.4,279,0.263
floor5,crop75,selfcal,288,17263,288.004,1.3333,1440,810,1,292.56,266.19,50,68,2.806,1866.4,1866.4,estimating,1866.4,280,0.257
floor5,crop75,selfcal,289,17323,289.005,1.3333,1440,810,1,292.91,270.87,46,60,3.387,1866.4,1866.4,estimating,1866.4,281,0.259
floor5,crop75,selfcal,290,17383,290.006,1.3333,1440,810,1,292.73,275.24,73,95,3.212,1866.4,1866.4,estimating,1866.4,282,0.255
floor5,crop75,selfcal,291,17443,291.007,1.3333,1440,810,1,292.97,280.02,66,90,2.923,1866.4,1866.4,estimating,1866.4,283,0.271
floor5,crop75,selfcal,292,17502,291.992,1.3333,1440,810,1,292.81,284.74,73,99,4.2,1866.4,1866.4,estimating,1866.4,284,0.281
floor5,crop75,selfcal,293,17562,292.993,1.3333,1440,810,1,292.32,289.67,95,120,3.428,1866.4,1866.4,estimating,1866.4,285,0.271
floor5,crop75,selfcal,294,17622,293.994,1.3333,1440,810,1,292.05,294.6,87,105,3.096,1866.4,1866.4,estimating,1865.0,286,0.264
floor5,crop75,selfcal,295,17682,294.995,1.3333,1440,810,1,292.17,299.78,77,107,3.495,1865.0,1865.0,estimating,1865.0,287,0.266
floor5,crop75,selfcal,296,17742,295.996,1.3333,1440,810,1,292.36,304.67,88,106,2.996,1865.0,1865.0,estimating,1865.0,288,0.258
floor5,crop75,selfcal,297,17802,296.997,1.3333,1440,810,1,292.61,309.89,76,99,3.023,1865.0,1865.0,estimating,1865.0,289,0.26
floor5,crop75,selfcal,298,17862,297.998,1.3333,1440,810,1,292.75,314.94,86,100,2.631,1865.0,1865.0,estimating,1863.5,290,0.264
floor5,crop75,selfcal,299,17922,298.999,1.3333,1440,810,1,292.63,319.65,101,112,3.011,1863.5,1863.5,estimating,1862.2,291,0.255
floor5,crop75,selfcal,300,17982,300.0,1.3333,1440,810,1,292.5,324.42,109,125,2.509,1862.2,1862.2,estimating,1861.1,292,0.268
floor5,crop75,selfcal,301,18042,301.001,1.3333,1440,810,1,292.36,329.3,107,127,2.884,1861.1,1861.1,estimating,1861.1,293,0.268
floor5,crop75,selfcal,302,18102,302.002,1.3333,1440,810,1,292.54,334.24,99,112,3.241,1861.1,1861.1,estimating,1861.1,294,0.257
floor5,crop75,selfcal,303,18162,303.003,1.3333,1440,810,1,292.56,339.16,105,117,3.313,1861.1,1861.1,estimating,1863.0,295,0.269
floor5,crop75,selfcal,304,18222,304.004,1.3333,1440,810,1,292.67,344.02,90,113,3.607,1863.0,1863.0,estimating,1864.5,296,0.268
floor5,crop75,selfcal,305,18282,305.005,1.3333,1440,810,1,292.69,349.11,74,97,3.497,1864.5,1864.5,estimating,1865.7,297,0.26
floor5,crop75,selfcal,306,18342,306.006,1.3333,1440,810,1,292.71,353.99,75,87,3.69,1865.7,1865.7,estimating,1867.3,298,0.26
floor5,crop75,selfcal,307,18402,307.007,1.3333,1440,810,1,293.05,358.76,68,88,3.215,1867.3,1867.3,estimating,1868.6,299,0.251
floor5,crop75,selfcal,308,18462,308.008,1.3333,1440,810,1,293.48,363.78,62,75,3.748,1868.6,1868.6,estimating,1869.6,300,0.263
floor5,crop75,selfcal,309,18521,308.992,1.3333,1440,810,1,293.75,368.3,76,92,3.216,1869.6,1869.6,estimating,1869.6,301,0.26
floor5,crop75,selfcal,310,18581,309.993,1.3333,1440,810,1,293.93,373.3,78,94,3.475,1869.6,1869.6,estimating,1869.6,302,0.255
floor5,crop75,selfcal,311,18641,310.994,1.3333,1440,810,1,294.05,378.3,67,85,3.786,1869.6,1869.6,estimating,1869.6,303,0.259
floor5,crop75,selfcal,312,18701,311.995,1.3333,1440,810,1,294.31,383.49,66,89,3.339,1869.6,1869.6,estimating,1869.6,304,0.261
floor5,crop75,selfcal,313,18761,312.996,1.3333,1440,810,1,294.32,388.9,73,93,3.561,1869.6,1869.6,estimating,1869.6,305,0.261
floor5,crop75,selfcal,314,18821,313.997,1.3333,1440,810,1,294.73,393.55,67,100,3.57,1869.6,1869.6,estimating,1869.6,306,0.26
floor5,crop75,selfcal,315,18881,314.998,1.3333,1440,810,1,295.01,398.35,67,90,3.678,1869.6,1869.6,estimating,1872.2,307,0.262
floor5,crop75,selfcal,316,18941,315.999,1.3333,1440,810,1,295.14,403.02,86,106,2.946,1872.2,1872.2,estimating,1874.4,308,0.266
floor5,crop75,selfcal,317,19001,317.0,1.3333,1440,810,1,295.39,407.82,88,104,3.629,1874.4,1874.4,estimating,1877.1,309,0.269
floor5,crop75,selfcal,318,19061,318.001,1.3333,1440,810,1,295.33,412.73,84,107,3.244,1877.1,1877.1,estimating,1878.4,310,0.267
floor5,crop75,selfcal,319,19121,319.002,1.3333,1440,810,1,295.23,417.3,81,105,3.299,1878.4,1878.4,estimating,1879.4,311,0.269
floor5,crop75,selfcal,320,19181,320.003,1.3333,1440,810,1,295.3,421.26,79,98,3.828,1879.4,1879.4,estimating,1879.4,312,0.265
floor5,crop75,selfcal,321,19241,321.004,1.3333,1440,810,1,295.73,425.41,65,85,3.989,1879.4,1879.4,estimating,1879.4,313,0.275
floor5,crop75,selfcal,322,19301,322.005,1.3333,1440,810,1,296.4,429.58,53,83,4.419,1879.4,1879.4,estimating,1879.4,314,0.265
floor5,crop75,selfcal,323,19361,323.006,1.3333,1440,810,1,297.07,433.6,38,53,3.013,1879.4,1879.4,estimating,1879.4,315,0.267
floor5,crop75,selfcal,324,19421,324.007,1.3333,1440,810,1,297.46,437.95,41,57,4.111,1879.4,1879.4,estimating,1879.4,316,0.259
floor5,crop75,selfcal,325,19481,325.008,1.3333,1440,810,1,297.66,441.94,50,70,4.019,1879.4,1879.4,estimating,1878.4,317,0.276
floor5,crop75,selfcal,326,19540,325.992,1.3333,1440,810,1,297.88,445.95,43,65,4.342,1878.4,1878.4,estimating,1880.6,318,0.269
floor5,crop75,selfcal,327,19600,326.993,1.3333,1440,810,1,297.42,449.59,62,93,4.396,1880.6,1880.6,estimating,1880.6,319,0.283
floor5,crop75,selfcal,328,19660,327.994,1.3333,1440,810,1,297.0,453.17,38,67,3.406,1880.6,1880.6,estimating,1880.6,320,0.282
floor5,crop75,selfcal,329,19720,328.995,1.3333,1440,810,1,296.45,456.79,30,50,3.585,1880.6,1880.6,estimating,1878.5,321,0.29
floor5,crop75,selfcal,330,19780,329.996,1.3333,1440,810,1,296.5,460.37,16,29,3.869,1878.5,1878.5,estimating,1879.8,322,0.292
floor5,crop75,selfcal,331,19840,330.997,1.3333,1440,810,0,,,0,0,,1879.8,1879.8,estimating,1875.4,323,0.306
floor5,crop75,oracle,0,0,0.0,1.3333,1440,810,1,285.98,458.91,125,125,2.215,1866.7,1866.7,,,,0.229
floor5,crop75,oracle,1,60,1.001,1.3333,1440,810,1,286.44,459.26,154,154,1.968,1866.7,1866.7,,,,0.226
floor5,crop75,oracle,2,120,2.002,1.3333,1440,810,1,288.67,459.4,113,137,3.113,1866.7,1866.7,,,,0.248
floor5,crop75,oracle,3,180,3.003,1.3333,1440,810,1,289.85,460.31,22,31,5.204,1866.7,1866.7,,,,0.303
floor5,crop75,oracle,4,240,4.004,1.3333,1440,810,1,289.95,462.73,16,28,4.622,1866.7,1866.7,,,,0.293
floor5,crop75,oracle,5,300,5.005,1.3333,1440,810,1,291.82,463.82,80,102,3.56,1866.7,1866.7,,,,0.229
floor5,crop75,oracle,6,360,6.006,1.3333,1440,810,1,293.07,464.5,163,173,2.987,1866.7,1866.7,,,,0.233
floor5,crop75,oracle,7,420,7.007,1.3333,1440,810,1,294.99,463.7,34,54,4.25,1866.7,1866.7,,,,0.268
floor5,crop75,oracle,8,480,8.008,1.3333,1440,810,1,295.27,461.15,61,82,3.872,1866.7,1866.7,,,,0.267
floor5,crop75,oracle,9,539,8.992,1.3333,1440,810,1,295.57,458.37,70,82,2.866,1866.7,1866.7,,,,0.274
floor5,crop75,oracle,10,599,9.993,1.3333,1440,810,1,295.45,455.07,73,88,2.972,1866.7,1866.7,,,,0.272
floor5,crop75,oracle,11,659,10.994,1.3333,1440,810,1,295.25,451.27,53,67,2.896,1866.7,1866.7,,,,0.276
floor5,crop75,oracle,12,719,11.995,1.3333,1440,810,1,294.95,447.31,39,55,2.382,1866.7,1866.7,,,,0.277
floor5,crop75,oracle,13,779,12.996,1.3333,1440,810,1,294.54,443.21,57,64,3.57,1866.7,1866.7,,,,0.274
floor5,crop75,oracle,14,839,13.997,1.3333,1440,810,1,294.52,438.86,53,61,3.23,1866.7,1866.7,,,,0.273
floor5,crop75,oracle,15,899,14.998,1.3333,1440,810,1,294.61,434.57,48,56,3.089,1866.7,1866.7,,,,0.283
floor5,crop75,oracle,16,959,15.999,1.3333,1440,810,1,295.28,430.38,34,50,2.867,1866.7,1866.7,,,,0.268
floor5,crop75,oracle,17,1019,17.0,1.3333,1440,810,1,296.16,425.71,23,35,3.628,1866.7,1866.7,,,,0.275
floor5,crop75,oracle,18,1079,18.001,1.3333,1440,810,1,296.26,421.35,55,61,3.253,1866.7,1866.7,,,,0.271
floor5,crop75,oracle,19,1139,19.002,1.3333,1440,810,1,296.41,416.54,51,65,3.25,1866.7,1866.7,,,,0.268
floor5,crop75,oracle,20,1199,20.003,1.3333,1440,810,1,296.36,411.55,56,67,3.642,1866.7,1866.7,,,,0.263
floor5,crop75,oracle,21,1259,21.004,1.3333,1440,810,1,296.0,406.23,62,76,3.934,1866.7,1866.7,,,,0.268
floor5,crop75,oracle,22,1319,22.005,1.3333,1440,810,1,295.92,401.25,65,78,3.986,1866.7,1866.7,,,,0.251
floor5,crop75,oracle,23,1379,23.006,1.3333,1440,810,1,295.82,396.55,71,77,2.686,1866.7,1866.7,,,,0.248
floor5,crop75,oracle,24,1439,24.007,1.3333,1440,810,1,295.73,391.75,92,107,2.945,1866.7,1866.7,,,,0.244
floor5,crop75,oracle,25,1499,25.008,1.3333,1440,810,1,295.43,386.82,134,141,3.067,1866.7,1866.7,,,,0.261
floor5,crop75,oracle,26,1558,25.993,1.3333,1440,810,1,295.22,382.05,118,127,2.489,1866.7,1866.7,,,,0.28
floor5,crop75,oracle,27,1618,26.994,1.3333,1440,810,1,295.36,377.26,125,140,2.758,1866.7,1866.7,,,,0.267
floor5,crop75,oracle,28,1678,27.995,1.3333,1440,810,1,295.45,372.34,125,135,2.573,1866.7,1866.7,,,,0.26
floor5,crop75,oracle,29,1738,28.996,1.3333,1440,810,1,294.99,367.42,96,111,2.748,1866.7,1866.7,,,,0.272
floor5,crop75,oracle,30,1798,29.997,1.3333,1440,810,1,294.52,362.19,76,92,3.439,1866.7,1866.7,,,,0.275
floor5,crop75,oracle,31,1858,30.998,1.3333,1440,810,1,294.4,356.95,69,89,3.85,1866.7,1866.7,,,,0.274
floor5,crop75,oracle,32,1918,31.999,1.3333,1440,810,1,294.38,351.74,78,101,3.553,1866.7,1866.7,,,,0.264
floor5,crop75,oracle,33,1978,33.0,1.3333,1440,810,1,294.3,347.01,70,87,3.047,1866.7,1866.7,,,,0.256
floor5,crop75,oracle,34,2038,34.001,1.3333,1440,810,1,293.66,341.66,77,99,2.789,1866.7,1866.7,,,,0.256
floor5,crop75,oracle,35,2098,35.002,1.3333,1440,810,1,293.06,336.75,85,110,3.648,1866.7,1866.7,,,,0.267
floor5,crop75,oracle,36,2158,36.003,1.3333,1440,810,1,292.86,331.57,79,90,3.359,1866.7,1866.7,,,,0.3
floor5,crop75,oracle,37,2218,37.004,1.3333,1440,810,1,292.63,326.4,85,98,3.408,1866.7,1866.7,,,,0.293
floor5,crop75,oracle,38,2278,38.005,1.3333,1440,810,1,292.25,321.35,75,97,3.634,1866.7,1866.7,,,,0.322
floor5,crop75,oracle,39,2338,39.006,1.3333,1440,810,1,292.0,316.2,62,80,4.01,1866.7,1866.7,,,,0.332
floor5,crop75,oracle,40,2398,40.007,1.3333,1440,810,1,292.04,310.78,77,114,3.619,1866.7,1866.7,,,,0.336
floor5,crop75,oracle,41,2458,41.008,1.3333,1440,810,1,292.07,305.53,70,98,3.845,1866.7,1866.7,,,,0.336
floor5,crop75,oracle,42,2517,41.992,1.3333,1440,810,1,292.08,300.48,80,96,4.115,1866.7,1866.7,,,,0.347
floor5,crop75,oracle,43,2577,42.993,1.3333,1440,810,1,292.03,295.58,100,114,3.746,1866.7,1866.7,,,,0.293
floor5,crop75,oracle,44,2637,43.994,1.3333,1440,810,1,292.2,290.49,101,117,4.168,1866.7,1866.7,,,,0.328
floor5,crop75,oracle,45,2697,44.995,1.3333,1440,810,1,292.33,285.26,91,110,3.273,1866.7,1866.7,,,,0.315
floor5,crop75,oracle,46,2757,45.996,1.3333,1440,810,1,292.35,280.33,90,105,3.577,1866.7,1866.7,,,,0.311
floor5,crop75,oracle,47,2817,46.997,1.3333,1440,810,1,292.11,275.36,88,108,3.401,1866.7,1866.7,,,,0.308
floor5,crop75,oracle,48,2877,47.998,1.3333,1440,810,1,291.82,270.57,100,114,3.502,1866.7,1866.7,,,,0.342
floor5,crop75,oracle,49,2937,48.999,1.3333,1440,810,1,291.52,265.53,108,124,3.329,1866.7,1866.7,,,,0.3
floor5,crop75,oracle,50,2997,50.0,1.3333,1440,810,1,291.42,260.52,92,114,3.139,1866.7,1866.7,,,,0.324
floor5,crop75,oracle,51,3057,51.001,1.3333,1440,810,1,291.18,255.59,99,121,3.244,1866.7,1866.7,,,,0.305
floor5,crop75,oracle,52,3117,52.002,1.3333,1440,810,1,290.76,250.8,75,102,3.686,1866.7,1866.7,,,,0.308
floor5,crop75,oracle,53,3177,53.003,1.3333,1440,810,1,290.39,245.98,74,97,3.765,1866.7,1866.7,,,,0.322
floor5,crop75,oracle,54,3237,54.004,1.3333,1440,810,1,289.33,241.09,67,93,3.676,1866.7,1866.7,,,,0.303
floor5,crop75,oracle,55,3297,55.005,1.3333,1440,810,1,287.35,236.57,69,96,3.594,1866.7,1866.7,,,,0.31
floor5,crop75,oracle,56,3357,56.006,1.3333,1440,810,1,284.5,233.37,58,71,3.319,1866.7,1866.7,,,,0.309
floor5,crop75,oracle,57,3417,57.007,1.3333,1440,810,1,281.3,230.88,79,98,4.347,1866.7,1866.7,,,,0.319
floor5,crop75,oracle,58,3477,58.008,1.3333,1440,810,1,276.72,229.15,74,105,3.452,1866.7,1866.7,,,,0.307
floor5,crop75,oracle,59,3536,58.992,1.3333,1440,810,1,271.9,228.19,80,98,3.142,1866.7,1866.7,,,,0.309
floor5,crop75,oracle,60,3596,59.993,1.3333,1440,810,1,267.01,227.51,59,72,4.68,1866.7,1866.7,,,,0.322
floor5,crop75,oracle,61,3656,60.994,1.3333,1440,810,1,262.08,227.04,55,64,3.05,1866.7,1866.7,,,,0.343
floor5,crop75,oracle,62,3716,61.995,1.3333,1440,810,1,257.38,226.41,80,93,2.437,1866.7,1866.7,,,,0.297
floor5,crop75,oracle,63,3776,62.996,1.3333,1440,810,1,253.01,225.76,92,107,2.716,1866.7,1866.7,,,,0.297
floor5,crop75,oracle,64,3836,63.997,1.3333,1440,810,1,249.02,225.2,104,121,2.475,1866.7,1866.7,,,,0.296
floor5,crop75,oracle,65,3896,64.998,1.3333,1440,810,1,244.57,224.51,102,111,2.45,1866.7,1866.7,,,,0.322
floor5,crop75,oracle,66,3956,65.999,1.3333,1440,810,1,239.93,223.86,116,126,2.759,1866.7,1866.7,,,,0.316
floor5,crop75,oracle,67,4016,67.0,1.3333,1440,810,1,235.25,223.31,101,114,2.718,1866.7,1866.7,,,,0.32
floor5,crop75,oracle,68,4076,68.001,1.3333,1440,810,1,230.73,222.59,77,91,2.725,1866.7,1866.7,,,,0.299
floor5,crop75,oracle,69,4136,69.002,1.3333,1440,810,1,226.07,221.71,86,101,3.178,1866.7,1866.7,,,,0.3
floor5,crop75,oracle,70,4196,70.003,1.3333,1440,810,1,221.5,220.93,80,90,2.426,1866.7,1866.7,,,,0.295
floor5,crop75,oracle,71,4256,71.004,1.3333,1440,810,1,217.4,220.85,66,76,2.712,1866.7,1866.7,,,,0.259
floor5,crop75,oracle,72,4316,72.005,1.3333,1440,810,1,213.73,221.34,46,57,3.711,1866.7,1866.7,,,,0.261
floor5,crop75,oracle,73,4376,73.006,1.3333,1440,810,1,210.22,221.29,22,33,3.025,1866.7,1866.7,,,,0.247
floor5,crop75,oracle,74,4436,74.007,1.3333,1440,810,1,207.81,219.13,10,18,2.892,1866.7,1866.7,,,,0.269
floor5,crop75,oracle,75,4496,75.008,1.3333,1440,810,0,,,0,0,,1866.7,1866.7,,,,0.261
floor5,crop75,oracle,76,4555,75.993,1.3333,1440,810,0,,,0,0,,1866.7,1866.7,,,,0.264
floor5,crop75,oracle,77,4615,76.994,1.3333,1440,810,1,207.75,195.27,64,89,3.554,1866.7,1866.7,,,,0.238
floor5,crop75,oracle,78,4675,77.995,1.3333,1440,810,1,207.79,191.67,64,88,3.476,1866.7,1866.7,,,,0.244
floor5,crop75,oracle,79,4735,78.996,1.3333,1440,810,1,207.72,187.9,58,85,3.39,1866.7,1866.7,,,,0.253
floor5,crop75,oracle,80,4795,79.997,1.3333,1440,810,1,206.76,184.2,69,97,3.215,1866.7,1866.7,,,,0.243
floor5,crop75,oracle,81,4855,80.998,1.3333,1440,810,1,205.96,180.2,83,106,3.341,1866.7,1866.7,,,,0.241
floor5,crop75,oracle,82,4915,81.999,1.3333,1440,810,1,204.95,176.43,98,117,3.32,1866.7,1866.7,,,,0.251
floor5,crop75,oracle,83,4975,83.0,1.3333,1440,810,1,203.99,172.31,90,104,3.775,1866.7,1866.7,,,,0.239
floor5,crop75,oracle,84,5035,84.001,1.3333,1440,810,1,203.25,168.14,107,122,3.405,1866.7,1866.7,,,,0.248
floor5,crop75,oracle,85,5095,85.002,1.3333,1440,810,1,202.89,163.93,105,119,3.688,1866.7,1866.7,,,,0.241
floor5,crop75,oracle,86,5155,86.003,1.3333,1440,810,1,202.8,159.71,97,113,3.324,1866.7,1866.7,,,,0.25
floor5,crop75,oracle,87,5215,87.004,1.3333,1440,810,1,202.89,155.69,105,121,2.91,1866.7,1866.7,,,,0.25
floor5,crop75,oracle,88,5275,88.005,1.3333,1440,810,1,203.02,151.42,107,120,3.218,1866.7,1866.7,,,,0.248
floor5,crop75,oracle,89,5335,89.006,1.3333,1440,810,1,203.15,147.11,98,117,3.112,1866.7,1866.7,,,,0.238
floor5,crop75,oracle,90,5395,90.007,1.3333,1440,810,1,203.14,142.67,90,113,3.132,1866.7,1866.7,,,,0.241
floor5,crop75,oracle,91,5455,91.008,1.3333,1440,810,1,203.04,138.09,102,118,3.551,1866.7,1866.7,,,,0.23
floor5,crop75,oracle,92,5514,91.992,1.3333,1440,810,1,202.89,133.75,97,110,3.16,1866.7,1866.7,,,,0.233
floor5,crop75,oracle,93,5574,92.993,1.3333,1440,810,1,202.81,129.32,118,130,3.243,1866.7,1866.7,,,,0.229
floor5,crop75,oracle,94,5634,93.994,1.3333,1440,810,1,202.82,124.85,119,130,3.245,1866.7,1866.7,,,,0.238
floor5,crop75,oracle,95,5694,94.995,1.3333,1440,810,1,202.98,120.65,110,121,3.662,1866.7,1866.7,,,,0.235
floor5,crop75,oracle,96,5754,95.996,1.3333,1440,810,1,203.19,116.2,105,118,3.391,1866.7,1866.7,,,,0.245
floor5,crop75,oracle,97,5814,96.997,1.3333,1440,810,1,203.66,111.89,113,125,3.344,1866.7,1866.7,,,,0.275
floor5,crop75,oracle,98,5874,97.998,1.3333,1440,810,1,203.51,107.8,93,120,3.676,1866.7,1866.7,,,,0.252
floor5,crop75,oracle,99,5934,98.999,1.3333,1440,810,1,203.14,103.51,99,116,2.98,1866.7,1866.7,,,,0.256
floor5,crop75,oracle,100,5994,100.0,1.3333,1440,810,1,203.19,99.0,95,107,2.755,1866.7,1866.7,,,,0.248
floor5,crop75,oracle,101,6054,101.001,1.3333,1440,810,1,203.46,94.7,95,106,3.671,1866.7,1866.7,,,,0.259
floor5,crop75,oracle,102,6114,102.002,1.3333,1440,810,1,203.5,90.44,105,122,3.243,1866.7,1866.7,,,,0.257
floor5,crop75,oracle,103,6174,103.003,1.3333,1440,810,1,203.16,86.37,96,107,3.027,1866.7,1866.7,,,,0.256
floor5,crop75,oracle,104,6234,104.004,1.3333,1440,810,1,202.88,82.24,95,105,2.954,1866.7,1866.7,,,,0.257
floor5,crop75,oracle,105,6294,105.005,1.3333,1440,810,1,202.42,78.09,68,82,2.957,1866.7,1866.7,,,,0.256
floor5,crop75,oracle,106,6354,106.006,1.3333,1440,810,1,203.9,77.14,76,93,3.139,1866.7,1866.7,,,,0.265
floor5,crop75,oracle,107,6414,107.007,1.3333,1440,810,1,203.88,72.92,74,97,3.442,1866.7,1866.7,,,,0.258
floor5,crop75,oracle,108,6474,108.008,1.3333,1440,810,1,203.23,69.26,75,89,3.529,1866.7,1866.7,,,,0.258
floor5,crop75,oracle,109,6533,108.992,1.3333,1440,810,1,202.88,65.42,55,63,3.652,1866.7,1866.7,,,,0.258
floor5,crop75,oracle,110,6593,109.993,1.3333,1440,810,1,202.53,61.39,50,68,4.489,1866.7,1866.7,,,,0.253
floor5,crop75,oracle,111,6653,110.994,1.3333,1440,810,1,202.49,57.2,40,62,4.547,1866.7,1866.7,,,,0.26
floor5,crop75,oracle,112,6713,111.995,1.3333,1440,810,1,202.0,54.25,41,60,3.917,1866.7,1866.7,,,,0.265
floor5,crop75,oracle,113,6773,112.996,1.3333,1440,810,1,201.71,51.45,27,50,3.953,1866.7,1866.7,,,,0.271
floor5,crop75,oracle,114,6833,113.997,1.3333,1440,810,1,202.06,49.21,37,60,3.755,1866.7,1866.7,,,,0.269
floor5,crop75,oracle,115,6893,114.998,1.3333,1440,810,1,203.05,46.53,11,21,2.47,1866.7,1866.7,,,,0.28
floor5,crop75,oracle,116,6953,115.999,1.3333,1440,810,0,,,0,0,,1866.7,1866.7,,,,0.292
floor5,crop75,oracle,117,7013,117.0,1.3333,1440,810,1,207.21,44.86,26,45,3.842,1866.7,1866.7,,,,0.31
floor5,crop75,oracle,118,7073,118.001,1.3333,1440,810,1,209.33,47.14,64,88,3.232,1866.7,1866.7,,,,0.275
floor5,crop75,oracle,119,7133,119.002,1.3333,1440,810,1,210.64,50.92,82,117,3.102,1866.7,1866.7,,,,0.27
floor5,crop75,oracle,120,7193,120.003,1.3333,1440,810,1,210.83,55.15,93,105,3.222,1866.7,1866.7,,,,0.262
floor5,crop75,oracle,121,7253,121.004,1.3333,1440,810,1,210.51,59.33,93,110,3.381,1866.7,1866.7,,,,0.262
floor5,crop75,oracle,122,7313,122.005,1.3333,1440,810,1,210.2,63.4,97,120,3.871,1866.7,1866.7,,,,0.257
floor5,crop75,oracle,123,7373,123.006,1.3333,1440,810,1,210.14,67.6,97,125,3.219,1866.7,1866.7,,,,0.261
floor5,crop75,oracle,124,7433,124.007,1.3333,1440,810,1,209.99,71.95,100,134,3.691,1866.7,1866.7,,,,0.264
floor5,crop75,oracle,125,7493,125.008,1.3333,1440,810,1,209.83,76.36,93,116,3.879,1866.7,1866.7,,,,0.269
floor5,crop75,oracle,126,7552,125.993,1.3333,1440,810,1,209.85,80.71,93,112,4.228,1866.7,1866.7,,,,0.252
floor5,crop75,oracle,127,7612,126.994,1.3333,1440,810,1,209.57,85.26,84,99,3.086,1866.7,1866.7,,,,0.242
floor5,crop75,oracle,128,7672,127.995,1.3333,1440,810,1,209.71,89.61,93,104,3.429,1866.7,1866.7,,,,0.233
floor5,crop75,oracle,129,7732,128.996,1.3333,1440,810,1,209.71,94.06,95,107,3.013,1866.7,1866.7,,,,0.23
floor5,crop75,oracle,130,7792,129.997,1.3333,1440,810,1,209.35,97.38,98,112,2.933,1866.7,1866.7,,,,0.233
floor5,crop75,oracle,131,7852,130.998,1.3333,1440,810,1,209.25,103.24,106,125,3.124,1866.7,1866.7,,,,0.236
floor5,crop75,oracle,132,7912,131.999,1.3333,1440,810,1,208.96,109.07,116,137,3.321,1866.7,1866.7,,,,0.246
floor5,crop75,oracle,133,7972,133.0,1.3333,1440,810,1,208.68,115.03,112,129,3.274,1866.7,1866.7,,,,0.246
floor5,crop75,oracle,134,8032,134.001,1.3333,1440,810,1,208.71,120.62,110,141,3.021,1866.7,1866.7,,,,0.253
floor5,crop75,oracle,135,8092,135.002,1.3333,1440,810,1,208.91,126.18,109,137,3.114,1866.7,1866.7,,,,0.268
floor5,crop75,oracle,136,8152,136.003,1.3333,1440,810,1,209.15,131.66,88,113,3.191,1866.7,1866.7,,,,0.258
floor5,crop75,oracle,137,8212,137.004,1.3333,1440,810,1,209.24,137.47,74,87,4.093,1866.7,1866.7,,,,0.264
floor5,crop75,oracle,138,8272,138.005,1.3333,1440,810,1,208.92,142.65,72,91,4.372,1866.7,1866.7,,,,0.256
floor5,crop75,oracle,139,8332,139.006,1.3333,1440,810,1,209.09,148.36,80,95,3.882,1866.7,1866.7,,,,0.265
floor5,crop75,oracle,140,8392,140.007,1.3333,1440,810,1,209.13,153.51,76,93,3.659,1866.7,1866.7,,,,0.249
floor5,crop75,oracle,141,8452,141.008,1.3333,1440,810,1,209.06,158.75,88,109,3.787,1866.7,1866.7,,,,0.259
floor5,crop75,oracle,142,8511,141.992,1.3333,1440,810,1,208.98,164.54,66,78,3.92,1866.7,1866.7,,,,0.264
floor5,crop75,oracle,143,8571,142.993,1.3333,1440,810,1,209.08,169.76,61,76,3.281,1866.7,1866.7,,,,0.268
floor5,crop75,oracle,144,8631,143.994,1.3333,1440,810,1,209.01,175.1,86,102,3.24,1866.7,1866.7,,,,0.266
floor5,crop75,oracle,145,8691,144.995,1.3333,1440,810,1,209.01,180.52,99,114,3.467,1866.7,1866.7,,,,0.264
floor5,crop75,oracle,146,8751,145.996,1.3333,1440,810,1,209.27,185.94,71,85,3.257,1866.7,1866.7,,,,0.259
floor5,crop75,oracle,147,8811,146.997,1.3333,1440,810,1,209.21,191.37,69,84,4.174,1866.7,1866.7,,,,0.262
floor5,crop75,oracle,148,8871,147.998,1.3333,1440,810,1,209.09,196.36,59,70,3.216,1866.7,1866.7,,,,0.273
floor5,crop75,oracle,149,8931,148.999,1.3333,1440,810,1,209.13,201.67,62,80,3.002,1866.7,1866.7,,,,0.259
floor5,crop75,oracle,150,8991,150.0,1.3333,1440,810,1,209.16,207.07,57,64,4.023,1866.7,1866.7,,,,0.283
floor5,crop75,oracle,151,9051,151.001,1.3333,1440,810,1,209.09,212.45,52,59,3.442,1866.7,1866.7,,,,0.272
floor5,crop75,oracle,152,9111,152.002,1.3333,1440,810,1,209.33,217.56,42,55,3.826,1866.7,1866.7,,,,0.268
floor5,crop75,oracle,153,9171,153.003,1.3333,1440,810,1,209.44,222.87,22,25,3.202,1866.7,1866.7,,,,0.272
floor5,crop75,oracle,154,9231,154.004,1.3333,1440,810,1,209.45,227.9,21,33,3.674,1866.7,1866.7,,,,0.279
floor5,crop75,oracle,155,9291,155.005,1.3333,1440,810,1,204.12,220.18,72,95,3.434,1866.7,1866.7,,,,0.337
floor5,crop75,oracle,156,9351,156.006,1.3333,1440,810,1,204.45,225.71,75,95,3.098,1866.7,1866.7,,,,0.329
floor5,crop75,oracle,157,9411,157.007,1.3333,1440,810,1,204.68,231.5,95,116,3.34,1866.7,1866.7,,,,0.291
floor5,crop75,oracle,158,9471,158.008,1.3333,1440,810,1,204.82,236.31,100,126,3.489,1866.7,1866.7,,,,0.319
floor5,crop75,oracle,159,9530,158.992,1.3333,1440,810,1,204.8,241.9,105,117,3.761,1866.7,1866.7,,,,0.313
floor5,crop75,oracle,160,9590,159.993,1.3333,1440,810,1,205.17,247.48,94,126,3.684,1866.7,1866.7,,,,0.326
floor5,crop75,oracle,161,9650,160.994,1.3333,1440,810,1,205.26,253.28,114,135,3.692,1866.7,1866.7,,,,0.328
floor5,crop75,oracle,162,9710,161.995,1.3333,1440,810,1,205.85,258.49,99,120,3.733,1866.7,1866.7,,,,0.291
floor5,crop75,oracle,163,9770,162.996,1.3333,1440,810,1,205.98,263.95,85,107,3.553,1866.7,1866.7,,,,0.326
floor5,crop75,oracle,164,9830,163.997,1.3333,1440,810,1,206.37,269.32,82,105,4.299,1866.7,1866.7,,,,0.316
floor5,crop75,oracle,165,9890,164.998,1.3333,1440,810,1,206.37,274.7,83,109,3.302,1866.7,1866.7,,,,0.312
floor5,crop75,oracle,166,9950,165.999,1.3333,1440,810,1,206.68,280.16,87,109,3.079,1866.7,1866.7,,,,0.342
floor5,crop75,oracle,167,10010,167.0,1.3333,1440,810,1,206.78,285.68,82,105,3.999,1866.7,1866.7,,,,0.332
floor5,crop75,oracle,168,10070,168.001,1.3333,1440,810,1,206.87,291.16,67,85,4.178,1866.7,1866.7,,,,0.317
floor5,crop75,oracle,169,10130,169.002,1.3333,1440,810,1,206.82,296.5,60,80,4.657,1866.7,1866.7,,,,0.33
floor5,crop75,oracle,170,10190,170.003,1.3333,1440,810,1,206.97,302.07,72,87,3.987,1866.7,1866.7,,,,0.32
floor5,crop75,oracle,171,10250,171.004,1.3333,1440,810,1,207.25,307.62,62,81,3.285,1866.7,1866.7,,,,0.343
floor5,crop75,oracle,172,10310,172.005,1.3333,1440,810,1,207.56,312.82,64,91,3.311,1866.7,1866.7,,,,0.342
floor5,crop75,oracle,173,10370,173.006,1.3333,1440,810,1,207.61,318.15,86,107,2.894,1866.7,1866.7,,,,0.343
floor5,crop75,oracle,174,10430,174.007,1.3333,1440,810,1,207.72,323.8,80,98,3.664,1866.7,1866.7,,,,0.326
floor5,crop75,oracle,175,10490,175.008,1.3333,1440,810,1,207.8,329.14,75,88,3.694,1866.7,1866.7,,,,0.318
floor5,crop75,oracle,176,10549,175.992,1.3333,1440,810,1,208.0,334.7,81,89,3.662,1866.7,1866.7,,,,0.32
floor5,crop75,oracle,177,10609,176.993,1.3333,1440,810,1,208.2,340.06,89,98,3.525,1866.7,1866.7,,,,0.279
floor5,crop75,oracle,178,10669,177.994,1.3333,1440,810,1,208.06,345.34,91,103,3.961,1866.7,1866.7,,,,0.294
floor5,crop75,oracle,179,10729,178.995,1.3333,1440,810,1,208.31,350.71,94,118,3.558,1866.7,1866.7,,,,0.288
floor5,crop75,oracle,180,10789,179.996,1.3333,1440,810,1,208.54,355.87,90,102,3.302,1866.7,1866.7,,,,0.295
floor5,crop75,oracle,181,10849,180.997,1.3333,1440,810,1,208.78,361.15,80,99,3.928,1866.7,1866.7,,,,0.277
floor5,crop75,oracle,182,10909,181.998,1.3333,1440,810,1,208.92,366.5,68,91,4.463,1866.7,1866.7,,,,0.283
floor5,crop75,oracle,183,10969,182.999,1.3333,1440,810,1,210.07,353.15,143,190,3.24,1866.7,1866.7,,,,0.286
floor5,crop75,oracle,184,11029,184.0,1.3333,1440,810,1,210.25,357.51,104,109,2.853,1866.7,1866.7,,,,0.267
floor5,crop75,oracle,185,11089,185.001,1.3333,1440,810,1,210.14,361.74,93,109,2.898,1866.7,1866.7,,,,0.267
floor5,crop75,oracle,186,11149,186.002,1.3333,1440,810,1,210.19,366.02,117,128,2.972,1866.7,1866.7,,,,0.268
floor5,crop75,oracle,187,11209,187.003,1.3333,1440,810,1,210.42,370.3,107,124,3.451,1866.7,1866.7,,,,0.266
floor5,crop75,oracle,188,11269,188.004,1.3333,1440,810,1,210.67,374.42,100,118,2.78,1866.7,1866.7,,,,0.263
floor5,crop75,oracle,189,11329,189.005,1.3333,1440,810,1,210.79,378.65,88,115,3.017,1866.7,1866.7,,,,0.272
floor5,crop75,oracle,190,11389,190.006,1.3333,1440,810,1,210.87,382.46,104,119,2.82,1866.7,1866.7,,,,0.272
floor5,crop75,oracle,191,11449,191.007,1.3333,1440,810,1,210.51,386.36,101,111,3.357,1866.7,1866.7,,,,0.251
floor5,crop75,oracle,192,11508,191.992,1.3333,1440,810,1,210.15,390.15,86,105,3.39,1866.7,1866.7,,,,0.265
floor5,crop75,oracle,193,11568,192.993,1.3333,1440,810,1,210.01,394.3,101,118,3.31,1866.7,1866.7,,,,0.253
floor5,crop75,oracle,194,11628,193.994,1.3333,1440,810,1,210.15,398.49,102,112,3.021,1866.7,1866.7,,,,0.255
floor5,crop75,oracle,195,11688,194.995,1.3333,1440,810,1,210.48,402.65,127,138,2.934,1866.7,1866.7,,,,0.249
floor5,crop75,oracle,196,11748,195.996,1.3333,1440,810,1,210.77,406.86,120,137,2.776,1866.7,1866.7,,,,0.257
floor5,crop75,oracle,197,11808,196.997,1.3333,1440,810,1,210.74,410.98,106,119,2.71,1866.7,1866.7,,,,0.253
floor5,crop75,oracle,198,11868,197.998,1.3333,1440,810,1,210.77,415.16,87,98,3.255,1866.7,1866.7,,,,0.259
floor5,crop75,oracle,199,11928,198.999,1.3333,1440,810,1,211.26,419.19,96,108,3.108,1866.7,1866.7,,,,0.265
floor5,crop75,oracle,200,11988,200.0,1.3333,1440,810,1,211.67,423.11,93,106,3.384,1866.7,1866.7,,,,0.257
floor5,crop75,oracle,201,12048,201.001,1.3333,1440,810,1,211.97,426.85,102,111,4.05,1866.7,1866.7,,,,0.261
floor5,crop75,oracle,202,12108,202.002,1.3333,1440,810,1,212.15,430.27,108,113,2.941,1866.7,1866.7,,,,0.258
floor5,crop75,oracle,203,12168,203.003,1.3333,1440,810,1,212.38,433.47,122,136,2.863,1866.7,1866.7,,,,0.263
floor5,crop75,oracle,204,12228,204.004,1.3333,1440,810,1,212.35,435.83,100,120,3.669,1866.7,1866.7,,,,0.253
floor5,crop75,oracle,205,12288,205.005,1.3333,1440,810,1,212.36,437.34,60,70,3.987,1866.7,1866.7,,,,0.259
floor5,crop75,oracle,206,12348,206.006,1.3333,1440,810,1,212.15,438.28,36,58,4.329,1866.7,1866.7,,,,0.274
floor5,crop75,oracle,207,12408,207.007,1.3333,1440,810,1,211.92,451.37,33,61,3.297,1866.7,1866.7,,,,0.239
floor5,crop75,oracle,208,12468,208.008,1.3333,1440,810,1,293.31,465.02,32,74,3.036,1866.7,1866.7,,,,0.308
floor5,crop75,oracle,209,12527,208.992,1.3333,1440,810,1,294.59,460.77,16,29,3.75,1866.7,1866.7,,,,0.292
floor5,crop75,oracle,210,12587,209.993,1.3333,1440,810,1,296.46,459.96,10,26,2.891,1866.7,1866.7,,,,0.314
floor5,crop75,oracle,211,12647,210.994,1.3333,1440,810,0,,,0,0,,1866.7,1866.7,,,,0.28
floor5,crop75,oracle,212,12707,211.995,1.3333,1440,810,1,206.27,437.42,29,46,3.946,1866.7,1866.7,,,,0.272
floor5,crop75,oracle,213,12767,212.996,1.3333,1440,810,1,205.58,436.93,50,83,3.947,1866.7,1866.7,,,,0.242
floor5,crop75,oracle,214,12827,213.997,1.3333,1440,810,1,205.63,434.89,77,99,4.205,1866.7,1866.7,,,,0.25
floor5,crop75,oracle,215,12887,214.998,1.3333,1440,810,1,205.81,432.57,80,87,3.994,1866.7,1866.7,,,,0.25
floor5,crop75,oracle,216,12947,215.999,1.3333,1440,810,1,206.21,429.12,61,78,3.666,1866.7,1866.7,,,,0.258
floor5,crop75,oracle,217,13007,217.0,1.3333,1440,810,1,206.49,425.07,61,65,3.553,1866.7,1866.7,,,,0.265
floor5,crop75,oracle,218,13067,218.001,1.3333,1440,810,1,207.0,420.98,67,77,2.958,1866.7,1866.7,,,,0.26
floor5,crop75,oracle,219,13127,219.002,1.3333,1440,810,1,207.57,416.82,62,78,3.355,1866.7,1866.7,,,,0.271
floor5,crop75,oracle,220,13187,220.003,1.3333,1440,810,1,207.57,412.4,56,71,4.228,1866.7,1866.7,,,,0.267
floor5,crop75,oracle,221,13247,221.004,1.3333,1440,810,1,207.32,407.97,44,51,3.322,1866.7,1866.7,,,,0.261
floor5,crop75,oracle,222,13307,222.005,1.3333,1440,810,1,207.35,403.23,46,59,2.583,1866.7,1866.7,,,,0.263
floor5,crop75,oracle,223,13367,223.006,1.3333,1440,810,1,207.3,399.18,59,79,3.41,1866.7,1866.7,,,,0.27
floor5,crop75,oracle,224,13427,224.007,1.3333,1440,810,1,206.89,395.55,54,70,4.315,1866.7,1866.7,,,,0.269
floor5,crop75,oracle,225,13487,225.008,1.3333,1440,810,1,206.86,391.52,48,67,3.705,1866.7,1866.7,,,,0.266
floor5,crop75,oracle,226,13546,225.992,1.3333,1440,810,1,206.63,387.49,31,45,3.801,1866.7,1866.7,,,,0.264
floor5,crop75,oracle,227,13606,226.993,1.3333,1440,810,1,206.26,383.58,24,45,3.816,1866.7,1866.7,,,,0.273
floor5,crop75,oracle,228,13666,227.994,1.3333,1440,810,1,205.44,379.91,40,49,3.176,1866.7,1866.7,,,,0.259
floor5,crop75,oracle,229,13726,228.995,1.3333,1440,810,1,205.06,375.21,51,63,4.723,1866.7,1866.7,,,,0.293
floor5,crop75,oracle,230,13786,229.996,1.3333,1440,810,1,205.1,370.49,55,68,5.157,1866.7,1866.7,,,,0.278
floor5,crop75,oracle,231,13846,230.997,1.3333,1440,810,1,205.39,366.49,70,80,4.149,1866.7,1866.7,,,,0.266
floor5,crop75,oracle,232,13906,231.998,1.3333,1440,810,1,205.5,360.92,67,77,4.266,1866.7,1866.7,,,,0.271
floor5,crop75,oracle,233,13966,232.999,1.3333,1440,810,1,206.02,356.71,62,77,3.821,1866.7,1866.7,,,,0.264
floor5,crop75,oracle,234,14026,234.0,1.3333,1440,810,1,206.49,351.96,61,73,4.171,1866.7,1866.7,,,,0.276
floor5,crop75,oracle,235,14086,235.001,1.3333,1440,810,1,206.68,347.41,58,74,4.223,1866.7,1866.7,,,,0.27
floor5,crop75,oracle,236,14146,236.002,1.3333,1440,810,1,206.51,343.25,46,72,4.099,1866.7,1866.7,,,,0.271
floor5,crop75,oracle,237,14206,237.003,1.3333,1440,810,1,206.44,338.74,48,73,3.951,1866.7,1866.7,,,,0.278
floor5,crop75,oracle,238,14266,238.004,1.3333,1440,810,1,206.53,333.85,28,48,4.516,1866.7,1866.7,,,,0.289
floor5,crop75,oracle,239,14326,239.005,1.3333,1440,810,1,205.93,330.19,46,72,3.849,1866.7,1866.7,,,,0.279
floor5,crop75,oracle,240,14386,240.006,1.3333,1440,810,1,206.65,325.67,22,41,3.082,1866.7,1866.7,,,,0.293
floor5,crop75,oracle,241,14446,241.007,1.3333,1440,810,1,206.18,321.91,28,42,4.851,1866.7,1866.7,,,,0.266
floor5,crop75,oracle,242,14505,241.992,1.3333,1440,810,1,205.49,316.47,25,34,4.546,1866.7,1866.7,,,,0.267
floor5,crop75,oracle,243,14565,242.993,1.3333,1440,810,1,205.29,312.67,34,69,3.41,1866.7,1866.7,,,,0.269
floor5,crop75,oracle,244,14625,243.994,1.3333,1440,810,1,205.11,308.11,40,70,3.343,1866.7,1866.7,,,,0.266
floor5,crop75,oracle,245,14685,244.995,1.3333,1440,810,1,205.23,303.63,44,67,3.485,1866.7,1866.7,,,,0.263
floor5,crop75,oracle,246,14745,245.996,1.3333,1440,810,1,205.03,298.74,44,71,3.371,1866.7,1866.7,,,,0.274
floor5,crop75,oracle,247,14805,246.997,1.3333,1440,810,1,204.58,293.8,45,65,3.752,1866.7,1866.7,,,,0.267
floor5,crop75,oracle,248,14865,247.998,1.3333,1440,810,1,204.37,289.63,55,69,5.974,1866.7,1866.7,,,,0.264
floor5,crop75,oracle,249,14925,248.999,1.3333,1440,810,1,204.45,284.83,52,77,4.827,1866.7,1866.7,,,,0.266
floor5,crop75,oracle,250,14985,250.0,1.3333,1440,810,1,204.77,280.01,54,84,3.479,1866.7,1866.7,,,,0.276
floor5,crop75,oracle,251,15045,251.001,1.3333,1440,810,1,205.21,275.51,60,89,3.756,1866.7,1866.7,,,,0.272
floor5,crop75,oracle,252,15105,252.002,1.3333,1440,810,1,205.63,271.14,40,55,2.828,1866.7,1866.7,,,,0.277
floor5,crop75,oracle,253,15165,253.003,1.3333,1440,810,1,205.29,266.18,33,43,2.972,1866.7,1866.7,,,,0.27
floor5,crop75,oracle,254,15225,254.004,1.3333,1440,810,1,204.25,261.51,37,49,3.486,1866.7,1866.7,,,,0.263
floor5,crop75,oracle,255,15285,255.005,1.3333,1440,810,1,203.71,257.04,52,65,2.846,1866.7,1866.7,,,,0.263
floor5,crop75,oracle,256,15345,256.006,1.3333,1440,810,1,203.08,252.71,57,76,3.698,1866.7,1866.7,,,,0.262
floor5,crop75,oracle,257,15405,257.007,1.3333,1440,810,1,202.87,248.35,62,79,3.529,1866.7,1866.7,,,,0.264
floor5,crop75,oracle,258,15465,258.008,1.3333,1440,810,1,202.84,243.96,71,89,2.729,1866.7,1866.7,,,,0.258
floor5,crop75,oracle,259,15524,258.992,1.3333,1440,810,1,202.78,239.44,89,100,3.922,1866.7,1866.7,,,,0.259
floor5,crop75,oracle,260,15584,259.993,1.3333,1440,810,1,203.28,234.8,97,124,3.045,1866.7,1866.7,,,,0.267
floor5,crop75,oracle,261,15644,260.994,1.3333,1440,810,1,204.32,230.26,94,118,3.607,1866.7,1866.7,,,,0.272
floor5,crop75,oracle,262,15704,261.995,1.3333,1440,810,1,205.63,225.77,64,99,3.723,1866.7,1866.7,,,,0.268
floor5,crop75,oracle,263,15764,262.996,1.3333,1440,810,1,206.51,221.43,45,74,3.689,1866.7,1866.7,,,,0.276
floor5,crop75,oracle,264,15824,263.997,1.3333,1440,810,1,207.61,217.01,34,63,4.472,1866.7,1866.7,,,,0.281
floor5,crop75,oracle,265,15884,264.998,1.3333,1440,810,1,208.37,212.68,14,24,3.525,1866.7,1866.7,,,,0.275
floor5,crop75,oracle,266,15944,265.999,1.3333,1440,810,1,211.51,239.98,19,27,2.651,1866.7,1866.7,,,,0.288
floor5,crop75,oracle,267,16004,267.0,1.3333,1440,810,1,214.87,235.72,29,43,3.914,1866.7,1866.7,,,,0.29
floor5,crop75,oracle,268,16064,268.001,1.3333,1440,810,1,218.12,233.73,44,56,3.594,1866.7,1866.7,,,,0.272
floor5,crop75,oracle,269,16124,269.002,1.3333,1440,810,1,221.94,233.0,41,55,2.835,1866.7,1866.7,,,,0.273
floor5,crop75,oracle,270,16184,270.003,1.3333,1440,810,1,226.74,233.14,59,76,4.065,1866.7,1866.7,,,,0.273
floor5,crop75,oracle,271,16244,271.004,1.3333,1440,810,1,232.08,234.52,75,100,3.083,1866.7,1866.7,,,,0.273
floor5,crop75,oracle,272,16304,272.005,1.3333,1440,810,1,236.84,235.23,87,104,3.366,1866.7,1866.7,,,,0.266
floor5,crop75,oracle,273,16364,273.006,1.3333,1440,810,1,241.54,235.91,90,101,3.153,1866.7,1866.7,,,,0.255
floor5,crop75,oracle,274,16424,274.007,1.3333,1440,810,1,246.12,236.5,72,89,3.201,1866.7,1866.7,,,,0.255
floor5,crop75,oracle,275,16484,275.008,1.3333,1440,810,1,250.53,237.29,93,107,3.137,1866.7,1866.7,,,,0.252
floor5,crop75,oracle,276,16543,275.992,1.3333,1440,810,1,255.02,238.58,95,112,3.61,1866.7,1866.7,,,,0.24
floor5,crop75,oracle,277,16603,276.993,1.3333,1440,810,1,259.75,239.58,101,120,3.412,1866.7,1866.7,,,,0.246
floor5,crop75,oracle,278,16663,277.994,1.3333,1440,810,1,264.73,239.82,84,103,3.863,1866.7,1866.7,,,,0.239
floor5,crop75,oracle,279,16723,278.995,1.3333,1440,810,1,269.79,239.42,61,85,3.367,1866.7,1866.7,,,,0.246
floor5,crop75,oracle,280,16783,279.996,1.3333,1440,810,1,275.39,240.05,49,62,3.364,1866.7,1866.7,,,,0.255
floor5,crop75,oracle,281,16843,280.997,1.3333,1440,810,1,279.76,241.21,42,48,3.565,1866.7,1866.7,,,,0.248
floor5,crop75,oracle,282,16903,281.998,1.3333,1440,810,1,283.92,242.74,63,76,3.302,1866.7,1866.7,,,,0.235
floor5,crop75,oracle,283,16963,282.999,1.3333,1440,810,1,287.83,245.54,50,65,3.78,1866.7,1866.7,,,,0.238
floor5,crop75,oracle,284,17023,284.0,1.3333,1440,810,1,290.27,248.04,75,86,3.936,1866.7,1866.7,,,,0.25
floor5,crop75,oracle,285,17083,285.001,1.3333,1440,810,1,291.25,251.93,80,93,3.63,1866.7,1866.7,,,,0.266
floor5,crop75,oracle,286,17143,286.002,1.3333,1440,810,1,291.72,256.61,71,83,3.358,1866.7,1866.7,,,,0.247
floor5,crop75,oracle,287,17203,287.003,1.3333,1440,810,1,291.96,261.28,63,78,3.316,1866.7,1866.7,,,,0.263
floor5,crop75,oracle,288,17263,288.004,1.3333,1440,810,1,292.56,266.18,50,68,2.794,1866.7,1866.7,,,,0.262
floor5,crop75,oracle,289,17323,289.005,1.3333,1440,810,1,292.91,270.87,46,60,3.386,1866.7,1866.7,,,,0.251
floor5,crop75,oracle,290,17383,290.006,1.3333,1440,810,1,292.73,275.24,73,95,3.22,1866.7,1866.7,,,,0.252
floor5,crop75,oracle,291,17443,291.007,1.3333,1440,810,1,292.97,280.01,66,90,2.915,1866.7,1866.7,,,,0.271
floor5,crop75,oracle,292,17502,291.992,1.3333,1440,810,1,292.81,284.74,73,99,4.233,1866.7,1866.7,,,,0.281
floor5,crop75,oracle,293,17562,292.993,1.3333,1440,810,1,292.32,289.67,95,120,3.393,1866.7,1866.7,,,,0.273
floor5,crop75,oracle,294,17622,293.994,1.3333,1440,810,1,292.05,294.59,87,105,3.1,1866.7,1866.7,,,,0.262
floor5,crop75,oracle,295,17682,294.995,1.3333,1440,810,1,292.08,299.84,78,102,3.264,1866.7,1866.7,,,,0.272
floor5,crop75,oracle,296,17742,295.996,1.3333,1440,810,1,292.36,304.62,88,106,2.993,1866.7,1866.7,,,,0.259
floor5,crop75,oracle,297,17802,296.997,1.3333,1440,810,1,292.65,309.96,76,99,2.865,1866.7,1866.7,,,,0.263
floor5,crop75,oracle,298,17862,297.998,1.3333,1440,810,1,292.76,314.87,86,100,2.631,1866.7,1866.7,,,,0.258
floor5,crop75,oracle,299,17922,298.999,1.3333,1440,810,1,292.63,319.58,101,112,3.122,1866.7,1866.7,,,,0.261
floor5,crop75,oracle,300,17982,300.0,1.3333,1440,810,1,292.55,324.42,109,123,2.844,1866.7,1866.7,,,,0.262
floor5,crop75,oracle,301,18042,301.001,1.3333,1440,810,1,292.34,329.2,107,127,2.894,1866.7,1866.7,,,,0.265
floor5,crop75,oracle,302,18102,302.002,1.3333,1440,810,1,292.53,334.17,99,112,3.076,1866.7,1866.7,,,,0.253
floor5,crop75,oracle,303,18162,303.003,1.3333,1440,810,1,292.57,339.08,103,118,2.863,1866.7,1866.7,,,,0.273
floor5,crop75,oracle,304,18222,304.004,1.3333,1440,810,1,292.67,343.94,91,113,3.484,1866.7,1866.7,,,,0.268
floor5,crop75,oracle,305,18282,305.005,1.3333,1440,810,1,292.7,349.05,76,97,3.373,1866.7,1866.7,,,,0.257
floor5,crop75,oracle,306,18342,306.006,1.3333,1440,810,1,292.71,353.97,74,87,3.595,1866.7,1866.7,,,,0.261
floor5,crop75,oracle,307,18402,307.007,1.3333,1440,810,1,293.05,358.78,67,88,3.295,1866.7,1866.7,,,,0.256
floor5,crop75,oracle,308,18462,308.008,1.3333,1440,810,1,293.46,363.79,65,85,3.228,1866.7,1866.7,,,,0.261
floor5,crop75,oracle,309,18521,308.992,1.3333,1440,810,1,293.76,368.35,76,92,3.339,1866.7,1866.7,,,,0.258
floor5,crop75,oracle,310,18581,309.993,1.3333,1440,810,1,293.94,373.36,80,94,3.563,1866.7,1866.7,,,,0.254
floor5,crop75,oracle,311,18641,310.994,1.3333,1440,810,1,294.05,378.32,66,85,3.672,1866.7,1866.7,,,,0.262
floor5,crop75,oracle,312,18701,311.995,1.3333,1440,810,1,294.28,383.6,67,89,3.259,1866.7,1866.7,,,,0.262
floor5,crop75,oracle,313,18761,312.996,1.3333,1440,810,1,294.31,388.98,73,93,3.578,1866.7,1866.7,,,,0.259
floor5,crop75,oracle,314,18821,313.997,1.3333,1440,810,1,294.74,393.66,67,100,3.572,1866.7,1866.7,,,,0.261
floor5,crop75,oracle,315,18881,314.998,1.3333,1440,810,1,295.01,398.4,67,90,3.764,1866.7,1866.7,,,,0.265
floor5,crop75,oracle,316,18941,315.999,1.3333,1440,810,1,295.15,403.11,88,106,3.183,1866.7,1866.7,,,,0.266
floor5,crop75,oracle,317,19001,317.0,1.3333,1440,810,1,295.41,407.95,90,104,3.775,1866.7,1866.7,,,,0.264
floor5,crop75,oracle,318,19061,318.001,1.3333,1440,810,1,295.36,412.95,84,98,2.871,1866.7,1866.7,,,,0.275
floor5,crop75,oracle,319,19121,319.002,1.3333,1440,810,1,295.23,417.33,81,107,3.279,1866.7,1866.7,,,,0.266
floor5,crop75,oracle,320,19181,320.003,1.3333,1440,810,1,295.37,421.54,74,98,3.882,1866.7,1866.7,,,,0.263
floor5,crop75,oracle,321,19241,321.004,1.3333,1440,810,1,295.73,425.6,66,85,3.957,1866.7,1866.7,,,,0.261
floor5,crop75,oracle,322,19301,322.005,1.3333,1440,810,1,296.34,429.51,52,83,4.045,1866.7,1866.7,,,,0.266
floor5,crop75,oracle,323,19361,323.006,1.3333,1440,810,1,297.05,433.82,37,53,3.074,1866.7,1866.7,,,,0.268
floor5,crop75,oracle,324,19421,324.007,1.3333,1440,810,1,297.46,438.07,40,60,3.579,1866.7,1866.7,,,,0.257
floor5,crop75,oracle,325,19481,325.008,1.3333,1440,810,1,297.71,442.13,49,70,3.936,1866.7,1866.7,,,,0.262
floor5,crop75,oracle,326,19540,325.992,1.3333,1440,810,1,297.95,446.16,43,65,5.0,1866.7,1866.7,,,,0.27
floor5,crop75,oracle,327,19600,326.993,1.3333,1440,810,1,297.49,449.75,61,93,3.53,1866.7,1866.7,,,,0.282
floor5,crop75,oracle,328,19660,327.994,1.3333,1440,810,1,297.09,453.35,42,67,4.235,1866.7,1866.7,,,,0.275
floor5,crop75,oracle,329,19720,328.995,1.3333,1440,810,1,296.51,456.94,30,50,3.656,1866.7,1866.7,,,,0.284
floor5,crop75,oracle,330,19780,329.996,1.3333,1440,810,1,296.48,460.47,16,29,3.818,1866.7,1866.7,,,,0.289
floor5,crop75,oracle,331,19840,330.997,1.3333,1440,810,0,,,0,0,,1866.7,1866.7,,,,0.309
floor5,crop50,map,0,0,0.0,2.0,960,540,1,293.83,460.91,129,155,5.021,1400.0,1400.0,,,,0.235
floor5,crop50,map,1,60,1.001,2.0,960,540,1,294.14,461.11,118,152,4.604,1400.0,1400.0,,,,0.23
floor5,crop50,map,2,120,2.002,2.0,960,540,1,295.54,466.79,36,88,4.083,1400.0,1400.0,,,,0.271
floor5,crop50,map,3,180,3.003,2.0,960,540,0,,,0,0,,1400.0,1400.0,,,,0.319
floor5,crop50,map,4,240,4.004,2.0,960,540,0,,,0,0,,1400.0,1400.0,,,,0.304
floor5,crop50,map,5,300,5.005,2.0,960,540,1,296.52,466.43,21,58,4.755,1400.0,1400.0,,,,0.301
floor5,crop50,map,6,360,6.006,2.0,960,540,1,297.45,462.5,64,139,4.915,1400.0,1400.0,,,,0.268
floor5,crop50,map,7,420,7.007,2.0,960,540,0,,,0,0,,1400.0,1400.0,,,,0.335
floor5,crop50,map,8,480,8.008,2.0,960,540,1,298.22,450.54,13,47,1.867,1400.0,1400.0,,,,0.334
floor5,crop50,map,9,539,8.992,2.0,960,540,1,295.37,446.48,10,57,5.576,1400.0,1400.0,,,,0.353
floor5,crop50,map,10,599,9.993,2.0,960,540,0,,,0,0,,1400.0,1400.0,,,,0.36
floor5,crop50,map,11,659,10.994,2.0,960,540,0,,,0,0,,1400.0,1400.0,,,,0.37
floor5,crop50,map,12,719,11.995,2.0,960,540,0,,,0,0,,1400.0,1400.0,,,,0.342
floor5,crop50,map,13,779,12.996,2.0,960,540,1,293.11,393.93,11,26,2.961,1400.0,1400.0,,,,0.345
floor5,crop50,map,14,839,13.997,2.0,960,540,0,,,0,0,,1400.0,1400.0,,,,0.345
floor5,crop50,map,15,899,14.998,2.0,960,540,0,,,0,0,,1400.0,1400.0,,,,0.329
floor5,crop50,map,16,959,15.999,2.0,960,540,1,291.81,393.64,12,32,3.303,1400.0,1400.0,,,,0.348
floor5,crop50,map,17,1019,17.0,2.0,960,540,1,291.48,391.73,13,37,2.387,1400.0,1400.0,,,,0.352
floor5,crop50,map,18,1079,18.001,2.0,960,540,1,292.62,388.91,13,41,2.985,1400.0,1400.0,,,,0.36
floor5,crop50,map,19,1139,19.002,2.0,960,540,1,291.27,387.45,14,43,3.108,1400.0,1400.0,,,,0.368
floor5,crop50,map,20,1199,20.003,2.0,960,540,0,,,0,0,,1400.0,1400.0,,,,0.361
floor5,crop50,map,21,1259,21.004,2.0,960,540,1,291.98,384.8,12,54,3.541,1400.0,1400.0,,,,0.362
floor5,crop50,map,22,1319,22.005,2.0,960,540,1,292.54,382.14,15,59,3.438,1400.0,1400.0,,,,0.373
floor5,crop50,map,23,1379,23.006,2.0,960,540,1,290.57,375.53,28,93,3.876,1400.0,1400.0,,,,0.357
floor5,crop50,map,24,1439,24.007,2.0,960,540,1,290.86,373.53,32,116,3.569,1400.0,1400.0,,,,0.366
floor5,crop50,map,25,1499,25.008,2.0,960,540,1,289.83,369.7,27,115,2.736,1400.0,1400.0,,,,0.391
floor5,crop50,map,26,1558,25.993,2.0,960,540,1,290.45,369.31,31,124,3.508,1400.0,1400.0,,,,0.384
floor5,crop50,map,27,1618,26.994,2.0,960,540,1,290.5,366.82,28,129,4.255,1400.0,1400.0,,,,0.385
floor5,crop50,map,28,1678,27.995,2.0,960,540,1,290.4,362.57,19,68,3.613,1400.0,1400.0,,,,0.358
floor5,crop50,map,29,1738,28.996,2.0,960,540,1,294.37,350.81,13,82,2.351,1400.0,1400.0,,,,0.363
floor5,crop50,map,30,1798,29.997,2.0,960,540,1,290.25,350.64,14,83,3.183,1400.0,1400.0,,,,0.372
floor5,crop50,map,31,1858,30.998,2.0,960,540,1,294.55,323.0,14,77,3.048,1400.0,1400.0,,,,0.373
floor5,crop50,map,32,1918,31.999,2.0,960,540,1,286.0,295.48,14,79,4.132,1400.0,1400.0,,,,0.359
floor5,crop50,map,33,1978,33.0,2.0,960,540,1,288.58,294.17,16,73,3.451,1400.0,1400.0,,,,0.351
floor5,crop50,map,34,2038,34.001,2.0,960,540,1,288.24,291.7,16,65,3.117,1400.0,1400.0,,,,0.347
floor5,crop50,map,35,2098,35.002,2.0,960,540,1,288.63,291.26,14,77,3.638,1400.0,1400.0,,,,0.359
floor5,crop50,map,36,2158,36.003,2.0,960,540,1,290.84,289.21,17,84,3.787,1400.0,1400.0,,,,0.333
floor5,crop50,map,37,2218,37.004,2.0,960,540,0,,,0,0,,1400.0,1400.0,,,,0.332
floor5,crop50,map,38,2278,38.005,2.0,960,540,0,,,0,0,,1400.0,1400.0,,,,0.336
floor5,crop50,map,39,2338,39.006,2.0,960,540,1,280.88,276.78,12,68,3.332,1400.0,1400.0,,,,0.348
floor5,crop50,map,40,2398,40.007,2.0,960,540,1,286.91,276.19,11,72,3.361,1400.0,1400.0,,,,0.35
floor5,crop50,map,41,2458,41.008,2.0,960,540,1,287.71,273.5,15,63,2.847,1400.0,1400.0,,,,0.362
floor5,crop50,map,42,2517,41.992,2.0,960,540,1,287.74,270.86,16,72,3.248,1400.0,1400.0,,,,0.368
floor5,crop50,map,43,2577,42.993,2.0,960,540,1,288.94,268.09,15,81,2.765,1400.0,1400.0,,,,0.376
floor5,crop50,map,44,2637,43.994,2.0,960,540,1,288.56,265.46,16,87,2.676,1400.0,1400.0,,,,0.365
floor5,crop50,map,45,2697,44.995,2.0,960,540,0,,,0,0,,1400.0,1400.0,,,,0.345
floor5,crop50,map,46,2757,45.996,2.0,960,540,1,287.54,260.8,16,96,4.104,1400.0,1400.0,,,,0.343
floor5,crop50,map,47,2817,46.997,2.0,960,540,1,286.13,235.63,19,77,4.138,1400.0,1400.0,,,,0.368
floor5,crop50,map,48,2877,47.998,2.0,960,540,1,285.93,232.76,15,87,3.066,1400.0,1400.0,,,,0.347
floor5,crop50,map,49,2937,48.999,2.0,960,540,1,287.32,230.16,17,92,4.147,1400.0,1400.0,,,,0.349
floor5,crop50,map,50,2997,50.0,2.0,960,540,1,282.89,228.62,14,84,3.796,1400.0,1400.0,,,,0.353
floor5,crop50,map,51,3057,51.001,2.0,960,540,1,281.03,226.05,13,86,1.672,1400.0,1400.0,,,,0.349
floor5,crop50,map,52,3117,52.002,2.0,960,540,1,280.19,223.97,18,95,4.118,1400.0,1400.0,,,,0.351
floor5,crop50,map,53,3177,53.003,2.0,960,540,1,270.45,206.2,14,88,2.839,1400.0,1400.0,,,,0.367
floor5,crop50,map,54,3237,54.004,2.0,960,540,1,274.17,218.73,12,50,2.985,1400.0,1400.0,,,,0.334
floor5,crop50,map,55,3297,55.005,2.0,960,540,0,,,0,0,,1400.0,1400.0,,,,0.339
floor5,crop50,map,56,3357,56.006,2.0,960,540,0,,,0,0,,1400.0,1400.0,,,,0.321
floor5,crop50,map,57,3417,57.007,2.0,960,540,1,239.47,220.91,57,87,3.829,1400.0,1400.0,,,,0.33
floor5,crop50,map,58,3477,58.008,2.0,960,540,1,236.25,227.72,45,68,3.945,1400.0,1400.0,,,,0.306
floor5,crop50,map,59,3536,58.992,2.0,960,540,1,244.14,228.88,11,45,1.477,1400.0,1400.0,,,,0.32
floor5,crop50,map,60,3596,59.993,2.0,960,540,1,231.3,227.24,19,54,4.105,1400.0,1400.0,,,,0.345
floor5,crop50,map,61,3656,60.994,2.0,960,540,1,228.77,225.34,35,62,3.146,1400.0,1400.0,,,,0.316
floor5,crop50,map,62,3716,61.995,2.0,960,540,1,226.39,224.76,47,84,3.379,1400.0,1400.0,,,,0.3
floor5,crop50,map,63,3776,62.996,2.0,960,540,1,224.25,224.17,39,73,6.363,1400.0,1400.0,,,,0.325
floor5,crop50,map,64,3836,63.997,2.0,960,540,1,222.26,223.01,46,86,3.982,1400.0,1400.0,,,,0.309
floor5,crop50,map,65,3896,64.998,2.0,960,540,1,219.84,222.96,44,78,4.684,1400.0,1400.0,,,,0.323
floor5,crop50,map,66,3956,65.999,2.0,960,540,1,217.73,222.21,36,57,4.999,1400.0,1400.0,,,,0.34
floor5,crop50,map,67,4016,67.0,2.0,960,540,1,215.41,221.96,38,67,3.841,1400.0,1400.0,,,,0.309
floor5,crop50,map,68,4076,68.001,2.0,960,540,1,213.16,220.64,28,57,2.873,1400.0,1400.0,,,,0.295
floor5,crop50,map,69,4136,69.002,2.0,960,540,1,210.77,221.15,30,63,4.495,1400.0,1400.0,,,,0.283
floor5,crop50,map,70,4196,70.003,2.0,960,540,1,208.57,221.01,32,56,2.954,1400.0,1400.0,,,,0.277
floor5,crop50,map,71,4256,71.004,2.0,960,540,1,206.7,221.37,29,51,2.974,1400.0,1400.0,,,,0.267
floor5,crop50,map,72,4316,72.005,2.0,960,540,1,204.76,220.13,17,34,4.772,1400.0,1400.0,,,,0.247
floor5,crop50,map,73,4376,73.006,2.0,960,540,0,,,0,0,,1400.0,1400.0,,,,0.266
floor5,crop50,map,74,4436,74.007,2.0,960,540,0,,,0,0,,1400.0,1400.0,,,,0.253
floor5,crop50,map,75,4496,75.008,2.0,960,540,0,,,0,0,,1400.0,1400.0,,,,0.206
floor5,crop50,map,76,4555,75.993,2.0,960,540,0,,,0,0,,1400.0,1400.0,,,,0.227
floor5,crop50,map,77,4615,76.994,2.0,960,540,1,205.95,141.43,11,35,2.482,1400.0,1400.0,,,,0.345
floor5,crop50,map,78,4675,77.995,2.0,960,540,1,203.35,138.03,11,38,3.378,1400.0,1400.0,,,,0.328
floor5,crop50,map,79,4735,78.996,2.0,960,540,1,209.59,136.63,15,48,3.186,1400.0,1400.0,,,,0.336
floor5,crop50,map,80,4795,79.997,2.0,960,540,1,208.96,135.41,19,52,3.548,1400.0,1400.0,,,,0.308
floor5,crop50,map,81,4855,80.998,2.0,960,540,1,208.13,134.1,21,63,2.926,1400.0,1400.0,,,,0.319
floor5,crop50,map,82,4915,81.999,2.0,960,540,1,210.09,131.64,11,63,4.535,1400.0,1400.0,,,,0.341
floor5,crop50,map,83,4975,83.0,2.0,960,540,1,207.46,126.1,20,65,3.776,1400.0,1400.0,,,,0.34
floor5,crop50,map,84,5035,84.001,2.0,960,540,1,205.67,130.13,20,69,4.583,1400.0,1400.0,,,,0.339
floor5,crop50,map,85,5095,85.002,2.0,960,540,1,207.1,128.91,20,71,3.858,1400.0,1400.0,,,,0.344
floor5,crop50,map,86,5155,86.003,2.0,960,540,1,207.05,123.32,21,75,3.852,1400.0,1400.0,,,,0.339
floor5,crop50,map,87,5215,87.004,2.0,960,540,1,204.82,124.31,21,81,5.163,1400.0,1400.0,,,,0.35
floor5,crop50,map,88,5275,88.005,2.0,960,540,1,207.48,119.09,19,83,3.813,1400.0,1400.0,,,,0.35
floor5,crop50,map,89,5335,89.006,2.0,960,540,1,200.43,111.04,17,92,3.099,1400.0,1400.0,,,,0.352
floor5,crop50,map,90,5395,90.007,2.0,960,540,1,207.91,119.53,17,95,3.068,1400.0,1400.0,,,,0.36
floor5,crop50,map,91,5455,91.008,2.0,960,540,1,208.48,113.22,17,86,3.462,1400.0,1400.0,,,,0.35
floor5,crop50,map,92,5514,91.992,2.0,960,540,1,208.48,111.31,20,85,4.827,1400.0,1400.0,,,,0.357
floor5,crop50,map,93,5574,92.993,2.0,960,540,1,209.06,108.11,16,79,2.867,1400.0,1400.0,,,,0.36
floor5,crop50,map,94,5634,93.994,2.0,960,540,1,208.74,104.85,16,74,3.048,1400.0,1400.0,,,,0.348
floor5,crop50,map,95,5694,94.995,2.0,960,540,1,207.86,102.96,13,74,2.591,1400.0,1400.0,,,,0.345
floor5,crop50,map,96,5754,95.996,2.0,960,540,1,208.17,101.3,12,63,2.332,1400.0,1400.0,,,,0.337
floor5,crop50,map,97,5814,96.997,2.0,960,540,1,202.89,74.67,11,72,2.46,1400.0,1400.0,,,,0.342
floor5,crop50,map,98,5874,97.998,2.0,960,540,1,206.14,79.97,15,72,3.496,1400.0,1400.0,,,,0.366
floor5,crop50,map,99,5934,98.999,2.0,960,540,1,202.86,72.17,17,80,4.039,1400.0,1400.0,,,,0.395
floor5,crop50,map,100,5994,100.0,2.0,960,540,1,202.53,70.15,16,79,3.607,1400.0,1400.0,,,,0.404
floor5,crop50,map,101,6054,101.001,2.0,960,540,1,204.97,67.68,13,68,2.857,1400.0,1400.0,,,,0.368
floor5,crop50,map,102,6114,102.002,2.0,960,540,1,203.09,65.54,25,76,4.861,1400.0,1400.0,,,,0.357
floor5,crop50,map,103,6174,103.003,2.0,960,540,1,200.24,62.32,19,78,3.294,1400.0,1400.0,,,,0.373
floor5,crop50,map,104,6234,104.004,2.0,960,540,1,202.54,61.33,22,79,3.067,1400.0,1400.0,,,,0.365
floor5,crop50,map,105,6294,105.005,2.0,960,540,1,201.87,58.69,16,52,2.699,1400.0,1400.0,,,,0.339
floor5,crop50,map,106,6354,106.006,2.0,960,540,1,202.67,58.48,24,64,3.797,1400.0,1400.0,,,,0.34
floor5,crop50,map,107,6414,107.007,2.0,960,540,1,201.78,56.09,15,49,2.792,1400.0,1400.0,,,,0.37
floor5,crop50,map,108,6474,108.008,2.0,960,540,1,205.81,53.05,13,43,4.582,1400.0,1400.0,,,,0.372
floor5,crop50,map,109,6533,108.992,2.0,960,540,1,200.94,44.82,10,27,3.403,1400.0,1400.0,,,,0.329
floor5,crop50,map,110,6593,109.993,2.0,960,540,0,,,0,0,,1400.0,1400.0,,,,0.336
floor5,crop50,map,111,6653,110.994,2.0,960,540,0,,,0,0,,1400.0,1400.0,,,,0.348
floor5,crop50,map,112,6713,111.995,2.0,960,540,0,,,0,0,,1400.0,1400.0,,,,0.368
floor5,crop50,map,113,6773,112.996,2.0,960,540,1,203.95,38.67,10,46,3.943,1400.0,1400.0,,,,0.398
floor5,crop50,map,114,6833,113.997,2.0,960,540,0,,,0,0,,1400.0,1400.0,,,,0.372
floor5,crop50,map,115,6893,114.998,2.0,960,540,0,,,0,0,,1400.0,1400.0,,,,0.319
floor5,crop50,map,116,6953,115.999,2.0,960,540,0,,,0,0,,1400.0,1400.0,,,,0.311
floor5,crop50,map,117,7013,117.0,2.0,960,540,1,212.18,58.19,13,32,3.841,1400.0,1400.0,,,,0.361
floor5,crop50,map,118,7073,118.001,2.0,960,540,1,203.32,94.15,15,45,4.359,1400.0,1400.0,,,,0.341
floor5,crop50,map,119,7133,119.002,2.0,960,540,1,212.03,62.66,15,68,4.772,1400.0,1400.0,,,,0.35
floor5,crop50,map,120,7193,120.003,2.0,960,540,1,205.18,72.43,13,68,3.159,1400.0,1400.0,,,,0.355
floor5,crop50,map,121,7253,121.004,2.0,960,540,1,207.99,80.25,16,79,2.852,1400.0,1400.0,,,,0.355
floor5,crop50,map,122,7313,122.005,2.0,960,540,1,209.14,82.25,19,71,3.073,1400.0,1400.0,,,,0.345
floor5,crop50,map,123,7373,123.006,2.0,960,540,1,208.28,84.18,21,66,3.697,1400.0,1400.0,,,,0.342
floor5,crop50,map,124,7433,124.007,2.0,960,540,1,211.45,84.89,21,78,3.033,1400.0,1400.0,,,,0.343
floor5,crop50,map,125,7493,125.008,2.0,960,540,1,211.01,87.86,16,64,3.034,1400.0,1400.0,,,,0.346
floor5,crop50,map,126,7552,125.993,2.0,960,540,1,205.79,116.28,18,63,2.887,1400.0,1400.0,,,,0.349
floor5,crop50,map,127,7612,126.994,2.0,960,540,1,205.79,116.26,19,76,3.423,1400.0,1400.0,,,,0.354
floor5,crop50,map,128,7672,127.995,2.0,960,540,1,205.92,118.53,16,76,4.122,1400.0,1400.0,,,,0.353
floor5,crop50,map,129,7732,128.996,2.0,960,540,1,205.97,121.28,15,88,3.879,1400.0,1400.0,,,,0.355
floor5,crop50,map,130,7792,129.997,2.0,960,540,1,211.19,121.24,19,103,2.813,1400.0,1400.0,,,,0.367
floor5,crop50,map,131,7852,130.998,2.0,960,540,0,,,0,0,,1400.0,1400.0,,,,0.371
floor5,crop50,map,132,7912,131.999,2.0,960,540,0,,,0,0,,1400.0,1400.0,,,,0.363
floor5,crop50,map,133,7972,133.0,2.0,960,540,1,211.17,129.64,18,107,3.526,1400.0,1400.0,,,,0.361
floor5,crop50,map,134,8032,134.001,2.0,960,540,1,211.13,132.53,18,93,3.209,1400.0,1400.0,,,,0.353
floor5,crop50,map,135,8092,135.002,2.0,960,540,1,219.41,126.56,10,56,3.125,1400.0,1400.0,,,,0.337
floor5,crop50,map,136,8152,136.003,2.0,960,540,1,209.3,155.9,10,63,2.201,1400.0,1400.0,,,,0.345
floor5,crop50,map,137,8212,137.004,2.0,960,540,1,225.7,130.24,13,65,5.274,1400.0,1400.0,,,,0.335
floor5,crop50,map,138,8272,138.005,2.0,960,540,1,207.66,159.46,12,63,3.991,1400.0,1400.0,,,,0.344
floor5,crop50,map,139,8332,139.006,2.0,960,540,1,211.48,172.79,12,77,3.331,1400.0,1400.0,,,,0.364
floor5,crop50,map,140,8392,140.007,2.0,960,540,1,203.67,200.96,17,66,3.566,1400.0,1400.0,,,,0.361
floor5,crop50,map,141,8452,141.008,2.0,960,540,1,210.88,205.23,18,60,3.396,1400.0,1400.0,,,,0.358
floor5,crop50,map,142,8511,141.992,2.0,960,540,1,210.74,207.67,15,70,3.407,1400.0,1400.0,,,,0.364
floor5,crop50,map,143,8571,142.993,2.0,960,540,1,208.19,209.19,17,56,3.476,1400.0,1400.0,,,,0.365
floor5,crop50,map,144,8631,143.994,2.0,960,540,1,206.3,213.54,14,52,2.699,1400.0,1400.0,,,,0.359
floor5,crop50,map,145,8691,144.995,2.0,960,540,1,209.85,216.93,15,59,2.682,1400.0,1400.0,,,,0.357
floor5,crop50,map,146,8751,145.996,2.0,960,540,1,207.01,218.08,12,44,2.66,1400.0,1400.0,,,,0.35
floor5,crop50,map,147,8811,146.997,2.0,960,540,1,205.43,221.17,13,49,3.148,1400.0,1400.0,,,,0.357
floor5,crop50,map,148,8871,147.998,2.0,960,540,1,206.05,223.57,13,55,2.126,1400.0,1400.0,,,,0.376
floor5,crop50,map,149,8931,148.999,2.0,960,540,1,205.6,224.87,11,43,2.58,1400.0,1400.0,,,,0.393
floor5,crop50,map,150,8991,150.0,2.0,960,540,1,206.33,226.12,11,35,3.474,1400.0,1400.0,,,,0.323
floor5,crop50,map,151,9051,151.001,2.0,960,540,1,205.81,230.24,10,27,3.49,1400.0,1400.0,,,,0.323
floor5,crop50,map,152,9111,152.002,2.0,960,540,0,,,0,0,,1400.0,1400.0,,,,0.328
floor5,crop50,map,153,9171,153.003,2.0,960,540,0,,,0,0,,1400.0,1400.0,,,,0.333
floor5,crop50,map,154,9231,154.004,2.0,960,540,1,217.35,285.07,11,71,3.049,1400.0,1400.0,,,,0.361
floor5,crop50,map,155,9291,155.005,2.0,960,540,1,215.93,288.39,15,83,3.352,1400.0,1400.0,,,,0.367
floor5,crop50,map,156,9351,156.006,2.0,960,540,1,218.24,288.88,16,86,3.492,1400.0,1400.0,,,,0.352
floor5,crop50,map,157,9411,157.007,2.0,960,540,1,218.56,290.7,15,83,2.76,1400.0,1400.0,,,,0.361
floor5,crop50,map,158,9471,158.008,2.0,960,540,1,211.01,299.09,15,70,1.932,1400.0,1400.0,,,,0.347
floor5,crop50,map,159,9530,158.992,2.0,960,540,1,218.9,295.02,23,79,5.078,1400.0,1400.0,,,,0.361
floor5,crop50,map,160,9590,159.993,2.0,960,540,1,218.82,299.0,25,84,4.742,1400.0,1400.0,,,,0.35
floor5,crop50,map,161,9650,160.994,2.0,960,540,1,217.87,301.28,22,78,4.231,1400.0,1400.0,,,,0.371
floor5,crop50,map,162,9710,161.995,2.0,960,540,1,217.72,306.83,22,82,4.356,1400.0,1400.0,,,,0.385
floor5,crop50,map,163,9770,162.996,2.0,960,540,1,213.15,313.98,24,84,4.267,1400.0,1400.0,,,,0.361
floor5,crop50,map,164,9830,163.997,2.0,960,540,1,213.13,313.92,17,63,1.783,1400.0,1400.0,,,,0.358
floor5,crop50,map,165,9890,164.998,2.0,960,540,1,208.74,321.95,14,67,4.205,1400.0,1400.0,,,,0.368
floor5,crop50,map,166,9950,165.999,2.0,960,540,1,207.43,319.02,15,70,2.807,1400.0,1400.0,,,,0.35
floor5,crop50,map,167,10010,167.0,2.0,960,540,1,211.91,321.9,16,75,4.505,1400.0,1400.0,,,,0.39
floor5,crop50,map,168,10070,168.001,2.0,960,540,1,204.92,333.07,13,76,2.964,1400.0,1400.0,,,,0.375
floor5,crop50,map,169,10130,169.002,2.0,960,540,1,209.71,327.44,13,78,2.759,1400.0,1400.0,,,,0.381
floor5,crop50,map,170,10190,170.003,2.0,960,540,1,211.56,329.02,12,69,4.586,1400.0,1400.0,,,,0.364
floor5,crop50,map,171,10250,171.004,2.0,960,540,1,209.01,332.76,15,75,3.995,1400.0,1400.0,,,,0.329
floor5,crop50,map,172,10310,172.005,2.0,960,540,1,206.78,343.52,12,66,2.824,1400.0,1400.0,,,,0.365
floor5,crop50,map,173,10370,173.006,2.0,960,540,1,209.43,348.01,11,64,1.703,1400.0,1400.0,,,,0.364
floor5,crop50,map,174,10430,174.007,2.0,960,540,1,205.16,350.42,11,70,4.263,1400.0,1400.0,,,,0.359
floor5,crop50,map,175,10490,175.008,2.0,960,540,1,209.65,359.78,13,82,3.924,1400.0,1400.0,,,,0.355
floor5,crop50,map,176,10549,175.992,2.0,960,540,0,,,0,0,,1400.0,1400.0,,,,0.348
floor5,crop50,map,177,10609,176.993,2.0,960,540,1,210.51,358.2,12,77,3.163,1400.0,1400.0,,,,0.349
floor5,crop50,map,178,10669,177.994,2.0,960,540,0,,,0,0,,1400.0,1400.0,,,,0.35
floor5,crop50,map,179,10729,178.995,2.0,960,540,1,209.75,364.46,11,72,2.918,1400.0,1400.0,,,,0.33
floor5,crop50,map,180,10789,179.996,2.0,960,540,0,,,0,0,,1400.0,1400.0,,,,0.324
floor5,crop50,map,181,10849,180.997,2.0,960,540,0,,,0,0,,1400.0,1400.0,,,,0.313
floor5,crop50,map,182,10909,181.998,2.0,960,540,1,211.87,386.96,15,76,2.852,1400.0,1400.0,,,,0.343
floor5,crop50,map,183,10969,182.999,2.0,960,540,1,211.25,388.42,12,76,3.444,1400.0,1400.0,,,,0.367
floor5,crop50,map,184,11029,184.0,2.0,960,540,1,209.9,390.05,13,69,3.523,1400.0,1400.0,,,,0.367
floor5,crop50,map,185,11089,185.001,2.0,960,540,1,209.8,391.81,20,80,4.158,1400.0,1400.0,,,,0.377
floor5,crop50,map,186,11149,186.002,2.0,960,540,1,206.74,393.32,23,81,3.012,1400.0,1400.0,,,,0.383
floor5,crop50,map,187,11209,187.003,2.0,960,540,1,207.36,395.33,21,85,3.924,1400.0,1400.0,,,,0.384
floor5,crop50,map,188,11269,188.004,2.0,960,540,1,207.6,397.23,23,95,3.484,1400.0,1400.0,,,,0.384
floor5,crop50,map,189,11329,189.005,2.0,960,540,1,207.06,398.69,21,105,3.652,1400.0,1400.0,,,,0.378
floor5,crop50,map,190,11389,190.006,2.0,960,540,1,207.44,401.99,23,104,4.397,1400.0,1400.0,,,,0.369
floor5,crop50,map,191,11449,191.007,2.0,960,540,1,206.24,404.98,15,98,3.446,1400.0,1400.0,,,,0.345
floor5,crop50,map,192,11508,191.992,2.0,960,540,1,207.2,405.93,18,96,3.891,1400.0,1400.0,,,,0.373
floor5,crop50,map,193,11568,192.993,2.0,960,540,1,211.67,421.66,14,67,4.082,1400.0,1400.0,,,,0.361
floor5,crop50,map,194,11628,193.994,2.0,960,540,1,212.78,433.83,21,58,3.411,1400.0,1400.0,,,,0.372
floor5,crop50,map,195,11688,194.995,2.0,960,540,1,212.41,436.75,22,74,3.43,1400.0,1400.0,,,,0.389
floor5,crop50,map,196,11748,195.996,2.0,960,540,1,212.49,438.46,23,66,3.495,1400.0,1400.0,,,,0.36
floor5,crop50,map,197,11808,196.997,2.0,960,540,1,213.29,440.78,20,74,3.549,1400.0,1400.0,,,,0.392
floor5,crop50,map,198,11868,197.998,2.0,960,540,1,212.39,442.03,23,85,2.259,1400.0,1400.0,,,,0.388
floor5,crop50,map,199,11928,198.999,2.0,960,540,1,212.91,444.72,18,72,2.871,1400.0,1400.0,,,,0.382
floor5,crop50,map,200,11988,200.0,2.0,960,540,1,213.25,446.36,29,81,3.781,1400.0,1400.0,,,,0.37
floor5,crop50,map,201,12048,201.001,2.0,960,540,1,213.5,448.29,24,69,3.963,1400.0,1400.0,,,,0.363
floor5,crop50,map,202,12108,202.002,2.0,960,540,1,211.99,450.08,27,72,3.295,1400.0,1400.0,,,,0.354
floor5,crop50,map,203,12168,203.003,2.0,960,540,1,208.32,451.45,23,87,3.957,1400.0,1400.0,,,,0.369
floor5,crop50,map,204,12228,204.004,2.0,960,540,1,208.55,450.65,18,77,3.871,1400.0,1400.0,,,,0.376
floor5,crop50,map,205,12288,205.005,2.0,960,540,1,209.89,446.03,16,55,3.611,1400.0,1400.0,,,,0.364
floor5,crop50,map,206,12348,206.006,2.0,960,540,1,207.08,449.7,29,66,3.709,1400.0,1400.0,,,,0.314
floor5,crop50,map,207,12408,207.007,2.0,960,540,1,206.49,448.4,21,57,4.071,1400.0,1400.0,,,,0.335
floor5,crop50,map,208,12468,208.008,2.0,960,540,1,297.22,462.55,15,64,3.523,1400.0,1400.0,,,,0.393
floor5,crop50,map,209,12527,208.992,2.0,960,540,0,,,0,0,,1400.0,1400.0,,,,0.246
floor5,crop50,map,210,12587,209.993,2.0,960,540,0,,,0,0,,1400.0,1400.0,,,,0.278
floor5,crop50,map,211,12647,210.994,2.0,960,540,0,,,0,0,,1400.0,1400.0,,,,0.249
floor5,crop50,map,212,12707,211.995,2.0,960,540,0,,,0,0,,1400.0,1400.0,,,,0.259
floor5,crop50,map,213,12767,212.996,2.0,960,540,1,203.75,428.7,21,62,3.914,1400.0,1400.0,,,,0.311
floor5,crop50,map,214,12827,213.997,2.0,960,540,1,203.62,428.64,21,64,3.052,1400.0,1400.0,,,,0.325
floor5,crop50,map,215,12887,214.998,2.0,960,540,1,210.72,410.81,12,49,2.517,1400.0,1400.0,,,,0.34
floor5,crop50,map,216,12947,215.999,2.0,960,540,1,211.58,410.21,11,46,2.804,1400.0,1400.0,,,,0.354
floor5,crop50,map,217,13007,217.0,2.0,960,540,1,211.58,407.08,12,58,2.602,1400.0,1400.0,,,,0.359
floor5,crop50,map,218,13067,218.001,2.0,960,540,1,211.23,405.86,13,57,2.602,1400.0,1400.0,,,,0.36
floor5,crop50,map,219,13127,219.002,2.0,960,540,1,212.11,403.33,10,53,3.858,1400.0,1400.0,,,,0.35
floor5,crop50,map,220,13187,220.003,2.0,960,540,1,212.16,377.78,12,48,3.193,1400.0,1400.0,,,,0.373
floor5,crop50,map,221,13247,221.004,2.0,960,540,1,209.58,391.99,12,56,2.603,1400.0,1400.0,,,,0.38
floor5,crop50,map,222,13307,222.005,2.0,960,540,1,211.14,389.23,11,42,4.301,1400.0,1400.0,,,,0.351
floor5,crop50,map,223,13367,223.006,2.0,960,540,1,211.76,373.49,11,52,2.138,1400.0,1400.0,,,,0.36
floor5,crop50,map,224,13427,224.007,2.0,960,540,0,,,0,0,,1400.0,1400.0,,,,0.358
floor5,crop50,map,225,13487,225.008,2.0,960,540,0,,,0,0,,1400.0,1400.0,,,,0.357
floor5,crop50,map,226,13546,225.992,2.0,960,540,0,,,0,0,,1400.0,1400.0,,,,0.309
floor5,crop50,map,227,13606,226.993,2.0,960,540,0,,,0,0,,1400.0,1400.0,,,,0.312
floor5,crop50,map,228,13666,227.994,2.0,960,540,1,203.85,352.93,11,35,2.818,1400.0,1400.0,,,,0.33
floor5,crop50,map,229,13726,228.995,2.0,960,540,1,208.73,300.46,11,31,3.317,1400.0,1400.0,,,,0.324
floor5,crop50,map,230,13786,229.996,2.0,960,540,1,210.62,296.31,10,34,3.818,1400.0,1400.0,,,,0.343
floor5,crop50,map,231,13846,230.997,2.0,960,540,1,208.51,294.03,11,41,3.352,1400.0,1400.0,,,,0.345
floor5,crop50,map,232,13906,231.998,2.0,960,540,1,206.58,343.02,10,49,3.05,1400.0,1400.0,,,,0.347
floor5,crop50,map,233,13966,232.999,2.0,960,540,1,203.63,290.46,12,31,4.63,1400.0,1400.0,,,,0.356
floor5,crop50,map,234,14026,234.0,2.0,960,540,1,207.6,289.44,10,29,3.774,1400.0,1400.0,,,,0.348
floor5,crop50,map,235,14086,235.001,2.0,960,540,1,207.07,285.38,11,37,3.118,1400.0,1400.0,,,,0.391
floor5,crop50,map,236,14146,236.002,2.0,960,540,1,203.94,283.65,15,53,4.779,1400.0,1400.0,,,,0.355
floor5,crop50,map,237,14206,237.003,2.0,960,540,0,,,0,0,,1400.0,1400.0,,,,0.354
floor5,crop50,map,238,14266,238.004,2.0,960,540,1,206.4,281.83,10,39,2.878,1400.0,1400.0,,,,0.356
floor5,crop50,map,239,14326,239.005,2.0,960,540,0,,,0,0,,1400.0,1400.0,,,,0.359
floor5,crop50,map,240,14386,240.006,2.0,960,540,1,201.41,274.31,15,55,3.888,1400.0,1400.0,,,,0.372
floor5,crop50,map,241,14446,241.007,2.0,960,540,0,,,0,0,,1400.0,1400.0,,,,0.357
floor5,crop50,map,242,14505,241.992,2.0,960,540,1,199.58,271.06,13,38,3.671,1400.0,1400.0,,,,0.343
floor5,crop50,map,243,14565,242.993,2.0,960,540,1,201.65,267.28,15,53,5.155,1400.0,1400.0,,,,0.353
floor5,crop50,map,244,14625,243.994,2.0,960,540,1,203.79,266.2,17,75,4.5,1400.0,1400.0,,,,0.362
floor5,crop50,map,245,14685,244.995,2.0,960,540,1,205.62,246.68,13,42,3.465,1400.0,1400.0,,,,0.372
floor5,crop50,map,246,14745,245.996,2.0,960,540,1,205.9,260.61,15,53,3.732,1400.0,1400.0,,,,0.362
floor5,crop50,map,247,14805,246.997,2.0,960,540,1,207.12,248.65,13,48,4.628,1400.0,1400.0,,,,0.395
floor5,crop50,map,248,14865,247.998,2.0,960,540,1,206.53,257.63,10,33,3.236,1400.0,1400.0,,,,0.379
floor5,crop50,map,249,14925,248.999,2.0,960,540,1,207.53,240.02,11,39,3.889,1400.0,1400.0,,,,0.388
floor5,crop50,map,250,14985,250.0,2.0,960,540,1,205.69,241.82,14,37,4.984,1400.0,1400.0,,,,0.361
floor5,crop50,map,251,15045,251.001,2.0,960,540,1,206.57,238.57,12,55,3.285,1400.0,1400.0,,,,0.388
floor5,crop50,map,252,15105,252.002,2.0,960,540,1,206.92,236.72,12,49,2.592,1400.0,1400.0,,,,0.389
floor5,crop50,map,253,15165,253.003,2.0,960,540,1,203.85,244.14,14,51,3.854,1400.0,1400.0,,,,0.365
floor5,crop50,map,254,15225,254.004,2.0,960,540,1,207.33,221.98,13,28,3.153,1400.0,1400.0,,,,0.331
floor5,crop50,map,255,15285,255.005,2.0,960,540,1,206.88,219.08,18,41,2.236,1400.0,1400.0,,,,0.315
floor5,crop50,map,256,15345,256.006,2.0,960,540,1,206.04,217.46,16,38,3.319,1400.0,1400.0,,,,0.321
floor5,crop50,map,257,15405,257.007,2.0,960,540,1,202.18,235.44,12,36,3.17,1400.0,1400.0,,,,0.343
floor5,crop50,map,258,15465,258.008,2.0,960,540,1,202.47,232.75,20,57,3.889,1400.0,1400.0,,,,0.337
floor5,crop50,map,259,15524,258.992,2.0,960,540,1,201.86,230.47,19,73,3.346,1400.0,1400.0,,,,0.339
floor5,crop50,map,260,15584,259.993,2.0,960,540,1,206.77,217.97,13,65,3.329,1400.0,1400.0,,,,0.358
floor5,crop50,map,261,15644,260.994,2.0,960,540,1,207.32,208.68,12,77,2.652,1400.0,1400.0,,,,0.356
floor5,crop50,map,262,15704,261.995,2.0,960,540,1,209.46,213.07,13,64,3.558,1400.0,1400.0,,,,0.359
floor5,crop50,map,263,15764,262.996,2.0,960,540,0,,,0,0,,1400.0,1400.0,,,,0.362
floor5,crop50,map,264,15824,263.997,2.0,960,540,0,,,0,0,,1400.0,1400.0,,,,0.297
floor5,crop50,map,265,15884,264.998,2.0,960,540,1,223.66,230.71,30,43,3.131,1400.0,1400.0,,,,0.267
floor5,crop50,map,266,15944,265.999,2.0,960,540,0,,,0,0,,1400.0,1400.0,,,,0.266
floor5,crop50,map,267,16004,267.0,2.0,960,540,0,,,0,0,,1400.0,1400.0,,,,0.304
floor5,crop50,map,268,16064,268.001,2.0,960,540,0,,,0,0,,1400.0,1400.0,,,,0.333
floor5,crop50,map,269,16124,269.002,2.0,960,540,0,,,0,0,,1400.0,1400.0,,,,0.355
floor5,crop50,map,270,16184,270.003,2.0,960,540,1,284.9,224.96,15,56,3.777,1400.0,1400.0,,,,0.383
floor5,crop50,map,271,16244,271.004,2.0,960,540,1,267.26,238.95,16,67,3.461,1400.0,1400.0,,,,0.357
floor5,crop50,map,272,16304,272.005,2.0,960,540,1,268.73,241.48,20,83,4.516,1400.0,1400.0,,,,0.358
floor5,crop50,map,273,16364,273.006,2.0,960,540,1,270.35,242.37,28,54,3.257,1400.0,1400.0,,,,0.323
floor5,crop50,map,274,16424,274.007,2.0,960,540,1,273.96,239.33,30,57,3.97,1400.0,1400.0,,,,0.271
floor5,crop50,map,275,16484,275.008,2.0,960,540,1,274.94,243.24,22,51,3.739,1400.0,1400.0,,,,0.31
floor5,crop50,map,276,16543,275.992,2.0,960,540,1,279.27,241.22,19,71,2.081,1400.0,1400.0,,,,0.347
floor5,crop50,map,277,16603,276.993,2.0,960,540,1,279.26,241.86,14,59,4.396,1400.0,1400.0,,,,0.359
floor5,crop50,map,278,16663,277.994,2.0,960,540,1,307.12,239.79,11,61,2.586,1400.0,1400.0,,,,0.365
floor5,crop50,map,279,16723,278.995,2.0,960,540,1,284.82,243.28,14,41,4.594,1400.0,1400.0,,,,0.331
floor5,crop50,map,280,16783,279.996,2.0,960,540,1,288.29,244.91,16,46,3.897,1400.0,1400.0,,,,0.301
floor5,crop50,map,281,16843,280.997,2.0,960,540,1,290.28,246.88,24,44,4.07,1400.0,1400.0,,,,0.245
floor5,crop50,map,282,16903,281.998,2.0,960,540,1,292.05,246.81,18,50,3.999,1400.0,1400.0,,,,0.264
floor5,crop50,map,283,16963,282.999,2.0,960,540,1,293.82,256.91,10,30,3.207,1400.0,1400.0,,,,0.318
floor5,crop50,map,284,17023,284.0,2.0,960,540,1,294.55,281.77,10,59,3.261,1400.0,1400.0,,,,0.333
floor5,crop50,map,285,17083,285.001,2.0,960,540,1,292.14,289.86,10,61,3.343,1400.0,1400.0,,,,0.336
floor5,crop50,map,286,17143,286.002,2.0,960,540,0,,,0,0,,1400.0,1400.0,,,,0.326
floor5,crop50,map,287,17203,287.003,2.0,960,540,0,,,0,0,,1400.0,1400.0,,,,0.343
floor5,crop50,map,288,17263,288.004,2.0,960,540,0,,,0,0,,1400.0,1400.0,,,,0.338
floor5,crop50,map,289,17323,289.005,2.0,960,540,0,,,0,0,,1400.0,1400.0,,,,0.341
floor5,crop50,map,290,17383,290.006,2.0,960,540,1,293.58,302.22,12,77,3.241,1400.0,1400.0,,,,0.343
floor5,crop50,map,291,17443,291.007,2.0,960,540,0,,,0,0,,1400.0,1400.0,,,,0.347
floor5,crop50,map,292,17502,291.992,2.0,960,540,1,292.22,312.9,12,78,4.127,1400.0,1400.0,,,,0.362
floor5,crop50,map,293,17562,292.993,2.0,960,540,1,295.28,315.46,15,98,3.235,1400.0,1400.0,,,,0.368
floor5,crop50,map,294,17622,293.994,2.0,960,540,1,291.14,327.78,17,76,4.682,1400.0,1400.0,,,,0.366
floor5,crop50,map,295,17682,294.995,2.0,960,540,1,297.36,330.37,17,91,3.095,1400.0,1400.0,,,,0.363
floor5,crop50,map,296,17742,295.996,2.0,960,540,1,297.48,332.95,16,86,3.266,1400.0,1400.0,,,,0.364
floor5,crop50,map,297,17802,296.997,2.0,960,540,1,294.77,335.62,14,89,3.61,1400.0,1400.0,,,,0.357
floor5,crop50,map,298,17862,297.998,2.0,960,540,1,293.71,374.93,13,44,4.407,1400.0,1400.0,,,,0.346
floor5,crop50,map,299,17922,298.999,2.0,960,540,0,,,0,0,,1400.0,1400.0,,,,0.369
floor5,crop50,map,300,17982,300.0,2.0,960,540,0,,,0,0,,1400.0,1400.0,,,,0.349
floor5,crop50,map,301,18042,301.001,2.0,960,540,0,,,0,0,,1400.0,1400.0,,,,0.356
floor5,crop50,map,302,18102,302.002,2.0,960,540,0,,,0,0,,1400.0,1400.0,,,,0.354
floor5,crop50,map,303,18162,303.003,2.0,960,540,1,297.2,391.58,11,44,2.447,1400.0,1400.0,,,,0.348
floor5,crop50,map,304,18222,304.004,2.0,960,540,1,297.37,394.05,12,61,1.824,1400.0,1400.0,,,,0.352
floor5,crop50,map,305,18282,305.005,2.0,960,540,1,292.8,374.76,10,51,3.473,1400.0,1400.0,,,,0.351
floor5,crop50,map,306,18342,306.006,2.0,960,540,1,297.03,399.02,12,52,2.566,1400.0,1400.0,,,,0.345
floor5,crop50,map,307,18402,307.007,2.0,960,540,1,295.64,374.43,11,66,2.628,1400.0,1400.0,,,,0.353
floor5,crop50,map,308,18462,308.008,2.0,960,540,1,296.75,401.74,10,66,4.145,1400.0,1400.0,,,,0.343
floor5,crop50,map,309,18521,308.992,2.0,960,540,1,297.74,402.84,19,63,3.393,1400.0,1400.0,,,,0.334
floor5,crop50,map,310,18581,309.993,2.0,960,540,1,297.39,381.17,10,65,2.484,1400.0,1400.0,,,,0.331
floor5,crop50,map,311,18641,310.994,2.0,960,540,1,296.41,407.91,10,50,4.909,1400.0,1400.0,,,,0.358
floor5,crop50,map,312,18701,311.995,2.0,960,540,1,296.91,409.41,14,60,4.243,1400.0,1400.0,,,,0.364
floor5,crop50,map,313,18761,312.996,2.0,960,540,1,296.84,414.79,15,77,3.72,1400.0,1400.0,,,,0.368
floor5,crop50,map,314,18821,313.997,2.0,960,540,1,298.25,415.46,15,59,2.787,1400.0,1400.0,,,,0.36
floor5,crop50,map,315,18881,314.998,2.0,960,540,1,296.13,436.85,15,49,3.613,1400.0,1400.0,,,,0.349
floor5,crop50,map,316,18941,315.999,2.0,960,540,1,298.14,422.04,16,71,2.952,1400.0,1400.0,,,,0.367
floor5,crop50,map,317,19001,317.0,2.0,960,540,1,299.78,442.76,17,73,4.975,1400.0,1400.0,,,,0.38
floor5,crop50,map,318,19061,318.001,2.0,960,540,1,299.75,443.98,17,69,4.759,1400.0,1400.0,,,,0.379
floor5,crop50,map,319,19121,319.002,2.0,960,540,1,301.56,447.02,19,57,3.997,1400.0,1400.0,,,,0.341
floor5,crop50,map,320,19181,320.003,2.0,960,540,1,298.25,449.19,17,56,3.557,1400.0,1400.0,,,,0.358
floor5,crop50,map,321,19241,321.004,2.0,960,540,1,298.0,450.63,22,46,3.481,1400.0,1400.0,,,,0.296
floor5,crop50,map,322,19301,322.005,2.0,960,540,1,298.07,452.29,20,36,3.056,1400.0,1400.0,,,,0.28
floor5,crop50,map,323,19361,323.006,2.0,960,540,1,298.14,454.67,22,40,3.029,1400.0,1400.0,,,,0.274
floor5,crop50,map,324,19421,324.007,2.0,960,540,1,298.09,457.31,17,45,3.748,1400.0,1400.0,,,,0.314
floor5,crop50,map,325,19481,325.008,2.0,960,540,1,299.36,459.14,17,41,3.248,1400.0,1400.0,,,,0.297
floor5,crop50,map,326,19540,325.992,2.0,960,540,1,298.52,461.27,13,35,3.226,1400.0,1400.0,,,,0.329
floor5,crop50,map,327,19600,326.993,2.0,960,540,1,297.59,463.79,14,43,4.299,1400.0,1400.0,,,,0.354
floor5,crop50,map,328,19660,327.994,2.0,960,540,1,296.11,464.88,10,24,4.759,1400.0,1400.0,,,,0.34
floor5,crop50,map,329,19720,328.995,2.0,960,540,0,,,0,0,,1400.0,1400.0,,,,0.304
floor5,crop50,map,330,19780,329.996,2.0,960,540,0,,,0,0,,1400.0,1400.0,,,,0.319
floor5,crop50,map,331,19840,330.997,2.0,960,540,0,,,0,0,,1400.0,1400.0,,,,0.261
floor5,crop50,selfcal,0,0,0.0,2.0,960,540,1,293.83,460.91,129,155,5.021,1400.0,1400.0,estimating,1400.0,0,0.238
floor5,crop50,selfcal,1,60,1.001,2.0,960,540,1,294.14,461.11,118,152,4.604,1400.0,1400.0,estimating,3121.7,1,0.229
floor5,crop50,selfcal,2,120,2.002,2.0,960,540,1,287.09,458.76,68,95,5.038,3121.7,3121.7,estimating,3121.7,2,0.233
floor5,crop50,selfcal,3,180,3.003,2.0,960,540,1,287.94,458.61,10,23,3.588,3121.7,3121.7,estimating,3121.7,3,0.309
floor5,crop50,selfcal,4,240,4.004,2.0,960,540,0,,,0,0,,3121.7,3121.7,estimating,3121.7,3,0.298
floor5,crop50,selfcal,5,300,5.005,2.0,960,540,1,290.3,464.22,41,61,3.628,3121.7,3121.7,estimating,3121.7,3,0.256
floor5,crop50,selfcal,6,360,6.006,2.0,960,540,1,292.13,465.07,113,139,3.44,3121.7,3121.7,estimating,3087.4,4,0.254
floor5,crop50,selfcal,7,420,7.007,2.0,960,540,1,294.52,464.72,13,29,2.676,3087.4,3087.4,estimating,3087.4,5,0.284
floor5,crop50,selfcal,8,480,8.008,2.0,960,540,1,294.43,464.09,27,59,3.429,3087.4,3087.4,estimating,3043.3,6,0.273
floor5,crop50,selfcal,9,539,8.992,2.0,960,540,1,295.88,461.56,25,45,4.311,3043.3,3043.3,estimating,2993.1,7,0.283
floor5,crop50,selfcal,10,599,9.993,2.0,960,540,1,295.67,457.24,25,48,3.603,2993.1,2993.1,estimating,2951.6,8,0.28
floor5,crop50,selfcal,11,659,10.994,2.0,960,540,1,295.65,453.4,25,42,3.264,2951.6,2951.6,estimating,2918.4,9,0.278
floor5,crop50,selfcal,12,719,11.995,2.0,960,540,1,295.48,450.3,26,49,4.13,2918.4,2918.4,estimating,2891.8,10,0.276
floor5,crop50,selfcal,13,779,12.996,2.0,960,540,1,294.64,444.31,31,58,3.634,2891.8,2891.8,estimating,2873.5,11,0.277
floor5,crop50,selfcal,14,839,13.997,2.0,960,540,1,294.77,440.41,36,57,4.345,2873.5,2873.5,estimating,2858.8,12,0.278
floor5,crop50,selfcal,15,899,14.998,2.0,960,540,1,294.59,436.17,19,23,2.876,2858.8,2858.8,estimating,2848.9,13,0.271
floor5,crop50,selfcal,16,959,15.999,2.0,960,540,1,295.38,431.63,22,30,3.406,2848.9,2848.9,estimating,2839.2,14,0.265
floor5,crop50,selfcal,17,1019,17.0,2.0,960,540,1,295.88,426.34,25,37,2.365,2839.2,2839.2,estimating,2831.3,15,0.266
floor5,crop50,selfcal,18,1079,18.001,2.0,960,540,1,296.21,421.49,32,41,2.485,2831.3,2831.3,estimating,2826.9,16,0.262
floor5,crop50,selfcal,19,1139,19.002,2.0,960,540,1,296.48,417.01,38,45,3.23,2826.9,2826.9,estimating,2823.5,17,0.259
floor5,crop50,selfcal,20,1199,20.003,2.0,960,540,1,296.54,412.05,38,53,4.527,2823.5,2823.5,estimating,2820.4,18,0.26
floor5,crop50,selfcal,21,1259,21.004,2.0,960,540,1,296.11,406.71,43,52,3.931,2820.4,2820.4,estimating,2817.9,19,0.264
floor5,crop50,selfcal,22,1319,22.005,2.0,960,540,1,295.84,401.54,45,53,3.676,2817.9,2817.9,estimating,2816.3,20,0.257
floor5,crop50,selfcal,23,1379,23.006,2.0,960,540,1,295.77,396.73,68,84,3.225,2816.3,2816.3,estimating,2814.6,21,0.269
floor5,crop50,selfcal,24,1439,24.007,2.0,960,540,1,295.8,392.06,89,106,2.98,2814.6,2814.6,estimating,2814.6,22,0.268
floor5,crop50,selfcal,25,1499,25.008,2.0,960,540,1,295.42,387.07,99,123,3.01,2814.6,2814.6,estimating,2816.2,23,0.276
floor5,crop50,selfcal,26,1558,25.993,2.0,960,540,1,295.21,382.16,106,125,3.597,2816.2,2816.2,estimating,2816.2,24,0.287
floor5,crop50,selfcal,27,1618,26.994,2.0,960,540,1,295.39,377.44,96,129,3.549,2816.2,2816.2,estimating,2817.4,25,0.272
floor5,crop50,selfcal,28,1678,27.995,2.0,960,540,1,295.32,372.24,68,90,4.52,2817.4,2817.4,estimating,2823.0,26,0.269
floor5,crop50,selfcal,29,1738,28.996,2.0,960,540,1,295.06,367.55,54,82,4.278,2823.0,2823.0,estimating,2826.0,27,0.278
floor5,crop50,selfcal,30,1798,29.997,2.0,960,540,1,294.58,362.75,50,80,4.361,2826.0,2826.0,estimating,2823.9,28,0.278
floor5,crop50,selfcal,31,1858,30.998,2.0,960,540,1,294.31,357.72,48,79,4.006,2823.9,2823.9,estimating,2822.3,29,0.267
floor5,crop50,selfcal,32,1918,31.999,2.0,960,540,1,294.36,352.78,62,86,3.944,2822.3,2822.3,estimating,2820.8,30,0.263
floor5,crop50,selfcal,33,1978,33.0,2.0,960,540,1,294.23,347.36,56,73,3.623,2820.8,2820.8,estimating,2819.7,31,0.253
floor5,crop50,selfcal,34,2038,34.001,2.0,960,540,1,293.6,342.51,61,74,3.767,2819.7,2819.7,estimating,2823.0,32,0.29
floor5,crop50,selfcal,35,2098,35.002,2.0,960,540,1,293.11,337.16,53,77,3.971,2823.0,2823.0,estimating,2820.8,33,0.328
floor5,crop50,selfcal,36,2158,36.003,2.0,960,540,1,292.82,331.99,53,74,3.999,2820.8,2820.8,estimating,2817.8,34,0.326
floor5,crop50,selfcal,37,2218,37.004,2.0,960,540,1,292.61,326.65,64,98,5.159,2817.8,2817.8,estimating,2815.3,35,0.311
floor5,crop50,selfcal,38,2278,38.005,2.0,960,540,1,292.12,321.96,50,97,5.085,2815.3,2815.3,estimating,2810.1,36,0.337
floor5,crop50,selfcal,39,2338,39.006,2.0,960,540,1,291.9,316.42,42,85,4.237,2810.1,2810.1,estimating,2801.9,37,0.325
floor5,crop50,selfcal,40,2398,40.007,2.0,960,540,1,292.14,311.06,34,63,4.22,2801.9,2801.9,estimating,2799.8,38,0.354
floor5,crop50,selfcal,41,2458,41.008,2.0,960,540,1,292.08,305.55,74,103,4.765,2799.8,2799.8,estimating,2795.2,39,0.301
floor5,crop50,selfcal,42,2517,41.992,2.0,960,540,1,292.19,300.63,57,88,3.608,2795.2,2795.2,estimating,2791.5,40,0.335
floor5,crop50,selfcal,43,2577,42.993,2.0,960,540,1,292.05,295.37,58,81,3.472,2791.5,2791.5,estimating,2787.0,41,0.353
floor5,crop50,selfcal,44,2637,43.994,2.0,960,540,1,292.11,290.19,57,87,3.208,2787.0,2787.0,estimating,2781.5,42,0.326
floor5,crop50,selfcal,45,2697,44.995,2.0,960,540,1,292.22,284.98,52,75,3.629,2781.5,2781.5,estimating,2779.5,43,0.307
floor5,crop50,selfcal,46,2757,45.996,2.0,960,540,1,292.29,280.08,69,96,4.082,2779.5,2779.5,estimating,2782.3,44,0.322
floor5,crop50,selfcal,47,2817,46.997,2.0,960,540,1,292.08,275.13,55,94,4.023,2782.3,2782.3,estimating,2784.6,45,0.322
floor5,crop50,selfcal,48,2877,47.998,2.0,960,540,1,291.75,270.27,65,92,3.713,2784.6,2784.6,estimating,2784.6,46,0.306
floor5,crop50,selfcal,49,2937,48.999,2.0,960,540,1,291.55,265.26,61,94,4.041,2784.6,2784.6,estimating,2786.0,47,0.351
floor5,crop50,selfcal,50,2997,50.0,2.0,960,540,1,291.44,260.06,55,84,3.918,2786.0,2786.0,estimating,2784.8,48,0.328
floor5,crop50,selfcal,51,3057,51.001,2.0,960,540,1,291.29,255.31,54,86,4.772,2784.8,2784.8,estimating,2784.8,49,0.322
floor5,crop50,selfcal,52,3117,52.002,2.0,960,540,1,290.68,250.55,59,100,4.521,2784.8,2784.8,estimating,2786.2,50,0.316
floor5,crop50,selfcal,53,3177,53.003,2.0,960,540,1,290.28,245.68,51,88,3.544,2786.2,2786.2,estimating,2785.0,51,0.29
floor5,crop50,selfcal,54,3237,54.004,2.0,960,540,1,289.23,240.91,32,51,3.238,2785.0,2785.0,estimating,2782.6,52,0.267
floor5,crop50,selfcal,55,3297,55.005,2.0,960,540,1,287.19,236.53,21,44,4.053,2782.6,2782.6,estimating,2781.6,53,0.284
floor5,crop50,selfcal,56,3357,56.006,2.0,960,540,1,284.38,233.16,16,31,4.399,2781.6,2781.6,estimating,2781.6,54,0.292
floor5,crop50,selfcal,57,3417,57.007,2.0,960,540,1,279.72,232.23,56,87,2.712,2781.6,2781.6,estimating,2783.0,55,0.317
floor5,crop50,selfcal,58,3477,58.008,2.0,960,540,1,276.14,229.02,45,67,2.756,2783.0,2783.0,estimating,2784.1,55,0.312
floor5,crop50,selfcal,59,3536,58.992,2.0,960,540,1,271.67,228.42,30,51,2.902,2784.1,2784.1,estimating,2784.1,56,0.288
floor5,crop50,selfcal,60,3596,59.993,2.0,960,540,1,266.71,227.52,30,54,3.266,2784.1,2784.1,estimating,2784.1,57,0.325
floor5,crop50,selfcal,61,3656,60.994,2.0,960,540,1,261.7,227.0,57,73,2.897,2784.1,2784.1,estimating,2784.1,58,0.313
floor5,crop50,selfcal,62,3716,61.995,2.0,960,540,1,257.07,226.42,79,103,2.911,2784.1,2784.1,estimating,2788.6,59,0.302
floor5,crop50,selfcal,63,3776,62.996,2.0,960,540,1,252.73,225.82,62,75,3.043,2788.6,2788.6,estimating,2792.4,60,0.326
floor5,crop50,selfcal,64,3836,63.997,2.0,960,540,1,248.78,225.18,82,104,3.571,2792.4,2792.4,estimating,2795.3,61,0.311
floor5,crop50,selfcal,65,3896,64.998,2.0,960,540,1,244.46,224.55,73,96,3.146,2795.3,2795.3,estimating,2797.6,62,0.322
floor5,crop50,selfcal,66,3956,65.999,2.0,960,540,1,239.85,223.81,58,65,3.248,2797.6,2797.6,estimating,2799.5,63,0.346
floor5,crop50,selfcal,67,4016,67.0,2.0,960,540,1,235.14,223.33,53,67,3.181,2799.5,2799.5,estimating,2801.8,64,0.313
floor5,crop50,selfcal,68,4076,68.001,2.0,960,540,1,230.69,222.6,49,57,3.139,2801.8,2801.8,estimating,2803.6,65,0.295
floor5,crop50,selfcal,69,4136,69.002,2.0,960,540,1,226.17,221.68,46,64,3.718,2803.6,2803.6,estimating,2803.6,66,0.287
floor5,crop50,selfcal,70,4196,70.003,2.0,960,540,1,221.55,220.94,38,56,2.68,2803.6,2803.6,estimating,2805.0,67,0.277
floor5,crop50,selfcal,71,4256,71.004,2.0,960,540,1,217.49,220.84,39,51,3.576,2805.0,2805.0,estimating,2806.2,68,0.271
floor5,crop50,selfcal,72,4316,72.005,2.0,960,540,1,213.8,220.73,24,34,4.327,2806.2,2806.2,estimating,2808.9,69,0.245
floor5,crop50,selfcal,73,4376,73.006,2.0,960,540,1,210.66,219.88,10,17,2.626,2808.9,2808.9,estimating,2811.0,70,0.263
floor5,crop50,selfcal,74,4436,74.007,2.0,960,540,0,,,0,0,,2811.0,2811.0,estimating,2815.3,71,0.256
floor5,crop50,selfcal,75,4496,75.008,2.0,960,540,0,,,0,0,,2815.3,2815.3,estimating,2818.7,71,0.219
floor5,crop50,selfcal,76,4555,75.993,2.0,960,540,0,,,0,0,,2818.7,2818.7,estimating,2821.5,71,0.233
floor5,crop50,selfcal,77,4615,76.994,2.0,960,540,1,207.81,196.09,31,67,3.901,2821.5,2821.5,estimating,2823.7,71,0.271
floor5,crop50,selfcal,78,4675,77.995,2.0,960,540,1,207.98,191.99,37,78,3.72,2823.7,2823.7,estimating,2824.8,72,0.27
floor5,crop50,selfcal,79,4735,78.996,2.0,960,540,1,207.66,188.57,47,80,3.834,2824.8,2824.8,estimating,2824.8,73,0.244
floor5,crop50,selfcal,80,4795,79.997,2.0,960,540,1,206.73,184.22,39,52,3.413,2824.8,2824.8,estimating,2822.5,74,0.239
floor5,crop50,selfcal,81,4855,80.998,2.0,960,540,1,205.89,180.59,61,87,3.701,2822.5,2822.5,estimating,2817.4,75,0.238
floor5,crop50,selfcal,82,4915,81.999,2.0,960,540,1,205.03,176.77,54,81,4.486,2817.4,2817.4,estimating,2818.9,76,0.241
floor5,crop50,selfcal,83,4975,83.0,2.0,960,540,1,204.03,172.74,52,72,3.567,2818.9,2818.9,estimating,2817.6,77,0.241
floor5,crop50,selfcal,84,5035,84.001,2.0,960,540,1,203.28,168.61,59,72,4.73,2817.6,2817.6,estimating,2816.5,78,0.236
floor5,crop50,selfcal,85,5095,85.002,2.0,960,540,1,202.85,164.16,53,67,3.649,2816.5,2816.5,estimating,2813.1,79,0.23
floor5,crop50,selfcal,86,5155,86.003,2.0,960,540,1,202.85,159.71,60,72,3.838,2813.1,2813.1,estimating,2813.1,80,0.232
floor5,crop50,selfcal,87,5215,87.004,2.0,960,540,1,202.9,155.81,67,81,3.601,2813.1,2813.1,estimating,2814.4,81,0.234
floor5,crop50,selfcal,88,5275,88.005,2.0,960,540,1,203.02,151.69,70,86,3.982,2814.4,2814.4,estimating,2815.5,82,0.258
floor5,crop50,selfcal,89,5335,89.006,2.0,960,540,1,203.14,147.35,74,96,3.594,2815.5,2815.5,estimating,2816.5,83,0.236
floor5,crop50,selfcal,90,5395,90.007,2.0,960,540,1,203.13,142.83,75,108,3.452,2816.5,2816.5,estimating,2816.5,84,0.243
floor5,crop50,selfcal,91,5455,91.008,2.0,960,540,1,202.97,138.17,72,106,4.456,2816.5,2816.5,estimating,2819.8,85,0.246
floor5,crop50,selfcal,92,5514,91.992,2.0,960,540,1,202.94,134.09,69,96,3.622,2819.8,2819.8,estimating,2822.4,86,0.248
floor5,crop50,selfcal,93,5574,92.993,2.0,960,540,1,202.83,129.65,53,61,3.206,2822.4,2822.4,estimating,2824.5,87,0.25
floor5,crop50,selfcal,94,5634,93.994,2.0,960,540,1,202.84,125.32,75,95,3.811,2824.5,2824.5,estimating,2826.2,88,0.241
floor5,crop50,selfcal,95,5694,94.995,2.0,960,540,1,202.98,121.1,60,82,2.902,2826.2,2826.2,estimating,2833.7,89,0.243
floor5,crop50,selfcal,96,5754,95.996,2.0,960,540,1,203.22,116.6,50,63,3.051,2833.7,2833.7,estimating,2839.7,90,0.241
floor5,crop50,selfcal,97,5814,96.997,2.0,960,540,1,203.63,112.5,53,72,3.301,2839.7,2839.7,estimating,2837.8,91,0.251
floor5,crop50,selfcal,98,5874,97.998,2.0,960,540,1,203.39,108.27,44,72,2.795,2837.8,2837.8,estimating,2833.6,92,0.262
floor5,crop50,selfcal,99,5934,98.999,2.0,960,540,1,203.14,103.95,80,97,3.25,2833.6,2833.6,estimating,2829.2,93,0.269
floor5,crop50,selfcal,100,5994,100.0,2.0,960,540,1,203.09,99.49,63,80,4.233,2829.2,2829.2,estimating,2823.5,94,0.269
floor5,crop50,selfcal,101,6054,101.001,2.0,960,540,1,203.41,95.22,49,75,3.577,2823.5,2823.5,estimating,2820.1,95,0.249
floor5,crop50,selfcal,102,6114,102.002,2.0,960,540,1,203.53,90.72,54,76,3.069,2820.1,2820.1,estimating,2812.5,96,0.253
floor5,crop50,selfcal,103,6174,103.003,2.0,960,540,1,203.34,86.58,57,78,2.845,2812.5,2812.5,estimating,2805.3,97,0.242
floor5,crop50,selfcal,104,6234,104.004,2.0,960,540,1,202.71,82.23,59,81,2.829,2805.3,2805.3,estimating,2801.8,98,0.247
floor5,crop50,selfcal,105,6294,105.005,2.0,960,540,1,202.54,78.03,40,48,3.786,2801.8,2801.8,estimating,2801.8,99,0.255
floor5,crop50,selfcal,106,6354,106.006,2.0,960,540,1,203.87,77.1,41,56,3.635,2801.8,2801.8,estimating,2801.8,100,0.259
floor5,crop50,selfcal,107,6414,107.007,2.0,960,540,1,203.65,72.99,35,50,4.29,2801.8,2801.8,estimating,2805.1,101,0.26
floor5,crop50,selfcal,108,6474,108.008,2.0,960,540,1,203.28,69.25,32,48,3.676,2805.1,2805.1,estimating,2811.2,102,0.263
floor5,crop50,selfcal,109,6533,108.992,2.0,960,540,1,202.9,65.66,25,37,3.085,2811.2,2811.2,estimating,2812.9,103,0.255
floor5,crop50,selfcal,110,6593,109.993,2.0,960,540,1,202.66,61.83,19,26,3.114,2812.9,2812.9,estimating,2814.2,104,0.26
floor5,crop50,selfcal,111,6653,110.994,2.0,960,540,1,202.56,57.69,16,24,3.047,2814.2,2814.2,estimating,2819.1,105,0.266
floor5,crop50,selfcal,112,6713,111.995,2.0,960,540,1,202.08,54.69,19,38,4.776,2819.1,2819.1,estimating,2819.1,106,0.273
floor5,crop50,selfcal,113,6773,112.996,2.0,960,540,1,201.6,51.72,15,34,3.99,2819.1,2819.1,estimating,2819.1,107,0.304
floor5,crop50,selfcal,114,6833,113.997,2.0,960,540,1,202.06,49.41,15,36,3.083,2819.1,2819.1,estimating,2819.1,108,0.305
floor5,crop50,selfcal,115,6893,114.998,2.0,960,540,0,,,0,0,,2819.1,2819.1,estimating,2822.9,109,0.316
floor5,crop50,selfcal,116,6953,115.999,2.0,960,540,0,,,0,0,,2822.9,2822.9,estimating,2825.9,109,0.295
floor5,crop50,selfcal,117,7013,117.0,2.0,960,540,1,206.9,44.61,19,35,3.682,2825.9,2825.9,estimating,2828.3,109,0.298
floor5,crop50,selfcal,118,7073,118.001,2.0,960,540,1,209.68,47.41,26,42,3.264,2828.3,2828.3,estimating,2830.2,110,0.28
floor5,crop50,selfcal,119,7133,119.002,2.0,960,540,1,210.62,50.38,48,68,4.169,2830.2,2830.2,estimating,2845.3,111,0.264
floor5,crop50,selfcal,120,7193,120.003,2.0,960,540,1,210.85,54.36,51,73,3.52,2845.3,2845.3,estimating,2857.4,112,0.257
floor5,crop50,selfcal,121,7253,121.004,2.0,960,540,1,210.57,58.43,49,78,3.521,2857.4,2857.4,estimating,2855.3,113,0.257
floor5,crop50,selfcal,122,7313,122.005,2.0,960,540,1,210.19,62.57,47,71,4.195,2855.3,2855.3,estimating,2853.7,114,0.265
floor5,crop50,selfcal,123,7373,123.006,2.0,960,540,1,210.16,66.6,51,73,4.805,2853.7,2853.7,estimating,2849.2,115,0.253
floor5,crop50,selfcal,124,7433,124.007,2.0,960,540,1,210.01,70.72,47,61,3.142,2849.2,2849.2,estimating,2846.5,116,0.243
floor5,crop50,selfcal,125,7493,125.008,2.0,960,540,1,209.9,75.26,50,67,3.313,2846.5,2846.5,estimating,2843.2,117,0.239
floor5,crop50,selfcal,126,7552,125.993,2.0,960,540,1,209.82,79.64,48,62,3.298,2843.2,2843.2,estimating,2839.2,118,0.244
floor5,crop50,selfcal,127,7612,126.994,2.0,960,540,1,209.6,84.14,54,76,3.712,2839.2,2839.2,estimating,2835.4,119,0.248
floor5,crop50,selfcal,128,7672,127.995,2.0,960,540,1,209.69,88.71,56,72,4.177,2835.4,2835.4,estimating,2832.7,120,0.247
floor5,crop50,selfcal,129,7732,128.996,2.0,960,540,1,209.67,93.3,65,83,3.574,2832.7,2832.7,estimating,2830.6,121,0.246
floor5,crop50,selfcal,130,7792,129.997,2.0,960,540,1,209.45,96.74,89,116,3.864,2830.6,2830.6,estimating,2828.1,122,0.257
floor5,crop50,selfcal,131,7852,130.998,2.0,960,540,1,209.18,102.71,93,126,3.445,2828.1,2828.1,estimating,2826.9,123,0.253
floor5,crop50,selfcal,132,7912,131.999,2.0,960,540,1,208.97,108.7,91,115,3.538,2826.9,2826.9,estimating,2828.0,124,0.249
floor5,crop50,selfcal,133,7972,133.0,2.0,960,540,1,208.66,114.63,79,107,3.672,2828.0,2828.0,estimating,2828.0,125,0.256
floor5,crop50,selfcal,134,8032,134.001,2.0,960,540,1,208.71,120.39,64,93,3.96,2828.0,2828.0,estimating,2832.6,126,0.26
floor5,crop50,selfcal,135,8092,135.002,2.0,960,540,1,208.85,126.07,46,75,3.439,2832.6,2832.6,estimating,2836.2,127,0.254
floor5,crop50,selfcal,136,8152,136.003,2.0,960,540,1,209.15,131.2,41,69,4.638,2836.2,2836.2,estimating,2839.2,128,0.25
floor5,crop50,selfcal,137,8212,137.004,2.0,960,540,1,209.24,137.12,42,69,3.486,2839.2,2839.2,estimating,2839.2,129,0.252
floor5,crop50,selfcal,138,8272,138.005,2.0,960,540,1,209.01,142.5,46,63,3.781,2839.2,2839.2,estimating,2839.2,130,0.269
floor5,crop50,selfcal,139,8332,139.006,2.0,960,540,1,209.05,147.76,52,76,4.585,2839.2,2839.2,estimating,2839.2,131,0.259
floor5,crop50,selfcal,140,8392,140.007,2.0,960,540,1,209.12,152.94,55,77,3.957,2839.2,2839.2,estimating,2836.4,132,0.262
floor5,crop50,selfcal,141,8452,141.008,2.0,960,540,1,208.95,158.32,47,62,3.756,2836.4,2836.4,estimating,2836.4,133,0.256
floor5,crop50,selfcal,142,8511,141.992,2.0,960,540,1,209.05,164.09,54,73,4.76,2836.4,2836.4,estimating,2836.4,134,0.268
floor5,crop50,selfcal,143,8571,142.993,2.0,960,540,1,209.11,169.27,41,53,3.121,2836.4,2836.4,estimating,2836.4,135,0.273
floor5,crop50,selfcal,144,8631,143.994,2.0,960,540,1,209.01,174.57,69,84,3.987,2836.4,2836.4,estimating,2834.0,136,0.264
floor5,crop50,selfcal,145,8691,144.995,2.0,960,540,1,209.02,180.14,53,78,4.426,2834.0,2834.0,estimating,2834.0,137,0.264
floor5,crop50,selfcal,146,8751,145.996,2.0,960,540,1,209.22,185.51,34,51,4.127,2834.0,2834.0,estimating,2834.0,138,0.262
floor5,crop50,selfcal,147,8811,146.997,2.0,960,540,1,209.31,190.73,50,65,3.957,2834.0,2834.0,estimating,2834.0,139,0.26
floor5,crop50,selfcal,148,8871,147.998,2.0,960,540,1,209.0,195.92,40,55,3.164,2834.0,2834.0,estimating,2834.0,140,0.261
floor5,crop50,selfcal,149,8931,148.999,2.0,960,540,1,209.19,201.18,42,53,3.035,2834.0,2834.0,estimating,2832.8,141,0.277
floor5,crop50,selfcal,150,8991,150.0,2.0,960,540,1,209.22,206.99,26,34,3.311,2832.8,2832.8,estimating,2829.4,142,0.276
floor5,crop50,selfcal,151,9051,151.001,2.0,960,540,1,209.42,211.98,25,34,3.915,2829.4,2829.4,estimating,2826.7,143,0.266
floor5,crop50,selfcal,152,9111,152.002,2.0,960,540,1,209.34,216.96,15,23,3.875,2826.7,2826.7,estimating,2824.5,144,0.267
floor5,crop50,selfcal,153,9171,153.003,2.0,960,540,1,204.05,207.11,24,45,4.052,2824.5,2824.5,estimating,2821.2,145,0.283
floor5,crop50,selfcal,154,9231,154.004,2.0,960,540,1,203.96,213.7,37,71,3.662,2821.2,2821.2,estimating,2816.7,146,0.342
floor5,crop50,selfcal,155,9291,155.005,2.0,960,540,1,204.09,219.47,47,70,4.481,2816.7,2816.7,estimating,2809.3,147,0.329
floor5,crop50,selfcal,156,9351,156.006,2.0,960,540,1,204.5,225.28,55,84,3.67,2809.3,2809.3,estimating,2803.4,148,0.294
floor5,crop50,selfcal,157,9411,157.007,2.0,960,540,1,205.09,230.72,57,82,4.149,2803.4,2803.4,estimating,2796.2,149,0.322
floor5,crop50,selfcal,158,9471,158.008,2.0,960,540,1,204.83,236.39,64,98,4.028,2796.2,2796.2,estimating,2790.5,150,0.312
floor5,crop50,selfcal,159,9530,158.992,2.0,960,540,1,205.14,242.0,50,79,4.111,2790.5,2790.5,estimating,2785.9,151,0.319
floor5,crop50,selfcal,160,9590,159.993,2.0,960,540,1,205.04,247.79,58,90,4.586,2785.9,2785.9,estimating,2783.5,152,0.316
floor5,crop50,selfcal,161,9650,160.994,2.0,960,540,1,205.24,253.65,58,88,4.874,2783.5,2783.5,estimating,2783.5,153,0.31
floor5,crop50,selfcal,162,9710,161.995,2.0,960,540,1,205.54,259.12,52,82,3.761,2783.5,2783.5,estimating,2786.2,154,0.319
floor5,crop50,selfcal,163,9770,162.996,2.0,960,540,1,205.4,264.47,56,84,4.817,2786.2,2786.2,estimating,2789.7,155,0.323
floor5,crop50,selfcal,164,9830,163.997,2.0,960,540,1,206.44,269.48,37,63,3.843,2789.7,2789.7,estimating,2792.4,156,0.299
floor5,crop50,selfcal,165,9890,164.998,2.0,960,540,1,206.4,274.53,40,67,3.373,2792.4,2792.4,estimating,2794.6,157,0.335
floor5,crop50,selfcal,166,9950,165.999,2.0,960,540,1,206.68,280.0,44,70,3.788,2794.6,2794.6,estimating,2796.7,158,0.306
floor5,crop50,selfcal,167,10010,167.0,2.0,960,540,1,206.89,285.83,43,75,3.469,2796.7,2796.7,estimating,2800.5,159,0.343
floor5,crop50,selfcal,168,10070,168.001,2.0,960,540,1,206.96,291.08,45,81,3.95,2800.5,2800.5,estimating,2805.6,160,0.339
floor5,crop50,selfcal,169,10130,169.002,2.0,960,540,1,207.02,296.52,45,78,3.682,2805.6,2805.6,estimating,2809.7,161,0.337
floor5,crop50,selfcal,170,10190,170.003,2.0,960,540,1,207.02,301.95,44,81,4.444,2809.7,2809.7,estimating,2813.0,162,0.338
floor5,crop50,selfcal,171,10250,171.004,2.0,960,540,1,207.26,307.49,44,75,3.836,2813.0,2813.0,estimating,2815.6,163,0.313
floor5,crop50,selfcal,172,10310,172.005,2.0,960,540,1,207.6,313.13,45,69,3.748,2815.6,2815.6,estimating,2815.6,164,0.316
floor5,crop50,selfcal,173,10370,173.006,2.0,960,540,1,207.61,318.04,45,67,3.652,2815.6,2815.6,estimating,2820.9,165,0.283
floor5,crop50,selfcal,174,10430,174.007,2.0,960,540,1,207.63,323.4,60,81,4.211,2820.9,2820.9,estimating,2826.4,166,0.314
floor5,crop50,selfcal,175,10490,175.008,2.0,960,540,1,207.67,328.94,59,82,3.73,2826.4,2826.4,estimating,2825.2,167,0.301
floor5,crop50,selfcal,176,10549,175.992,2.0,960,540,1,208.12,334.28,55,82,4.028,2825.2,2825.2,estimating,2825.2,168,0.297
floor5,crop50,selfcal,177,10609,176.993,2.0,960,540,1,208.09,339.51,55,77,4.474,2825.2,2825.2,estimating,2825.2,169,0.317
floor5,crop50,selfcal,178,10669,177.994,2.0,960,540,1,208.09,345.01,57,87,3.985,2825.2,2825.2,estimating,2825.2,170,0.328
floor5,crop50,selfcal,179,10729,178.995,2.0,960,540,1,208.26,350.34,45,68,3.918,2825.2,2825.2,estimating,2817.9,171,0.313
floor5,crop50,selfcal,180,10789,179.996,2.0,960,540,1,208.46,355.3,39,63,4.228,2817.9,2817.9,estimating,2811.6,172,0.317
floor5,crop50,selfcal,181,10849,180.997,2.0,960,540,1,208.62,360.7,37,66,4.441,2811.6,2811.6,estimating,2806.0,173,0.286
floor5,crop50,selfcal,182,10909,181.998,2.0,960,540,1,209.9,349.02,98,163,3.597,2806.0,2806.0,estimating,2799.0,174,0.282
floor5,crop50,selfcal,183,10969,182.999,2.0,960,540,1,210.05,353.15,71,93,3.501,2799.0,2799.0,estimating,2796.0,175,0.262
floor5,crop50,selfcal,184,11029,184.0,2.0,960,540,1,210.27,357.65,80,99,3.236,2796.0,2796.0,estimating,2793.5,176,0.262
floor5,crop50,selfcal,185,11089,185.001,2.0,960,540,1,210.19,361.88,69,90,3.547,2793.5,2793.5,estimating,2793.5,177,0.277
floor5,crop50,selfcal,186,11149,186.002,2.0,960,540,1,210.24,366.16,78,97,3.762,2793.5,2793.5,estimating,2793.5,178,0.272
floor5,crop50,selfcal,187,11209,187.003,2.0,960,540,1,210.49,370.44,68,99,3.292,2793.5,2793.5,estimating,2797.1,179,0.265
floor5,crop50,selfcal,188,11269,188.004,2.0,960,540,1,210.68,374.71,70,99,3.489,2797.1,2797.1,estimating,2799.6,180,0.267
floor5,crop50,selfcal,189,11329,189.005,2.0,960,540,1,210.76,378.76,75,101,4.162,2799.6,2799.6,estimating,2802.8,181,0.269
floor5,crop50,selfcal,190,11389,190.006,2.0,960,540,1,210.91,382.23,79,104,3.67,2802.8,2802.8,estimating,2807.9,182,0.278
floor5,crop50,selfcal,191,11449,191.007,2.0,960,540,1,210.56,386.24,75,115,3.329,2807.9,2807.9,estimating,2814.3,183,0.253
floor5,crop50,selfcal,192,11508,191.992,2.0,960,540,1,210.19,389.78,75,96,4.062,2814.3,2814.3,estimating,2818.2,184,0.263
floor5,crop50,selfcal,193,11568,192.993,2.0,960,540,1,210.05,394.23,53,67,3.81,2818.2,2818.2,estimating,2822.5,185,0.258
floor5,crop50,selfcal,194,11628,193.994,2.0,960,540,1,210.26,398.27,63,84,2.641,2822.5,2822.5,estimating,2825.9,186,0.266
floor5,crop50,selfcal,195,11688,194.995,2.0,960,540,1,210.54,402.29,81,100,3.41,2825.9,2825.9,estimating,2827.5,187,0.258
floor5,crop50,selfcal,196,11748,195.996,2.0,960,540,1,210.79,406.65,52,63,3.161,2827.5,2827.5,estimating,2828.8,188,0.261
floor5,crop50,selfcal,197,11808,196.997,2.0,960,540,1,210.81,410.65,61,76,3.365,2828.8,2828.8,estimating,2829.9,189,0.266
floor5,crop50,selfcal,198,11868,197.998,2.0,960,540,1,210.96,414.81,65,82,3.576,2829.9,2829.9,estimating,2828.2,190,0.262
floor5,crop50,selfcal,199,11928,198.999,2.0,960,540,1,211.27,418.84,77,91,3.569,2828.2,2828.2,estimating,2826.9,191,0.258
floor5,crop50,selfcal,200,11988,200.0,2.0,960,540,1,211.7,422.86,69,82,3.619,2826.9,2826.9,estimating,2825.8,192,0.263
floor5,crop50,selfcal,201,12048,201.001,2.0,960,540,1,211.98,426.58,68,86,3.941,2825.8,2825.8,estimating,2825.8,193,0.261
floor5,crop50,selfcal,202,12108,202.002,2.0,960,540,1,212.14,429.98,65,83,3.289,2825.8,2825.8,estimating,2821.3,194,0.256
floor5,crop50,selfcal,203,12168,203.003,2.0,960,540,1,212.37,433.26,71,92,3.509,2821.3,2821.3,estimating,2819.2,195,0.248
floor5,crop50,selfcal,204,12228,204.004,2.0,960,540,1,212.36,435.55,45,61,4.413,2819.2,2819.2,estimating,2817.6,196,0.258
floor5,crop50,selfcal,205,12288,205.005,2.0,960,540,1,212.71,436.87,39,59,3.143,2817.6,2817.6,estimating,2816.3,197,0.255
floor5,crop50,selfcal,206,12348,206.006,2.0,960,540,1,212.72,452.46,30,66,4.743,2816.3,2816.3,estimating,2819.3,198,0.277
floor5,crop50,selfcal,207,12408,207.007,2.0,960,540,1,211.85,451.66,24,57,3.743,2819.3,2819.3,estimating,2821.7,198,0.29
floor5,crop50,selfcal,208,12468,208.008,2.0,960,540,1,292.17,463.22,18,64,3.749,2821.7,2821.7,estimating,2823.6,199,0.412
floor5,crop50,selfcal,209,12527,208.992,2.0,960,540,0,,,0,0,,2823.6,2823.6,estimating,2825.2,199,0.257
floor5,crop50,selfcal,210,12587,209.993,2.0,960,540,0,,,0,0,,2825.2,2825.2,estimating,2826.4,199,0.286
floor5,crop50,selfcal,211,12647,210.994,2.0,960,540,0,,,0,0,,2826.4,2826.4,estimating,2826.4,199,0.264
floor5,crop50,selfcal,212,12707,211.995,2.0,960,540,0,,,0,0,,2826.4,2826.4,estimating,2826.4,199,0.26
floor5,crop50,selfcal,213,12767,212.996,2.0,960,540,1,205.41,436.76,35,62,5.836,2826.4,2826.4,estimating,2826.4,199,0.252
floor5,crop50,selfcal,214,12827,213.997,2.0,960,540,1,205.77,435.4,53,69,4.038,2826.4,2826.4,estimating,2826.4,200,0.249
floor5,crop50,selfcal,215,12887,214.998,2.0,960,540,1,206.06,432.95,39,49,2.992,2826.4,2826.4,estimating,2826.4,201,0.248
floor5,crop50,selfcal,216,12947,215.999,2.0,960,540,1,206.38,429.73,46,60,3.514,2826.4,2826.4,estimating,2830.8,202,0.257
floor5,crop50,selfcal,217,13007,217.0,2.0,960,540,1,206.42,426.13,39,45,3.728,2830.8,2830.8,estimating,2834.9,203,0.256
floor5,crop50,selfcal,218,13067,218.001,2.0,960,540,1,207.16,421.55,45,57,3.63,2834.9,2834.9,estimating,2838.1,204,0.262
floor5,crop50,selfcal,219,13127,219.002,2.0,960,540,1,207.37,417.82,40,48,3.966,2838.1,2838.1,estimating,2842.3,205,0.261
floor5,crop50,selfcal,220,13187,220.003,2.0,960,540,1,207.39,413.21,39,48,4.595,2842.3,2842.3,estimating,2845.7,206,0.262
floor5,crop50,selfcal,221,13247,221.004,2.0,960,540,1,207.2,408.96,45,61,4.018,2845.7,2845.7,estimating,2848.4,207,0.262
floor5,crop50,selfcal,222,13307,222.005,2.0,960,540,1,206.91,404.71,34,45,4.371,2848.4,2848.4,estimating,2850.5,208,0.258
floor5,crop50,selfcal,223,13367,223.006,2.0,960,540,1,207.35,399.46,31,50,3.259,2850.5,2850.5,estimating,2851.8,209,0.268
floor5,crop50,selfcal,224,13427,224.007,2.0,960,540,1,207.04,396.0,35,52,3.473,2851.8,2851.8,estimating,2851.8,210,0.264
floor5,crop50,selfcal,225,13487,225.008,2.0,960,540,1,206.85,392.44,24,41,4.602,2851.8,2851.8,estimating,2851.8,211,0.271
floor5,crop50,selfcal,226,13546,225.992,2.0,960,540,1,206.6,388.31,11,19,3.824,2851.8,2851.8,estimating,2851.8,212,0.272
floor5,crop50,selfcal,227,13606,226.993,2.0,960,540,1,294.75,247.48,13,32,3.278,2851.8,2851.8,estimating,2845.3,213,0.296
floor5,crop50,selfcal,228,13666,227.994,2.0,960,540,1,205.46,380.3,24,37,3.177,2845.3,2845.3,estimating,2840.1,213,0.258
floor5,crop50,selfcal,229,13726,228.995,2.0,960,540,1,205.08,376.2,32,45,4.339,2840.1,2840.1,estimating,2844.2,214,0.261
floor5,crop50,selfcal,230,13786,229.996,2.0,960,540,1,205.2,371.45,30,45,3.865,2844.2,2844.2,estimating,2847.6,215,0.276
floor5,crop50,selfcal,231,13846,230.997,2.0,960,540,1,205.29,367.04,35,55,3.857,2847.6,2847.6,estimating,2843.3,216,0.272
floor5,crop50,selfcal,232,13906,231.998,2.0,960,540,1,205.69,362.59,30,50,5.582,2843.3,2843.3,estimating,2835.2,217,0.268
floor5,crop50,selfcal,233,13966,232.999,2.0,960,540,1,205.89,356.94,25,40,3.854,2835.2,2835.2,estimating,2833.4,218,0.314
floor5,crop50,selfcal,234,14026,234.0,2.0,960,540,1,206.32,352.53,15,39,3.449,2833.4,2833.4,estimating,2831.9,219,0.329
floor5,crop50,selfcal,235,14086,235.001,2.0,960,540,1,206.39,347.33,28,52,5.338,2831.9,2831.9,estimating,2831.9,220,0.318
floor5,crop50,selfcal,236,14146,236.002,2.0,960,540,1,206.61,344.0,17,53,3.594,2831.9,2831.9,estimating,2831.9,221,0.328
floor5,crop50,selfcal,237,14206,237.003,2.0,960,540,1,206.47,338.21,14,26,3.559,2831.9,2831.9,estimating,2827.8,222,0.302
floor5,crop50,selfcal,238,14266,238.004,2.0,960,540,1,205.95,334.4,11,20,2.27,2827.8,2827.8,estimating,2824.5,222,0.292
floor5,crop50,selfcal,239,14326,239.005,2.0,960,540,1,205.92,330.34,19,41,3.496,2824.5,2824.5,estimating,2821.8,223,0.287
floor5,crop50,selfcal,240,14386,240.006,2.0,960,540,1,205.77,325.93,22,48,4.151,2821.8,2821.8,estimating,2819.7,223,0.297
floor5,crop50,selfcal,241,14446,241.007,2.0,960,540,1,206.31,321.26,13,24,3.377,2819.7,2819.7,estimating,2821.8,224,0.271
floor5,crop50,selfcal,242,14505,241.992,2.0,960,540,1,205.37,317.18,19,38,3.144,2821.8,2821.8,estimating,2823.5,225,0.276
floor5,crop50,selfcal,243,14565,242.993,2.0,960,540,1,205.34,313.5,35,53,3.282,2823.5,2823.5,estimating,2821.1,226,0.271
floor5,crop50,selfcal,244,14625,243.994,2.0,960,540,1,205.01,308.57,32,53,4.317,2821.1,2821.1,estimating,2819.1,227,0.271
floor5,crop50,selfcal,245,14685,244.995,2.0,960,540,1,205.09,304.34,22,47,3.598,2819.1,2819.1,estimating,2832.7,228,0.307
floor5,crop50,selfcal,246,14745,245.996,2.0,960,540,1,204.84,299.23,24,48,2.835,2832.7,2832.7,estimating,2832.7,229,0.298
floor5,crop50,selfcal,247,14805,246.997,2.0,960,540,1,204.83,295.06,26,46,3.427,2832.7,2832.7,estimating,2832.7,230,0.306
floor5,crop50,selfcal,248,14865,247.998,2.0,960,540,1,204.55,290.67,36,52,4.067,2832.7,2832.7,estimating,2832.7,231,0.287
floor5,crop50,selfcal,249,14925,248.999,2.0,960,540,1,204.43,285.19,34,55,3.875,2832.7,2832.7,estimating,2824.6,232,0.298
floor5,crop50,selfcal,250,14985,250.0,2.0,960,540,1,204.84,279.86,27,42,3.631,2824.6,2824.6,estimating,2823.3,233,0.272
floor5,crop50,selfcal,251,15045,251.001,2.0,960,540,1,205.23,275.91,37,55,3.074,2823.3,2823.3,estimating,2822.3,234,0.276
floor5,crop50,selfcal,252,15105,252.002,2.0,960,540,1,205.53,271.19,32,50,3.447,2822.3,2822.3,estimating,2822.3,235,0.284
floor5,crop50,selfcal,253,15165,253.003,2.0,960,540,1,205.07,266.07,29,46,3.244,2822.3,2822.3,estimating,2816.1,236,0.272
floor5,crop50,selfcal,254,15225,254.004,2.0,960,540,1,204.33,261.4,28,42,2.219,2816.1,2816.1,estimating,2811.2,237,0.27
floor5,crop50,selfcal,255,15285,255.005,2.0,960,540,1,203.75,256.45,40,56,3.917,2811.2,2811.2,estimating,2812.6,238,0.27
floor5,crop50,selfcal,256,15345,256.006,2.0,960,540,1,203.38,251.83,27,38,3.993,2812.6,2812.6,estimating,2808.4,239,0.277
floor5,crop50,selfcal,257,15405,257.007,2.0,960,540,1,202.81,248.21,34,47,3.109,2808.4,2808.4,estimating,2808.4,240,0.256
floor5,crop50,selfcal,258,15465,258.008,2.0,960,540,1,202.78,243.88,44,57,3.891,2808.4,2808.4,estimating,2810.1,241,0.27
floor5,crop50,selfcal,259,15524,258.992,2.0,960,540,1,202.7,239.33,45,63,3.848,2810.1,2810.1,estimating,2824.4,242,0.255
floor5,crop50,selfcal,260,15584,259.993,2.0,960,540,1,203.34,235.09,47,70,3.851,2824.4,2824.4,estimating,2831.7,243,0.271
floor5,crop50,selfcal,261,15644,260.994,2.0,960,540,1,204.21,230.4,45,78,4.165,2831.7,2831.7,estimating,2837.5,244,0.256
floor5,crop50,selfcal,262,15704,261.995,2.0,960,540,1,205.6,226.16,34,55,4.507,2837.5,2837.5,estimating,2842.1,245,0.276
floor5,crop50,selfcal,263,15764,262.996,2.0,960,540,1,206.33,221.85,18,28,3.265,2842.1,2842.1,estimating,2842.1,246,0.286
floor5,crop50,selfcal,264,15824,263.997,2.0,960,540,1,206.74,218.11,12,20,4.019,2842.1,2842.1,estimating,2845.9,247,0.278
floor5,crop50,selfcal,265,15884,264.998,2.0,960,540,1,209.32,245.1,37,43,2.942,2845.9,2845.9,estimating,2848.8,247,0.268
floor5,crop50,selfcal,266,15944,265.999,2.0,960,540,1,211.06,240.34,12,19,2.114,2848.8,2848.8,estimating,2848.8,248,0.263
floor5,crop50,selfcal,267,16004,267.0,2.0,960,540,0,,,0,0,,2848.8,2848.8,estimating,2848.8,248,0.281
floor5,crop50,selfcal,268,16064,268.001,2.0,960,540,1,216.93,233.54,22,32,4.701,2848.8,2848.8,estimating,2848.8,248,0.273
floor5,crop50,selfcal,269,16124,269.002,2.0,960,540,1,221.12,233.02,23,34,3.864,2848.8,2848.8,estimating,2845.6,249,0.277
floor5,crop50,selfcal,270,16184,270.003,2.0,960,540,1,225.61,233.71,48,79,3.614,2845.6,2845.6,estimating,2843.0,250,0.274
floor5,crop50,selfcal,271,16244,271.004,2.0,960,540,1,231.01,233.9,43,71,4.575,2843.0,2843.0,estimating,2840.1,251,0.269
floor5,crop50,selfcal,272,16304,272.005,2.0,960,540,1,235.66,235.09,53,88,3.013,2840.1,2840.1,estimating,2836.7,252,0.261
floor5,crop50,selfcal,273,16364,273.006,2.0,960,540,1,240.46,235.7,61,84,3.599,2836.7,2836.7,estimating,2834.8,253,0.251
floor5,crop50,selfcal,274,16424,274.007,2.0,960,540,1,245.48,236.36,51,65,3.647,2834.8,2834.8,estimating,2826.4,254,0.244
floor5,crop50,selfcal,275,16484,275.008,2.0,960,540,1,249.76,236.88,42,59,3.752,2826.4,2826.4,estimating,2819.8,255,0.252
floor5,crop50,selfcal,276,16543,275.992,2.0,960,540,1,254.6,238.33,51,70,4.064,2819.8,2819.8,estimating,2815.9,256,0.253
floor5,crop50,selfcal,277,16603,276.993,2.0,960,540,1,259.3,239.41,38,63,3.838,2815.9,2815.9,estimating,2817.1,257,0.257
floor5,crop50,selfcal,278,16663,277.994,2.0,960,540,1,264.15,239.6,34,58,3.484,2817.1,2817.1,estimating,2813.8,258,0.259
floor5,crop50,selfcal,279,16723,278.995,2.0,960,540,1,269.48,239.26,31,46,4.452,2813.8,2813.8,estimating,2806.6,259,0.256
floor5,crop50,selfcal,280,16783,279.996,2.0,960,540,1,274.91,239.81,33,46,4.936,2806.6,2806.6,estimating,2800.9,260,0.254
floor5,crop50,selfcal,281,16843,280.997,2.0,960,540,1,279.72,241.07,31,44,4.44,2800.9,2800.9,estimating,2794.9,261,0.241
floor5,crop50,selfcal,282,16903,281.998,2.0,960,540,1,284.09,242.69,36,50,2.899,2794.9,2794.9,estimating,2789.7,262,0.233
floor5,crop50,selfcal,283,16963,282.999,2.0,960,540,1,287.67,245.2,27,36,4.131,2789.7,2789.7,estimating,2780.2,263,0.248
floor5,crop50,selfcal,284,17023,284.0,2.0,960,540,1,290.43,248.63,43,64,5.125,2780.2,2780.2,estimating,2772.5,264,0.259
floor5,crop50,selfcal,285,17083,285.001,2.0,960,540,1,291.35,252.32,46,67,4.707,2772.5,2772.5,estimating,2766.4,265,0.242
floor5,crop50,selfcal,286,17143,286.002,2.0,960,540,1,291.73,257.17,39,59,4.884,2766.4,2766.4,estimating,2761.5,266,0.239
floor5,crop50,selfcal,287,17203,287.003,2.0,960,540,1,291.98,261.55,45,74,3.598,2761.5,2761.5,estimating,2761.5,267,0.261
floor5,crop50,selfcal,288,17263,288.004,2.0,960,540,1,292.63,266.88,28,49,4.976,2761.5,2761.5,estimating,2771.0,268,0.261
floor5,crop50,selfcal,289,17323,289.005,2.0,960,540,1,293.02,271.43,29,47,5.103,2771.0,2771.0,estimating,2778.7,269,0.266
floor5,crop50,selfcal,290,17383,290.006,2.0,960,540,1,292.82,275.58,44,77,4.04,2778.7,2778.7,estimating,2787.9,270,0.278
floor5,crop50,selfcal,291,17443,291.007,2.0,960,540,1,293.0,280.06,46,82,3.737,2787.9,2787.9,estimating,2795.4,271,0.283
floor5,crop50,selfcal,292,17502,291.992,2.0,960,540,1,292.82,284.58,70,101,4.036,2795.4,2795.4,estimating,2798.1,272,0.324
floor5,crop50,selfcal,293,17562,292.993,2.0,960,540,1,292.26,289.61,60,98,3.636,2798.1,2798.1,estimating,2798.1,273,0.318
floor5,crop50,selfcal,294,17622,293.994,2.0,960,540,1,292.02,294.65,71,99,4.066,2798.1,2798.1,estimating,2796.3,274,0.272
floor5,crop50,selfcal,295,17682,294.995,2.0,960,540,1,292.32,299.71,76,95,3.802,2796.3,2796.3,estimating,2794.9,275,0.258
floor5,crop50,selfcal,296,17742,295.996,2.0,960,540,1,292.32,304.83,66,91,3.12,2794.9,2794.9,estimating,2793.7,276,0.265
floor5,crop50,selfcal,297,17802,296.997,2.0,960,540,1,292.61,309.84,73,94,3.218,2793.7,2793.7,estimating,2792.6,277,0.259
floor5,crop50,selfcal,298,17862,297.998,2.0,960,540,1,292.77,314.9,66,93,3.584,2792.6,2792.6,estimating,2790.7,278,0.286
floor5,crop50,selfcal,299,17922,298.999,2.0,960,540,1,292.63,319.69,90,116,3.665,2790.7,2790.7,estimating,2789.2,279,0.273
floor5,crop50,selfcal,300,17982,300.0,2.0,960,540,1,292.53,324.41,80,108,3.678,2789.2,2789.2,estimating,2789.2,280,0.258
floor5,crop50,selfcal,301,18042,301.001,2.0,960,540,1,292.37,329.21,70,97,4.095,2789.2,2789.2,estimating,2791.9,281,0.266
floor5,crop50,selfcal,302,18102,302.002,2.0,960,540,1,292.49,334.23,65,87,3.554,2791.9,2791.9,estimating,2794.0,282,0.256
floor5,crop50,selfcal,303,18162,303.003,2.0,960,540,1,292.58,338.95,60,83,4.297,2794.0,2794.0,estimating,2795.7,283,0.262
floor5,crop50,selfcal,304,18222,304.004,2.0,960,540,1,292.72,344.14,47,63,3.627,2795.7,2795.7,estimating,2794.5,284,0.266
floor5,crop50,selfcal,305,18282,305.005,2.0,960,540,1,292.75,349.23,32,45,3.902,2794.5,2794.5,estimating,2796.1,285,0.262
floor5,crop50,selfcal,306,18342,306.006,2.0,960,540,1,292.65,354.37,45,59,4.032,2796.1,2796.1,estimating,2800.0,286,0.255
floor5,crop50,selfcal,307,18402,307.007,2.0,960,540,1,293.04,358.81,46,72,4.013,2800.0,2800.0,estimating,2800.0,287,0.254
floor5,crop50,selfcal,308,18462,308.008,2.0,960,540,1,293.44,363.58,52,75,4.363,2800.0,2800.0,estimating,2800.0,288,0.261
floor5,crop50,selfcal,309,18521,308.992,2.0,960,540,1,293.72,368.25,47,74,4.022,2800.0,2800.0,estimating,2795.7,289,0.259
floor5,crop50,selfcal,310,18581,309.993,2.0,960,540,1,293.81,373.19,42,65,4.103,2795.7,2795.7,estimating,2795.7,290,0.264
floor5,crop50,selfcal,311,18641,310.994,2.0,960,540,1,294.05,378.47,27,51,4.495,2795.7,2795.7,estimating,2795.7,291,0.265
floor5,crop50,selfcal,312,18701,311.995,2.0,960,540,1,294.24,383.91,40,60,4.179,2795.7,2795.7,estimating,2798.4,292,0.261
floor5,crop50,selfcal,313,18761,312.996,2.0,960,540,1,294.44,388.86,59,77,3.59,2798.4,2798.4,estimating,2798.4,293,0.265
floor5,crop50,selfcal,314,18821,313.997,2.0,960,540,1,294.67,393.71,42,65,3.417,2798.4,2798.4,estimating,2798.4,294,0.273
floor5,crop50,selfcal,315,18881,314.998,2.0,960,540,1,295.09,398.59,38,62,3.01,2798.4,2798.4,estimating,2803.3,295,0.265
floor5,crop50,selfcal,316,18941,315.999,2.0,960,540,1,295.22,402.99,56,79,3.632,2803.3,2803.3,estimating,2809.4,296,0.261
floor5,crop50,selfcal,317,19001,317.0,2.0,960,540,1,295.46,407.83,61,80,3.49,2809.4,2809.4,estimating,2817.4,297,0.263
floor5,crop50,selfcal,318,19061,318.001,2.0,960,540,1,295.28,412.58,51,80,3.769,2817.4,2817.4,estimating,2827.2,298,0.261
floor5,crop50,selfcal,319,19121,319.002,2.0,960,540,1,295.21,417.05,52,82,4.558,2827.2,2827.2,estimating,2831.6,299,0.252
floor5,crop50,selfcal,320,19181,320.003,2.0,960,540,1,295.25,421.24,41,73,5.062,2831.6,2831.6,estimating,2835.1,300,0.263
floor5,crop50,selfcal,321,19241,321.004,2.0,960,540,1,296.02,425.42,30,39,5.176,2835.1,2835.1,estimating,2841.6,301,0.264
floor5,crop50,selfcal,322,19301,322.005,2.0,960,540,1,294.56,429.66,23,36,4.028,2841.6,2841.6,estimating,2846.8,302,0.269
floor5,crop50,selfcal,323,19361,323.006,2.0,960,540,1,292.31,433.84,26,40,3.072,2846.8,2846.8,estimating,2846.8,303,0.266
floor5,crop50,selfcal,324,19421,324.007,2.0,960,540,1,297.25,437.43,24,46,4.669,2846.8,2846.8,estimating,2846.8,303,0.278
floor5,crop50,selfcal,325,19481,325.008,2.0,960,540,1,294.91,441.93,26,43,4.076,2846.8,2846.8,estimating,2846.8,303,0.277
floor5,crop50,selfcal,326,19540,325.992,2.0,960,540,1,297.75,445.66,22,41,3.885,2846.8,2846.8,estimating,2846.8,304,0.286
floor5,crop50,selfcal,327,19600,326.993,2.0,960,540,1,297.49,449.39,21,40,4.263,2846.8,2846.8,estimating,2847.8,305,0.298
floor5,crop50,selfcal,328,19660,327.994,2.0,960,540,1,297.0,453.05,13,24,2.993,2847.8,2847.8,estimating,2847.8,305,0.299
floor5,crop50,selfcal,329,19720,328.995,2.0,960,540,0,,,0,0,,2847.8,2847.8,estimating,2842.8,306,0.297
floor5,crop50,selfcal,330,19780,329.996,2.0,960,540,0,,,0,0,,2842.8,2842.8,estimating,2838.8,306,0.322
floor5,crop50,selfcal,331,19840,330.997,2.0,960,540,0,,,0,0,,2838.8,2838.8,estimating,2835.5,306,0.263
floor5,crop50,oracle,0,0,0.0,2.0,960,540,1,286.11,458.57,140,157,3.687,2800.0,2800.0,,,,0.233
floor5,crop50,oracle,1,60,1.001,2.0,960,540,1,286.43,459.23,142,151,2.781,2800.0,2800.0,,,,0.242
floor5,crop50,oracle,2,120,2.002,2.0,960,540,1,288.66,459.43,75,94,3.806,2800.0,2800.0,,,,0.229
floor5,crop50,oracle,3,180,3.003,2.0,960,540,0,,,0,0,,2800.0,2800.0,,,,0.316
floor5,crop50,oracle,4,240,4.004,2.0,960,540,0,,,0,0,,2800.0,2800.0,,,,0.29
floor5,crop50,oracle,5,300,5.005,2.0,960,540,1,291.51,464.05,39,61,3.443,2800.0,2800.0,,,,0.265
floor5,crop50,oracle,6,360,6.006,2.0,960,540,1,293.13,464.65,112,143,3.139,2800.0,2800.0,,,,0.257
floor5,crop50,oracle,7,420,7.007,2.0,960,540,1,294.72,463.68,15,32,4.409,2800.0,2800.0,,,,0.278
floor5,crop50,oracle,8,480,8.008,2.0,960,540,1,295.32,461.07,41,58,4.083,2800.0,2800.0,,,,0.263
floor5,crop50,oracle,9,539,8.992,2.0,960,540,1,295.6,458.33,42,61,3.05,2800.0,2800.0,,,,0.262
floor5,crop50,oracle,10,599,9.993,2.0,960,540,1,295.48,455.08,34,48,3.727,2800.0,2800.0,,,,0.267
floor5,crop50,oracle,11,659,10.994,2.0,960,540,1,295.34,451.41,31,42,4.043,2800.0,2800.0,,,,0.266
floor5,crop50,oracle,12,719,11.995,2.0,960,540,1,295.14,447.21,30,49,4.097,2800.0,2800.0,,,,0.272
floor5,crop50,oracle,13,779,12.996,2.0,960,540,1,294.64,443.16,39,54,3.479,2800.0,2800.0,,,,0.269
floor5,crop50,oracle,14,839,13.997,2.0,960,540,1,294.4,438.96,37,57,4.079,2800.0,2800.0,,,,0.272
floor5,crop50,oracle,15,899,14.998,2.0,960,540,1,294.66,434.13,18,23,2.66,2800.0,2800.0,,,,0.271
floor5,crop50,oracle,16,959,15.999,2.0,960,540,1,294.9,430.35,22,32,2.988,2800.0,2800.0,,,,0.267
floor5,crop50,oracle,17,1019,17.0,2.0,960,540,1,295.88,425.03,25,34,3.179,2800.0,2800.0,,,,0.266
floor5,crop50,oracle,18,1079,18.001,2.0,960,540,1,296.12,420.56,32,41,2.573,2800.0,2800.0,,,,0.261
floor5,crop50,oracle,19,1139,19.002,2.0,960,540,1,296.43,416.6,36,45,3.012,2800.0,2800.0,,,,0.261
floor5,crop50,oracle,20,1199,20.003,2.0,960,540,1,296.39,411.73,40,53,4.377,2800.0,2800.0,,,,0.263
floor5,crop50,oracle,21,1259,21.004,2.0,960,540,1,296.11,406.44,44,52,4.183,2800.0,2800.0,,,,0.262
floor5,crop50,oracle,22,1319,22.005,2.0,960,540,1,295.93,401.37,47,59,4.161,2800.0,2800.0,,,,0.262
floor5,crop50,oracle,23,1379,23.006,2.0,960,540,1,295.75,396.47,66,84,3.197,2800.0,2800.0,,,,0.262
floor5,crop50,oracle,24,1439,24.007,2.0,960,540,1,295.76,391.79,87,106,2.839,2800.0,2800.0,,,,0.267
floor5,crop50,oracle,25,1499,25.008,2.0,960,540,1,295.42,386.87,100,125,3.273,2800.0,2800.0,,,,0.274
floor5,crop50,oracle,26,1558,25.993,2.0,960,540,1,295.23,382.0,107,125,3.597,2800.0,2800.0,,,,0.279
floor5,crop50,oracle,27,1618,26.994,2.0,960,540,1,295.37,377.26,101,129,3.717,2800.0,2800.0,,,,0.272
floor5,crop50,oracle,28,1678,27.995,2.0,960,540,1,295.52,372.52,77,113,4.138,2800.0,2800.0,,,,0.276
floor5,crop50,oracle,29,1738,28.996,2.0,960,540,1,295.06,367.28,50,82,3.837,2800.0,2800.0,,,,0.279
floor5,crop50,oracle,30,1798,29.997,2.0,960,540,1,294.52,362.08,52,83,4.515,2800.0,2800.0,,,,0.278
floor5,crop50,oracle,31,1858,30.998,2.0,960,540,1,294.39,357.27,47,68,3.71,2800.0,2800.0,,,,0.269
floor5,crop50,oracle,32,1918,31.999,2.0,960,540,1,294.38,352.18,66,92,3.68,2800.0,2800.0,,,,0.258
floor5,crop50,oracle,33,1978,33.0,2.0,960,540,1,294.24,346.8,57,73,3.523,2800.0,2800.0,,,,0.252
floor5,crop50,oracle,34,2038,34.001,2.0,960,540,1,293.61,341.99,58,74,3.568,2800.0,2800.0,,,,0.295
floor5,crop50,oracle,35,2098,35.002,2.0,960,540,1,293.17,336.65,49,77,3.826,2800.0,2800.0,,,,0.336
floor5,crop50,oracle,36,2158,36.003,2.0,960,540,1,292.82,331.48,54,74,3.941,2800.0,2800.0,,,,0.327
floor5,crop50,oracle,37,2218,37.004,2.0,960,540,1,292.59,326.36,61,98,4.462,2800.0,2800.0,,,,0.328
floor5,crop50,oracle,38,2278,38.005,2.0,960,540,1,292.13,321.63,51,97,5.015,2800.0,2800.0,,,,0.347
floor5,crop50,oracle,39,2338,39.006,2.0,960,540,1,291.9,316.27,43,85,4.233,2800.0,2800.0,,,,0.326
floor5,crop50,oracle,40,2398,40.007,2.0,960,540,1,292.14,311.04,35,63,4.073,2800.0,2800.0,,,,0.365
floor5,crop50,oracle,41,2458,41.008,2.0,960,540,1,292.08,305.55,74,103,4.767,2800.0,2800.0,,,,0.311
floor5,crop50,oracle,42,2517,41.992,2.0,960,540,1,292.18,300.64,57,88,3.615,2800.0,2800.0,,,,0.333
floor5,crop50,oracle,43,2577,42.993,2.0,960,540,1,291.95,295.48,59,86,4.251,2800.0,2800.0,,,,0.364
floor5,crop50,oracle,44,2637,43.994,2.0,960,540,1,292.17,290.46,59,87,3.388,2800.0,2800.0,,,,0.331
floor5,crop50,oracle,45,2697,44.995,2.0,960,540,1,292.4,285.23,53,85,3.943,2800.0,2800.0,,,,0.31
floor5,crop50,oracle,46,2757,45.996,2.0,960,540,1,292.3,280.44,61,89,3.526,2800.0,2800.0,,,,0.322
floor5,crop50,oracle,47,2817,46.997,2.0,960,540,1,292.13,275.41,54,94,4.47,2800.0,2800.0,,,,0.332
floor5,crop50,oracle,48,2877,47.998,2.0,960,540,1,291.72,270.63,62,92,4.321,2800.0,2800.0,,,,0.302
floor5,crop50,oracle,49,2937,48.999,2.0,960,540,1,291.51,265.66,61,94,4.178,2800.0,2800.0,,,,0.356
floor5,crop50,oracle,50,2997,50.0,2.0,960,540,1,291.46,260.39,53,84,3.489,2800.0,2800.0,,,,0.34
floor5,crop50,oracle,51,3057,51.001,2.0,960,540,1,291.23,255.65,54,86,4.795,2800.0,2800.0,,,,0.334
floor5,crop50,oracle,52,3117,52.002,2.0,960,540,1,290.82,250.83,59,100,4.395,2800.0,2800.0,,,,0.311
floor5,crop50,oracle,53,3177,53.003,2.0,960,540,1,290.46,245.87,51,79,3.398,2800.0,2800.0,,,,0.301
floor5,crop50,oracle,54,3237,54.004,2.0,960,540,1,289.37,241.15,32,51,3.243,2800.0,2800.0,,,,0.269
floor5,crop50,oracle,55,3297,55.005,2.0,960,540,1,287.52,236.44,21,41,4.315,2800.0,2800.0,,,,0.284
floor5,crop50,oracle,56,3357,56.006,2.0,960,540,1,284.13,233.11,17,31,4.345,2800.0,2800.0,,,,0.287
floor5,crop50,oracle,57,3417,57.007,2.0,960,540,1,280.26,232.24,56,87,2.713,2800.0,2800.0,,,,0.324
floor5,crop50,oracle,58,3477,58.008,2.0,960,540,1,276.61,229.12,45,67,2.811,2800.0,2800.0,,,,0.309
floor5,crop50,oracle,59,3536,58.992,2.0,960,540,1,272.02,228.38,32,51,3.106,2800.0,2800.0,,,,0.287
floor5,crop50,oracle,60,3596,59.993,2.0,960,540,1,266.66,227.69,30,54,3.66,2800.0,2800.0,,,,0.333
floor5,crop50,oracle,61,3656,60.994,2.0,960,540,1,262.04,227.03,58,73,2.666,2800.0,2800.0,,,,0.317
floor5,crop50,oracle,62,3716,61.995,2.0,960,540,1,257.36,226.43,86,103,3.382,2800.0,2800.0,,,,0.305
floor5,crop50,oracle,63,3776,62.996,2.0,960,540,1,252.98,225.82,63,75,3.059,2800.0,2800.0,,,,0.333
floor5,crop50,oracle,64,3836,63.997,2.0,960,540,1,248.93,225.2,83,104,3.293,2800.0,2800.0,,,,0.316
floor5,crop50,oracle,65,3896,64.998,2.0,960,540,1,244.55,224.55,74,96,3.129,2800.0,2800.0,,,,0.322
floor5,crop50,oracle,66,3956,65.999,2.0,960,540,1,239.89,223.81,58,65,3.198,2800.0,2800.0,,,,0.364
floor5,crop50,oracle,67,4016,67.0,2.0,960,540,1,235.14,223.33,53,67,3.055,2800.0,2800.0,,,,0.32
floor5,crop50,oracle,68,4076,68.001,2.0,960,540,1,230.67,222.61,49,57,3.206,2800.0,2800.0,,,,0.296
floor5,crop50,oracle,69,4136,69.002,2.0,960,540,1,226.12,221.69,48,64,3.433,2800.0,2800.0,,,,0.297
floor5,crop50,oracle,70,4196,70.003,2.0,960,540,1,221.52,220.95,38,56,2.69,2800.0,2800.0,,,,0.288
floor5,crop50,oracle,71,4256,71.004,2.0,960,540,1,217.45,220.84,39,51,3.579,2800.0,2800.0,,,,0.272
floor5,crop50,oracle,72,4316,72.005,2.0,960,540,1,213.76,220.73,24,34,4.336,2800.0,2800.0,,,,0.245
floor5,crop50,oracle,73,4376,73.006,2.0,960,540,1,210.61,219.87,10,17,2.634,2800.0,2800.0,,,,0.27
floor5,crop50,oracle,74,4436,74.007,2.0,960,540,0,,,0,0,,2800.0,2800.0,,,,0.263
floor5,crop50,oracle,75,4496,75.008,2.0,960,540,0,,,0,0,,2800.0,2800.0,,,,0.224
floor5,crop50,oracle,76,4555,75.993,2.0,960,540,0,,,0,0,,2800.0,2800.0,,,,0.233
floor5,crop50,oracle,77,4615,76.994,2.0,960,540,1,207.81,195.54,32,67,3.645,2800.0,2800.0,,,,0.277
floor5,crop50,oracle,78,4675,77.995,2.0,960,540,1,207.78,191.87,38,78,3.548,2800.0,2800.0,,,,0.274
floor5,crop50,oracle,79,4735,78.996,2.0,960,540,1,207.68,188.11,48,80,3.427,2800.0,2800.0,,,,0.243
floor5,crop50,oracle,80,4795,79.997,2.0,960,540,1,206.76,183.33,38,52,3.388,2800.0,2800.0,,,,0.236
floor5,crop50,oracle,81,4855,80.998,2.0,960,540,1,205.98,179.93,63,97,3.846,2800.0,2800.0,,,,0.233
floor5,crop50,oracle,82,4915,81.999,2.0,960,540,1,205.03,176.46,54,81,4.542,2800.0,2800.0,,,,0.245
floor5,crop50,oracle,83,4975,83.0,2.0,960,540,1,204.06,172.36,52,72,3.467,2800.0,2800.0,,,,0.237
floor5,crop50,oracle,84,5035,84.001,2.0,960,540,1,203.32,168.28,57,72,4.086,2800.0,2800.0,,,,0.227
floor5,crop50,oracle,85,5095,85.002,2.0,960,540,1,203.0,163.53,54,71,3.774,2800.0,2800.0,,,,0.232
floor5,crop50,oracle,86,5155,86.003,2.0,960,540,1,202.87,159.35,61,72,4.0,2800.0,2800.0,,,,0.229
floor5,crop50,oracle,87,5215,87.004,2.0,960,540,1,202.93,155.55,64,81,3.428,2800.0,2800.0,,,,0.235
floor5,crop50,oracle,88,5275,88.005,2.0,960,540,1,203.05,151.38,69,86,3.898,2800.0,2800.0,,,,0.235
floor5,crop50,oracle,89,5335,89.006,2.0,960,540,1,203.15,147.01,74,96,3.731,2800.0,2800.0,,,,0.234
floor5,crop50,oracle,90,5395,90.007,2.0,960,540,1,203.03,142.69,72,95,3.196,2800.0,2800.0,,,,0.251
floor5,crop50,oracle,91,5455,91.008,2.0,960,540,1,202.92,138.08,71,97,3.813,2800.0,2800.0,,,,0.242
floor5,crop50,oracle,92,5514,91.992,2.0,960,540,1,202.98,133.82,67,89,3.336,2800.0,2800.0,,,,0.244
floor5,crop50,oracle,93,5574,92.993,2.0,960,540,1,202.9,129.18,53,61,3.24,2800.0,2800.0,,,,0.249
floor5,crop50,oracle,94,5634,93.994,2.0,960,540,1,202.86,124.89,75,95,4.109,2800.0,2800.0,,,,0.235
floor5,crop50,oracle,95,5694,94.995,2.0,960,540,1,202.99,120.72,61,82,2.908,2800.0,2800.0,,,,0.242
floor5,crop50,oracle,96,5754,95.996,2.0,960,540,1,203.47,115.79,46,63,3.482,2800.0,2800.0,,,,0.236
floor5,crop50,oracle,97,5814,96.997,2.0,960,540,1,203.7,111.85,50,72,3.645,2800.0,2800.0,,,,0.246
floor5,crop50,oracle,98,5874,97.998,2.0,960,540,1,203.39,107.44,42,72,2.98,2800.0,2800.0,,,,0.257
floor5,crop50,oracle,99,5934,98.999,2.0,960,540,1,203.25,103.29,76,91,3.273,2800.0,2800.0,,,,0.268
floor5,crop50,oracle,100,5994,100.0,2.0,960,540,1,203.1,98.97,58,80,3.831,2800.0,2800.0,,,,0.262
floor5,crop50,oracle,101,6054,101.001,2.0,960,540,1,203.57,94.78,47,68,4.245,2800.0,2800.0,,,,0.246
floor5,crop50,oracle,102,6114,102.002,2.0,960,540,1,203.57,90.32,54,76,2.987,2800.0,2800.0,,,,0.249
floor5,crop50,oracle,103,6174,103.003,2.0,960,540,1,203.37,86.35,57,78,2.958,2800.0,2800.0,,,,0.241
floor5,crop50,oracle,104,6234,104.004,2.0,960,540,1,202.93,82.3,59,79,3.042,2800.0,2800.0,,,,0.242
floor5,crop50,oracle,105,6294,105.005,2.0,960,540,1,202.54,78.01,40,48,3.766,2800.0,2800.0,,,,0.243
floor5,crop50,oracle,106,6354,106.006,2.0,960,540,1,203.87,77.08,41,56,3.641,2800.0,2800.0,,,,0.265
floor5,crop50,oracle,107,6414,107.007,2.0,960,540,1,203.66,72.97,35,50,4.279,2800.0,2800.0,,,,0.262
floor5,crop50,oracle,108,6474,108.008,2.0,960,540,1,203.28,69.18,31,48,3.64,2800.0,2800.0,,,,0.259
floor5,crop50,oracle,109,6533,108.992,2.0,960,540,1,202.86,65.45,26,37,3.346,2800.0,2800.0,,,,0.265
floor5,crop50,oracle,110,6593,109.993,2.0,960,540,1,202.65,61.69,19,26,2.988,2800.0,2800.0,,,,0.256
floor5,crop50,oracle,111,6653,110.994,2.0,960,540,1,202.54,57.53,16,24,3.122,2800.0,2800.0,,,,0.261
floor5,crop50,oracle,112,6713,111.995,2.0,960,540,1,202.06,54.45,17,40,2.034,2800.0,2800.0,,,,0.271
floor5,crop50,oracle,113,6773,112.996,2.0,960,540,1,201.71,51.56,15,34,3.856,2800.0,2800.0,,,,0.302
floor5,crop50,oracle,114,6833,113.997,2.0,960,540,1,202.05,49.38,17,48,2.967,2800.0,2800.0,,,,0.304
floor5,crop50,oracle,115,6893,114.998,2.0,960,540,0,,,0,0,,2800.0,2800.0,,,,0.3
floor5,crop50,oracle,116,6953,115.999,2.0,960,540,0,,,0,0,,2800.0,2800.0,,,,0.295
floor5,crop50,oracle,117,7013,117.0,2.0,960,540,1,207.01,44.86,18,35,3.243,2800.0,2800.0,,,,0.303
floor5,crop50,oracle,118,7073,118.001,2.0,960,540,1,209.82,48.28,26,42,4.941,2800.0,2800.0,,,,0.276
floor5,crop50,oracle,119,7133,119.002,2.0,960,540,1,210.63,50.82,52,78,4.353,2800.0,2800.0,,,,0.253
floor5,crop50,oracle,120,7193,120.003,2.0,960,540,1,210.87,55.11,51,77,4.093,2800.0,2800.0,,,,0.251
floor5,crop50,oracle,121,7253,121.004,2.0,960,540,1,210.47,59.28,53,79,3.591,2800.0,2800.0,,,,0.248
floor5,crop50,oracle,122,7313,122.005,2.0,960,540,1,210.21,63.33,52,71,4.495,2800.0,2800.0,,,,0.25
floor5,crop50,oracle,123,7373,123.006,2.0,960,540,1,210.21,67.52,50,72,3.672,2800.0,2800.0,,,,0.248
floor5,crop50,oracle,124,7433,124.007,2.0,960,540,1,210.06,71.98,53,68,3.576,2800.0,2800.0,,,,0.244
floor5,crop50,oracle,125,7493,125.008,2.0,960,540,1,209.8,76.71,51,65,3.494,2800.0,2800.0,,,,0.237
floor5,crop50,oracle,126,7552,125.993,2.0,960,540,1,209.78,80.96,50,69,3.221,2800.0,2800.0,,,,0.24
floor5,crop50,oracle,127,7612,126.994,2.0,960,540,1,209.51,85.04,52,76,3.486,2800.0,2800.0,,,,0.243
floor5,crop50,oracle,128,7672,127.995,2.0,960,540,1,209.72,89.5,59,76,4.112,2800.0,2800.0,,,,0.244
floor5,crop50,oracle,129,7732,128.996,2.0,960,540,1,209.74,94.08,65,83,3.745,2800.0,2800.0,,,,0.248
floor5,crop50,oracle,130,7792,129.997,2.0,960,540,1,209.36,97.36,90,116,3.777,2800.0,2800.0,,,,0.25
floor5,crop50,oracle,131,7852,130.998,2.0,960,540,1,209.16,103.21,94,126,3.598,2800.0,2800.0,,,,0.248
floor5,crop50,oracle,132,7912,131.999,2.0,960,540,1,208.94,109.17,92,116,3.362,2800.0,2800.0,,,,0.246
floor5,crop50,oracle,133,7972,133.0,2.0,960,540,1,208.63,115.02,74,107,3.63,2800.0,2800.0,,,,0.255
floor5,crop50,oracle,134,8032,134.001,2.0,960,540,1,208.72,120.77,62,97,4.259,2800.0,2800.0,,,,0.253
floor5,crop50,oracle,135,8092,135.002,2.0,960,540,1,208.92,126.26,41,71,3.526,2800.0,2800.0,,,,0.251
floor5,crop50,oracle,136,8152,136.003,2.0,960,540,1,209.24,131.8,40,69,4.053,2800.0,2800.0,,,,0.248
floor5,crop50,oracle,137,8212,137.004,2.0,960,540,1,209.31,137.58,41,69,3.933,2800.0,2800.0,,,,0.249
floor5,crop50,oracle,138,8272,138.005,2.0,960,540,1,209.04,143.22,47,63,4.657,2800.0,2800.0,,,,0.267
floor5,crop50,oracle,139,8332,139.006,2.0,960,540,1,209.07,148.37,52,76,4.592,2800.0,2800.0,,,,0.254
floor5,crop50,oracle,140,8392,140.007,2.0,960,540,1,209.12,153.38,50,77,3.814,2800.0,2800.0,,,,0.26
floor5,crop50,oracle,141,8452,141.008,2.0,960,540,1,208.89,159.34,45,62,3.479,2800.0,2800.0,,,,0.257
floor5,crop50,oracle,142,8511,141.992,2.0,960,540,1,208.94,164.54,50,83,3.688,2800.0,2800.0,,,,0.264
floor5,crop50,oracle,143,8571,142.993,2.0,960,540,1,209.13,170.33,45,53,4.083,2800.0,2800.0,,,,0.268
floor5,crop50,oracle,144,8631,143.994,2.0,960,540,1,209.05,175.09,66,84,4.369,2800.0,2800.0,,,,0.259
floor5,crop50,oracle,145,8691,144.995,2.0,960,540,1,209.11,180.56,50,78,4.713,2800.0,2800.0,,,,0.261
floor5,crop50,oracle,146,8751,145.996,2.0,960,540,1,209.17,185.86,35,51,4.299,2800.0,2800.0,,,,0.258
floor5,crop50,oracle,147,8811,146.997,2.0,960,540,1,209.29,191.43,45,65,3.876,2800.0,2800.0,,,,0.268
floor5,crop50,oracle,148,8871,147.998,2.0,960,540,1,208.97,196.68,42,49,3.73,2800.0,2800.0,,,,0.254
floor5,crop50,oracle,149,8931,148.999,2.0,960,540,1,209.3,201.67,37,53,3.831,2800.0,2800.0,,,,0.278
floor5,crop50,oracle,150,8991,150.0,2.0,960,540,1,209.16,207.41,27,33,3.429,2800.0,2800.0,,,,0.265
floor5,crop50,oracle,151,9051,151.001,2.0,960,540,1,209.41,212.44,25,34,4.121,2800.0,2800.0,,,,0.266
floor5,crop50,oracle,152,9111,152.002,2.0,960,540,1,209.4,217.53,14,23,3.283,2800.0,2800.0,,,,0.269
floor5,crop50,oracle,153,9171,153.003,2.0,960,540,1,203.91,208.31,26,45,4.067,2800.0,2800.0,,,,0.279
floor5,crop50,oracle,154,9231,154.004,2.0,960,540,1,203.83,214.4,38,58,4.038,2800.0,2800.0,,,,0.365
floor5,crop50,oracle,155,9291,155.005,2.0,960,540,1,204.05,220.14,49,70,4.173,2800.0,2800.0,,,,0.334
floor5,crop50,oracle,156,9351,156.006,2.0,960,540,1,204.5,225.61,55,84,3.819,2800.0,2800.0,,,,0.292
floor5,crop50,oracle,157,9411,157.007,2.0,960,540,1,205.08,230.86,57,82,3.969,2800.0,2800.0,,,,0.319
floor5,crop50,oracle,158,9471,158.008,2.0,960,540,1,204.82,236.31,65,98,4.279,2800.0,2800.0,,,,0.319
floor5,crop50,oracle,159,9530,158.992,2.0,960,540,1,205.09,241.59,50,79,4.117,2800.0,2800.0,,,,0.319
floor5,crop50,oracle,160,9590,159.993,2.0,960,540,1,205.14,247.18,56,90,4.321,2800.0,2800.0,,,,0.32
floor5,crop50,oracle,161,9650,160.994,2.0,960,540,1,205.33,253.0,57,88,4.816,2800.0,2800.0,,,,0.315
floor5,crop50,oracle,162,9710,161.995,2.0,960,540,1,206.13,258.16,52,89,4.171,2800.0,2800.0,,,,0.322
floor5,crop50,oracle,163,9770,162.996,2.0,960,540,1,205.4,263.94,56,84,5.074,2800.0,2800.0,,,,0.319
floor5,crop50,oracle,164,9830,163.997,2.0,960,540,1,206.26,269.32,41,63,3.998,2800.0,2800.0,,,,0.3
floor5,crop50,oracle,165,9890,164.998,2.0,960,540,1,206.33,274.27,41,67,3.531,2800.0,2800.0,,,,0.342
floor5,crop50,oracle,166,9950,165.999,2.0,960,540,1,206.69,279.84,44,70,3.759,2800.0,2800.0,,,,0.305
floor5,crop50,oracle,167,10010,167.0,2.0,960,540,1,206.9,285.74,43,75,3.532,2800.0,2800.0,,,,0.345
floor5,crop50,oracle,168,10070,168.001,2.0,960,540,1,206.95,291.09,45,81,3.953,2800.0,2800.0,,,,0.355
floor5,crop50,oracle,169,10130,169.002,2.0,960,540,1,207.01,296.66,45,78,3.703,2800.0,2800.0,,,,0.335
floor5,crop50,oracle,170,10190,170.003,2.0,960,540,1,207.01,302.17,44,81,4.411,2800.0,2800.0,,,,0.335
floor5,crop50,oracle,171,10250,171.004,2.0,960,540,1,207.17,307.68,43,75,3.154,2800.0,2800.0,,,,0.315
floor5,crop50,oracle,172,10310,172.005,2.0,960,540,1,207.58,313.58,45,69,3.748,2800.0,2800.0,,,,0.318
floor5,crop50,oracle,173,10370,173.006,2.0,960,540,1,207.76,317.89,46,67,4.025,2800.0,2800.0,,,,0.284
floor5,crop50,oracle,174,10430,174.007,2.0,960,540,1,207.64,323.98,59,81,3.708,2800.0,2800.0,,,,0.312
floor5,crop50,oracle,175,10490,175.008,2.0,960,540,1,207.65,329.53,59,82,3.695,2800.0,2800.0,,,,0.3
floor5,crop50,oracle,176,10549,175.992,2.0,960,540,1,207.94,334.77,54,78,3.525,2800.0,2800.0,,,,0.298
floor5,crop50,oracle,177,10609,176.993,2.0,960,540,1,208.16,339.96,59,77,4.078,2800.0,2800.0,,,,0.32
floor5,crop50,oracle,178,10669,177.994,2.0,960,540,1,208.02,345.39,62,88,4.101,2800.0,2800.0,,,,0.326
floor5,crop50,oracle,179,10729,178.995,2.0,960,540,1,208.27,350.66,46,68,4.597,2800.0,2800.0,,,,0.313
floor5,crop50,oracle,180,10789,179.996,2.0,960,540,1,208.55,355.74,37,63,4.383,2800.0,2800.0,,,,0.33
floor5,crop50,oracle,181,10849,180.997,2.0,960,540,1,208.7,361.04,39,66,4.291,2800.0,2800.0,,,,0.292
floor5,crop50,oracle,182,10909,181.998,2.0,960,540,1,209.87,348.94,99,163,3.472,2800.0,2800.0,,,,0.274
floor5,crop50,oracle,183,10969,182.999,2.0,960,540,1,210.06,353.13,70,93,3.481,2800.0,2800.0,,,,0.259
floor5,crop50,oracle,184,11029,184.0,2.0,960,540,1,210.27,357.58,80,99,3.178,2800.0,2800.0,,,,0.256
floor5,crop50,oracle,185,11089,185.001,2.0,960,540,1,210.18,361.76,70,90,3.489,2800.0,2800.0,,,,0.262
floor5,crop50,oracle,186,11149,186.002,2.0,960,540,1,210.24,366.05,78,97,3.705,2800.0,2800.0,,,,0.267
floor5,crop50,oracle,187,11209,187.003,2.0,960,540,1,210.47,370.33,69,99,3.376,2800.0,2800.0,,,,0.262
floor5,crop50,oracle,188,11269,188.004,2.0,960,540,1,210.69,374.65,70,99,3.53,2800.0,2800.0,,,,0.262
floor5,crop50,oracle,189,11329,189.005,2.0,960,540,1,210.76,378.75,75,101,4.159,2800.0,2800.0,,,,0.261
floor5,crop50,oracle,190,11389,190.006,2.0,960,540,1,210.89,382.44,78,95,4.29,2800.0,2800.0,,,,0.263
floor5,crop50,oracle,191,11449,191.007,2.0,960,540,1,210.43,386.44,69,98,3.531,2800.0,2800.0,,,,0.246
floor5,crop50,oracle,192,11508,191.992,2.0,960,540,1,210.16,390.06,76,96,4.104,2800.0,2800.0,,,,0.254
floor5,crop50,oracle,193,11568,192.993,2.0,960,540,1,210.03,394.56,54,67,4.311,2800.0,2800.0,,,,0.252
floor5,crop50,oracle,194,11628,193.994,2.0,960,540,1,210.27,398.66,61,84,2.657,2800.0,2800.0,,,,0.263
floor5,crop50,oracle,195,11688,194.995,2.0,960,540,1,210.55,402.62,83,102,3.486,2800.0,2800.0,,,,0.257
floor5,crop50,oracle,196,11748,195.996,2.0,960,540,1,210.87,406.82,54,71,2.487,2800.0,2800.0,,,,0.255
floor5,crop50,oracle,197,11808,196.997,2.0,960,540,1,210.77,411.09,62,79,3.061,2800.0,2800.0,,,,0.267
floor5,crop50,oracle,198,11868,197.998,2.0,960,540,1,210.97,415.23,64,82,4.097,2800.0,2800.0,,,,0.26
floor5,crop50,oracle,199,11928,198.999,2.0,960,540,1,211.27,419.21,72,94,3.24,2800.0,2800.0,,,,0.259
floor5,crop50,oracle,200,11988,200.0,2.0,960,540,1,211.72,423.18,69,82,3.86,2800.0,2800.0,,,,0.256
floor5,crop50,oracle,201,12048,201.001,2.0,960,540,1,211.99,426.79,64,86,4.134,2800.0,2800.0,,,,0.256
floor5,crop50,oracle,202,12108,202.002,2.0,960,540,1,212.15,430.27,71,89,3.766,2800.0,2800.0,,,,0.256
floor5,crop50,oracle,203,12168,203.003,2.0,960,540,1,212.35,433.45,77,92,3.879,2800.0,2800.0,,,,0.244
floor5,crop50,oracle,204,12228,204.004,2.0,960,540,1,212.26,435.78,45,68,3.56,2800.0,2800.0,,,,0.252
floor5,crop50,oracle,205,12288,205.005,2.0,960,540,1,212.63,437.03,38,59,3.256,2800.0,2800.0,,,,0.254
floor5,crop50,oracle,206,12348,206.006,2.0,960,540,1,212.66,452.42,30,66,4.744,2800.0,2800.0,,,,0.28
floor5,crop50,oracle,207,12408,207.007,2.0,960,540,1,211.78,451.61,24,57,3.743,2800.0,2800.0,,,,0.301
floor5,crop50,oracle,208,12468,208.008,2.0,960,540,1,292.24,463.2,18,64,3.748,2800.0,2800.0,,,,0.418
floor5,crop50,oracle,209,12527,208.992,2.0,960,540,0,,,0,0,,2800.0,2800.0,,,,0.258
floor5,crop50,oracle,210,12587,209.993,2.0,960,540,0,,,0,0,,2800.0,2800.0,,,,0.288
floor5,crop50,oracle,211,12647,210.994,2.0,960,540,0,,,0,0,,2800.0,2800.0,,,,0.257
floor5,crop50,oracle,212,12707,211.995,2.0,960,540,0,,,0,0,,2800.0,2800.0,,,,0.256
floor5,crop50,oracle,213,12767,212.996,2.0,960,540,1,205.54,437.07,37,62,4.338,2800.0,2800.0,,,,0.257
floor5,crop50,oracle,214,12827,213.997,2.0,960,540,1,205.6,434.87,48,73,4.124,2800.0,2800.0,,,,0.249
floor5,crop50,oracle,215,12887,214.998,2.0,960,540,1,206.15,432.24,38,49,3.045,2800.0,2800.0,,,,0.256
floor5,crop50,oracle,216,12947,215.999,2.0,960,540,1,206.37,429.35,45,60,3.39,2800.0,2800.0,,,,0.26
floor5,crop50,oracle,217,13007,217.0,2.0,960,540,1,206.64,425.39,43,58,3.087,2800.0,2800.0,,,,0.265
floor5,crop50,oracle,218,13067,218.001,2.0,960,540,1,207.26,420.67,42,57,3.339,2800.0,2800.0,,,,0.259
floor5,crop50,oracle,219,13127,219.002,2.0,960,540,1,207.42,416.92,34,48,3.428,2800.0,2800.0,,,,0.258
floor5,crop50,oracle,220,13187,220.003,2.0,960,540,1,207.53,412.23,39,48,4.154,2800.0,2800.0,,,,0.263
floor5,crop50,oracle,221,13247,221.004,2.0,960,540,1,207.59,407.59,44,61,3.422,2800.0,2800.0,,,,0.277
floor5,crop50,oracle,222,13307,222.005,2.0,960,540,1,207.1,403.67,34,48,4.37,2800.0,2800.0,,,,0.259
floor5,crop50,oracle,223,13367,223.006,2.0,960,540,1,207.36,398.9,32,48,4.137,2800.0,2800.0,,,,0.267
floor5,crop50,oracle,224,13427,224.007,2.0,960,540,1,207.2,394.98,36,52,3.881,2800.0,2800.0,,,,0.264
floor5,crop50,oracle,225,13487,225.008,2.0,960,540,1,207.01,391.09,22,41,5.239,2800.0,2800.0,,,,0.273
floor5,crop50,oracle,226,13546,225.992,2.0,960,540,1,206.53,387.42,14,27,3.986,2800.0,2800.0,,,,0.275
floor5,crop50,oracle,227,13606,226.993,2.0,960,540,1,294.9,248.44,13,32,5.485,2800.0,2800.0,,,,0.289
floor5,crop50,oracle,228,13666,227.994,2.0,960,540,1,205.61,378.63,24,39,5.651,2800.0,2800.0,,,,0.264
floor5,crop50,oracle,229,13726,228.995,2.0,960,540,1,205.16,375.42,29,45,4.796,2800.0,2800.0,,,,0.258
floor5,crop50,oracle,230,13786,229.996,2.0,960,540,1,205.16,370.4,31,45,4.543,2800.0,2800.0,,,,0.267
floor5,crop50,oracle,231,13846,230.997,2.0,960,540,1,205.22,366.04,35,50,4.154,2800.0,2800.0,,,,0.266
floor5,crop50,oracle,232,13906,231.998,2.0,960,540,1,205.59,361.67,34,49,3.975,2800.0,2800.0,,,,0.265
floor5,crop50,oracle,233,13966,232.999,2.0,960,540,1,206.06,357.0,24,40,4.894,2800.0,2800.0,,,,0.306
floor5,crop50,oracle,234,14026,234.0,2.0,960,540,1,206.1,351.3,17,39,4.234,2800.0,2800.0,,,,0.324
floor5,crop50,oracle,235,14086,235.001,2.0,960,540,1,206.16,346.1,25,52,5.266,2800.0,2800.0,,,,0.321
floor5,crop50,oracle,236,14146,236.002,2.0,960,540,1,206.7,342.64,17,53,3.592,2800.0,2800.0,,,,0.329
floor5,crop50,oracle,237,14206,237.003,2.0,960,540,1,206.5,336.88,14,26,3.4,2800.0,2800.0,,,,0.295
floor5,crop50,oracle,238,14266,238.004,2.0,960,540,1,205.96,333.34,11,20,2.458,2800.0,2800.0,,,,0.285
floor5,crop50,oracle,239,14326,239.005,2.0,960,540,1,206.09,329.71,19,41,4.254,2800.0,2800.0,,,,0.28
floor5,crop50,oracle,240,14386,240.006,2.0,960,540,1,205.87,325.92,23,48,4.081,2800.0,2800.0,,,,0.295
floor5,crop50,oracle,241,14446,241.007,2.0,960,540,1,205.83,321.48,16,32,4.425,2800.0,2800.0,,,,0.271
floor5,crop50,oracle,242,14505,241.992,2.0,960,540,1,205.41,316.47,19,38,3.163,2800.0,2800.0,,,,0.276
floor5,crop50,oracle,243,14565,242.993,2.0,960,540,1,205.33,312.81,35,53,3.246,2800.0,2800.0,,,,0.274
floor5,crop50,oracle,244,14625,243.994,2.0,960,540,1,204.98,307.91,31,53,4.453,2800.0,2800.0,,,,0.267
floor5,crop50,oracle,245,14685,244.995,2.0,960,540,1,205.1,303.69,22,47,3.431,2800.0,2800.0,,,,0.307
floor5,crop50,oracle,246,14745,245.996,2.0,960,540,1,204.91,298.51,26,53,3.466,2800.0,2800.0,,,,0.293
floor5,crop50,oracle,247,14805,246.997,2.0,960,540,1,204.76,294.72,25,39,4.052,2800.0,2800.0,,,,0.307
floor5,crop50,oracle,248,14865,247.998,2.0,960,540,1,204.34,289.59,36,52,3.703,2800.0,2800.0,,,,0.286
floor5,crop50,oracle,249,14925,248.999,2.0,960,540,1,204.35,284.49,31,55,3.886,2800.0,2800.0,,,,0.287
floor5,crop50,oracle,250,14985,250.0,2.0,960,540,1,204.89,279.35,28,42,3.837,2800.0,2800.0,,,,0.273
floor5,crop50,oracle,251,15045,251.001,2.0,960,540,1,205.25,275.22,38,55,3.061,2800.0,2800.0,,,,0.275
floor5,crop50,oracle,252,15105,252.002,2.0,960,540,1,205.54,270.65,32,50,3.5,2800.0,2800.0,,,,0.293
floor5,crop50,oracle,253,15165,253.003,2.0,960,540,1,205.04,265.53,30,46,3.652,2800.0,2800.0,,,,0.269
floor5,crop50,oracle,254,15225,254.004,2.0,960,540,1,204.36,261.03,28,42,2.186,2800.0,2800.0,,,,0.271
floor5,crop50,oracle,255,15285,255.005,2.0,960,540,1,203.79,256.09,40,56,4.046,2800.0,2800.0,,,,0.266
floor5,crop50,oracle,256,15345,256.006,2.0,960,540,1,203.38,251.65,26,38,3.916,2800.0,2800.0,,,,0.276
floor5,crop50,oracle,257,15405,257.007,2.0,960,540,1,202.81,248.07,34,47,3.172,2800.0,2800.0,,,,0.252
floor5,crop50,oracle,258,15465,258.008,2.0,960,540,1,202.78,243.75,41,57,4.036,2800.0,2800.0,,,,0.259
floor5,crop50,oracle,259,15524,258.992,2.0,960,540,1,202.69,239.19,44,63,4.121,2800.0,2800.0,,,,0.255
floor5,crop50,oracle,260,15584,259.993,2.0,960,540,1,203.26,234.6,49,70,4.199,2800.0,2800.0,,,,0.272
floor5,crop50,oracle,261,15644,260.994,2.0,960,540,1,204.32,230.29,49,72,4.115,2800.0,2800.0,,,,0.25
floor5,crop50,oracle,262,15704,261.995,2.0,960,540,1,205.45,225.97,32,55,3.935,2800.0,2800.0,,,,0.268
floor5,crop50,oracle,263,15764,262.996,2.0,960,540,1,206.2,221.37,18,28,3.613,2800.0,2800.0,,,,0.275
floor5,crop50,oracle,264,15824,263.997,2.0,960,540,1,206.96,217.75,10,20,2.397,2800.0,2800.0,,,,0.278
floor5,crop50,oracle,265,15884,264.998,2.0,960,540,1,209.86,244.6,38,42,3.397,2800.0,2800.0,,,,0.264
floor5,crop50,oracle,266,15944,265.999,2.0,960,540,1,211.62,239.97,12,19,2.006,2800.0,2800.0,,,,0.259
floor5,crop50,oracle,267,16004,267.0,2.0,960,540,0,,,0,0,,2800.0,2800.0,,,,0.287
floor5,crop50,oracle,268,16064,268.001,2.0,960,540,1,218.26,233.68,21,32,3.97,2800.0,2800.0,,,,0.269
floor5,crop50,oracle,269,16124,269.002,2.0,960,540,1,221.76,233.11,23,31,4.089,2800.0,2800.0,,,,0.274
floor5,crop50,oracle,270,16184,270.003,2.0,960,540,1,226.62,232.83,58,92,4.207,2800.0,2800.0,,,,0.273
floor5,crop50,oracle,271,16244,271.004,2.0,960,540,1,232.02,234.31,49,71,3.894,2800.0,2800.0,,,,0.269
floor5,crop50,oracle,272,16304,272.005,2.0,960,540,1,236.63,234.98,57,88,2.833,2800.0,2800.0,,,,0.255
floor5,crop50,oracle,273,16364,273.006,2.0,960,540,1,241.36,235.77,63,84,3.423,2800.0,2800.0,,,,0.249
floor5,crop50,oracle,274,16424,274.007,2.0,960,540,1,246.16,236.44,52,65,3.494,2800.0,2800.0,,,,0.245
floor5,crop50,oracle,275,16484,275.008,2.0,960,540,1,250.99,237.89,43,61,3.325,2800.0,2800.0,,,,0.252
floor5,crop50,oracle,276,16543,275.992,2.0,960,540,1,255.05,238.53,52,70,4.184,2800.0,2800.0,,,,0.248
floor5,crop50,oracle,277,16603,276.993,2.0,960,540,1,259.59,239.49,40,63,3.662,2800.0,2800.0,,,,0.252
floor5,crop50,oracle,278,16663,277.994,2.0,960,540,1,264.38,239.87,35,58,4.109,2800.0,2800.0,,,,0.255
floor5,crop50,oracle,279,16723,278.995,2.0,960,540,1,269.69,239.32,30,46,4.288,2800.0,2800.0,,,,0.252
floor5,crop50,oracle,280,16783,279.996,2.0,960,540,1,274.99,239.83,33,46,4.862,2800.0,2800.0,,,,0.249
floor5,crop50,oracle,281,16843,280.997,2.0,960,540,1,279.72,241.07,31,44,4.44,2800.0,2800.0,,,,0.243
floor5,crop50,oracle,282,16903,281.998,2.0,960,540,1,284.0,242.66,37,50,3.155,2800.0,2800.0,,,,0.237
floor5,crop50,oracle,283,16963,282.999,2.0,960,540,1,287.62,245.06,27,36,4.006,2800.0,2800.0,,,,0.253
floor5,crop50,oracle,284,17023,284.0,2.0,960,540,1,290.53,248.46,40,55,5.245,2800.0,2800.0,,,,0.263
floor5,crop50,oracle,285,17083,285.001,2.0,960,540,1,291.3,251.9,42,59,3.972,2800.0,2800.0,,,,0.248
floor5,crop50,oracle,286,17143,286.002,2.0,960,540,1,291.73,256.64,42,62,4.022,2800.0,2800.0,,,,0.24
floor5,crop50,oracle,287,17203,287.003,2.0,960,540,1,291.96,261.18,46,74,3.664,2800.0,2800.0,,,,0.266
floor5,crop50,oracle,288,17263,288.004,2.0,960,540,1,292.55,266.25,30,49,4.366,2800.0,2800.0,,,,0.26
floor5,crop50,oracle,289,17323,289.005,2.0,960,540,1,292.88,270.84,28,47,3.922,2800.0,2800.0,,,,0.267
floor5,crop50,oracle,290,17383,290.006,2.0,960,540,1,292.7,275.01,45,77,4.41,2800.0,2800.0,,,,0.276
floor5,crop50,oracle,291,17443,291.007,2.0,960,540,1,292.97,279.89,46,82,3.819,2800.0,2800.0,,,,0.286
floor5,crop50,oracle,292,17502,291.992,2.0,960,540,1,292.76,284.46,70,101,4.152,2800.0,2800.0,,,,0.338
floor5,crop50,oracle,293,17562,292.993,2.0,960,540,1,292.26,289.57,60,98,3.646,2800.0,2800.0,,,,0.321
floor5,crop50,oracle,294,17622,293.994,2.0,960,540,1,292.1,294.33,69,99,3.837,2800.0,2800.0,,,,0.272
floor5,crop50,oracle,295,17682,294.995,2.0,960,540,1,292.32,299.63,76,95,3.712,2800.0,2800.0,,,,0.272
floor5,crop50,oracle,296,17742,295.996,2.0,960,540,1,292.33,304.76,66,91,3.212,2800.0,2800.0,,,,0.257
floor5,crop50,oracle,297,17802,296.997,2.0,960,540,1,292.62,309.74,76,94,3.359,2800.0,2800.0,,,,0.255
floor5,crop50,oracle,298,17862,297.998,2.0,960,540,1,292.83,314.84,64,87,3.315,2800.0,2800.0,,,,0.289
floor5,crop50,oracle,299,17922,298.999,2.0,960,540,1,292.63,319.52,91,116,3.722,2800.0,2800.0,,,,0.264
floor5,crop50,oracle,300,17982,300.0,2.0,960,540,1,292.52,324.38,78,106,3.616,2800.0,2800.0,,,,0.259
floor5,crop50,oracle,301,18042,301.001,2.0,960,540,1,292.33,329.12,67,103,4.122,2800.0,2800.0,,,,0.265
floor5,crop50,oracle,302,18102,302.002,2.0,960,540,1,292.48,334.09,66,89,3.91,2800.0,2800.0,,,,0.257
floor5,crop50,oracle,303,18162,303.003,2.0,960,540,1,292.58,338.86,60,83,4.44,2800.0,2800.0,,,,0.253
floor5,crop50,oracle,304,18222,304.004,2.0,960,540,1,292.76,344.15,47,61,3.606,2800.0,2800.0,,,,0.263
floor5,crop50,oracle,305,18282,305.005,2.0,960,540,1,292.74,349.14,32,45,3.911,2800.0,2800.0,,,,0.259
floor5,crop50,oracle,306,18342,306.006,2.0,960,540,1,292.65,354.28,45,59,3.97,2800.0,2800.0,,,,0.258
floor5,crop50,oracle,307,18402,307.007,2.0,960,540,1,293.04,358.81,46,72,4.012,2800.0,2800.0,,,,0.254
floor5,crop50,oracle,308,18462,308.008,2.0,960,540,1,293.44,363.58,52,75,4.362,2800.0,2800.0,,,,0.255
floor5,crop50,oracle,309,18521,308.992,2.0,960,540,1,293.72,368.25,47,74,4.021,2800.0,2800.0,,,,0.253
floor5,crop50,oracle,310,18581,309.993,2.0,960,540,1,293.59,372.69,41,65,6.265,2800.0,2800.0,,,,0.266
floor5,crop50,oracle,311,18641,310.994,2.0,960,540,1,294.05,378.41,27,51,4.477,2800.0,2800.0,,,,0.262
floor5,crop50,oracle,312,18701,311.995,2.0,960,540,1,294.24,383.66,44,70,3.995,2800.0,2800.0,,,,0.26
floor5,crop50,oracle,313,18761,312.996,2.0,960,540,1,294.44,388.83,59,77,3.551,2800.0,2800.0,,,,0.263
floor5,crop50,oracle,314,18821,313.997,2.0,960,540,1,294.67,393.68,42,65,3.407,2800.0,2800.0,,,,0.272
floor5,crop50,oracle,315,18881,314.998,2.0,960,540,1,295.09,398.56,38,62,2.957,2800.0,2800.0,,,,0.266
floor5,crop50,oracle,316,18941,315.999,2.0,960,540,1,295.22,403.04,56,79,3.747,2800.0,2800.0,,,,0.261
floor5,crop50,oracle,317,19001,317.0,2.0,960,540,1,295.44,407.99,60,83,4.015,2800.0,2800.0,,,,0.264
floor5,crop50,oracle,318,19061,318.001,2.0,960,540,1,295.37,413.01,52,80,3.91,2800.0,2800.0,,,,0.259
floor5,crop50,oracle,319,19121,319.002,2.0,960,540,1,295.22,417.29,54,82,4.212,2800.0,2800.0,,,,0.25
floor5,crop50,oracle,320,19181,320.003,2.0,960,540,1,295.37,421.53,41,73,5.786,2800.0,2800.0,,,,0.263
floor5,crop50,oracle,321,19241,321.004,2.0,960,540,1,296.13,426.03,27,39,4.868,2800.0,2800.0,,,,0.264
floor5,crop50,oracle,322,19301,322.005,2.0,960,540,1,294.69,430.32,23,36,3.923,2800.0,2800.0,,,,0.271
floor5,crop50,oracle,323,19361,323.006,2.0,960,540,1,292.4,434.51,26,40,3.131,2800.0,2800.0,,,,0.27
floor5,crop50,oracle,324,19421,324.007,2.0,960,540,1,297.34,437.83,23,46,4.809,2800.0,2800.0,,,,0.278
floor5,crop50,oracle,325,19481,325.008,2.0,960,540,1,295.2,442.56,26,43,3.989,2800.0,2800.0,,,,0.275
floor5,crop50,oracle,326,19540,325.992,2.0,960,540,1,297.92,446.17,22,41,3.535,2800.0,2800.0,,,,0.285
floor5,crop50,oracle,327,19600,326.993,2.0,960,540,1,297.64,449.83,20,40,4.005,2800.0,2800.0,,,,0.297
floor5,crop50,oracle,328,19660,327.994,2.0,960,540,1,297.11,453.44,14,24,3.484,2800.0,2800.0,,,,0.307
floor5,crop50,oracle,329,19720,328.995,2.0,960,540,0,,,0,0,,2800.0,2800.0,,,,0.291
floor5,crop50,oracle,330,19780,329.996,2.0,960,540,0,,,0,0,,2800.0,2800.0,,,,0.319
floor5,crop50,oracle,331,19840,330.997,2.0,960,540,0,,,0,0,,2800.0,2800.0,,,,0.263
floor5,crop43,map,0,0,0.0,1.0,1440,1080,1,291.02,463.94,49,106,3.355,1400.0,1400.0,,,,0.255
floor5,crop43,map,1,60,1.001,1.0,1440,1080,1,293.08,460.05,57,140,3.499,1400.0,1400.0,,,,0.273
floor5,crop43,map,2,120,2.002,1.0,1440,1080,1,292.77,463.37,48,133,3.603,1400.0,1400.0,,,,0.294
floor5,crop43,map,3,180,3.003,1.0,1440,1080,1,291.39,459.66,12,36,2.553,1400.0,1400.0,,,,0.41
floor5,crop43,map,4,240,4.004,1.0,1440,1080,1,289.4,465.08,14,36,3.28,1400.0,1400.0,,,,0.416
floor5,crop43,map,5,300,5.005,1.0,1440,1080,1,295.1,463.56,33,104,3.552,1400.0,1400.0,,,,0.324
floor5,crop43,map,6,360,6.006,1.0,1440,1080,1,295.86,460.59,45,174,4.43,1400.0,1400.0,,,,0.396
floor5,crop43,map,7,420,7.007,1.0,1440,1080,1,290.9,462.61,19,50,4.301,1400.0,1400.0,,,,0.369
floor5,crop43,map,8,480,8.008,1.0,1440,1080,1,297.51,461.38,34,83,3.265,1400.0,1400.0,,,,0.304
floor5,crop43,map,9,539,8.992,1.0,1440,1080,1,298.0,457.81,35,62,2.801,1400.0,1400.0,,,,0.29
floor5,crop43,map,10,599,9.993,1.0,1440,1080,1,297.89,454.5,31,80,2.242,1400.0,1400.0,,,,0.306
floor5,crop43,map,11,659,10.994,1.0,1440,1080,1,297.66,450.29,27,59,2.741,1400.0,1400.0,,,,0.291
floor5,crop43,map,12,719,11.995,1.0,1440,1080,1,297.44,446.52,31,63,2.426,1400.0,1400.0,,,,0.291
floor5,crop43,map,13,779,12.996,1.0,1440,1080,1,297.05,442.57,29,64,3.22,1400.0,1400.0,,,,0.298
floor5,crop43,map,14,839,13.997,1.0,1440,1080,1,292.1,439.01,26,56,2.087,1400.0,1400.0,,,,0.298
floor5,crop43,map,15,899,14.998,1.0,1440,1080,1,296.97,433.68,23,50,3.063,1400.0,1400.0,,,,0.291
floor5,crop43,map,16,959,15.999,1.0,1440,1080,1,297.92,429.63,30,53,3.167,1400.0,1400.0,,,,0.307
floor5,crop43,map,17,1019,17.0,1.0,1440,1080,1,298.74,425.06,27,51,4.402,1400.0,1400.0,,,,0.315
floor5,crop43,map,18,1079,18.001,1.0,1440,1080,1,299.34,420.24,30,62,2.859,1400.0,1400.0,,,,0.285
floor5,crop43,map,19,1139,19.002,1.0,1440,1080,1,299.57,415.79,37,59,3.096,1400.0,1400.0,,,,0.289
floor5,crop43,map,20,1199,20.003,1.0,1440,1080,1,299.42,410.76,39,74,3.749,1400.0,1400.0,,,,0.281
floor5,crop43,map,21,1259,21.004,1.0,1440,1080,1,299.13,405.52,42,83,3.492,1400.0,1400.0,,,,0.289
floor5,crop43,map,22,1319,22.005,1.0,1440,1080,1,298.77,400.13,37,69,2.742,1400.0,1400.0,,,,0.279
floor5,crop43,map,23,1379,23.006,1.0,1440,1080,1,299.04,395.62,49,77,2.703,1400.0,1400.0,,,,0.262
floor5,crop43,map,24,1439,24.007,1.0,1440,1080,1,298.9,390.73,64,109,1.824,1400.0,1400.0,,,,0.255
floor5,crop43,map,25,1499,25.008,1.0,1440,1080,1,298.42,385.87,94,130,2.479,1400.0,1400.0,,,,0.273
floor5,crop43,map,26,1558,25.993,1.0,1440,1080,1,298.45,381.35,99,135,2.4,1400.0,1400.0,,,,0.266
floor5,crop43,map,27,1618,26.994,1.0,1440,1080,1,298.58,376.27,115,154,2.73,1400.0,1400.0,,,,0.271
floor5,crop43,map,28,1678,27.995,1.0,1440,1080,1,298.91,371.48,99,139,2.905,1400.0,1400.0,,,,0.267
floor5,crop43,map,29,1738,28.996,1.0,1440,1080,1,298.14,366.55,84,130,3.294,1400.0,1400.0,,,,0.292
floor5,crop43,map,30,1798,29.997,1.0,1440,1080,1,297.57,361.55,42,86,2.514,1400.0,1400.0,,,,0.294
floor5,crop43,map,31,1858,30.998,1.0,1440,1080,1,297.4,356.22,40,85,3.271,1400.0,1400.0,,,,0.297
floor5,crop43,map,32,1918,31.999,1.0,1440,1080,1,292.9,351.97,36,98,2.937,1400.0,1400.0,,,,0.313
floor5,crop43,map,33,1978,33.0,1.0,1440,1080,1,297.13,345.68,33,95,3.614,1400.0,1400.0,,,,0.342
floor5,crop43,map,34,2038,34.001,1.0,1440,1080,1,296.81,341.11,39,93,2.691,1400.0,1400.0,,,,0.302
floor5,crop43,map,35,2098,35.002,1.0,1440,1080,1,295.87,336.02,37,113,3.081,1400.0,1400.0,,,,0.333
floor5,crop43,map,36,2158,36.003,1.0,1440,1080,1,290.96,332.42,36,97,3.778,1400.0,1400.0,,,,0.332
floor5,crop43,map,37,2218,37.004,1.0,1440,1080,1,295.28,326.12,30,78,2.405,1400.0,1400.0,,,,0.33
floor5,crop43,map,38,2278,38.005,1.0,1440,1080,1,290.37,321.55,34,98,3.629,1400.0,1400.0,,,,0.344
floor5,crop43,map,39,2338,39.006,1.0,1440,1080,1,295.03,316.72,35,95,3.873,1400.0,1400.0,,,,0.342
floor5,crop43,map,40,2398,40.007,1.0,1440,1080,1,294.79,310.56,36,113,3.352,1400.0,1400.0,,,,0.344
floor5,crop43,map,41,2458,41.008,1.0,1440,1080,1,295.22,304.61,32,98,4.186,1400.0,1400.0,,,,0.363
floor5,crop43,map,42,2517,41.992,1.0,1440,1080,1,295.39,299.63,30,91,4.127,1400.0,1400.0,,,,0.358
floor5,crop43,map,43,2577,42.993,1.0,1440,1080,1,295.44,294.94,41,108,4.035,1400.0,1400.0,,,,0.326
floor5,crop43,map,44,2637,43.994,1.0,1440,1080,1,295.23,289.65,45,119,4.339,1400.0,1400.0,,,,0.356
floor5,crop43,map,45,2697,44.995,1.0,1440,1080,1,295.79,284.05,36,112,3.995,1400.0,1400.0,,,,0.36
floor5,crop43,map,46,2757,45.996,1.0,1440,1080,1,296.09,279.41,27,100,2.915,1400.0,1400.0,,,,0.364
floor5,crop43,map,47,2817,46.997,1.0,1440,1080,1,294.98,274.59,33,109,3.16,1400.0,1400.0,,,,0.359
floor5,crop43,map,48,2877,47.998,1.0,1440,1080,1,294.56,269.76,36,121,3.224,1400.0,1400.0,,,,0.364
floor5,crop43,map,49,2937,48.999,1.0,1440,1080,1,294.92,264.46,33,124,3.549,1400.0,1400.0,,,,0.359
floor5,crop43,map,50,2997,50.0,1.0,1440,1080,1,289.32,260.93,22,140,3.92,1400.0,1400.0,,,,0.364
floor5,crop43,map,51,3057,51.001,1.0,1440,1080,0,,,0,0,,1400.0,1400.0,,,,0.376
floor5,crop43,map,52,3117,52.002,1.0,1440,1080,1,290.08,236.92,16,103,4.087,1400.0,1400.0,,,,0.373
floor5,crop43,map,53,3177,53.003,1.0,1440,1080,1,285.06,235.55,21,108,4.482,1400.0,1400.0,,,,0.373
floor5,crop43,map,54,3237,54.004,1.0,1440,1080,1,285.11,232.64,19,102,4.619,1400.0,1400.0,,,,0.378
floor5,crop43,map,55,3297,55.005,1.0,1440,1080,1,287.35,235.38,17,98,2.827,1400.0,1400.0,,,,0.375
floor5,crop43,map,56,3357,56.006,1.0,1440,1080,1,285.79,233.87,19,79,2.919,1400.0,1400.0,,,,0.349
floor5,crop43,map,57,3417,57.007,1.0,1440,1080,1,281.93,228.27,18,101,2.74,1400.0,1400.0,,,,0.34
floor5,crop43,map,58,3477,58.008,1.0,1440,1080,1,276.42,226.09,30,110,2.935,1400.0,1400.0,,,,0.369
floor5,crop43,map,59,3536,58.992,1.0,1440,1080,1,272.06,225.44,22,103,1.812,1400.0,1400.0,,,,0.37
floor5,crop43,map,60,3596,59.993,1.0,1440,1080,1,262.41,225.93,17,83,2.712,1400.0,1400.0,,,,0.393
floor5,crop43,map,61,3656,60.994,1.0,1440,1080,1,262.43,221.56,11,52,2.322,1400.0,1400.0,,,,0.382
floor5,crop43,map,62,3716,61.995,1.0,1440,1080,1,235.34,233.12,23,85,3.419,1400.0,1400.0,,,,0.37
floor5,crop43,map,63,3776,62.996,1.0,1440,1080,1,223.84,230.26,19,93,3.377,1400.0,1400.0,,,,0.354
floor5,crop43,map,64,3836,63.997,1.0,1440,1080,1,230.95,234.2,24,109,2.972,1400.0,1400.0,,,,0.385
floor5,crop43,map,65,3896,64.998,1.0,1440,1080,1,228.47,234.43,27,112,3.851,1400.0,1400.0,,,,0.381
floor5,crop43,map,66,3956,65.999,1.0,1440,1080,1,227.66,234.52,27,130,3.509,1400.0,1400.0,,,,0.386
floor5,crop43,map,67,4016,67.0,1.0,1440,1080,1,238.86,227.73,25,116,4.119,1400.0,1400.0,,,,0.384
floor5,crop43,map,68,4076,68.001,1.0,1440,1080,1,226.84,222.94,20,94,3.057,1400.0,1400.0,,,,0.391
floor5,crop43,map,69,4136,69.002,1.0,1440,1080,1,217.04,221.88,22,94,4.154,1400.0,1400.0,,,,0.378
floor5,crop43,map,70,4196,70.003,1.0,1440,1080,1,214.65,220.61,21,93,2.816,1400.0,1400.0,,,,0.389
floor5,crop43,map,71,4256,71.004,1.0,1440,1080,1,211.67,224.95,16,88,3.605,1400.0,1400.0,,,,0.35
floor5,crop43,map,72,4316,72.005,1.0,1440,1080,1,209.71,221.03,12,72,3.318,1400.0,1400.0,,,,0.343
floor5,crop43,map,73,4376,73.006,1.0,1440,1080,0,,,0,0,,1400.0,1400.0,,,,0.328
floor5,crop43,map,74,4436,74.007,1.0,1440,1080,0,,,0,0,,1400.0,1400.0,,,,0.318
floor5,crop43,map,75,4496,75.008,1.0,1440,1080,0,,,0,0,,1400.0,1400.0,,,,0.273
floor5,crop43,map,76,4555,75.993,1.0,1440,1080,0,,,0,0,,1400.0,1400.0,,,,0.279
floor5,crop43,map,77,4615,76.994,1.0,1440,1080,1,205.97,195.85,62,101,4.178,1400.0,1400.0,,,,0.25
floor5,crop43,map,78,4675,77.995,1.0,1440,1080,1,206.04,191.85,62,102,3.167,1400.0,1400.0,,,,0.261
floor5,crop43,map,79,4735,78.996,1.0,1440,1080,1,205.88,188.35,47,95,4.202,1400.0,1400.0,,,,0.272
floor5,crop43,map,80,4795,79.997,1.0,1440,1080,1,204.86,184.54,48,94,3.044,1400.0,1400.0,,,,0.264
floor5,crop43,map,81,4855,80.998,1.0,1440,1080,1,203.73,181.02,65,114,3.902,1400.0,1400.0,,,,0.256
floor5,crop43,map,82,4915,81.999,1.0,1440,1080,1,202.47,177.33,61,119,3.535,1400.0,1400.0,,,,0.263
floor5,crop43,map,83,4975,83.0,1.0,1440,1080,1,201.01,173.18,47,96,2.596,1400.0,1400.0,,,,0.271
floor5,crop43,map,84,5035,84.001,1.0,1440,1080,1,200.22,168.29,56,113,3.612,1400.0,1400.0,,,,0.275
floor5,crop43,map,85,5095,85.002,1.0,1440,1080,1,199.59,164.25,54,112,3.272,1400.0,1400.0,,,,0.268
floor5,crop43,map,86,5155,86.003,1.0,1440,1080,1,199.42,159.81,46,116,4.131,1400.0,1400.0,,,,0.282
floor5,crop43,map,87,5215,87.004,1.0,1440,1080,1,199.37,155.6,45,102,3.756,1400.0,1400.0,,,,0.3
floor5,crop43,map,88,5275,88.005,1.0,1440,1080,1,204.08,151.54,45,125,2.784,1400.0,1400.0,,,,0.302
floor5,crop43,map,89,5335,89.006,1.0,1440,1080,1,204.29,147.07,49,124,2.785,1400.0,1400.0,,,,0.279
floor5,crop43,map,90,5395,90.007,1.0,1440,1080,1,199.42,142.24,46,107,4.029,1400.0,1400.0,,,,0.286
floor5,crop43,map,91,5455,91.008,1.0,1440,1080,1,199.15,137.48,48,109,3.913,1400.0,1400.0,,,,0.281
floor5,crop43,map,92,5514,91.992,1.0,1440,1080,1,199.1,133.39,50,114,3.992,1400.0,1400.0,,,,0.29
floor5,crop43,map,93,5574,92.993,1.0,1440,1080,1,198.76,129.03,51,127,3.844,1400.0,1400.0,,,,0.312
floor5,crop43,map,94,5634,93.994,1.0,1440,1080,1,197.87,124.74,51,118,3.144,1400.0,1400.0,,,,0.288
floor5,crop43,map,95,5694,94.995,1.0,1440,1080,1,198.25,120.04,54,122,3.513,1400.0,1400.0,,,,0.276
floor5,crop43,map,96,5754,95.996,1.0,1440,1080,1,199.32,115.59,57,117,3.45,1400.0,1400.0,,,,0.28
floor5,crop43,map,97,5814,96.997,1.0,1440,1080,1,200.05,111.76,53,125,3.732,1400.0,1400.0,,,,0.298
floor5,crop43,map,98,5874,97.998,1.0,1440,1080,1,200.03,107.8,42,116,4.094,1400.0,1400.0,,,,0.314
floor5,crop43,map,99,5934,98.999,1.0,1440,1080,1,199.29,103.11,37,105,4.956,1400.0,1400.0,,,,0.342
floor5,crop43,map,100,5994,100.0,1.0,1440,1080,1,199.11,98.82,51,91,2.97,1400.0,1400.0,,,,0.32
floor5,crop43,map,101,6054,101.001,1.0,1440,1080,1,199.7,94.46,63,116,4.007,1400.0,1400.0,,,,0.297
floor5,crop43,map,102,6114,102.002,1.0,1440,1080,1,199.77,89.98,53,118,3.966,1400.0,1400.0,,,,0.31
floor5,crop43,map,103,6174,103.003,1.0,1440,1080,1,199.64,86.19,51,111,3.19,1400.0,1400.0,,,,0.288
floor5,crop43,map,104,6234,104.004,1.0,1440,1080,1,199.06,81.53,43,101,4.23,1400.0,1400.0,,,,0.294
floor5,crop43,map,105,6294,105.005,1.0,1440,1080,1,198.34,77.91,33,87,3.021,1400.0,1400.0,,,,0.344
floor5,crop43,map,106,6354,106.006,1.0,1440,1080,1,200.55,76.75,41,101,4.555,1400.0,1400.0,,,,0.333
floor5,crop43,map,107,6414,107.007,1.0,1440,1080,1,199.73,72.85,33,102,3.155,1400.0,1400.0,,,,0.356
floor5,crop43,map,108,6474,108.008,1.0,1440,1080,1,199.6,69.11,32,97,3.843,1400.0,1400.0,,,,0.343
floor5,crop43,map,109,6533,108.992,1.0,1440,1080,1,200.38,66.25,28,81,3.581,1400.0,1400.0,,,,0.335
floor5,crop43,map,110,6593,109.993,1.0,1440,1080,1,203.55,61.56,21,74,3.582,1400.0,1400.0,,,,0.391
floor5,crop43,map,111,6653,110.994,1.0,1440,1080,1,200.34,57.83,21,65,3.319,1400.0,1400.0,,,,0.409
floor5,crop43,map,112,6713,111.995,1.0,1440,1080,1,203.14,54.71,20,78,3.494,1400.0,1400.0,,,,0.408
floor5,crop43,map,113,6773,112.996,1.0,1440,1080,1,198.87,50.12,18,69,5.001,1400.0,1400.0,,,,0.418
floor5,crop43,map,114,6833,113.997,1.0,1440,1080,1,203.17,50.86,19,82,3.981,1400.0,1400.0,,,,0.416
floor5,crop43,map,115,6893,114.998,1.0,1440,1080,1,203.8,48.63,13,35,3.102,1400.0,1400.0,,,,0.319
floor5,crop43,map,116,6953,115.999,1.0,1440,1080,0,,,0,0,,1400.0,1400.0,,,,0.352
floor5,crop43,map,117,7013,117.0,1.0,1440,1080,1,205.13,45.26,16,48,3.661,1400.0,1400.0,,,,0.392
floor5,crop43,map,118,7073,118.001,1.0,1440,1080,1,213.0,45.64,43,107,2.893,1400.0,1400.0,,,,0.311
floor5,crop43,map,119,7133,119.002,1.0,1440,1080,1,214.87,51.0,47,121,2.77,1400.0,1400.0,,,,0.308
floor5,crop43,map,120,7193,120.003,1.0,1440,1080,1,215.02,56.01,47,124,2.061,1400.0,1400.0,,,,0.291
floor5,crop43,map,121,7253,121.004,1.0,1440,1080,1,214.63,59.95,43,111,2.558,1400.0,1400.0,,,,0.3
floor5,crop43,map,122,7313,122.005,1.0,1440,1080,1,214.28,63.72,54,121,2.772,1400.0,1400.0,,,,0.288
floor5,crop43,map,123,7373,123.006,1.0,1440,1080,1,214.23,68.3,52,115,3.272,1400.0,1400.0,,,,0.298
floor5,crop43,map,124,7433,124.007,1.0,1440,1080,1,213.97,72.53,43,136,3.874,1400.0,1400.0,,,,0.36
floor5,crop43,map,125,7493,125.008,1.0,1440,1080,1,213.61,76.84,37,121,3.419,1400.0,1400.0,,,,0.381
floor5,crop43,map,126,7552,125.993,1.0,1440,1080,1,213.29,81.43,37,87,3.155,1400.0,1400.0,,,,0.342
floor5,crop43,map,127,7612,126.994,1.0,1440,1080,1,213.1,85.85,51,100,3.046,1400.0,1400.0,,,,0.281
floor5,crop43,map,128,7672,127.995,1.0,1440,1080,1,213.12,90.38,51,105,2.92,1400.0,1400.0,,,,0.256
floor5,crop43,map,129,7732,128.996,1.0,1440,1080,1,213.31,94.6,52,113,2.958,1400.0,1400.0,,,,0.251
floor5,crop43,map,130,7792,129.997,1.0,1440,1080,1,213.02,97.36,52,106,2.894,1400.0,1400.0,,,,0.256
floor5,crop43,map,131,7852,130.998,1.0,1440,1080,1,212.93,103.22,54,123,3.42,1400.0,1400.0,,,,0.256
floor5,crop43,map,132,7912,131.999,1.0,1440,1080,1,212.41,109.37,57,131,2.749,1400.0,1400.0,,,,0.268
floor5,crop43,map,133,7972,133.0,1.0,1440,1080,1,212.02,114.83,67,144,3.31,1400.0,1400.0,,,,0.269
floor5,crop43,map,134,8032,134.001,1.0,1440,1080,1,212.04,120.22,62,147,3.099,1400.0,1400.0,,,,0.294
floor5,crop43,map,135,8092,135.002,1.0,1440,1080,1,212.28,126.03,52,136,3.046,1400.0,1400.0,,,,0.307
floor5,crop43,map,136,8152,136.003,1.0,1440,1080,1,212.58,131.47,43,114,3.102,1400.0,1400.0,,,,0.288
floor5,crop43,map,137,8212,137.004,1.0,1440,1080,1,212.57,137.19,36,66,3.137,1400.0,1400.0,,,,0.308
floor5,crop43,map,138,8272,138.005,1.0,1440,1080,1,212.22,142.77,35,88,3.488,1400.0,1400.0,,,,0.303
floor5,crop43,map,139,8332,139.006,1.0,1440,1080,1,212.7,147.56,43,91,3.786,1400.0,1400.0,,,,0.279
floor5,crop43,map,140,8392,140.007,1.0,1440,1080,1,212.46,153.39,41,87,3.639,1400.0,1400.0,,,,0.273
floor5,crop43,map,141,8452,141.008,1.0,1440,1080,1,207.13,158.69,49,110,3.156,1400.0,1400.0,,,,0.273
floor5,crop43,map,142,8511,141.992,1.0,1440,1080,1,207.02,164.35,42,88,4.051,1400.0,1400.0,,,,0.283
floor5,crop43,map,143,8571,142.993,1.0,1440,1080,1,207.24,169.86,33,77,3.497,1400.0,1400.0,,,,0.289
floor5,crop43,map,144,8631,143.994,1.0,1440,1080,1,207.07,175.11,43,93,3.351,1400.0,1400.0,,,,0.291
floor5,crop43,map,145,8691,144.995,1.0,1440,1080,1,207.1,180.6,42,100,3.627,1400.0,1400.0,,,,0.306
floor5,crop43,map,146,8751,145.996,1.0,1440,1080,1,212.58,185.83,40,84,4.024,1400.0,1400.0,,,,0.292
floor5,crop43,map,147,8811,146.997,1.0,1440,1080,1,212.56,191.02,41,85,3.36,1400.0,1400.0,,,,0.288
floor5,crop43,map,148,8871,147.998,1.0,1440,1080,1,212.37,196.43,41,75,3.652,1400.0,1400.0,,,,0.289
floor5,crop43,map,149,8931,148.999,1.0,1440,1080,1,212.17,201.45,31,61,2.916,1400.0,1400.0,,,,0.263
floor5,crop43,map,150,8991,150.0,1.0,1440,1080,1,212.53,206.56,31,62,3.318,1400.0,1400.0,,,,0.287
floor5,crop43,map,151,9051,151.001,1.0,1440,1080,1,212.26,212.14,28,58,3.412,1400.0,1400.0,,,,0.282
floor5,crop43,map,152,9111,152.002,1.0,1440,1080,1,212.54,216.83,24,49,3.147,1400.0,1400.0,,,,0.299
floor5,crop43,map,153,9171,153.003,1.0,1440,1080,1,213.0,222.02,13,32,2.178,1400.0,1400.0,,,,0.348
floor5,crop43,map,154,9231,154.004,1.0,1440,1080,1,212.04,228.05,13,28,5.071,1400.0,1400.0,,,,0.33
floor5,crop43,map,155,9291,155.005,1.0,1440,1080,1,207.52,219.34,37,94,3.427,1400.0,1400.0,,,,0.359
floor5,crop43,map,156,9351,156.006,1.0,1440,1080,1,207.76,226.16,40,95,3.872,1400.0,1400.0,,,,0.35
floor5,crop43,map,157,9411,157.007,1.0,1440,1080,1,208.26,231.27,44,97,4.372,1400.0,1400.0,,,,0.336
floor5,crop43,map,158,9471,158.008,1.0,1440,1080,1,208.19,236.19,47,111,4.07,1400.0,1400.0,,,,0.354
floor5,crop43,map,159,9530,158.992,1.0,1440,1080,1,208.26,241.36,37,118,2.823,1400.0,1400.0,,,,0.352
floor5,crop43,map,160,9590,159.993,1.0,1440,1080,1,208.77,246.6,36,106,4.892,1400.0,1400.0,,,,0.383
floor5,crop43,map,161,9650,160.994,1.0,1440,1080,1,208.77,252.7,27,117,3.411,1400.0,1400.0,,,,0.38
floor5,crop43,map,162,9710,161.995,1.0,1440,1080,1,192.61,262.89,24,117,2.687,1400.0,1400.0,,,,0.387
floor5,crop43,map,163,9770,162.996,1.0,1440,1080,1,193.13,268.78,24,112,3.18,1400.0,1400.0,,,,0.376
floor5,crop43,map,164,9830,163.997,1.0,1440,1080,1,210.01,268.65,27,97,2.559,1400.0,1400.0,,,,0.403
floor5,crop43,map,165,9890,164.998,1.0,1440,1080,1,210.23,273.98,23,97,3.093,1400.0,1400.0,,,,0.376
floor5,crop43,map,166,9950,165.999,1.0,1440,1080,1,210.45,279.81,31,117,2.979,1400.0,1400.0,,,,0.389
floor5,crop43,map,167,10010,167.0,1.0,1440,1080,1,205.42,285.58,19,111,3.137,1400.0,1400.0,,,,0.381
floor5,crop43,map,168,10070,168.001,1.0,1440,1080,1,210.5,291.39,18,87,2.91,1400.0,1400.0,,,,0.381
floor5,crop43,map,169,10130,169.002,1.0,1440,1080,1,205.36,296.69,19,84,2.078,1400.0,1400.0,,,,0.39
floor5,crop43,map,170,10190,170.003,1.0,1440,1080,1,205.52,302.6,23,97,2.778,1400.0,1400.0,,,,0.384
floor5,crop43,map,171,10250,171.004,1.0,1440,1080,1,210.48,307.7,20,103,3.182,1400.0,1400.0,,,,0.367
floor5,crop43,map,172,10310,172.005,1.0,1440,1080,1,211.07,312.56,26,86,2.43,1400.0,1400.0,,,,0.388
floor5,crop43,map,173,10370,173.006,1.0,1440,1080,1,211.12,318.46,30,102,3.481,1400.0,1400.0,,,,0.392
floor5,crop43,map,174,10430,174.007,1.0,1440,1080,1,211.44,323.25,27,83,3.493,1400.0,1400.0,,,,0.391
floor5,crop43,map,175,10490,175.008,1.0,1440,1080,1,211.48,328.67,29,92,2.496,1400.0,1400.0,,,,0.362
floor5,crop43,map,176,10549,175.992,1.0,1440,1080,1,211.56,334.68,39,86,3.221,1400.0,1400.0,,,,0.349
floor5,crop43,map,177,10609,176.993,1.0,1440,1080,1,211.88,339.95,42,100,3.07,1400.0,1400.0,,,,0.317
floor5,crop43,map,178,10669,177.994,1.0,1440,1080,1,211.6,345.49,46,103,3.686,1400.0,1400.0,,,,0.327
floor5,crop43,map,179,10729,178.995,1.0,1440,1080,1,211.92,350.1,40,94,2.816,1400.0,1400.0,,,,0.288
floor5,crop43,map,180,10789,179.996,1.0,1440,1080,1,206.84,356.16,38,93,3.548,1400.0,1400.0,,,,0.301
floor5,crop43,map,181,10849,180.997,1.0,1440,1080,1,207.12,361.38,44,104,3.552,1400.0,1400.0,,,,0.309
floor5,crop43,map,182,10909,181.998,1.0,1440,1080,1,212.88,348.81,71,198,2.695,1400.0,1400.0,,,,0.314
floor5,crop43,map,183,10969,182.999,1.0,1440,1080,1,208.91,353.24,76,194,3.382,1400.0,1400.0,,,,0.326
floor5,crop43,map,184,11029,184.0,1.0,1440,1080,1,209.08,357.68,49,105,2.092,1400.0,1400.0,,,,0.305
floor5,crop43,map,185,11089,185.001,1.0,1440,1080,1,208.98,362.08,56,100,2.695,1400.0,1400.0,,,,0.287
floor5,crop43,map,186,11149,186.002,1.0,1440,1080,1,209.02,366.22,77,139,2.766,1400.0,1400.0,,,,0.283
floor5,crop43,map,187,11209,187.003,1.0,1440,1080,1,209.28,370.5,64,131,3.126,1400.0,1400.0,,,,0.299
floor5,crop43,map,188,11269,188.004,1.0,1440,1080,1,209.59,374.66,48,118,2.596,1400.0,1400.0,,,,0.301
floor5,crop43,map,189,11329,189.005,1.0,1440,1080,1,209.74,378.78,48,123,2.799,1400.0,1400.0,,,,0.297
floor5,crop43,map,190,11389,190.006,1.0,1440,1080,1,214.02,382.57,51,106,3.459,1400.0,1400.0,,,,0.303
floor5,crop43,map,191,11449,191.007,1.0,1440,1080,1,213.57,387.12,48,110,3.389,1400.0,1400.0,,,,0.283
floor5,crop43,map,192,11508,191.992,1.0,1440,1080,1,212.8,390.47,43,116,2.866,1400.0,1400.0,,,,0.302
floor5,crop43,map,193,11568,192.993,1.0,1440,1080,1,212.63,393.85,47,110,3.227,1400.0,1400.0,,,,0.299
floor5,crop43,map,194,11628,193.994,1.0,1440,1080,1,212.68,398.2,45,107,3.716,1400.0,1400.0,,,,0.316
floor5,crop43,map,195,11688,194.995,1.0,1440,1080,1,213.35,402.55,62,134,2.73,1400.0,1400.0,,,,0.276
floor5,crop43,map,196,11748,195.996,1.0,1440,1080,1,213.87,406.48,70,131,2.104,1400.0,1400.0,,,,0.27
floor5,crop43,map,197,11808,196.997,1.0,1440,1080,1,213.64,410.63,54,119,2.759,1400.0,1400.0,,,,0.291
floor5,crop43,map,198,11868,197.998,1.0,1440,1080,1,209.57,414.9,31,98,2.003,1400.0,1400.0,,,,0.347
floor5,crop43,map,199,11928,198.999,1.0,1440,1080,1,210.24,419.1,33,100,2.655,1400.0,1400.0,,,,0.355
floor5,crop43,map,200,11988,200.0,1.0,1440,1080,1,210.82,423.03,41,100,2.655,1400.0,1400.0,,,,0.303
floor5,crop43,map,201,12048,201.001,1.0,1440,1080,1,211.1,426.55,47,105,3.105,1400.0,1400.0,,,,0.288
floor5,crop43,map,202,12108,202.002,1.0,1440,1080,1,211.4,430.13,50,120,2.828,1400.0,1400.0,,,,0.288
floor5,crop43,map,203,12168,203.003,1.0,1440,1080,1,211.72,433.21,59,130,3.129,1400.0,1400.0,,,,0.301
floor5,crop43,map,204,12228,204.004,1.0,1440,1080,1,211.71,435.03,45,130,4.028,1400.0,1400.0,,,,0.343
floor5,crop43,map,205,12288,205.005,1.0,1440,1080,1,212.36,440.31,23,76,3.455,1400.0,1400.0,,,,0.382
floor5,crop43,map,206,12348,206.006,1.0,1440,1080,1,215.01,439.01,22,48,3.463,1400.0,1400.0,,,,0.377
floor5,crop43,map,207,12408,207.007,1.0,1440,1080,1,213.05,442.5,32,59,4.379,1400.0,1400.0,,,,0.253
floor5,crop43,map,208,12468,208.008,1.0,1440,1080,1,297.07,463.8,24,69,4.189,1400.0,1400.0,,,,0.357
floor5,crop43,map,209,12527,208.992,1.0,1440,1080,1,296.18,463.27,17,41,3.226,1400.0,1400.0,,,,0.39
floor5,crop43,map,210,12587,209.993,1.0,1440,1080,1,297.78,462.92,13,27,2.835,1400.0,1400.0,,,,0.286
floor5,crop43,map,211,12647,210.994,1.0,1440,1080,1,213.2,444.6,10,25,2.941,1400.0,1400.0,,,,0.301
floor5,crop43,map,212,12707,211.995,1.0,1440,1080,1,207.36,437.26,25,60,4.307,1400.0,1400.0,,,,0.297
floor5,crop43,map,213,12767,212.996,1.0,1440,1080,1,206.87,436.63,34,69,3.324,1400.0,1400.0,,,,0.276
floor5,crop43,map,214,12827,213.997,1.0,1440,1080,1,206.88,434.68,41,100,3.696,1400.0,1400.0,,,,0.281
floor5,crop43,map,215,12887,214.998,1.0,1440,1080,1,207.16,432.68,41,89,3.055,1400.0,1400.0,,,,0.286
floor5,crop43,map,216,12947,215.999,1.0,1440,1080,1,207.84,429.29,35,76,3.436,1400.0,1400.0,,,,0.293
floor5,crop43,map,217,13007,217.0,1.0,1440,1080,1,203.57,424.5,38,65,2.658,1400.0,1400.0,,,,0.286
floor5,crop43,map,218,13067,218.001,1.0,1440,1080,1,204.46,420.08,42,72,2.759,1400.0,1400.0,,,,0.272
floor5,crop43,map,219,13127,219.002,1.0,1440,1080,1,204.82,416.27,44,81,4.552,1400.0,1400.0,,,,0.277
floor5,crop43,map,220,13187,220.003,1.0,1440,1080,1,205.29,412.04,43,69,3.822,1400.0,1400.0,,,,0.278
floor5,crop43,map,221,13247,221.004,1.0,1440,1080,1,204.51,407.85,39,63,3.256,1400.0,1400.0,,,,0.271
floor5,crop43,map,222,13307,222.005,1.0,1440,1080,1,204.34,403.79,42,67,2.864,1400.0,1400.0,,,,0.27
floor5,crop43,map,223,13367,223.006,1.0,1440,1080,1,204.39,399.64,48,65,3.634,1400.0,1400.0,,,,0.272
floor5,crop43,map,224,13427,224.007,1.0,1440,1080,1,204.21,395.63,52,82,3.787,1400.0,1400.0,,,,0.271
floor5,crop43,map,225,13487,225.008,1.0,1440,1080,1,203.89,391.78,38,68,4.455,1400.0,1400.0,,,,0.278
floor5,crop43,map,226,13546,225.992,1.0,1440,1080,1,203.81,388.4,22,50,3.168,1400.0,1400.0,,,,0.284
floor5,crop43,map,227,13606,226.993,1.0,1440,1080,1,203.72,384.7,10,34,3.377,1400.0,1400.0,,,,0.348
floor5,crop43,map,228,13666,227.994,1.0,1440,1080,1,206.87,379.48,19,59,3.428,1400.0,1400.0,,,,0.337
floor5,crop43,map,229,13726,228.995,1.0,1440,1080,1,206.49,375.22,26,64,3.251,1400.0,1400.0,,,,0.31
floor5,crop43,map,230,13786,229.996,1.0,1440,1080,1,206.71,370.86,30,69,2.61,1400.0,1400.0,,,,0.306
floor5,crop43,map,231,13846,230.997,1.0,1440,1080,1,206.89,366.33,34,80,3.199,1400.0,1400.0,,,,0.327
floor5,crop43,map,232,13906,231.998,1.0,1440,1080,1,207.12,361.71,29,80,3.792,1400.0,1400.0,,,,0.35
floor5,crop43,map,233,13966,232.999,1.0,1440,1080,1,207.74,356.74,23,91,3.954,1400.0,1400.0,,,,0.393
floor5,crop43,map,234,14026,234.0,1.0,1440,1080,1,208.35,350.93,17,88,3.118,1400.0,1400.0,,,,0.399
floor5,crop43,map,235,14086,235.001,1.0,1440,1080,1,211.25,343.77,15,77,3.182,1400.0,1400.0,,,,0.402
floor5,crop43,map,236,14146,236.002,1.0,1440,1080,1,195.06,343.79,15,79,3.168,1400.0,1400.0,,,,0.402
floor5,crop43,map,237,14206,237.003,1.0,1440,1080,1,208.74,338.45,15,87,3.003,1400.0,1400.0,,,,0.411
floor5,crop43,map,238,14266,238.004,1.0,1440,1080,1,210.04,307.34,12,34,3.293,1400.0,1400.0,,,,0.395
floor5,crop43,map,239,14326,239.005,1.0,1440,1080,1,203.7,323.89,11,58,2.728,1400.0,1400.0,,,,0.404
floor5,crop43,map,240,14386,240.006,1.0,1440,1080,1,214.84,304.09,11,33,3.483,1400.0,1400.0,,,,0.402
floor5,crop43,map,241,14446,241.007,1.0,1440,1080,1,209.65,304.15,12,49,2.249,1400.0,1400.0,,,,0.4
floor5,crop43,map,242,14505,241.992,1.0,1440,1080,1,207.14,317.23,14,56,2.717,1400.0,1400.0,,,,0.4
floor5,crop43,map,243,14565,242.993,1.0,1440,1080,1,206.53,312.66,15,56,3.211,1400.0,1400.0,,,,0.406
floor5,crop43,map,244,14625,243.994,1.0,1440,1080,1,206.46,308.56,16,53,2.57,1400.0,1400.0,,,,0.387
floor5,crop43,map,245,14685,244.995,1.0,1440,1080,1,206.8,304.36,15,40,3.117,1400.0,1400.0,,,,0.393
floor5,crop43,map,246,14745,245.996,1.0,1440,1080,1,206.69,299.57,17,53,2.806,1400.0,1400.0,,,,0.396
floor5,crop43,map,247,14805,246.997,1.0,1440,1080,1,206.29,294.7,21,58,3.538,1400.0,1400.0,,,,0.348
floor5,crop43,map,248,14865,247.998,1.0,1440,1080,1,205.62,289.56,34,90,3.806,1400.0,1400.0,,,,0.342
floor5,crop43,map,249,14925,248.999,1.0,1440,1080,1,205.82,284.87,23,66,3.024,1400.0,1400.0,,,,0.354
floor5,crop43,map,250,14985,250.0,1.0,1440,1080,1,206.22,280.02,20,81,3.978,1400.0,1400.0,,,,0.398
floor5,crop43,map,251,15045,251.001,1.0,1440,1080,1,202.61,275.31,15,60,2.912,1400.0,1400.0,,,,0.396
floor5,crop43,map,252,15105,252.002,1.0,1440,1080,1,207.25,270.91,22,74,3.34,1400.0,1400.0,,,,0.397
floor5,crop43,map,253,15165,253.003,1.0,1440,1080,1,206.42,265.34,20,55,2.813,1400.0,1400.0,,,,0.358
floor5,crop43,map,254,15225,254.004,1.0,1440,1080,1,205.76,261.96,33,67,3.757,1400.0,1400.0,,,,0.306
floor5,crop43,map,255,15285,255.005,1.0,1440,1080,1,204.8,257.42,35,70,3.461,1400.0,1400.0,,,,0.332
floor5,crop43,map,256,15345,256.006,1.0,1440,1080,1,204.13,253.19,48,94,3.133,1400.0,1400.0,,,,0.295
floor5,crop43,map,257,15405,257.007,1.0,1440,1080,1,203.67,248.51,40,80,4.534,1400.0,1400.0,,,,0.339
floor5,crop43,map,258,15465,258.008,1.0,1440,1080,1,203.67,244.23,32,93,4.246,1400.0,1400.0,,,,0.388
floor5,crop43,map,259,15524,258.992,1.0,1440,1080,1,197.5,238.94,29,113,3.234,1400.0,1400.0,,,,0.407
floor5,crop43,map,260,15584,259.993,1.0,1440,1080,1,204.25,234.81,33,120,3.547,1400.0,1400.0,,,,0.4
floor5,crop43,map,261,15644,260.994,1.0,1440,1080,1,205.76,230.77,28,109,3.181,1400.0,1400.0,,,,0.438
floor5,crop43,map,262,15704,261.995,1.0,1440,1080,1,203.01,225.36,31,98,2.539,1400.0,1400.0,,,,0.39
floor5,crop43,map,263,15764,262.996,1.0,1440,1080,1,204.41,222.22,29,78,3.905,1400.0,1400.0,,,,0.349
floor5,crop43,map,264,15824,263.997,1.0,1440,1080,1,205.91,218.25,23,72,3.574,1400.0,1400.0,,,,0.392
floor5,crop43,map,265,15884,264.998,1.0,1440,1080,1,205.89,213.17,10,33,3.553,1400.0,1400.0,,,,0.388
floor5,crop43,map,266,15944,265.999,1.0,1440,1080,1,217.81,246.26,12,18,1.773,1400.0,1400.0,,,,0.285
floor5,crop43,map,267,16004,267.0,1.0,1440,1080,1,213.09,234.94,14,44,4.691,1400.0,1400.0,,,,0.37
floor5,crop43,map,268,16064,268.001,1.0,1440,1080,1,224.58,234.96,17,47,3.152,1400.0,1400.0,,,,0.372
floor5,crop43,map,269,16124,269.002,1.0,1440,1080,1,243.95,232.15,15,67,3.235,1400.0,1400.0,,,,0.406
floor5,crop43,map,270,16184,270.003,1.0,1440,1080,1,246.7,231.64,16,82,2.995,1400.0,1400.0,,,,0.401
floor5,crop43,map,271,16244,271.004,1.0,1440,1080,1,233.9,228.24,24,93,2.744,1400.0,1400.0,,,,0.41
floor5,crop43,map,272,16304,272.005,1.0,1440,1080,1,238.44,229.9,26,72,2.49,1400.0,1400.0,,,,0.37
floor5,crop43,map,273,16364,273.006,1.0,1440,1080,1,243.08,230.87,32,115,3.456,1400.0,1400.0,,,,0.396
floor5,crop43,map,274,16424,274.007,1.0,1440,1080,1,247.56,231.42,20,55,2.922,1400.0,1400.0,,,,0.372
floor5,crop43,map,275,16484,275.008,1.0,1440,1080,1,252.28,232.81,24,72,3.439,1400.0,1400.0,,,,0.383
floor5,crop43,map,276,16543,275.992,1.0,1440,1080,1,256.39,234.21,21,85,2.74,1400.0,1400.0,,,,0.388
floor5,crop43,map,277,16603,276.993,1.0,1440,1080,1,260.6,235.61,24,84,4.401,1400.0,1400.0,,,,0.384
floor5,crop43,map,278,16663,277.994,1.0,1440,1080,1,265.96,234.14,18,84,3.177,1400.0,1400.0,,,,0.38
floor5,crop43,map,279,16723,278.995,1.0,1440,1080,1,272.17,235.93,19,86,3.765,1400.0,1400.0,,,,0.375
floor5,crop43,map,280,16783,279.996,1.0,1440,1080,1,277.0,236.42,19,64,3.433,1400.0,1400.0,,,,0.349
floor5,crop43,map,281,16843,280.997,1.0,1440,1080,1,281.64,238.49,18,57,4.342,1400.0,1400.0,,,,0.358
floor5,crop43,map,282,16903,281.998,1.0,1440,1080,1,283.91,247.39,27,80,3.987,1400.0,1400.0,,,,0.344
floor5,crop43,map,283,16963,282.999,1.0,1440,1080,1,283.24,246.31,42,67,4.319,1400.0,1400.0,,,,0.253
floor5,crop43,map,284,17023,284.0,1.0,1440,1080,1,287.34,249.22,57,94,3.118,1400.0,1400.0,,,,0.256
floor5,crop43,map,285,17083,285.001,1.0,1440,1080,1,288.67,252.87,49,98,3.455,1400.0,1400.0,,,,0.266
floor5,crop43,map,286,17143,286.002,1.0,1440,1080,1,288.84,256.79,41,89,3.363,1400.0,1400.0,,,,0.272
floor5,crop43,map,287,17203,287.003,1.0,1440,1080,1,289.34,261.51,37,86,3.226,1400.0,1400.0,,,,0.27
floor5,crop43,map,288,17263,288.004,1.0,1440,1080,1,289.99,266.46,37,77,3.186,1400.0,1400.0,,,,0.278
floor5,crop43,map,289,17323,289.005,1.0,1440,1080,1,290.41,271.14,33,63,2.322,1400.0,1400.0,,,,0.278
floor5,crop43,map,290,17383,290.006,1.0,1440,1080,1,290.25,275.73,51,96,2.655,1400.0,1400.0,,,,0.268
floor5,crop43,map,291,17443,291.007,1.0,1440,1080,1,290.5,280.49,44,98,2.986,1400.0,1400.0,,,,0.288
floor5,crop43,map,292,17502,291.992,1.0,1440,1080,1,290.41,284.96,48,85,2.749,1400.0,1400.0,,,,0.306
floor5,crop43,map,293,17562,292.993,1.0,1440,1080,1,289.63,289.85,57,111,3.399,1400.0,1400.0,,,,0.3
floor5,crop43,map,294,17622,293.994,1.0,1440,1080,1,289.09,294.91,62,111,3.474,1400.0,1400.0,,,,0.284
floor5,crop43,map,295,17682,294.995,1.0,1440,1080,1,289.4,300.42,45,108,2.683,1400.0,1400.0,,,,0.309
floor5,crop43,map,296,17742,295.996,1.0,1440,1080,1,289.59,305.19,43,99,2.541,1400.0,1400.0,,,,0.303
floor5,crop43,map,297,17802,296.997,1.0,1440,1080,1,290.02,310.29,41,91,2.476,1400.0,1400.0,,,,0.298
floor5,crop43,map,298,17862,297.998,1.0,1440,1080,1,290.27,315.5,44,97,2.47,1400.0,1400.0,,,,0.286
floor5,crop43,map,299,17922,298.999,1.0,1440,1080,1,290.03,320.17,50,110,2.489,1400.0,1400.0,,,,0.281
floor5,crop43,map,300,17982,300.0,1.0,1440,1080,1,289.88,325.03,66,118,2.809,1400.0,1400.0,,,,0.276
floor5,crop43,map,301,18042,301.001,1.0,1440,1080,1,289.64,329.91,68,121,3.635,1400.0,1400.0,,,,0.295
floor5,crop43,map,302,18102,302.002,1.0,1440,1080,1,289.82,334.84,59,126,2.551,1400.0,1400.0,,,,0.286
floor5,crop43,map,303,18162,303.003,1.0,1440,1080,1,294.3,339.22,54,129,3.544,1400.0,1400.0,,,,0.296
floor5,crop43,map,304,18222,304.004,1.0,1440,1080,1,294.54,343.6,56,119,2.649,1400.0,1400.0,,,,0.299
floor5,crop43,map,305,18282,305.005,1.0,1440,1080,1,290.11,349.88,40,105,3.537,1400.0,1400.0,,,,0.288
floor5,crop43,map,306,18342,306.006,1.0,1440,1080,1,290.03,354.64,40,101,3.428,1400.0,1400.0,,,,0.293
floor5,crop43,map,307,18402,307.007,1.0,1440,1080,1,290.39,359.3,40,96,3.638,1400.0,1400.0,,,,0.299
floor5,crop43,map,308,18462,308.008,1.0,1440,1080,1,290.95,364.06,38,89,3.525,1400.0,1400.0,,,,0.288
floor5,crop43,map,309,18521,308.992,1.0,1440,1080,1,291.51,369.18,46,89,3.067,1400.0,1400.0,,,,0.278
floor5,crop43,map,310,18581,309.993,1.0,1440,1080,1,291.7,374.1,52,104,3.369,1400.0,1400.0,,,,0.27
floor5,crop43,map,311,18641,310.994,1.0,1440,1080,1,291.71,378.82,37,90,3.131,1400.0,1400.0,,,,0.287
floor5,crop43,map,312,18701,311.995,1.0,1440,1080,1,292.28,384.57,32,92,3.491,1400.0,1400.0,,,,0.312
floor5,crop43,map,313,18761,312.996,1.0,1440,1080,1,296.69,388.39,36,105,3.771,1400.0,1400.0,,,,0.315
floor5,crop43,map,314,18821,313.997,1.0,1440,1080,1,292.64,393.94,39,115,3.668,1400.0,1400.0,,,,0.318
floor5,crop43,map,315,18881,314.998,1.0,1440,1080,1,293.01,398.74,33,94,3.388,1400.0,1400.0,,,,0.31
floor5,crop43,map,316,18941,315.999,1.0,1440,1080,1,293.22,403.46,45,99,3.768,1400.0,1400.0,,,,0.301
floor5,crop43,map,317,19001,317.0,1.0,1440,1080,1,293.4,408.26,56,114,3.963,1400.0,1400.0,,,,0.278
floor5,crop43,map,318,19061,318.001,1.0,1440,1080,1,293.26,413.29,45,107,3.563,1400.0,1400.0,,,,0.301
floor5,crop43,map,319,19121,319.002,1.0,1440,1080,1,293.0,417.89,47,112,3.505,1400.0,1400.0,,,,0.292
floor5,crop43,map,320,19181,320.003,1.0,1440,1080,1,293.12,421.88,42,95,4.212,1400.0,1400.0,,,,0.293
floor5,crop43,map,321,19241,321.004,1.0,1440,1080,1,293.67,426.05,46,104,3.797,1400.0,1400.0,,,,0.283
floor5,crop43,map,322,19301,322.005,1.0,1440,1080,1,294.48,429.97,39,78,3.058,1400.0,1400.0,,,,0.278
floor5,crop43,map,323,19361,323.006,1.0,1440,1080,1,295.18,434.17,35,71,3.601,1400.0,1400.0,,,,0.305
floor5,crop43,map,324,19421,324.007,1.0,1440,1080,1,295.67,438.3,35,63,2.822,1400.0,1400.0,,,,0.294
floor5,crop43,map,325,19481,325.008,1.0,1440,1080,1,296.03,442.37,30,80,3.427,1400.0,1400.0,,,,0.329
floor5,crop43,map,326,19540,325.992,1.0,1440,1080,1,296.31,446.27,26,79,3.319,1400.0,1400.0,,,,0.351
floor5,crop43,map,327,19600,326.993,1.0,1440,1080,1,296.05,449.98,52,101,3.502,1400.0,1400.0,,,,0.358
floor5,crop43,map,328,19660,327.994,1.0,1440,1080,1,295.47,453.63,29,82,3.465,1400.0,1400.0,,,,0.355
floor5,crop43,map,329,19720,328.995,1.0,1440,1080,1,295.17,457.14,20,51,4.031,1400.0,1400.0,,,,0.399
floor5,crop43,map,330,19780,329.996,1.0,1440,1080,0,,,0,0,,1400.0,1400.0,,,,0.433
floor5,crop43,map,331,19840,330.997,1.0,1440,1080,0,,,0,0,,1400.0,1400.0,,,,0.381
floor5,crop43,selfcal,0,0,0.0,1.0,1440,1080,1,291.02,463.94,49,106,3.355,1400.0,1400.0,estimating,1400.0,0,0.257
floor5,crop43,selfcal,1,60,1.001,1.0,1440,1080,1,293.08,460.05,57,140,3.499,1400.0,1400.0,estimating,1400.0,0,0.283
floor5,crop43,selfcal,2,120,2.002,1.0,1440,1080,1,292.77,463.37,48,133,3.603,1400.0,1400.0,estimating,3673.5,1,0.296
floor5,crop43,selfcal,3,180,3.003,1.0,1440,1080,1,278.43,433.58,13,34,3.472,3673.5,3673.5,estimating,3673.5,1,0.403
floor5,crop43,selfcal,4,240,4.004,1.0,1440,1080,1,281.23,447.91,10,36,2.51,3673.5,3673.5,estimating,3673.5,1,0.438
floor5,crop43,selfcal,5,300,5.005,1.0,1440,1080,1,287.98,462.52,44,102,4.266,3673.5,3673.5,estimating,3673.5,1,0.287
floor5,crop43,selfcal,6,360,6.006,1.0,1440,1080,1,285.27,461.12,52,129,3.82,3673.5,3673.5,estimating,3673.5,2,0.309
floor5,crop43,selfcal,7,420,7.007,1.0,1440,1080,1,282.71,498.58,12,50,2.144,3673.5,3673.5,estimating,3673.5,2,0.409
floor5,crop43,selfcal,8,480,8.008,1.0,1440,1080,1,282.44,498.59,15,57,4.226,3673.5,3673.5,estimating,3673.5,3,0.418
floor5,crop43,selfcal,9,539,8.992,1.0,1440,1080,1,282.61,485.07,17,73,2.557,3673.5,3673.5,estimating,3673.5,3,0.416
floor5,crop43,selfcal,10,599,9.993,1.0,1440,1080,1,281.22,476.44,19,85,4.115,3673.5,3673.5,estimating,3673.5,4,0.419
floor5,crop43,selfcal,11,659,10.994,1.0,1440,1080,1,315.28,532.89,11,50,3.904,3673.5,3673.5,estimating,3673.5,4,0.427
floor5,crop43,selfcal,12,719,11.995,1.0,1440,1080,1,320.08,537.82,10,56,2.347,3673.5,3673.5,estimating,3673.5,4,0.415
floor5,crop43,selfcal,13,779,12.996,1.0,1440,1080,0,,,0,0,,3673.5,3673.5,estimating,3673.5,4,0.421
floor5,crop43,selfcal,14,839,13.997,1.0,1440,1080,1,274.71,465.96,12,56,2.025,3673.5,3673.5,estimating,3673.5,5,0.418
floor5,crop43,selfcal,15,899,14.998,1.0,1440,1080,1,311.83,520.04,10,50,3.478,3673.5,3673.5,estimating,3673.5,6,0.41
floor5,crop43,selfcal,16,959,15.999,1.0,1440,1080,1,288.84,535.78,11,34,3.168,3673.5,3673.5,estimating,3673.5,7,0.403
floor5,crop43,selfcal,17,1019,17.0,1.0,1440,1080,0,,,0,0,,3673.5,3673.5,estimating,3673.5,8,0.404
floor5,crop43,selfcal,18,1079,18.001,1.0,1440,1080,1,309.13,484.56,11,48,1.773,3673.5,3673.5,estimating,3673.5,8,0.413
floor5,crop43,selfcal,19,1139,19.002,1.0,1440,1080,1,324.58,469.73,15,59,3.752,3673.5,3673.5,estimating,3673.5,8,0.415
floor5,crop43,selfcal,20,1199,20.003,1.0,1440,1080,1,322.77,452.37,13,82,2.402,3673.5,3673.5,estimating,1462.6,9,0.414
floor5,crop43,selfcal,21,1259,21.004,1.0,1440,1080,1,299.38,406.85,42,90,4.414,1462.6,1462.6,estimating,1452.7,10,0.288
floor5,crop43,selfcal,22,1319,22.005,1.0,1440,1080,1,299.24,402.05,37,69,3.32,1452.7,1452.7,estimating,1448.1,11,0.281
floor5,crop43,selfcal,23,1379,23.006,1.0,1440,1080,1,299.39,396.97,49,77,3.397,1448.1,1448.1,estimating,1444.5,12,0.264
floor5,crop43,selfcal,24,1439,24.007,1.0,1440,1080,1,299.21,391.86,63,109,2.243,1444.5,1444.5,estimating,1444.5,13,0.256
floor5,crop43,selfcal,25,1499,25.008,1.0,1440,1080,1,298.86,387.3,91,130,2.679,1444.5,1444.5,estimating,1448.1,14,0.266
floor5,crop43,selfcal,26,1558,25.993,1.0,1440,1080,1,298.58,382.22,94,136,2.94,1448.1,1448.1,estimating,1450.5,15,0.27
floor5,crop43,selfcal,27,1618,26.994,1.0,1440,1080,1,299.14,377.34,105,149,3.76,1450.5,1450.5,estimating,1448.1,16,0.27
floor5,crop43,selfcal,28,1678,27.995,1.0,1440,1080,1,299.09,372.2,92,151,3.857,1448.1,1448.1,estimating,1446.1,17,0.266
floor5,crop43,selfcal,29,1738,28.996,1.0,1440,1080,1,298.8,367.39,69,130,4.81,1446.1,1446.1,estimating,1444.6,18,0.295
floor5,crop43,selfcal,30,1798,29.997,1.0,1440,1080,1,297.85,362.6,39,86,3.269,1444.6,1444.6,estimating,1443.4,18,0.29
floor5,crop43,selfcal,31,1858,30.998,1.0,1440,1080,1,297.55,357.0,39,85,2.874,1443.4,1443.4,estimating,1443.4,18,0.308
floor5,crop43,selfcal,32,1918,31.999,1.0,1440,1080,1,297.97,352.25,34,89,4.371,1443.4,1443.4,estimating,1443.4,19,0.323
floor5,crop43,selfcal,33,1978,33.0,1.0,1440,1080,1,297.67,347.62,34,95,3.268,1443.4,1443.4,estimating,1443.4,20,0.329
floor5,crop43,selfcal,34,2038,34.001,1.0,1440,1080,1,297.4,342.92,37,98,3.915,1443.4,1443.4,estimating,1439.3,21,0.313
floor5,crop43,selfcal,35,2098,35.002,1.0,1440,1080,1,290.9,338.53,33,95,3.016,1439.3,1439.3,estimating,1436.0,22,0.346
floor5,crop43,selfcal,36,2158,36.003,1.0,1440,1080,1,290.8,333.5,36,97,3.823,1436.0,1436.0,estimating,1436.0,23,0.336
floor5,crop43,selfcal,37,2218,37.004,1.0,1440,1080,1,295.7,327.53,29,78,2.642,1436.0,1436.0,estimating,1436.0,23,0.337
floor5,crop43,selfcal,38,2278,38.005,1.0,1440,1080,1,295.33,321.64,31,97,3.787,1436.0,1436.0,estimating,1445.4,24,0.349
floor5,crop43,selfcal,39,2338,39.006,1.0,1440,1080,1,295.26,317.75,34,95,4.041,1445.4,1445.4,estimating,1460.8,25,0.345
floor5,crop43,selfcal,40,2398,40.007,1.0,1440,1080,1,295.2,313.13,33,113,4.598,1460.8,1460.8,estimating,1473.1,26,0.374
floor5,crop43,selfcal,41,2458,41.008,1.0,1440,1080,1,295.53,306.57,30,98,3.706,1473.1,1473.1,estimating,1487.4,27,0.376
floor5,crop43,selfcal,42,2517,41.992,1.0,1440,1080,1,296.04,302.42,27,91,3.249,1487.4,1487.4,estimating,1498.9,28,0.373
floor5,crop43,selfcal,43,2577,42.993,1.0,1440,1080,1,295.81,297.05,33,108,5.076,1498.9,1498.9,estimating,1508.0,28,0.357
floor5,crop43,selfcal,44,2637,43.994,1.0,1440,1080,1,295.32,293.42,28,112,3.082,1508.0,1508.0,estimating,1515.4,29,0.397
floor5,crop43,selfcal,45,2697,44.995,1.0,1440,1080,1,297.32,286.63,25,100,5.325,1515.4,1515.4,estimating,1521.2,29,0.389
floor5,crop43,selfcal,46,2757,45.996,1.0,1440,1080,1,291.14,273.07,22,98,3.437,1521.2,1521.2,estimating,1525.9,29,0.38
floor5,crop43,selfcal,47,2817,46.997,1.0,1440,1080,1,296.87,276.75,26,109,4.037,1525.9,1525.9,estimating,1529.7,30,0.371
floor5,crop43,selfcal,48,2877,47.998,1.0,1440,1080,1,296.35,271.44,31,119,3.703,1529.7,1529.7,estimating,1546.1,31,0.37
floor5,crop43,selfcal,49,2937,48.999,1.0,1440,1080,1,289.94,261.17,29,137,4.176,1546.1,1546.1,estimating,1546.1,32,0.37
floor5,crop43,selfcal,50,2997,50.0,1.0,1440,1080,0,,,0,0,,1546.1,1546.1,estimating,1546.1,33,0.367
floor5,crop43,selfcal,51,3057,51.001,1.0,1440,1080,1,288.17,250.07,16,105,4.509,1546.1,1546.1,estimating,1546.1,33,0.381
floor5,crop43,selfcal,52,3117,52.002,1.0,1440,1080,1,288.18,242.81,18,115,3.897,1546.1,1546.1,estimating,1546.1,34,0.381
floor5,crop43,selfcal,53,3177,53.003,1.0,1440,1080,1,286.78,238.74,22,108,3.468,1546.1,1546.1,estimating,1546.1,35,0.366
floor5,crop43,selfcal,54,3237,54.004,1.0,1440,1080,1,284.68,234.36,20,100,3.002,1546.1,1546.1,estimating,1546.1,35,0.394
floor5,crop43,selfcal,55,3297,55.005,1.0,1440,1080,1,292.3,236.7,16,98,4.346,1546.1,1546.1,estimating,1546.1,35,0.376
floor5,crop43,selfcal,56,3357,56.006,1.0,1440,1080,1,289.49,233.05,16,78,2.956,1546.1,1546.1,estimating,1546.1,35,0.348
floor5,crop43,selfcal,57,3417,57.007,1.0,1440,1080,1,277.95,229.43,18,106,4.438,1546.1,1546.1,estimating,1546.1,35,0.36
floor5,crop43,selfcal,58,3477,58.008,1.0,1440,1080,1,278.95,224.75,20,90,2.737,1546.1,1546.1,estimating,1546.1,35,0.366
floor5,crop43,selfcal,59,3536,58.992,1.0,1440,1080,1,273.55,223.46,21,103,2.812,1546.1,1546.1,estimating,1546.1,35,0.375
floor5,crop43,selfcal,60,3596,59.993,1.0,1440,1080,1,263.72,226.39,17,83,2.918,1546.1,1546.1,estimating,1546.1,35,0.397
floor5,crop43,selfcal,61,3656,60.994,1.0,1440,1080,1,260.33,227.12,12,52,2.684,1546.1,1546.1,estimating,1546.1,35,0.386
floor5,crop43,selfcal,62,3716,61.995,1.0,1440,1080,1,239.03,233.51,25,85,3.479,1546.1,1546.1,estimating,1546.1,35,0.382
floor5,crop43,selfcal,63,3776,62.996,1.0,1440,1080,1,226.9,230.2,20,93,3.223,1546.1,1546.1,estimating,1546.1,35,0.35
floor5,crop43,selfcal,64,3836,63.997,1.0,1440,1080,1,234.23,234.76,25,109,2.863,1546.1,1546.1,estimating,1546.1,35,0.384
floor5,crop43,selfcal,65,3896,64.998,1.0,1440,1080,1,231.27,233.93,28,113,3.168,1546.1,1546.1,estimating,1577.0,36,0.396
floor5,crop43,selfcal,66,3956,65.999,1.0,1440,1080,1,229.16,235.39,34,130,4.371,1577.0,1577.0,estimating,1608.5,37,0.388
floor5,crop43,selfcal,67,4016,67.0,1.0,1440,1080,1,231.47,223.74,25,113,3.565,1608.5,1608.5,estimating,1640.7,38,0.391
floor5,crop43,selfcal,68,4076,68.001,1.0,1440,1080,1,228.92,222.7,21,94,2.295,1640.7,1640.7,estimating,1670.3,39,0.395
floor5,crop43,selfcal,69,4136,69.002,1.0,1440,1080,1,220.85,222.15,24,94,4.52,1670.3,1670.3,estimating,1694.0,39,0.376
floor5,crop43,selfcal,70,4196,70.003,1.0,1440,1080,1,218.84,220.6,25,93,3.137,1694.0,1694.0,estimating,1712.9,39,0.388
floor5,crop43,selfcal,71,4256,71.004,1.0,1440,1080,1,215.61,220.61,17,83,3.13,1712.9,1712.9,estimating,1728.0,39,0.353
floor5,crop43,selfcal,72,4316,72.005,1.0,1440,1080,1,212.4,221.13,11,72,2.438,1728.0,1728.0,estimating,1740.2,39,0.348
floor5,crop43,selfcal,73,4376,73.006,1.0,1440,1080,0,,,0,0,,1740.2,1740.2,estimating,1749.9,39,0.327
floor5,crop43,selfcal,74,4436,74.007,1.0,1440,1080,0,,,0,0,,1749.9,1749.9,estimating,1757.6,39,0.313
floor5,crop43,selfcal,75,4496,75.008,1.0,1440,1080,0,,,0,0,,1757.6,1757.6,estimating,1763.8,39,0.275
floor5,crop43,selfcal,76,4555,75.993,1.0,1440,1080,0,,,0,0,,1763.8,1763.8,estimating,1768.8,39,0.279
floor5,crop43,selfcal,77,4615,76.994,1.0,1440,1080,1,204.91,200.82,34,101,4.037,1768.8,1768.8,estimating,1772.7,39,0.325
floor5,crop43,selfcal,78,4675,77.995,1.0,1440,1080,1,204.16,196.1,29,103,4.325,1772.7,1772.7,estimating,1775.9,39,0.377
floor5,crop43,selfcal,79,4735,78.996,1.0,1440,1080,1,204.54,197.01,19,84,3.392,1775.9,1775.9,estimating,1778.5,40,0.388
floor5,crop43,selfcal,80,4795,79.997,1.0,1440,1080,1,203.07,191.42,25,88,3.574,1778.5,1778.5,estimating,1768.3,41,0.37
floor5,crop43,selfcal,81,4855,80.998,1.0,1440,1080,1,201.74,187.31,30,100,3.526,1768.3,1768.3,estimating,1760.1,42,0.366
floor5,crop43,selfcal,82,4915,81.999,1.0,1440,1080,1,200.93,187.9,35,117,4.014,1760.1,1760.1,estimating,1760.1,43,0.376
floor5,crop43,selfcal,83,4975,83.0,1.0,1440,1080,1,196.75,180.47,27,96,3.41,1760.1,1760.1,estimating,1760.1,43,0.371
floor5,crop43,selfcal,84,5035,84.001,1.0,1440,1080,1,196.29,175.61,29,96,2.697,1760.1,1760.1,estimating,1760.1,43,0.381
floor5,crop43,selfcal,85,5095,85.002,1.0,1440,1080,1,195.98,169.82,28,110,2.851,1760.1,1760.1,estimating,1760.1,44,0.383
floor5,crop43,selfcal,86,5155,86.003,1.0,1440,1080,1,196.0,164.08,26,116,3.336,1760.1,1760.1,estimating,1727.1,45,0.386
floor5,crop43,selfcal,87,5215,87.004,1.0,1440,1080,1,196.47,172.93,29,103,3.703,1727.1,1727.1,estimating,1692.6,46,0.387
floor5,crop43,selfcal,88,5275,88.005,1.0,1440,1080,1,196.4,165.98,30,99,3.895,1692.6,1692.6,estimating,1658.7,47,0.392
floor5,crop43,selfcal,89,5335,89.006,1.0,1440,1080,1,197.63,158.13,38,96,3.477,1658.7,1658.7,estimating,1625.5,47,0.355
floor5,crop43,selfcal,90,5395,90.007,1.0,1440,1080,1,197.53,151.88,40,107,3.386,1625.5,1625.5,estimating,1593.8,48,0.35
floor5,crop43,selfcal,91,5455,91.008,1.0,1440,1080,1,197.63,145.77,40,104,4.585,1593.8,1593.8,estimating,1568.5,48,0.309
floor5,crop43,selfcal,92,5514,91.992,1.0,1440,1080,1,197.9,139.26,45,114,3.606,1568.5,1568.5,estimating,1548.2,49,0.297
floor5,crop43,selfcal,93,5574,92.993,1.0,1440,1080,1,197.86,133.86,42,135,3.307,1548.2,1548.2,estimating,1531.9,50,0.32
floor5,crop43,selfcal,94,5634,93.994,1.0,1440,1080,1,198.0,128.38,47,107,4.386,1531.9,1531.9,estimating,1518.9,50,0.308
floor5,crop43,selfcal,95,5694,94.995,1.0,1440,1080,1,198.46,122.97,50,122,3.541,1518.9,1518.9,estimating,1508.5,50,0.296
floor5,crop43,selfcal,96,5754,95.996,1.0,1440,1080,1,198.54,118.19,50,117,3.67,1508.5,1508.5,estimating,1506.3,51,0.286
floor5,crop43,selfcal,97,5814,96.997,1.0,1440,1080,1,199.28,113.88,52,125,4.431,1506.3,1506.3,estimating,1504.5,51,0.309
floor5,crop43,selfcal,98,5874,97.998,1.0,1440,1080,1,199.29,109.98,43,124,4.253,1504.5,1504.5,estimating,1503.0,51,0.325
floor5,crop43,selfcal,99,5934,98.999,1.0,1440,1080,1,198.58,105.27,33,103,3.167,1503.0,1503.0,estimating,1501.8,51,0.359
floor5,crop43,selfcal,100,5994,100.0,1.0,1440,1080,1,197.97,101.5,50,91,3.347,1501.8,1501.8,estimating,1501.8,51,0.317
floor5,crop43,selfcal,101,6054,101.001,1.0,1440,1080,1,198.63,97.0,59,116,3.72,1501.8,1501.8,estimating,1501.8,51,0.287
floor5,crop43,selfcal,102,6114,102.002,1.0,1440,1080,1,198.74,92.24,56,118,3.681,1501.8,1501.8,estimating,1501.8,52,0.304
floor5,crop43,selfcal,103,6174,103.003,1.0,1440,1080,1,198.4,87.81,58,111,4.165,1501.8,1501.8,estimating,1505.0,53,0.282
floor5,crop43,selfcal,104,6234,104.004,1.0,1440,1080,1,198.31,83.43,44,101,4.099,1505.0,1505.0,estimating,1523.1,54,0.296
floor5,crop43,selfcal,105,6294,105.005,1.0,1440,1080,1,197.65,79.85,34,87,3.737,1523.1,1523.1,estimating,1537.6,54,0.335
floor5,crop43,selfcal,106,6354,106.006,1.0,1440,1080,1,199.4,79.12,36,105,3.777,1537.6,1537.6,estimating,1549.2,54,0.344
floor5,crop43,selfcal,107,6414,107.007,1.0,1440,1080,1,198.58,74.52,33,102,4.198,1549.2,1549.2,estimating,1558.5,55,0.377
floor5,crop43,selfcal,108,6474,108.008,1.0,1440,1080,1,198.28,71.72,32,97,4.229,1558.5,1558.5,estimating,1580.1,56,0.372
floor5,crop43,selfcal,109,6533,108.992,1.0,1440,1080,1,199.43,68.6,22,75,3.815,1580.1,1580.1,estimating,1597.4,57,0.386
floor5,crop43,selfcal,110,6593,109.993,1.0,1440,1080,1,199.39,66.12,16,60,3.024,1597.4,1597.4,estimating,1611.2,57,0.41
floor5,crop43,selfcal,111,6653,110.994,1.0,1440,1080,1,203.84,60.87,18,77,3.763,1611.2,1611.2,estimating,1611.2,58,0.411
floor5,crop43,selfcal,112,6713,111.995,1.0,1440,1080,1,197.46,56.26,18,73,3.648,1611.2,1611.2,estimating,1611.2,58,0.411
floor5,crop43,selfcal,113,6773,112.996,1.0,1440,1080,1,197.19,51.82,14,76,2.915,1611.2,1611.2,estimating,1611.2,58,0.427
floor5,crop43,selfcal,114,6833,113.997,1.0,1440,1080,1,201.81,52.66,19,82,3.524,1611.2,1611.2,estimating,1611.2,58,0.417
floor5,crop43,selfcal,115,6893,114.998,1.0,1440,1080,0,,,0,0,,1611.2,1611.2,estimating,1611.2,59,0.343
floor5,crop43,selfcal,116,6953,115.999,1.0,1440,1080,0,,,0,0,,1611.2,1611.2,estimating,1611.2,59,0.357
floor5,crop43,selfcal,117,7013,117.0,1.0,1440,1080,1,201.17,41.49,13,39,3.331,1611.2,1611.2,estimating,1611.2,59,0.419
floor5,crop43,selfcal,118,7073,118.001,1.0,1440,1080,1,214.04,39.73,29,105,3.417,1611.2,1611.2,estimating,1611.2,60,0.394
floor5,crop43,selfcal,119,7133,119.002,1.0,1440,1080,1,215.92,45.12,29,120,3.96,1611.2,1611.2,estimating,1611.2,61,0.392
floor5,crop43,selfcal,120,7193,120.003,1.0,1440,1080,1,216.18,50.25,30,113,5.044,1611.2,1611.2,estimating,1611.2,62,0.397
floor5,crop43,selfcal,121,7253,121.004,1.0,1440,1080,1,216.01,52.82,25,111,3.946,1611.2,1611.2,estimating,1611.2,63,0.403
floor5,crop43,selfcal,122,7313,122.005,1.0,1440,1080,1,215.37,60.03,29,121,3.932,1611.2,1611.2,estimating,1611.2,64,0.403
floor5,crop43,selfcal,123,7373,123.006,1.0,1440,1080,1,215.57,64.76,26,115,3.283,1611.2,1611.2,estimating,1611.2,65,0.396
floor5,crop43,selfcal,124,7433,124.007,1.0,1440,1080,1,215.31,62.9,23,105,3.417,1611.2,1611.2,estimating,1611.2,65,0.404
floor5,crop43,selfcal,125,7493,125.008,1.0,1440,1080,1,214.84,67.2,23,121,3.123,1611.2,1611.2,estimating,1611.2,66,0.408
floor5,crop43,selfcal,126,7552,125.993,1.0,1440,1080,1,215.09,72.35,29,91,3.641,1611.2,1611.2,estimating,1611.2,66,0.375
floor5,crop43,selfcal,127,7612,126.994,1.0,1440,1080,1,214.39,75.42,40,93,3.604,1611.2,1611.2,estimating,1611.2,66,0.324
floor5,crop43,selfcal,128,7672,127.995,1.0,1440,1080,1,214.31,81.48,41,97,3.626,1611.2,1611.2,estimating,1611.2,66,0.287
floor5,crop43,selfcal,129,7732,128.996,1.0,1440,1080,1,214.71,85.88,37,111,3.904,1611.2,1611.2,estimating,1611.2,66,0.31
floor5,crop43,selfcal,130,7792,129.997,1.0,1440,1080,1,214.61,90.01,40,108,3.778,1611.2,1611.2,estimating,1611.2,66,0.301
floor5,crop43,selfcal,131,7852,130.998,1.0,1440,1080,1,214.69,95.9,38,116,3.446,1611.2,1611.2,estimating,1611.2,66,0.321
floor5,crop43,selfcal,132,7912,131.999,1.0,1440,1080,1,213.8,103.33,46,131,4.221,1611.2,1611.2,estimating,1579.0,67,0.332
floor5,crop43,selfcal,133,7972,133.0,1.0,1440,1080,1,213.51,110.4,47,144,3.747,1579.0,1579.0,estimating,1547.4,67,0.33
floor5,crop43,selfcal,134,8032,134.001,1.0,1440,1080,1,212.82,117.58,41,137,3.494,1547.4,1547.4,estimating,1525.1,68,0.368
floor5,crop43,selfcal,135,8092,135.002,1.0,1440,1080,1,212.9,122.93,41,138,4.895,1525.1,1525.1,estimating,1507.2,68,0.371
floor5,crop43,selfcal,136,8152,136.003,1.0,1440,1080,1,213.12,128.81,32,114,5.449,1507.2,1507.2,estimating,1492.9,68,0.36
floor5,crop43,selfcal,137,8212,137.004,1.0,1440,1080,1,213.22,134.35,36,85,3.597,1492.9,1492.9,estimating,1490.2,69,0.307
floor5,crop43,selfcal,138,8272,138.005,1.0,1440,1080,1,212.79,139.82,34,85,3.665,1490.2,1490.2,estimating,1488.1,70,0.315
floor5,crop43,selfcal,139,8332,139.006,1.0,1440,1080,1,212.9,145.7,40,99,2.973,1488.1,1488.1,estimating,1488.1,71,0.295
floor5,crop43,selfcal,140,8392,140.007,1.0,1440,1080,1,213.1,150.91,34,96,3.488,1488.1,1488.1,estimating,1486.3,72,0.293
floor5,crop43,selfcal,141,8452,141.008,1.0,1440,1080,1,206.93,157.28,38,110,3.93,1486.3,1486.3,estimating,1485.0,72,0.321
floor5,crop43,selfcal,142,8511,141.992,1.0,1440,1080,1,213.18,158.99,30,67,3.674,1485.0,1485.0,estimating,1483.8,73,0.311
floor5,crop43,selfcal,143,8571,142.993,1.0,1440,1080,1,213.11,166.03,30,76,3.684,1483.8,1483.8,estimating,1483.8,73,0.306
floor5,crop43,selfcal,144,8631,143.994,1.0,1440,1080,1,206.82,173.65,34,93,3.513,1483.8,1483.8,estimating,1467.9,74,0.306
floor5,crop43,selfcal,145,8691,144.995,1.0,1440,1080,1,206.97,179.49,33,99,3.585,1467.9,1467.9,estimating,1456.0,75,0.346
floor5,crop43,selfcal,146,8751,145.996,1.0,1440,1080,1,212.92,184.02,43,84,4.175,1456.0,1456.0,estimating,1439.5,76,0.304
floor5,crop43,selfcal,147,8811,146.997,1.0,1440,1080,1,212.82,190.22,40,93,4.287,1439.5,1439.5,estimating,1426.3,76,0.287
floor5,crop43,selfcal,148,8871,147.998,1.0,1440,1080,1,212.16,196.0,37,77,2.478,1426.3,1426.3,estimating,1415.8,77,0.291
floor5,crop43,selfcal,149,8931,148.999,1.0,1440,1080,1,212.32,200.94,32,61,2.681,1415.8,1415.8,estimating,1407.3,77,0.264
floor5,crop43,selfcal,150,8991,150.0,1.0,1440,1080,1,212.65,206.31,30,62,3.276,1407.3,1407.3,estimating,1400.6,77,0.284
floor5,crop43,selfcal,151,9051,151.001,1.0,1440,1080,1,212.26,212.12,28,58,3.368,1400.6,1400.6,estimating,1395.2,77,0.291
floor5,crop43,selfcal,152,9111,152.002,1.0,1440,1080,1,212.43,217.07,23,49,2.874,1395.2,1395.2,estimating,1409.9,78,0.293
floor5,crop43,selfcal,153,9171,153.003,1.0,1440,1080,1,213.02,221.9,13,37,2.26,1409.9,1409.9,estimating,1421.7,78,0.337
floor5,crop43,selfcal,154,9231,154.004,1.0,1440,1080,1,212.41,227.27,14,28,4.302,1421.7,1421.7,estimating,1431.1,78,0.336
floor5,crop43,selfcal,155,9291,155.005,1.0,1440,1080,1,207.55,218.53,35,94,3.912,1431.1,1431.1,estimating,1438.7,78,0.358
floor5,crop43,selfcal,156,9351,156.006,1.0,1440,1080,1,208.43,223.46,35,95,4.058,1438.7,1438.7,estimating,1444.7,79,0.354
floor5,crop43,selfcal,157,9411,157.007,1.0,1440,1080,1,208.58,229.63,39,103,3.307,1444.7,1444.7,estimating,1449.5,79,0.338
floor5,crop43,selfcal,158,9471,158.008,1.0,1440,1080,1,208.24,235.04,42,104,4.084,1449.5,1449.5,estimating,1453.4,80,0.352
floor5,crop43,selfcal,159,9530,158.992,1.0,1440,1080,1,208.62,240.0,38,124,4.809,1453.4,1453.4,estimating,1456.5,81,0.368
floor5,crop43,selfcal,160,9590,159.993,1.0,1440,1080,1,209.07,245.25,32,101,5.934,1456.5,1456.5,estimating,1459.0,82,0.396
floor5,crop43,selfcal,161,9650,160.994,1.0,1440,1080,1,189.37,253.21,23,91,3.256,1459.0,1459.0,estimating,1448.5,83,0.381
floor5,crop43,selfcal,162,9710,161.995,1.0,1440,1080,1,190.3,260.43,25,117,3.284,1448.5,1448.5,estimating,1440.0,83,0.393
floor5,crop43,selfcal,163,9770,162.996,1.0,1440,1080,1,191.7,267.08,21,73,2.732,1440.0,1440.0,estimating,1444.6,84,0.376
floor5,crop43,selfcal,164,9830,163.997,1.0,1440,1080,1,210.03,267.58,25,100,3.597,1444.6,1444.6,estimating,1448.2,85,0.408
floor5,crop43,selfcal,165,9890,164.998,1.0,1440,1080,1,210.56,272.99,25,110,3.931,1448.2,1448.2,estimating,1434.5,86,0.384
floor5,crop43,selfcal,166,9950,165.999,1.0,1440,1080,1,211.37,277.76,33,117,5.563,1434.5,1434.5,estimating,1423.5,86,0.381
floor5,crop43,selfcal,167,10010,167.0,1.0,1440,1080,1,204.96,283.93,18,111,4.297,1423.5,1423.5,estimating,1414.7,87,0.386
floor5,crop43,selfcal,168,10070,168.001,1.0,1440,1080,1,210.63,290.51,18,87,2.666,1414.7,1414.7,estimating,1407.6,87,0.381
floor5,crop43,selfcal,169,10130,169.002,1.0,1440,1080,1,210.52,296.57,20,99,2.401,1407.6,1407.6,estimating,1402.0,87,0.385
floor5,crop43,selfcal,170,10190,170.003,1.0,1440,1080,1,205.49,302.52,24,97,2.749,1402.0,1402.0,estimating,1397.5,87,0.392
floor5,crop43,selfcal,171,10250,171.004,1.0,1440,1080,1,210.46,307.81,20,103,3.206,1397.5,1397.5,estimating,1393.9,87,0.365
floor5,crop43,selfcal,172,10310,172.005,1.0,1440,1080,1,211.13,312.54,25,86,2.275,1393.9,1393.9,estimating,1391.0,87,0.393
floor5,crop43,selfcal,173,10370,173.006,1.0,1440,1080,1,211.02,318.81,29,102,4.342,1391.0,1391.0,estimating,1388.7,87,0.393
floor5,crop43,selfcal,174,10430,174.007,1.0,1440,1080,1,211.21,323.72,28,83,3.939,1388.7,1388.7,estimating,1386.9,87,0.404
floor5,crop43,selfcal,175,10490,175.008,1.0,1440,1080,1,211.32,329.06,29,92,3.56,1386.9,1386.9,estimating,1385.4,87,0.372
floor5,crop43,selfcal,176,10549,175.992,1.0,1440,1080,1,211.39,335.32,37,86,3.643,1385.4,1385.4,estimating,1384.2,87,0.341
floor5,crop43,selfcal,177,10609,176.993,1.0,1440,1080,1,211.74,340.42,42,100,3.305,1384.2,1384.2,estimating,1384.2,88,0.311
floor5,crop43,selfcal,178,10669,177.994,1.0,1440,1080,1,211.44,345.99,46,103,4.478,1384.2,1384.2,estimating,1384.2,88,0.33
floor5,crop43,selfcal,179,10729,178.995,1.0,1440,1080,1,211.81,350.6,40,94,2.928,1384.2,1384.2,estimating,1384.2,89,0.294
floor5,crop43,selfcal,180,10789,179.996,1.0,1440,1080,1,207.11,356.58,42,98,4.05,1384.2,1384.2,estimating,1384.2,90,0.3
floor5,crop43,selfcal,181,10849,180.997,1.0,1440,1080,1,207.25,361.8,41,102,3.645,1384.2,1384.2,estimating,1384.2,90,0.319
floor5,crop43,selfcal,182,10909,181.998,1.0,1440,1080,1,212.56,349.5,71,198,3.345,1384.2,1384.2,estimating,1411.9,91,0.326
floor5,crop43,selfcal,183,10969,182.999,1.0,1440,1080,1,208.85,352.97,75,194,3.717,1411.9,1411.9,estimating,1411.9,92,0.317
floor5,crop43,selfcal,184,11029,184.0,1.0,1440,1080,1,209.04,357.4,52,105,2.614,1411.9,1411.9,estimating,1411.9,93,0.305
floor5,crop43,selfcal,185,11089,185.001,1.0,1440,1080,1,208.9,361.81,55,100,3.465,1411.9,1411.9,estimating,1411.9,94,0.294
floor5,crop43,selfcal,186,11149,186.002,1.0,1440,1080,1,208.86,366.04,76,139,2.887,1411.9,1411.9,estimating,1411.9,95,0.287
floor5,crop43,selfcal,187,11209,187.003,1.0,1440,1080,1,209.15,370.29,60,131,3.062,1411.9,1411.9,estimating,1418.8,96,0.299
floor5,crop43,selfcal,188,11269,188.004,1.0,1440,1080,1,209.53,374.27,44,118,2.63,1418.8,1418.8,estimating,1420.1,97,0.301
floor5,crop43,selfcal,189,11329,189.005,1.0,1440,1080,1,209.67,378.45,46,123,2.92,1420.1,1420.1,estimating,1421.2,98,0.3
floor5,crop43,selfcal,190,11389,190.006,1.0,1440,1080,1,214.16,382.24,51,123,3.678,1421.2,1421.2,estimating,1421.2,99,0.297
floor5,crop43,selfcal,191,11449,191.007,1.0,1440,1080,1,214.11,386.84,49,110,3.723,1421.2,1421.2,estimating,1424.0,100,0.28
floor5,crop43,selfcal,192,11508,191.992,1.0,1440,1080,1,212.99,390.07,46,116,3.126,1424.0,1424.0,estimating,1427.8,101,0.304
floor5,crop43,selfcal,193,11568,192.993,1.0,1440,1080,1,212.78,393.34,45,110,3.317,1427.8,1427.8,estimating,1434.4,102,0.306
floor5,crop43,selfcal,194,11628,193.994,1.0,1440,1080,1,212.99,397.65,48,107,3.85,1434.4,1434.4,estimating,1439.7,102,0.311
floor5,crop43,selfcal,195,11688,194.995,1.0,1440,1080,1,213.66,401.74,62,134,2.948,1439.7,1439.7,estimating,1444.0,103,0.272
floor5,crop43,selfcal,196,11748,195.996,1.0,1440,1080,1,214.17,405.79,74,135,2.368,1444.0,1444.0,estimating,1444.0,104,0.269
floor5,crop43,selfcal,197,11808,196.997,1.0,1440,1080,1,213.87,409.98,54,119,2.672,1444.0,1444.0,estimating,1447.4,105,0.29
floor5,crop43,selfcal,198,11868,197.998,1.0,1440,1080,1,209.43,413.62,30,98,2.121,1447.4,1447.4,estimating,1450.1,106,0.359
floor5,crop43,selfcal,199,11928,198.999,1.0,1440,1080,1,210.05,417.92,33,100,3.186,1450.1,1450.1,estimating,1452.4,107,0.355
floor5,crop43,selfcal,200,11988,200.0,1.0,1440,1080,1,210.58,421.78,41,101,3.484,1452.4,1452.4,estimating,1458.7,108,0.309
floor5,crop43,selfcal,201,12048,201.001,1.0,1440,1080,1,210.95,425.49,45,105,3.885,1458.7,1458.7,estimating,1485.4,109,0.303
floor5,crop43,selfcal,202,12108,202.002,1.0,1440,1080,1,211.2,428.93,46,106,3.551,1485.4,1485.4,estimating,1485.4,110,0.316
floor5,crop43,selfcal,203,12168,203.003,1.0,1440,1080,1,211.55,432.3,47,130,3.557,1485.4,1485.4,estimating,1485.4,111,0.315
floor5,crop43,selfcal,204,12228,204.004,1.0,1440,1080,1,211.58,434.22,38,113,4.491,1485.4,1485.4,estimating,1485.4,112,0.372
floor5,crop43,selfcal,205,12288,205.005,1.0,1440,1080,1,212.8,439.66,24,77,3.822,1485.4,1485.4,estimating,1485.4,112,0.38
floor5,crop43,selfcal,206,12348,206.006,1.0,1440,1080,1,215.42,437.67,22,48,3.831,1485.4,1485.4,estimating,1485.4,112,0.369
floor5,crop43,selfcal,207,12408,207.007,1.0,1440,1080,1,212.62,442.3,36,82,4.386,1485.4,1485.4,estimating,1485.4,112,0.254
floor5,crop43,selfcal,208,12468,208.008,1.0,1440,1080,1,296.77,463.95,24,69,4.736,1485.4,1485.4,estimating,1485.4,112,0.361
floor5,crop43,selfcal,209,12527,208.992,1.0,1440,1080,1,296.61,462.93,15,41,2.249,1485.4,1485.4,estimating,1485.4,112,0.394
floor5,crop43,selfcal,210,12587,209.993,1.0,1440,1080,1,297.45,462.9,13,27,2.951,1485.4,1485.4,estimating,1485.4,112,0.291
floor5,crop43,selfcal,211,12647,210.994,1.0,1440,1080,1,212.34,444.11,10,25,1.987,1485.4,1485.4,estimating,1485.4,112,0.304
floor5,crop43,selfcal,212,12707,211.995,1.0,1440,1080,1,207.62,438.18,23,60,4.906,1485.4,1485.4,estimating,1485.4,112,0.31
floor5,crop43,selfcal,213,12767,212.996,1.0,1440,1080,1,206.97,437.3,30,69,4.307,1485.4,1485.4,estimating,1485.4,113,0.308
floor5,crop43,selfcal,214,12827,213.997,1.0,1440,1080,1,207.76,435.14,35,100,3.586,1485.4,1485.4,estimating,1485.4,114,0.304
floor5,crop43,selfcal,215,12887,214.998,1.0,1440,1080,1,207.72,433.31,38,89,4.534,1485.4,1485.4,estimating,1485.4,115,0.291
floor5,crop43,selfcal,216,12947,215.999,1.0,1440,1080,1,208.28,430.51,34,87,6.331,1485.4,1485.4,estimating,1485.4,115,0.304
floor5,crop43,selfcal,217,13007,217.0,1.0,1440,1080,1,202.86,427.62,39,65,2.672,1485.4,1485.4,estimating,1485.4,116,0.271
floor5,crop43,selfcal,218,13067,218.001,1.0,1440,1080,1,203.53,423.19,42,72,2.784,1485.4,1485.4,estimating,1485.4,116,0.271
floor5,crop43,selfcal,219,13127,219.002,1.0,1440,1080,1,204.52,418.55,43,81,2.549,1485.4,1485.4,estimating,1464.4,117,0.276
floor5,crop43,selfcal,220,13187,220.003,1.0,1440,1080,1,204.61,413.68,44,69,2.856,1464.4,1464.4,estimating,1453.2,118,0.277
floor5,crop43,selfcal,221,13247,221.004,1.0,1440,1080,1,204.39,409.01,42,65,3.494,1453.2,1453.2,estimating,1450.7,119,0.267
floor5,crop43,selfcal,222,13307,222.005,1.0,1440,1080,1,203.89,405.36,45,67,2.555,1450.7,1450.7,estimating,1448.7,120,0.27
floor5,crop43,selfcal,223,13367,223.006,1.0,1440,1080,1,203.97,401.02,54,79,3.028,1448.7,1448.7,estimating,1448.7,121,0.273
floor5,crop43,selfcal,224,13427,224.007,1.0,1440,1080,1,203.67,396.81,52,78,3.703,1448.7,1448.7,estimating,1448.7,122,0.272
floor5,crop43,selfcal,225,13487,225.008,1.0,1440,1080,1,203.72,392.58,37,68,3.891,1448.7,1448.7,estimating,1448.7,122,0.28
floor5,crop43,selfcal,226,13546,225.992,1.0,1440,1080,1,203.95,389.01,21,50,3.944,1448.7,1448.7,estimating,1448.7,122,0.288
floor5,crop43,selfcal,227,13606,226.993,1.0,1440,1080,1,203.08,386.08,13,38,4.736,1448.7,1448.7,estimating,1448.7,123,0.347
floor5,crop43,selfcal,228,13666,227.994,1.0,1440,1080,1,207.07,380.57,20,59,2.986,1448.7,1448.7,estimating,1448.7,123,0.33
floor5,crop43,selfcal,229,13726,228.995,1.0,1440,1080,1,206.62,376.27,23,64,3.7,1448.7,1448.7,estimating,1448.7,124,0.319
floor5,crop43,selfcal,230,13786,229.996,1.0,1440,1080,1,206.9,371.87,28,69,4.13,1448.7,1448.7,estimating,1448.7,125,0.334
floor5,crop43,selfcal,231,13846,230.997,1.0,1440,1080,1,207.16,367.04,29,81,4.72,1448.7,1448.7,estimating,1448.7,125,0.336
floor5,crop43,selfcal,232,13906,231.998,1.0,1440,1080,1,207.67,362.95,25,80,4.514,1448.7,1448.7,estimating,1448.7,125,0.36
floor5,crop43,selfcal,233,13966,232.999,1.0,1440,1080,1,208.31,357.12,19,66,5.189,1448.7,1448.7,estimating,1451.7,126,0.403
floor5,crop43,selfcal,234,14026,234.0,1.0,1440,1080,1,210.04,328.98,15,87,2.854,1451.7,1451.7,estimating,1462.4,127,0.403
floor5,crop43,selfcal,235,14086,235.001,1.0,1440,1080,1,207.5,319.19,13,67,2.546,1462.4,1462.4,estimating,1470.9,127,0.41
floor5,crop43,selfcal,236,14146,236.002,1.0,1440,1080,1,192.76,348.27,15,79,3.107,1470.9,1470.9,estimating,1477.7,127,0.412
floor5,crop43,selfcal,237,14206,237.003,1.0,1440,1080,1,209.11,314.68,13,84,2.929,1477.7,1477.7,estimating,1483.2,127,0.417
floor5,crop43,selfcal,238,14266,238.004,1.0,1440,1080,1,209.2,311.01,11,34,3.483,1483.2,1483.2,estimating,1487.5,127,0.408
floor5,crop43,selfcal,239,14326,239.005,1.0,1440,1080,1,188.17,336.65,11,55,2.686,1487.5,1487.5,estimating,1491.0,127,0.411
floor5,crop43,selfcal,240,14386,240.006,1.0,1440,1080,1,213.73,307.69,11,33,3.487,1491.0,1491.0,estimating,1493.8,127,0.403
floor5,crop43,selfcal,241,14446,241.007,1.0,1440,1080,1,208.96,307.57,11,49,2.119,1493.8,1493.8,estimating,1496.0,127,0.4
floor5,crop43,selfcal,242,14505,241.992,1.0,1440,1080,1,207.63,320.65,13,56,3.091,1496.0,1496.0,estimating,1497.8,127,0.399
floor5,crop43,selfcal,243,14565,242.993,1.0,1440,1080,1,201.03,301.0,11,55,2.707,1497.8,1497.8,estimating,1499.3,127,0.409
floor5,crop43,selfcal,244,14625,243.994,1.0,1440,1080,1,206.8,311.04,12,50,2.57,1499.3,1499.3,estimating,1500.4,127,0.393
floor5,crop43,selfcal,245,14685,244.995,1.0,1440,1080,1,207.12,307.39,13,69,2.188,1500.4,1500.4,estimating,1500.4,127,0.406
floor5,crop43,selfcal,246,14745,245.996,1.0,1440,1080,1,206.98,302.01,17,78,3.506,1500.4,1500.4,estimating,1500.4,127,0.405
floor5,crop43,selfcal,247,14805,246.997,1.0,1440,1080,1,206.59,296.29,19,64,3.346,1500.4,1500.4,estimating,1500.4,127,0.378
floor5,crop43,selfcal,248,14865,247.998,1.0,1440,1080,1,206.06,290.98,28,90,5.576,1500.4,1500.4,estimating,1506.6,128,0.389
floor5,crop43,selfcal,249,14925,248.999,1.0,1440,1080,1,200.3,287.62,15,91,2.798,1506.6,1506.6,estimating,1511.6,128,0.4
floor5,crop43,selfcal,250,14985,250.0,1.0,1440,1080,1,208.31,270.16,19,95,3.316,1511.6,1511.6,estimating,1515.6,128,0.404
floor5,crop43,selfcal,251,15045,251.001,1.0,1440,1080,1,208.76,266.41,18,94,3.452,1515.6,1515.6,estimating,1518.8,129,0.403
floor5,crop43,selfcal,252,15105,252.002,1.0,1440,1080,1,207.9,273.31,20,83,4.323,1518.8,1518.8,estimating,1518.8,130,0.409
floor5,crop43,selfcal,253,15165,253.003,1.0,1440,1080,1,206.81,269.92,19,55,2.863,1518.8,1518.8,estimating,1518.8,130,0.374
floor5,crop43,selfcal,254,15225,254.004,1.0,1440,1080,1,200.94,269.43,22,40,1.938,1518.8,1518.8,estimating,1518.8,130,0.326
floor5,crop43,selfcal,255,15285,255.005,1.0,1440,1080,1,205.47,260.13,27,72,5.478,1518.8,1518.8,estimating,1518.8,130,0.357
floor5,crop43,selfcal,256,15345,256.006,1.0,1440,1080,1,204.31,254.4,33,86,7.079,1518.8,1518.8,estimating,1526.5,131,0.336
floor5,crop43,selfcal,257,15405,257.007,1.0,1440,1080,1,203.82,251.11,25,98,2.486,1526.5,1526.5,estimating,1527.5,132,0.382
floor5,crop43,selfcal,258,15465,258.008,1.0,1440,1080,1,195.32,246.44,25,103,2.787,1527.5,1527.5,estimating,1527.5,132,0.406
floor5,crop43,selfcal,259,15524,258.992,1.0,1440,1080,1,195.45,241.83,27,114,2.351,1527.5,1527.5,estimating,1527.5,133,0.414
floor5,crop43,selfcal,260,15584,259.993,1.0,1440,1080,1,204.46,236.15,30,144,3.372,1527.5,1527.5,estimating,1527.5,133,0.405
floor5,crop43,selfcal,261,15644,260.994,1.0,1440,1080,1,200.15,234.55,23,104,2.38,1527.5,1527.5,estimating,1527.5,133,0.409
floor5,crop43,selfcal,262,15704,261.995,1.0,1440,1080,1,202.43,229.34,29,98,3.009,1527.5,1527.5,estimating,1527.5,134,0.397
floor5,crop43,selfcal,263,15764,262.996,1.0,1440,1080,1,203.56,225.61,26,83,3.466,1527.5,1527.5,estimating,1513.2,135,0.373
floor5,crop43,selfcal,264,15824,263.997,1.0,1440,1080,1,205.12,220.87,20,72,3.952,1513.2,1513.2,estimating,1484.7,136,0.399
floor5,crop43,selfcal,265,15884,264.998,1.0,1440,1080,0,,,0,0,,1484.7,1484.7,estimating,1461.9,136,0.39
floor5,crop43,selfcal,266,15944,265.999,1.0,1440,1080,1,216.57,247.6,12,18,1.808,1461.9,1461.9,estimating,1443.7,136,0.285
floor5,crop43,selfcal,267,16004,267.0,1.0,1440,1080,1,210.12,235.32,14,44,4.64,1443.7,1443.7,estimating,1429.2,136,0.373
floor5,crop43,selfcal,268,16064,268.001,1.0,1440,1080,1,230.2,233.32,19,56,4.185,1429.2,1429.2,estimating,1417.5,136,0.365
floor5,crop43,selfcal,269,16124,269.002,1.0,1440,1080,1,243.09,232.23,15,67,3.438,1417.5,1417.5,estimating,1408.2,136,0.398
floor5,crop43,selfcal,270,16184,270.003,1.0,1440,1080,1,246.33,231.92,17,72,3.255,1408.2,1408.2,estimating,1423.8,137,0.393
floor5,crop43,selfcal,271,16244,271.004,1.0,1440,1080,1,233.23,228.13,23,93,2.358,1423.8,1423.8,estimating,1413.2,138,0.411
floor5,crop43,selfcal,272,16304,272.005,1.0,1440,1080,1,237.97,229.65,26,72,3.059,1413.2,1413.2,estimating,1400.4,139,0.375
floor5,crop43,selfcal,273,16364,273.006,1.0,1440,1080,1,243.07,230.86,32,115,3.448,1400.4,1400.4,estimating,1390.2,139,0.373
floor5,crop43,selfcal,274,16424,274.007,1.0,1440,1080,1,247.9,231.51,20,55,2.67,1390.2,1390.2,estimating,1407.3,140,0.366
floor5,crop43,selfcal,275,16484,275.008,1.0,1440,1080,1,252.03,232.75,24,72,3.401,1407.3,1407.3,estimating,1421.0,140,0.377
floor5,crop43,selfcal,276,16543,275.992,1.0,1440,1080,1,256.06,233.73,22,112,3.108,1421.0,1421.0,estimating,1432.0,141,0.379
floor5,crop43,selfcal,277,16603,276.993,1.0,1440,1080,1,259.85,235.33,23,84,4.895,1432.0,1432.0,estimating,1440.7,141,0.375
floor5,crop43,selfcal,278,16663,277.994,1.0,1440,1080,1,264.72,235.38,18,84,3.673,1440.7,1440.7,estimating,1440.7,142,0.38
floor5,crop43,selfcal,279,16723,278.995,1.0,1440,1080,1,270.12,235.72,19,86,3.928,1440.7,1440.7,estimating,1440.7,143,0.371
floor5,crop43,selfcal,280,16783,279.996,1.0,1440,1080,1,276.1,236.19,19,64,3.351,1440.7,1440.7,estimating,1440.7,144,0.354
floor5,crop43,selfcal,281,16843,280.997,1.0,1440,1080,1,280.93,238.23,17,57,4.779,1440.7,1440.7,estimating,1440.7,144,0.37
floor5,crop43,selfcal,282,16903,281.998,1.0,1440,1080,1,283.56,246.99,24,80,3.276,1440.7,1440.7,estimating,1440.7,145,0.357
floor5,crop43,selfcal,283,16963,282.999,1.0,1440,1080,1,283.13,245.53,36,67,4.85,1440.7,1440.7,estimating,1440.7,146,0.257
floor5,crop43,selfcal,284,17023,284.0,1.0,1440,1080,1,287.09,248.17,51,94,4.097,1440.7,1440.7,estimating,1440.7,147,0.275
floor5,crop43,selfcal,285,17083,285.001,1.0,1440,1080,1,288.31,251.88,45,98,3.665,1440.7,1440.7,estimating,1440.7,148,0.268
floor5,crop43,selfcal,286,17143,286.002,1.0,1440,1080,1,288.97,256.3,41,91,3.45,1440.7,1440.7,estimating,1440.7,149,0.285
floor5,crop43,selfcal,287,17203,287.003,1.0,1440,1080,1,289.19,260.52,34,80,3.037,1440.7,1440.7,estimating,1440.7,150,0.277
floor5,crop43,selfcal,288,17263,288.004,1.0,1440,1080,1,289.86,265.44,32,77,3.014,1440.7,1440.7,estimating,1440.7,150,0.284
floor5,crop43,selfcal,289,17323,289.005,1.0,1440,1080,1,290.22,270.15,30,63,2.454,1440.7,1440.7,estimating,1440.7,150,0.281
floor5,crop43,selfcal,290,17383,290.006,1.0,1440,1080,1,290.0,274.59,50,96,4.672,1440.7,1440.7,estimating,1440.7,151,0.276
floor5,crop43,selfcal,291,17443,291.007,1.0,1440,1080,1,290.21,279.58,39,98,4.095,1440.7,1440.7,estimating,1440.7,152,0.309
floor5,crop43,selfcal,292,17502,291.992,1.0,1440,1080,1,289.95,283.47,47,85,4.019,1440.7,1440.7,estimating,1440.7,153,0.328
floor5,crop43,selfcal,293,17562,292.993,1.0,1440,1080,1,289.4,288.83,53,106,3.198,1440.7,1440.7,estimating,1440.7,154,0.307
floor5,crop43,selfcal,294,17622,293.994,1.0,1440,1080,1,288.85,294.17,57,111,5.692,1440.7,1440.7,estimating,1457.8,155,0.286
floor5,crop43,selfcal,295,17682,294.995,1.0,1440,1080,1,288.92,297.89,39,108,2.896,1457.8,1457.8,estimating,1455.8,156,0.343
floor5,crop43,selfcal,296,17742,295.996,1.0,1440,1080,1,289.06,302.4,41,99,2.527,1455.8,1455.8,estimating,1469.8,157,0.295
floor5,crop43,selfcal,297,17802,296.997,1.0,1440,1080,1,289.48,307.45,41,98,2.92,1469.8,1469.8,estimating,1465.4,158,0.309
floor5,crop43,selfcal,298,17862,297.998,1.0,1440,1080,1,289.63,312.6,46,109,2.814,1465.4,1465.4,estimating,1460.9,159,0.298
floor5,crop43,selfcal,299,17922,298.999,1.0,1440,1080,1,289.51,318.08,45,101,3.251,1460.9,1460.9,estimating,1458.2,160,0.292
floor5,crop43,selfcal,300,17982,300.0,1.0,1440,1080,1,289.43,323.44,65,130,4.228,1458.2,1458.2,estimating,1456.1,161,0.282
floor5,crop43,selfcal,301,18042,301.001,1.0,1440,1080,1,289.2,328.37,61,136,4.74,1456.1,1456.1,estimating,1454.5,162,0.298
floor5,crop43,selfcal,302,18102,302.002,1.0,1440,1080,1,289.4,333.45,55,126,4.366,1454.5,1454.5,estimating,1452.9,163,0.293
floor5,crop43,selfcal,303,18162,303.003,1.0,1440,1080,1,294.69,337.98,54,129,4.541,1452.9,1452.9,estimating,1462.5,164,0.294
floor5,crop43,selfcal,304,18222,304.004,1.0,1440,1080,1,294.83,342.59,49,119,3.709,1462.5,1462.5,estimating,1461.3,165,0.328
floor5,crop43,selfcal,305,18282,305.005,1.0,1440,1080,1,294.79,347.87,39,106,3.232,1461.3,1461.3,estimating,1471.2,166,0.296
floor5,crop43,selfcal,306,18342,306.006,1.0,1440,1080,1,289.42,352.35,31,73,4.642,1471.2,1471.2,estimating,1479.2,166,0.323
floor5,crop43,selfcal,307,18402,307.007,1.0,1440,1080,1,289.75,356.36,28,82,3.331,1479.2,1479.2,estimating,1495.5,167,0.333
floor5,crop43,selfcal,308,18462,308.008,1.0,1440,1080,1,290.29,361.14,28,71,4.2,1495.5,1495.5,estimating,1495.5,168,0.324
floor5,crop43,selfcal,309,18521,308.992,1.0,1440,1080,1,291.34,367.61,36,89,3.867,1495.5,1495.5,estimating,1495.5,168,0.316
floor5,crop43,selfcal,310,18581,309.993,1.0,1440,1080,1,291.24,372.7,38,107,4.011,1495.5,1495.5,estimating,1499.5,169,0.313
floor5,crop43,selfcal,311,18641,310.994,1.0,1440,1080,1,291.37,377.62,28,90,4.333,1499.5,1499.5,estimating,1492.0,170,0.334
floor5,crop43,selfcal,312,18701,311.995,1.0,1440,1080,1,291.66,381.36,29,92,2.93,1492.0,1492.0,estimating,1486.0,171,0.316
floor5,crop43,selfcal,313,18761,312.996,1.0,1440,1080,1,291.79,386.3,37,109,3.781,1486.0,1486.0,estimating,1481.2,172,0.321
floor5,crop43,selfcal,314,18821,313.997,1.0,1440,1080,1,292.14,391.52,37,102,3.063,1481.2,1481.2,estimating,1481.2,173,0.317
floor5,crop43,selfcal,315,18881,314.998,1.0,1440,1080,1,292.97,396.35,31,85,3.513,1481.2,1481.2,estimating,1479.3,174,0.32
floor5,crop43,selfcal,316,18941,315.999,1.0,1440,1080,1,292.68,401.6,40,99,4.539,1479.3,1479.3,estimating,1477.8,174,0.319
floor5,crop43,selfcal,317,19001,317.0,1.0,1440,1080,1,292.89,406.58,41,99,3.527,1477.8,1477.8,estimating,1476.6,175,0.304
floor5,crop43,selfcal,318,19061,318.001,1.0,1440,1080,1,292.83,411.46,38,97,3.453,1476.6,1476.6,estimating,1480.2,176,0.318
floor5,crop43,selfcal,319,19121,319.002,1.0,1440,1080,1,292.37,415.61,45,107,3.829,1480.2,1480.2,estimating,1487.0,177,0.32
floor5,crop43,selfcal,320,19181,320.003,1.0,1440,1080,1,292.59,419.93,38,97,4.117,1487.0,1487.0,estimating,1492.5,178,0.31
floor5,crop43,selfcal,321,19241,321.004,1.0,1440,1080,1,293.22,424.17,36,86,3.451,1492.5,1492.5,estimating,1496.9,179,0.297
floor5,crop43,selfcal,322,19301,322.005,1.0,1440,1080,1,294.08,428.49,36,78,4.588,1496.9,1496.9,estimating,1500.5,179,0.306
floor5,crop43,selfcal,323,19361,323.006,1.0,1440,1080,1,294.78,431.92,27,64,2.54,1500.5,1500.5,estimating,1501.7,180,0.32
floor5,crop43,selfcal,324,19421,324.007,1.0,1440,1080,1,295.11,436.38,28,69,3.295,1501.7,1501.7,estimating,1492.0,181,0.311
floor5,crop43,selfcal,325,19481,325.008,1.0,1440,1080,1,295.51,440.71,28,80,3.417,1492.0,1492.0,estimating,1484.3,181,0.38
floor5,crop43,selfcal,326,19540,325.992,1.0,1440,1080,1,295.6,445.02,20,79,4.268,1484.3,1484.3,estimating,1469.9,182,0.408
floor5,crop43,selfcal,327,19600,326.993,1.0,1440,1080,1,295.74,449.41,42,101,3.533,1469.9,1469.9,estimating,1458.4,182,0.39
floor5,crop43,selfcal,328,19660,327.994,1.0,1440,1080,1,295.12,453.2,26,82,3.517,1458.4,1458.4,estimating,1448.9,183,0.365
floor5,crop43,selfcal,329,19720,328.995,1.0,1440,1080,1,294.91,456.6,19,51,3.375,1448.9,1448.9,estimating,1441.3,183,0.4
floor5,crop43,selfcal,330,19780,329.996,1.0,1440,1080,0,,,0,0,,1441.3,1441.3,estimating,1435.2,183,0.429
floor5,crop43,selfcal,331,19840,330.997,1.0,1440,1080,0,,,0,0,,1435.2,1435.2,estimating,1430.4,183,0.385
floor5,crop43,oracle,0,0,0.0,1.0,1440,1080,1,285.99,458.88,115,117,2.138,1866.7,1400.0,,,,0.232
floor5,crop43,oracle,1,60,1.001,1.0,1440,1080,1,286.42,459.3,142,146,2.055,1866.7,1400.0,,,,0.236
floor5,crop43,oracle,2,120,2.002,1.0,1440,1080,1,288.71,459.35,114,121,2.697,1866.7,1400.0,,,,0.248
floor5,crop43,oracle,3,180,3.003,1.0,1440,1080,1,289.28,460.62,24,34,3.559,1866.7,1400.0,,,,0.299
floor5,crop43,oracle,4,240,4.004,1.0,1440,1080,1,290.35,462.53,26,38,3.488,1866.7,1400.0,,,,0.303
floor5,crop43,oracle,5,300,5.005,1.0,1440,1080,1,291.62,464.15,78,94,2.992,1866.7,1400.0,,,,0.232
floor5,crop43,oracle,6,360,6.006,1.0,1440,1080,1,293.07,464.45,163,170,3.355,1866.7,1400.0,,,,0.241
floor5,crop43,oracle,7,420,7.007,1.0,1440,1080,1,294.97,463.71,31,45,2.863,1866.7,1400.0,,,,0.266
floor5,crop43,oracle,8,480,8.008,1.0,1440,1080,1,295.32,461.07,60,84,2.474,1866.7,1400.0,,,,0.275
floor5,crop43,oracle,9,539,8.992,1.0,1440,1080,1,295.63,458.35,67,78,2.967,1866.7,1400.0,,,,0.268
floor5,crop43,oracle,10,599,9.993,1.0,1440,1080,1,295.47,455.03,70,80,2.734,1866.7,1400.0,,,,0.276
floor5,crop43,oracle,11,659,10.994,1.0,1440,1080,1,295.28,451.29,53,67,3.173,1866.7,1400.0,,,,0.28
floor5,crop43,oracle,12,719,11.995,1.0,1440,1080,1,294.96,447.24,45,58,2.882,1866.7,1400.0,,,,0.275
floor5,crop43,oracle,13,779,12.996,1.0,1440,1080,1,294.68,443.09,42,57,3.1,1866.7,1400.0,,,,0.278
floor5,crop43,oracle,14,839,13.997,1.0,1440,1080,1,294.52,438.97,54,63,3.736,1866.7,1400.0,,,,0.276
floor5,crop43,oracle,15,899,14.998,1.0,1440,1080,1,294.6,434.54,48,62,3.291,1866.7,1400.0,,,,0.273
floor5,crop43,oracle,16,959,15.999,1.0,1440,1080,1,295.26,430.34,35,50,2.995,1866.7,1400.0,,,,0.268
floor5,crop43,oracle,17,1019,17.0,1.0,1440,1080,1,295.9,425.86,37,47,3.82,1866.7,1400.0,,,,0.271
floor5,crop43,oracle,18,1079,18.001,1.0,1440,1080,1,296.31,421.19,53,64,3.049,1866.7,1400.0,,,,0.264
floor5,crop43,oracle,19,1139,19.002,1.0,1440,1080,1,296.47,416.64,55,63,2.712,1866.7,1400.0,,,,0.265
floor5,crop43,oracle,20,1199,20.003,1.0,1440,1080,1,296.44,411.6,66,82,3.698,1866.7,1400.0,,,,0.271
floor5,crop43,oracle,21,1259,21.004,1.0,1440,1080,1,296.09,406.43,69,83,3.518,1866.7,1400.0,,,,0.27
floor5,crop43,oracle,22,1319,22.005,1.0,1440,1080,1,295.9,401.2,73,81,4.032,1866.7,1400.0,,,,0.267
floor5,crop43,oracle,23,1379,23.006,1.0,1440,1080,1,295.84,396.54,74,76,3.306,1866.7,1400.0,,,,0.251
floor5,crop43,oracle,24,1439,24.007,1.0,1440,1080,1,295.72,391.78,90,94,3.036,1866.7,1400.0,,,,0.249
floor5,crop43,oracle,25,1499,25.008,1.0,1440,1080,1,295.34,386.7,121,130,2.806,1866.7,1400.0,,,,0.276
floor5,crop43,oracle,26,1558,25.993,1.0,1440,1080,1,295.18,381.9,127,136,3.036,1866.7,1400.0,,,,0.286
floor5,crop43,oracle,27,1618,26.994,1.0,1440,1080,1,295.37,377.24,144,154,2.546,1866.7,1400.0,,,,0.267
floor5,crop43,oracle,28,1678,27.995,1.0,1440,1080,1,295.43,372.36,134,151,2.574,1866.7,1400.0,,,,0.261
floor5,crop43,oracle,29,1738,28.996,1.0,1440,1080,1,294.97,367.37,113,130,3.227,1866.7,1400.0,,,,0.273
floor5,crop43,oracle,30,1798,29.997,1.0,1440,1080,1,294.51,362.22,66,90,2.568,1866.7,1400.0,,,,0.278
floor5,crop43,oracle,31,1858,30.998,1.0,1440,1080,1,294.39,356.9,70,91,3.118,1866.7,1400.0,,,,0.277
floor5,crop43,oracle,32,1918,31.999,1.0,1440,1080,1,294.42,351.83,81,98,3.389,1866.7,1400.0,,,,0.274
floor5,crop43,oracle,33,1978,33.0,1.0,1440,1080,1,294.3,346.93,81,95,2.406,1866.7,1400.0,,,,0.263
floor5,crop43,oracle,34,2038,34.001,1.0,1440,1080,1,293.74,341.7,84,102,2.496,1866.7,1400.0,,,,0.261
floor5,crop43,oracle,35,2098,35.002,1.0,1440,1080,1,293.07,336.67,84,107,3.118,1866.7,1400.0,,,,0.259
floor5,crop43,oracle,36,2158,36.003,1.0,1440,1080,1,292.86,331.45,86,97,3.526,1866.7,1400.0,,,,0.313
floor5,crop43,oracle,37,2218,37.004,1.0,1440,1080,1,292.64,326.37,79,91,3.161,1866.7,1400.0,,,,0.286
floor5,crop43,oracle,38,2278,38.005,1.0,1440,1080,1,292.27,321.33,87,100,3.345,1866.7,1400.0,,,,0.301
floor5,crop43,oracle,39,2338,39.006,1.0,1440,1080,1,292.08,316.17,70,89,3.587,1866.7,1400.0,,,,0.325
floor5,crop43,oracle,40,2398,40.007,1.0,1440,1080,1,292.02,310.76,79,113,3.667,1866.7,1400.0,,,,0.333
floor5,crop43,oracle,41,2458,41.008,1.0,1440,1080,1,292.13,305.57,71,91,4.072,1866.7,1400.0,,,,0.348
floor5,crop43,oracle,42,2517,41.992,1.0,1440,1080,1,292.07,300.4,73,91,3.596,1866.7,1400.0,,,,0.339
floor5,crop43,oracle,43,2577,42.993,1.0,1440,1080,1,292.03,295.54,98,108,3.5,1866.7,1400.0,,,,0.305
floor5,crop43,oracle,44,2637,43.994,1.0,1440,1080,1,292.2,290.45,100,112,3.317,1866.7,1400.0,,,,0.323
floor5,crop43,oracle,45,2697,44.995,1.0,1440,1080,1,292.34,285.29,90,100,3.038,1866.7,1400.0,,,,0.324
floor5,crop43,oracle,46,2757,45.996,1.0,1440,1080,1,292.34,280.36,91,107,3.686,1866.7,1400.0,,,,0.33
floor5,crop43,oracle,47,2817,46.997,1.0,1440,1080,1,292.1,275.45,101,109,3.658,1866.7,1400.0,,,,0.32
floor5,crop43,oracle,48,2877,47.998,1.0,1440,1080,1,291.8,270.45,106,121,3.102,1866.7,1400.0,,,,0.338
floor5,crop43,oracle,49,2937,48.999,1.0,1440,1080,1,291.62,265.53,122,137,3.06,1866.7,1400.0,,,,0.287
floor5,crop43,oracle,50,2997,50.0,1.0,1440,1080,1,291.44,260.44,112,140,3.198,1866.7,1400.0,,,,0.332
floor5,crop43,oracle,51,3057,51.001,1.0,1440,1080,1,291.2,255.58,99,122,3.3,1866.7,1400.0,,,,0.313
floor5,crop43,oracle,52,3117,52.002,1.0,1440,1080,1,290.76,250.81,97,117,3.311,1866.7,1400.0,,,,0.306
floor5,crop43,oracle,53,3177,53.003,1.0,1440,1080,1,290.34,245.92,87,108,3.533,1866.7,1400.0,,,,0.29
floor5,crop43,oracle,54,3237,54.004,1.0,1440,1080,1,289.4,241.07,75,96,3.553,1866.7,1400.0,,,,0.315
floor5,crop43,oracle,55,3297,55.005,1.0,1440,1080,1,287.43,236.61,74,92,4.351,1866.7,1400.0,,,,0.325
floor5,crop43,oracle,56,3357,56.006,1.0,1440,1080,1,284.5,233.36,62,78,2.947,1866.7,1400.0,,,,0.293
floor5,crop43,oracle,57,3417,57.007,1.0,1440,1080,1,281.28,230.95,80,106,3.95,1866.7,1400.0,,,,0.3
floor5,crop43,oracle,58,3477,58.008,1.0,1440,1080,1,276.65,229.17,99,110,3.121,1866.7,1400.0,,,,0.306
floor5,crop43,oracle,59,3536,58.992,1.0,1440,1080,1,271.88,228.17,83,96,3.239,1866.7,1400.0,,,,0.285
floor5,crop43,oracle,60,3596,59.993,1.0,1440,1080,1,266.86,227.55,72,85,3.018,1866.7,1400.0,,,,0.329
floor5,crop43,oracle,61,3656,60.994,1.0,1440,1080,1,262.06,227.05,71,93,4.095,1866.7,1400.0,,,,0.322
floor5,crop43,oracle,62,3716,61.995,1.0,1440,1080,1,257.39,226.38,78,90,2.32,1866.7,1400.0,,,,0.299
floor5,crop43,oracle,63,3776,62.996,1.0,1440,1080,1,253.07,225.83,87,100,2.6,1866.7,1400.0,,,,0.278
floor5,crop43,oracle,64,3836,63.997,1.0,1440,1080,1,248.98,225.13,114,124,2.89,1866.7,1400.0,,,,0.288
floor5,crop43,oracle,65,3896,64.998,1.0,1440,1080,1,244.6,224.52,110,128,2.331,1866.7,1400.0,,,,0.286
floor5,crop43,oracle,66,3956,65.999,1.0,1440,1080,1,239.92,223.83,115,130,2.48,1866.7,1400.0,,,,0.302
floor5,crop43,oracle,67,4016,67.0,1.0,1440,1080,1,235.26,223.36,93,111,2.85,1866.7,1400.0,,,,0.334
floor5,crop43,oracle,68,4076,68.001,1.0,1440,1080,1,230.75,222.58,89,102,2.323,1866.7,1400.0,,,,0.323
floor5,crop43,oracle,69,4136,69.002,1.0,1440,1080,1,226.09,221.7,84,99,5.214,1866.7,1400.0,,,,0.316
floor5,crop43,oracle,70,4196,70.003,1.0,1440,1080,1,221.48,220.94,85,93,2.458,1866.7,1400.0,,,,0.324
floor5,crop43,oracle,71,4256,71.004,1.0,1440,1080,1,217.43,220.87,77,83,3.126,1866.7,1400.0,,,,0.287
floor5,crop43,oracle,72,4316,72.005,1.0,1440,1080,1,213.76,221.12,53,68,3.295,1866.7,1400.0,,,,0.277
floor5,crop43,oracle,73,4376,73.006,1.0,1440,1080,1,210.27,221.25,28,41,4.307,1866.7,1400.0,,,,0.261
floor5,crop43,oracle,74,4436,74.007,1.0,1440,1080,1,207.47,219.47,12,21,3.388,1866.7,1400.0,,,,0.258
floor5,crop43,oracle,75,4496,75.008,1.0,1440,1080,0,,,0,0,,1866.7,1400.0,,,,0.263
floor5,crop43,oracle,76,4555,75.993,1.0,1440,1080,0,,,0,0,,1866.7,1400.0,,,,0.269
floor5,crop43,oracle,77,4615,76.994,1.0,1440,1080,1,207.77,195.13,68,101,3.529,1866.7,1400.0,,,,0.247
floor5,crop43,oracle,78,4675,77.995,1.0,1440,1080,1,207.79,191.72,71,100,4.169,1866.7,1400.0,,,,0.249
floor5,crop43,oracle,79,4735,78.996,1.0,1440,1080,1,207.6,188.09,61,81,3.631,1866.7,1400.0,,,,0.251
floor5,crop43,oracle,80,4795,79.997,1.0,1440,1080,1,206.84,184.09,65,94,2.45,1866.7,1400.0,,,,0.254
floor5,crop43,oracle,81,4855,80.998,1.0,1440,1080,1,205.98,180.18,93,114,3.334,1866.7,1400.0,,,,0.247
floor5,crop43,oracle,82,4915,81.999,1.0,1440,1080,1,204.98,176.34,95,108,3.331,1866.7,1400.0,,,,0.25
floor5,crop43,oracle,83,4975,83.0,1.0,1440,1080,1,204.01,172.35,95,120,3.601,1866.7,1400.0,,,,0.24
floor5,crop43,oracle,84,5035,84.001,1.0,1440,1080,1,203.26,168.06,107,113,3.279,1866.7,1400.0,,,,0.251
floor5,crop43,oracle,85,5095,85.002,1.0,1440,1080,1,202.84,163.96,101,110,3.323,1866.7,1400.0,,,,0.251
floor5,crop43,oracle,86,5155,86.003,1.0,1440,1080,1,202.8,159.76,106,116,3.406,1866.7,1400.0,,,,0.253
floor5,crop43,oracle,87,5215,87.004,1.0,1440,1080,1,202.89,155.63,111,122,2.68,1866.7,1400.0,,,,0.253
floor5,crop43,oracle,88,5275,88.005,1.0,1440,1080,1,203.02,151.41,107,125,2.774,1866.7,1400.0,,,,0.255
floor5,crop43,oracle,89,5335,89.006,1.0,1440,1080,1,203.15,147.06,116,124,3.183,1866.7,1400.0,,,,0.257
floor5,crop43,oracle,90,5395,90.007,1.0,1440,1080,1,203.13,142.66,114,126,3.937,1866.7,1400.0,,,,0.247
floor5,crop43,oracle,91,5455,91.008,1.0,1440,1080,1,203.07,138.21,105,124,3.504,1866.7,1400.0,,,,0.232
floor5,crop43,oracle,92,5514,91.992,1.0,1440,1080,1,202.88,133.82,105,133,3.735,1866.7,1400.0,,,,0.237
floor5,crop43,oracle,93,5574,92.993,1.0,1440,1080,1,202.73,129.45,110,134,3.059,1866.7,1400.0,,,,0.239
floor5,crop43,oracle,94,5634,93.994,1.0,1440,1080,1,202.85,124.95,120,138,2.857,1866.7,1400.0,,,,0.242
floor5,crop43,oracle,95,5694,94.995,1.0,1440,1080,1,203.02,120.63,132,143,3.564,1866.7,1400.0,,,,0.242
floor5,crop43,oracle,96,5754,95.996,1.0,1440,1080,1,203.22,116.17,115,129,3.128,1866.7,1400.0,,,,0.258
floor5,crop43,oracle,97,5814,96.997,1.0,1440,1080,1,203.58,111.98,113,130,2.637,1866.7,1400.0,,,,0.267
floor5,crop43,oracle,98,5874,97.998,1.0,1440,1080,1,203.48,107.85,101,124,3.586,1866.7,1400.0,,,,0.263
floor5,crop43,oracle,99,5934,98.999,1.0,1440,1080,1,203.18,103.3,95,106,3.852,1866.7,1400.0,,,,0.265
floor5,crop43,oracle,100,5994,100.0,1.0,1440,1080,1,203.1,99.07,91,98,2.832,1866.7,1400.0,,,,0.248
floor5,crop43,oracle,101,6054,101.001,1.0,1440,1080,1,203.52,94.67,92,103,2.945,1866.7,1400.0,,,,0.267
floor5,crop43,oracle,102,6114,102.002,1.0,1440,1080,1,203.46,90.5,104,112,3.069,1866.7,1400.0,,,,0.264
floor5,crop43,oracle,103,6174,103.003,1.0,1440,1080,1,203.15,86.39,100,111,2.983,1866.7,1400.0,,,,0.254
floor5,crop43,oracle,104,6234,104.004,1.0,1440,1080,1,202.77,82.24,89,103,3.386,1866.7,1400.0,,,,0.259
floor5,crop43,oracle,105,6294,105.005,1.0,1440,1080,1,202.43,78.03,76,83,3.234,1866.7,1400.0,,,,0.263
floor5,crop43,oracle,106,6354,106.006,1.0,1440,1080,1,203.87,77.08,89,105,2.855,1866.7,1400.0,,,,0.27
floor5,crop43,oracle,107,6414,107.007,1.0,1440,1080,1,203.72,73.01,84,101,3.458,1866.7,1400.0,,,,0.263
floor5,crop43,oracle,108,6474,108.008,1.0,1440,1080,1,203.33,69.21,90,108,2.963,1866.7,1400.0,,,,0.259
floor5,crop43,oracle,109,6533,108.992,1.0,1440,1080,1,202.87,65.46,67,78,4.837,1866.7,1400.0,,,,0.26
floor5,crop43,oracle,110,6593,109.993,1.0,1440,1080,1,202.57,61.42,61,74,4.113,1866.7,1400.0,,,,0.26
floor5,crop43,oracle,111,6653,110.994,1.0,1440,1080,1,202.46,57.37,52,77,3.863,1866.7,1400.0,,,,0.261
floor5,crop43,oracle,112,6713,111.995,1.0,1440,1080,1,202.05,54.28,56,73,3.539,1866.7,1400.0,,,,0.265
floor5,crop43,oracle,113,6773,112.996,1.0,1440,1080,1,201.84,51.61,42,69,4.176,1866.7,1400.0,,,,0.273
floor5,crop43,oracle,114,6833,113.997,1.0,1440,1080,1,201.98,49.17,50,82,3.425,1866.7,1400.0,,,,0.272
floor5,crop43,oracle,115,6893,114.998,1.0,1440,1080,1,203.0,46.75,18,35,3.766,1866.7,1400.0,,,,0.291
floor5,crop43,oracle,116,6953,115.999,1.0,1440,1080,1,205.27,49.65,12,29,4.284,1866.7,1400.0,,,,0.299
floor5,crop43,oracle,117,7013,117.0,1.0,1440,1080,1,207.25,44.92,33,57,3.363,1866.7,1400.0,,,,0.306
floor5,crop43,oracle,118,7073,118.001,1.0,1440,1080,1,209.35,47.2,66,105,2.515,1866.7,1400.0,,,,0.287
floor5,crop43,oracle,119,7133,119.002,1.0,1440,1080,1,210.65,50.94,82,120,3.105,1866.7,1400.0,,,,0.275
floor5,crop43,oracle,120,7193,120.003,1.0,1440,1080,1,210.82,55.13,106,124,2.886,1866.7,1400.0,,,,0.264
floor5,crop43,oracle,121,7253,121.004,1.0,1440,1080,1,210.54,59.35,104,111,4.056,1866.7,1400.0,,,,0.262
floor5,crop43,oracle,122,7313,122.005,1.0,1440,1080,1,210.13,63.48,105,129,2.701,1866.7,1400.0,,,,0.263
floor5,crop43,oracle,123,7373,123.006,1.0,1440,1080,1,210.19,67.54,117,135,3.215,1866.7,1400.0,,,,0.26
floor5,crop43,oracle,124,7433,124.007,1.0,1440,1080,1,209.98,71.94,112,137,3.396,1866.7,1400.0,,,,0.266
floor5,crop43,oracle,125,7493,125.008,1.0,1440,1080,1,209.92,76.51,103,127,3.707,1866.7,1400.0,,,,0.271
floor5,crop43,oracle,126,7552,125.993,1.0,1440,1080,1,209.8,80.65,106,121,3.672,1866.7,1400.0,,,,0.259
floor5,crop43,oracle,127,7612,126.994,1.0,1440,1080,1,209.63,85.13,93,105,3.238,1866.7,1400.0,,,,0.254
floor5,crop43,oracle,128,7672,127.995,1.0,1440,1080,1,209.68,89.6,94,105,2.807,1866.7,1400.0,,,,0.232
floor5,crop43,oracle,129,7732,128.996,1.0,1440,1080,1,209.68,93.95,102,113,2.387,1866.7,1400.0,,,,0.235
floor5,crop43,oracle,130,7792,129.997,1.0,1440,1080,1,209.42,97.31,97,112,3.359,1866.7,1400.0,,,,0.256
floor5,crop43,oracle,131,7852,130.998,1.0,1440,1080,1,209.23,103.15,107,116,2.457,1866.7,1400.0,,,,0.233
floor5,crop43,oracle,132,7912,131.999,1.0,1440,1080,1,208.98,109.07,117,132,2.792,1866.7,1400.0,,,,0.246
floor5,crop43,oracle,133,7972,133.0,1.0,1440,1080,1,208.61,114.99,128,145,2.76,1866.7,1400.0,,,,0.247
floor5,crop43,oracle,134,8032,134.001,1.0,1440,1080,1,208.68,120.66,120,135,2.974,1866.7,1400.0,,,,0.26
floor5,crop43,oracle,135,8092,135.002,1.0,1440,1080,1,208.91,126.2,122,140,3.0,1866.7,1400.0,,,,0.271
floor5,crop43,oracle,136,8152,136.003,1.0,1440,1080,1,209.14,131.63,88,105,2.825,1866.7,1400.0,,,,0.258
floor5,crop43,oracle,137,8212,137.004,1.0,1440,1080,1,209.26,137.53,74,85,4.201,1866.7,1400.0,,,,0.265
floor5,crop43,oracle,138,8272,138.005,1.0,1440,1080,1,209.08,142.93,70,88,3.269,1866.7,1400.0,,,,0.272
floor5,crop43,oracle,139,8332,139.006,1.0,1440,1080,1,208.99,148.15,84,91,2.867,1866.7,1400.0,,,,0.259
floor5,crop43,oracle,140,8392,140.007,1.0,1440,1080,1,209.14,153.58,80,87,3.612,1866.7,1400.0,,,,0.246
floor5,crop43,oracle,141,8452,141.008,1.0,1440,1080,1,209.01,158.67,87,110,2.921,1866.7,1400.0,,,,0.249
floor5,crop43,oracle,142,8511,141.992,1.0,1440,1080,1,209.06,164.38,71,94,3.671,1866.7,1400.0,,,,0.267
floor5,crop43,oracle,143,8571,142.993,1.0,1440,1080,1,209.12,169.79,64,81,2.915,1866.7,1400.0,,,,0.264
floor5,crop43,oracle,144,8631,143.994,1.0,1440,1080,1,209.03,175.26,81,99,3.702,1866.7,1400.0,,,,0.265
floor5,crop43,oracle,145,8691,144.995,1.0,1440,1080,1,209.06,180.52,97,110,2.89,1866.7,1400.0,,,,0.265
floor5,crop43,oracle,146,8751,145.996,1.0,1440,1080,1,209.27,185.86,83,94,4.088,1866.7,1400.0,,,,0.269
floor5,crop43,oracle,147,8811,146.997,1.0,1440,1080,1,209.24,191.33,65,85,3.175,1866.7,1400.0,,,,0.267
floor5,crop43,oracle,148,8871,147.998,1.0,1440,1080,1,209.08,196.5,67,75,3.797,1866.7,1400.0,,,,0.273
floor5,crop43,oracle,149,8931,148.999,1.0,1440,1080,1,209.08,201.77,58,71,2.629,1866.7,1400.0,,,,0.255
floor5,crop43,oracle,150,8991,150.0,1.0,1440,1080,1,209.24,207.11,48,53,2.264,1866.7,1400.0,,,,0.27
floor5,crop43,oracle,151,9051,151.001,1.0,1440,1080,1,209.11,212.41,51,57,2.854,1866.7,1400.0,,,,0.272
floor5,crop43,oracle,152,9111,152.002,1.0,1440,1080,1,209.35,217.48,43,49,3.806,1866.7,1400.0,,,,0.266
floor5,crop43,oracle,153,9171,153.003,1.0,1440,1080,1,209.79,222.68,35,40,4.465,1866.7,1400.0,,,,0.276
floor5,crop43,oracle,154,9231,154.004,1.0,1440,1080,1,209.51,227.59,25,30,5.024,1866.7,1400.0,,,,0.281
floor5,crop43,oracle,155,9291,155.005,1.0,1440,1080,1,204.14,219.97,70,94,2.917,1866.7,1400.0,,,,0.33
floor5,crop43,oracle,156,9351,156.006,1.0,1440,1080,1,204.53,225.73,84,95,2.598,1866.7,1400.0,,,,0.337
floor5,crop43,oracle,157,9411,157.007,1.0,1440,1080,1,204.91,231.25,100,118,3.3,1866.7,1400.0,,,,0.314
floor5,crop43,oracle,158,9471,158.008,1.0,1440,1080,1,204.84,236.26,96,119,2.825,1866.7,1400.0,,,,0.338
floor5,crop43,oracle,159,9530,158.992,1.0,1440,1080,1,204.84,241.8,108,124,3.293,1866.7,1400.0,,,,0.332
floor5,crop43,oracle,160,9590,159.993,1.0,1440,1080,1,205.02,247.68,98,112,3.19,1866.7,1400.0,,,,0.343
floor5,crop43,oracle,161,9650,160.994,1.0,1440,1080,1,205.25,253.27,88,101,3.047,1866.7,1400.0,,,,0.33
floor5,crop43,oracle,162,9710,161.995,1.0,1440,1080,1,205.85,258.56,88,117,3.592,1866.7,1400.0,,,,0.329
floor5,crop43,oracle,163,9770,162.996,1.0,1440,1080,1,205.73,264.18,79,107,3.412,1866.7,1400.0,,,,0.337
floor5,crop43,oracle,164,9830,163.997,1.0,1440,1080,1,206.26,269.28,95,110,2.99,1866.7,1400.0,,,,0.305
floor5,crop43,oracle,165,9890,164.998,1.0,1440,1080,1,206.55,274.48,91,104,3.456,1866.7,1400.0,,,,0.307
floor5,crop43,oracle,166,9950,165.999,1.0,1440,1080,1,206.65,280.18,96,108,3.151,1866.7,1400.0,,,,0.342
floor5,crop43,oracle,167,10010,167.0,1.0,1440,1080,1,206.86,285.59,97,111,3.645,1866.7,1400.0,,,,0.333
floor5,crop43,oracle,168,10070,168.001,1.0,1440,1080,1,206.72,291.07,72,100,3.511,1866.7,1400.0,,,,0.346
floor5,crop43,oracle,169,10130,169.002,1.0,1440,1080,1,207.02,296.58,75,99,3.326,1866.7,1400.0,,,,0.338
floor5,crop43,oracle,170,10190,170.003,1.0,1440,1080,1,206.99,302.01,75,96,3.986,1866.7,1400.0,,,,0.318
floor5,crop43,oracle,171,10250,171.004,1.0,1440,1080,1,207.16,307.62,91,103,3.66,1866.7,1400.0,,,,0.33
floor5,crop43,oracle,172,10310,172.005,1.0,1440,1080,1,207.38,312.71,79,94,5.0,1866.7,1400.0,,,,0.343
floor5,crop43,oracle,173,10370,173.006,1.0,1440,1080,1,207.63,318.21,85,102,3.469,1866.7,1400.0,,,,0.348
floor5,crop43,oracle,174,10430,174.007,1.0,1440,1080,1,207.7,323.73,75,83,4.183,1866.7,1400.0,,,,0.35
floor5,crop43,oracle,175,10490,175.008,1.0,1440,1080,1,207.83,329.11,75,92,6.162,1866.7,1400.0,,,,0.341
floor5,crop43,oracle,176,10549,175.992,1.0,1440,1080,1,208.05,334.58,74,86,3.023,1866.7,1400.0,,,,0.333
floor5,crop43,oracle,177,10609,176.993,1.0,1440,1080,1,208.21,340.03,85,96,3.766,1866.7,1400.0,,,,0.298
floor5,crop43,oracle,178,10669,177.994,1.0,1440,1080,1,208.05,345.35,93,103,3.449,1866.7,1400.0,,,,0.335
floor5,crop43,oracle,179,10729,178.995,1.0,1440,1080,1,208.28,350.71,85,111,3.212,1866.7,1400.0,,,,0.304
floor5,crop43,oracle,180,10789,179.996,1.0,1440,1080,1,208.57,355.84,81,93,3.528,1866.7,1400.0,,,,0.287
floor5,crop43,oracle,181,10849,180.997,1.0,1440,1080,1,208.78,361.21,82,92,4.099,1866.7,1400.0,,,,0.327
floor5,crop43,oracle,182,10909,181.998,1.0,1440,1080,1,209.9,349.05,187,198,2.896,1866.7,1400.0,,,,0.313
floor5,crop43,oracle,183,10969,182.999,1.0,1440,1080,1,210.06,353.06,165,194,3.631,1866.7,1400.0,,,,0.298
floor5,crop43,oracle,184,11029,184.0,1.0,1440,1080,1,210.25,357.55,99,105,2.695,1866.7,1400.0,,,,0.275
floor5,crop43,oracle,185,11089,185.001,1.0,1440,1080,1,210.12,361.73,104,110,2.942,1866.7,1400.0,,,,0.267
floor5,crop43,oracle,186,11149,186.002,1.0,1440,1080,1,210.23,366.09,124,135,3.1,1866.7,1400.0,,,,0.279
floor5,crop43,oracle,187,11209,187.003,1.0,1440,1080,1,210.43,370.34,114,131,2.802,1866.7,1400.0,,,,0.277
floor5,crop43,oracle,188,11269,188.004,1.0,1440,1080,1,210.67,374.45,105,118,2.606,1866.7,1400.0,,,,0.271
floor5,crop43,oracle,189,11329,189.005,1.0,1440,1080,1,210.81,378.65,102,116,3.095,1866.7,1400.0,,,,0.274
floor5,crop43,oracle,190,11389,190.006,1.0,1440,1080,1,210.88,382.47,110,121,2.695,1866.7,1400.0,,,,0.273
floor5,crop43,oracle,191,11449,191.007,1.0,1440,1080,1,210.52,386.26,104,122,3.599,1866.7,1400.0,,,,0.255
floor5,crop43,oracle,192,11508,191.992,1.0,1440,1080,1,210.16,390.24,97,116,3.045,1866.7,1400.0,,,,0.267
floor5,crop43,oracle,193,11568,192.993,1.0,1440,1080,1,210.01,394.35,101,110,3.103,1866.7,1400.0,,,,0.253
floor5,crop43,oracle,194,11628,193.994,1.0,1440,1080,1,210.18,398.45,104,114,3.15,1866.7,1400.0,,,,0.259
floor5,crop43,oracle,195,11688,194.995,1.0,1440,1080,1,210.53,402.54,121,130,2.189,1866.7,1400.0,,,,0.246
floor5,crop43,oracle,196,11748,195.996,1.0,1440,1080,1,210.79,406.89,126,135,2.509,1866.7,1400.0,,,,0.269
floor5,crop43,oracle,197,11808,196.997,1.0,1440,1080,1,210.71,411.01,112,124,2.721,1866.7,1400.0,,,,0.252
floor5,crop43,oracle,198,11868,197.998,1.0,1440,1080,1,210.78,415.18,89,95,2.676,1866.7,1400.0,,,,0.258
floor5,crop43,oracle,199,11928,198.999,1.0,1440,1080,1,211.3,419.1,99,114,3.054,1866.7,1400.0,,,,0.254
floor5,crop43,oracle,200,11988,200.0,1.0,1440,1080,1,211.74,423.03,105,112,2.877,1866.7,1400.0,,,,0.265
floor5,crop43,oracle,201,12048,201.001,1.0,1440,1080,1,211.96,426.78,102,116,2.965,1866.7,1400.0,,,,0.259
floor5,crop43,oracle,202,12108,202.002,1.0,1440,1080,1,212.13,430.26,108,120,2.965,1866.7,1400.0,,,,0.26
floor5,crop43,oracle,203,12168,203.003,1.0,1440,1080,1,212.36,433.44,122,131,3.308,1866.7,1400.0,,,,0.267
floor5,crop43,oracle,204,12228,204.004,1.0,1440,1080,1,212.36,435.85,108,130,4.186,1866.7,1400.0,,,,0.261
floor5,crop43,oracle,205,12288,205.005,1.0,1440,1080,1,212.33,437.35,66,77,3.822,1866.7,1400.0,,,,0.256
floor5,crop43,oracle,206,12348,206.006,1.0,1440,1080,1,212.06,438.33,40,60,3.054,1866.7,1400.0,,,,0.266
floor5,crop43,oracle,207,12408,207.007,1.0,1440,1080,1,211.85,451.28,41,88,4.431,1866.7,1400.0,,,,0.237
floor5,crop43,oracle,208,12468,208.008,1.0,1440,1080,1,293.37,465.08,30,69,2.627,1866.7,1400.0,,,,0.303
floor5,crop43,oracle,209,12527,208.992,1.0,1440,1080,1,294.87,464.43,30,51,4.097,1866.7,1400.0,,,,0.299
floor5,crop43,oracle,210,12587,209.993,1.0,1440,1080,1,295.94,460.82,22,44,3.649,1866.7,1400.0,,,,0.28
floor5,crop43,oracle,211,12647,210.994,1.0,1440,1080,1,213.5,448.56,11,25,2.603,1866.7,1400.0,,,,0.307
floor5,crop43,oracle,212,12707,211.995,1.0,1440,1080,1,206.13,437.37,41,60,4.586,1866.7,1400.0,,,,0.275
floor5,crop43,oracle,213,12767,212.996,1.0,1440,1080,1,205.44,436.57,55,83,5.734,1866.7,1400.0,,,,0.25
floor5,crop43,oracle,214,12827,213.997,1.0,1440,1080,1,205.64,434.99,82,100,3.077,1866.7,1400.0,,,,0.253
floor5,crop43,oracle,215,12887,214.998,1.0,1440,1080,1,205.84,432.59,86,95,3.696,1866.7,1400.0,,,,0.253
floor5,crop43,oracle,216,12947,215.999,1.0,1440,1080,1,206.19,429.0,74,87,5.218,1866.7,1400.0,,,,0.258
floor5,crop43,oracle,217,13007,217.0,1.0,1440,1080,1,206.52,425.03,60,67,3.86,1866.7,1400.0,,,,0.257
floor5,crop43,oracle,218,13067,218.001,1.0,1440,1080,1,206.94,420.96,62,72,2.935,1866.7,1400.0,,,,0.255
floor5,crop43,oracle,219,13127,219.002,1.0,1440,1080,1,207.6,416.74,63,66,4.042,1866.7,1400.0,,,,0.268
floor5,crop43,oracle,220,13187,220.003,1.0,1440,1080,1,207.68,412.35,59,65,4.465,1866.7,1400.0,,,,0.267
floor5,crop43,oracle,221,13247,221.004,1.0,1440,1080,1,207.38,407.89,57,68,4.99,1866.7,1400.0,,,,0.264
floor5,crop43,oracle,222,13307,222.005,1.0,1440,1080,1,207.23,403.41,61,71,4.232,1866.7,1400.0,,,,0.266
floor5,crop43,oracle,223,13367,223.006,1.0,1440,1080,1,207.11,399.37,61,71,3.89,1866.7,1400.0,,,,0.267
floor5,crop43,oracle,224,13427,224.007,1.0,1440,1080,1,207.12,395.29,60,82,3.504,1866.7,1400.0,,,,0.266
floor5,crop43,oracle,225,13487,225.008,1.0,1440,1080,1,206.95,391.57,45,71,3.079,1866.7,1400.0,,,,0.272
floor5,crop43,oracle,226,13546,225.992,1.0,1440,1080,1,206.62,387.62,34,48,3.351,1866.7,1400.0,,,,0.269
floor5,crop43,oracle,227,13606,226.993,1.0,1440,1080,1,206.47,383.71,19,37,3.944,1866.7,1400.0,,,,0.271
floor5,crop43,oracle,228,13666,227.994,1.0,1440,1080,1,205.44,379.72,50,59,2.888,1866.7,1400.0,,,,0.262
floor5,crop43,oracle,229,13726,228.995,1.0,1440,1080,1,205.09,375.18,61,72,4.737,1866.7,1400.0,,,,0.275
floor5,crop43,oracle,230,13786,229.996,1.0,1440,1080,1,205.19,370.75,55,63,4.469,1866.7,1400.0,,,,0.269
floor5,crop43,oracle,231,13846,230.997,1.0,1440,1080,1,205.36,366.25,69,81,3.107,1866.7,1400.0,,,,0.265
floor5,crop43,oracle,232,13906,231.998,1.0,1440,1080,1,205.62,361.73,66,80,3.144,1866.7,1400.0,,,,0.266
floor5,crop43,oracle,233,13966,232.999,1.0,1440,1080,1,206.12,357.05,71,90,3.566,1866.7,1400.0,,,,0.274
floor5,crop43,oracle,234,14026,234.0,1.0,1440,1080,1,206.46,352.21,66,88,3.731,1866.7,1400.0,,,,0.271
floor5,crop43,oracle,235,14086,235.001,1.0,1440,1080,1,206.58,347.34,67,87,3.815,1866.7,1400.0,,,,0.27
floor5,crop43,oracle,236,14146,236.002,1.0,1440,1080,1,206.4,342.67,67,87,3.29,1866.7,1400.0,,,,0.27
floor5,crop43,oracle,237,14206,237.003,1.0,1440,1080,1,206.47,338.84,55,87,3.518,1866.7,1400.0,,,,0.273
floor5,crop43,oracle,238,14266,238.004,1.0,1440,1080,1,206.23,334.5,46,68,4.097,1866.7,1400.0,,,,0.288
floor5,crop43,oracle,239,14326,239.005,1.0,1440,1080,1,206.08,330.31,50,83,2.909,1866.7,1400.0,,,,0.275
floor5,crop43,oracle,240,14386,240.006,1.0,1440,1080,1,206.17,326.3,41,60,2.603,1866.7,1400.0,,,,0.273
floor5,crop43,oracle,241,14446,241.007,1.0,1440,1080,1,205.87,320.94,41,62,3.806,1866.7,1400.0,,,,0.27
floor5,crop43,oracle,242,14505,241.992,1.0,1440,1080,1,205.83,317.15,41,56,3.837,1866.7,1400.0,,,,0.271
floor5,crop43,oracle,243,14565,242.993,1.0,1440,1080,1,205.34,313.05,37,52,3.892,1866.7,1400.0,,,,0.267
floor5,crop43,oracle,244,14625,243.994,1.0,1440,1080,1,205.26,308.95,36,53,3.794,1866.7,1400.0,,,,0.265
floor5,crop43,oracle,245,14685,244.995,1.0,1440,1080,1,205.06,303.48,47,73,3.281,1866.7,1400.0,,,,0.27
floor5,crop43,oracle,246,14745,245.996,1.0,1440,1080,1,205.01,298.92,47,80,2.971,1866.7,1400.0,,,,0.271
floor5,crop43,oracle,247,14805,246.997,1.0,1440,1080,1,204.81,294.46,51,77,3.544,1866.7,1400.0,,,,0.275
floor5,crop43,oracle,248,14865,247.998,1.0,1440,1080,1,204.33,289.54,66,94,3.525,1866.7,1400.0,,,,0.272
floor5,crop43,oracle,249,14925,248.999,1.0,1440,1080,1,204.47,284.68,71,91,4.415,1866.7,1400.0,,,,0.269
floor5,crop43,oracle,250,14985,250.0,1.0,1440,1080,1,204.79,279.92,70,99,3.966,1866.7,1400.0,,,,0.273
floor5,crop43,oracle,251,15045,251.001,1.0,1440,1080,1,205.31,275.64,64,87,3.362,1866.7,1400.0,,,,0.268
floor5,crop43,oracle,252,15105,252.002,1.0,1440,1080,1,205.46,270.92,52,83,3.244,1866.7,1400.0,,,,0.281
floor5,crop43,oracle,253,15165,253.003,1.0,1440,1080,1,205.1,266.02,39,55,2.798,1866.7,1400.0,,,,0.275
floor5,crop43,oracle,254,15225,254.004,1.0,1440,1080,1,204.24,262.0,47,67,4.143,1866.7,1400.0,,,,0.269
floor5,crop43,oracle,255,15285,255.005,1.0,1440,1080,1,203.68,257.6,57,72,3.759,1866.7,1400.0,,,,0.265
floor5,crop43,oracle,256,15345,256.006,1.0,1440,1080,1,203.19,253.22,66,86,4.359,1866.7,1400.0,,,,0.259
floor5,crop43,oracle,257,15405,257.007,1.0,1440,1080,1,202.96,248.38,72,84,3.194,1866.7,1400.0,,,,0.261
floor5,crop43,oracle,258,15465,258.008,1.0,1440,1080,1,202.77,243.78,91,115,3.184,1866.7,1400.0,,,,0.259
floor5,crop43,oracle,259,15524,258.992,1.0,1440,1080,1,202.77,239.5,103,113,2.713,1866.7,1400.0,,,,0.266
floor5,crop43,oracle,260,15584,259.993,1.0,1440,1080,1,203.35,234.79,116,138,3.271,1866.7,1400.0,,,,0.269
floor5,crop43,oracle,261,15644,260.994,1.0,1440,1080,1,204.39,230.38,95,120,3.442,1866.7,1400.0,,,,0.271
floor5,crop43,oracle,262,15704,261.995,1.0,1440,1080,1,205.64,225.69,75,98,4.491,1866.7,1400.0,,,,0.27
floor5,crop43,oracle,263,15764,262.996,1.0,1440,1080,1,206.37,221.48,53,83,3.567,1866.7,1400.0,,,,0.271
floor5,crop43,oracle,264,15824,263.997,1.0,1440,1080,1,207.33,217.14,39,66,3.638,1866.7,1400.0,,,,0.268
floor5,crop43,oracle,265,15884,264.998,1.0,1440,1080,1,208.89,212.76,19,39,3.803,1866.7,1400.0,,,,0.299
floor5,crop43,oracle,266,15944,265.999,1.0,1440,1080,1,211.61,239.55,21,26,3.142,1866.7,1400.0,,,,0.267
floor5,crop43,oracle,267,16004,267.0,1.0,1440,1080,1,214.95,235.55,31,46,3.24,1866.7,1400.0,,,,0.29
floor5,crop43,oracle,268,16064,268.001,1.0,1440,1080,1,218.2,233.5,45,54,2.911,1866.7,1400.0,,,,0.274
floor5,crop43,oracle,269,16124,269.002,1.0,1440,1080,1,222.45,233.01,41,58,4.032,1866.7,1400.0,,,,0.274
floor5,crop43,oracle,270,16184,270.003,1.0,1440,1080,1,226.7,233.1,56,73,3.754,1866.7,1400.0,,,,0.288
floor5,crop43,oracle,271,16244,271.004,1.0,1440,1080,1,232.1,234.35,81,93,2.985,1866.7,1400.0,,,,0.273
floor5,crop43,oracle,272,16304,272.005,1.0,1440,1080,1,236.86,235.2,88,100,2.802,1866.7,1400.0,,,,0.261
floor5,crop43,oracle,273,16364,273.006,1.0,1440,1080,1,241.41,235.8,89,102,3.09,1866.7,1400.0,,,,0.263
floor5,crop43,oracle,274,16424,274.007,1.0,1440,1080,1,246.18,236.55,79,101,2.952,1866.7,1400.0,,,,0.259
floor5,crop43,oracle,275,16484,275.008,1.0,1440,1080,1,250.5,237.38,97,110,3.093,1866.7,1400.0,,,,0.253
floor5,crop43,oracle,276,16543,275.992,1.0,1440,1080,1,255.1,238.41,112,120,3.093,1866.7,1400.0,,,,0.243
floor5,crop43,oracle,277,16603,276.993,1.0,1440,1080,1,259.74,239.47,114,129,3.122,1866.7,1400.0,,,,0.24
floor5,crop43,oracle,278,16663,277.994,1.0,1440,1080,1,264.72,239.84,99,116,3.286,1866.7,1400.0,,,,0.246
floor5,crop43,oracle,279,16723,278.995,1.0,1440,1080,1,269.67,239.39,74,86,3.85,1866.7,1400.0,,,,0.236
floor5,crop43,oracle,280,16783,279.996,1.0,1440,1080,1,275.18,239.89,54,64,3.605,1866.7,1400.0,,,,0.239
floor5,crop43,oracle,281,16843,280.997,1.0,1440,1080,1,279.74,241.24,51,61,3.022,1866.7,1400.0,,,,0.25
floor5,crop43,oracle,282,16903,281.998,1.0,1440,1080,1,284.0,242.68,69,80,3.23,1866.7,1400.0,,,,0.243
floor5,crop43,oracle,283,16963,282.999,1.0,1440,1080,1,287.62,245.13,52,64,3.655,1866.7,1400.0,,,,0.244
floor5,crop43,oracle,284,17023,284.0,1.0,1440,1080,1,290.27,248.01,88,94,3.393,1866.7,1400.0,,,,0.259
floor5,crop43,oracle,285,17083,285.001,1.0,1440,1080,1,291.25,251.94,79,86,2.78,1866.7,1400.0,,,,0.258
floor5,crop43,oracle,286,17143,286.002,1.0,1440,1080,1,291.69,256.52,78,90,3.102,1866.7,1400.0,,,,0.258
floor5,crop43,oracle,287,17203,287.003,1.0,1440,1080,1,291.91,261.23,71,86,3.585,1866.7,1400.0,,,,0.257
floor5,crop43,oracle,288,17263,288.004,1.0,1440,1080,1,292.51,265.91,62,77,3.812,1866.7,1400.0,,,,0.26
floor5,crop43,oracle,289,17323,289.005,1.0,1440,1080,1,292.89,270.73,50,66,3.926,1866.7,1400.0,,,,0.261
floor5,crop43,oracle,290,17383,290.006,1.0,1440,1080,1,292.83,275.36,74,92,2.994,1866.7,1400.0,,,,0.25
floor5,crop43,oracle,291,17443,291.007,1.0,1440,1080,1,292.96,280.01,71,92,2.582,1866.7,1400.0,,,,0.263
floor5,crop43,oracle,292,17502,291.992,1.0,1440,1080,1,292.82,284.62,68,85,3.239,1866.7,1400.0,,,,0.277
floor5,crop43,oracle,293,17562,292.993,1.0,1440,1080,1,292.29,289.64,93,120,3.176,1866.7,1400.0,,,,0.277
floor5,crop43,oracle,294,17622,293.994,1.0,1440,1080,1,292.04,294.64,93,118,4.935,1866.7,1400.0,,,,0.262
floor5,crop43,oracle,295,17682,294.995,1.0,1440,1080,1,292.14,299.6,83,103,2.798,1866.7,1400.0,,,,0.269
floor5,crop43,oracle,296,17742,295.996,1.0,1440,1080,1,292.38,304.77,89,107,3.144,1866.7,1400.0,,,,0.262
floor5,crop43,oracle,297,17802,296.997,1.0,1440,1080,1,292.57,309.74,87,106,3.416,1866.7,1400.0,,,,0.262
floor5,crop43,oracle,298,17862,297.998,1.0,1440,1080,1,292.73,314.82,94,109,2.876,1866.7,1400.0,,,,0.263
floor5,crop43,oracle,299,17922,298.999,1.0,1440,1080,1,292.64,319.57,101,110,2.715,1866.7,1400.0,,,,0.26
floor5,crop43,oracle,300,17982,300.0,1.0,1440,1080,1,292.55,324.38,115,130,2.744,1866.7,1400.0,,,,0.268
floor5,crop43,oracle,301,18042,301.001,1.0,1440,1080,1,292.39,329.24,118,123,2.799,1866.7,1400.0,,,,0.277
floor5,crop43,oracle,302,18102,302.002,1.0,1440,1080,1,292.48,334.13,119,126,3.149,1866.7,1400.0,,,,0.266
floor5,crop43,oracle,303,18162,303.003,1.0,1440,1080,1,292.59,339.07,118,129,3.222,1866.7,1400.0,,,,0.263
floor5,crop43,oracle,304,18222,304.004,1.0,1440,1080,1,292.7,343.97,105,119,2.672,1866.7,1400.0,,,,0.267
floor5,crop43,oracle,305,18282,305.005,1.0,1440,1080,1,292.71,349.05,90,105,3.336,1866.7,1400.0,,,,0.262
floor5,crop43,oracle,306,18342,306.006,1.0,1440,1080,1,292.72,354.04,80,96,3.159,1866.7,1400.0,,,,0.262
floor5,crop43,oracle,307,18402,307.007,1.0,1440,1080,1,293.09,358.82,81,92,3.837,1866.7,1400.0,,,,0.26
floor5,crop43,oracle,308,18462,308.008,1.0,1440,1080,1,293.4,363.59,66,92,3.603,1866.7,1400.0,,,,0.264
floor5,crop43,oracle,309,18521,308.992,1.0,1440,1080,1,293.77,368.43,82,99,3.587,1866.7,1400.0,,,,0.266
floor5,crop43,oracle,310,18581,309.993,1.0,1440,1080,1,294.0,373.45,85,104,5.491,1866.7,1400.0,,,,0.256
floor5,crop43,oracle,311,18641,310.994,1.0,1440,1080,1,294.02,378.38,71,82,3.382,1866.7,1400.0,,,,0.262
floor5,crop43,oracle,312,18701,311.995,1.0,1440,1080,1,294.26,383.62,81,100,3.408,1866.7,1400.0,,,,0.26
floor5,crop43,oracle,313,18761,312.996,1.0,1440,1080,1,294.44,388.85,82,105,2.747,1866.7,1400.0,,,,0.261
floor5,crop43,oracle,314,18821,313.997,1.0,1440,1080,1,294.76,393.53,78,104,4.103,1866.7,1400.0,,,,0.269
floor5,crop43,oracle,315,18881,314.998,1.0,1440,1080,1,295.14,398.35,66,99,4.047,1866.7,1400.0,,,,0.266
floor5,crop43,oracle,316,18941,315.999,1.0,1440,1080,1,295.18,403.09,90,102,3.015,1866.7,1400.0,,,,0.277
floor5,crop43,oracle,317,19001,317.0,1.0,1440,1080,1,295.35,407.84,86,115,3.837,1866.7,1400.0,,,,0.266
floor5,crop43,oracle,318,19061,318.001,1.0,1440,1080,1,295.36,412.91,86,109,3.341,1866.7,1400.0,,,,0.267
floor5,crop43,oracle,319,19121,319.002,1.0,1440,1080,1,295.23,417.42,88,103,4.002,1866.7,1400.0,,,,0.274
floor5,crop43,oracle,320,19181,320.003,1.0,1440,1080,1,295.35,421.53,82,97,3.535,1866.7,1400.0,,,,0.265
floor5,crop43,oracle,321,19241,321.004,1.0,1440,1080,1,295.7,425.53,83,104,3.202,1866.7,1400.0,,,,0.262
floor5,crop43,oracle,322,19301,322.005,1.0,1440,1080,1,296.36,429.52,61,81,3.426,1866.7,1400.0,,,,0.261
floor5,crop43,oracle,323,19361,323.006,1.0,1440,1080,1,297.1,433.8,44,58,3.101,1866.7,1400.0,,,,0.268
floor5,crop43,oracle,324,19421,324.007,1.0,1440,1080,1,297.41,438.03,53,69,3.514,1866.7,1400.0,,,,0.261
floor5,crop43,oracle,325,19481,325.008,1.0,1440,1080,1,297.69,442.08,50,71,3.631,1866.7,1400.0,,,,0.264
floor5,crop43,oracle,326,19540,325.992,1.0,1440,1080,1,297.87,445.94,43,66,3.867,1866.7,1400.0,,,,0.267
floor5,crop43,oracle,327,19600,326.993,1.0,1440,1080,1,297.5,449.81,61,101,4.073,1866.7,1400.0,,,,0.285
floor5,crop43,oracle,328,19660,327.994,1.0,1440,1080,1,297.11,453.46,47,82,4.293,1866.7,1400.0,,,,0.282
floor5,crop43,oracle,329,19720,328.995,1.0,1440,1080,1,296.78,456.93,34,51,3.842,1866.7,1400.0,,,,0.297
floor5,crop43,oracle,330,19780,329.996,1.0,1440,1080,1,296.25,460.47,27,50,5.069,1866.7,1400.0,,,,0.299
floor5,crop43,oracle,331,19840,330.997,1.0,1440,1080,0,,,0,0,,1866.7,1400.0,,,,0.336
floor5,zoom2x,map,0,0,0.0,2.0,1920,1080,1,293.77,461.03,108,143,4.86,1400.0,1400.0,,,,0.239
floor5,zoom2x,map,1,60,1.001,2.0,1920,1080,1,294.1,461.09,127,154,5.023,1400.0,1400.0,,,,0.233
floor5,zoom2x,map,2,120,2.002,2.0,1920,1080,1,295.19,466.85,39,94,4.33,1400.0,1400.0,,,,0.29
floor5,zoom2x,map,3,180,3.003,2.0,1920,1080,0,,,0,0,,1400.0,1400.0,,,,0.331
floor5,zoom2x,map,4,240,4.004,2.0,1920,1080,0,,,0,0,,1400.0,1400.0,,,,0.317
floor5,zoom2x,map,5,300,5.005,2.0,1920,1080,1,296.67,466.83,24,63,4.722,1400.0,1400.0,,,,0.311
floor5,zoom2x,map,6,360,6.006,2.0,1920,1080,1,297.55,462.71,68,138,4.85,1400.0,1400.0,,,,0.276
floor5,zoom2x,map,7,420,7.007,2.0,1920,1080,0,,,0,0,,1400.0,1400.0,,,,0.346
floor5,zoom2x,map,8,480,8.008,2.0,1920,1080,1,298.36,450.26,16,58,4.243,1400.0,1400.0,,,,0.343
floor5,zoom2x,map,9,539,8.992,2.0,1920,1080,1,298.55,447.64,10,65,1.618,1400.0,1400.0,,,,0.363
floor5,zoom2x,map,10,599,9.993,2.0,1920,1080,1,294.82,440.25,10,61,3.638,1400.0,1400.0,,,,0.368
floor5,zoom2x,map,11,659,10.994,2.0,1920,1080,0,,,0,0,,1400.0,1400.0,,,,0.377
floor5,zoom2x,map,12,719,11.995,2.0,1920,1080,0,,,0,0,,1400.0,1400.0,,,,0.363
floor5,zoom2x,map,13,779,12.996,2.0,1920,1080,1,293.67,392.66,10,24,2.222,1400.0,1400.0,,,,0.362
floor5,zoom2x,map,14,839,13.997,2.0,1920,1080,1,294.18,389.18,10,24,2.392,1400.0,1400.0,,,,0.368
floor5,zoom2x,map,15,899,14.998,2.0,1920,1080,1,293.3,391.55,11,28,4.157,1400.0,1400.0,,,,0.356
floor5,zoom2x,map,16,959,15.999,2.0,1920,1080,1,291.73,393.44,13,33,2.993,1400.0,1400.0,,,,0.349
floor5,zoom2x,map,17,1019,17.0,2.0,1920,1080,1,292.22,391.22,11,31,3.137,1400.0,1400.0,,,,0.378
floor5,zoom2x,map,18,1079,18.001,2.0,1920,1080,1,292.61,388.8,13,40,3.01,1400.0,1400.0,,,,0.372
floor5,zoom2x,map,19,1139,19.002,2.0,1920,1080,1,292.5,386.42,14,43,4.28,1400.0,1400.0,,,,0.376
floor5,zoom2x,map,20,1199,20.003,2.0,1920,1080,1,292.25,387.39,10,42,3.041,1400.0,1400.0,,,,0.379
floor5,zoom2x,map,21,1259,21.004,2.0,1920,1080,1,291.2,386.73,11,54,2.892,1400.0,1400.0,,,,0.366
floor5,zoom2x,map,22,1319,22.005,2.0,1920,1080,1,291.75,377.5,19,63,3.553,1400.0,1400.0,,,,0.374
floor5,zoom2x,map,23,1379,23.006,2.0,1920,1080,1,290.59,375.33,30,93,3.386,1400.0,1400.0,,,,0.363
floor5,zoom2x,map,24,1439,24.007,2.0,1920,1080,1,290.55,373.09,33,111,4.721,1400.0,1400.0,,,,0.372
floor5,zoom2x,map,25,1499,25.008,2.0,1920,1080,1,290.55,370.74,28,114,3.469,1400.0,1400.0,,,,0.399
floor5,zoom2x,map,26,1558,25.993,2.0,1920,1080,1,290.32,369.34,31,125,3.819,1400.0,1400.0,,,,0.393
floor5,zoom2x,map,27,1618,26.994,2.0,1920,1080,1,290.5,367.09,30,129,3.844,1400.0,1400.0,,,,0.391
floor5,zoom2x,map,28,1678,27.995,2.0,1920,1080,1,289.44,362.18,21,90,3.878,1400.0,1400.0,,,,0.37
floor5,zoom2x,map,29,1738,28.996,2.0,1920,1080,1,292.57,352.01,13,79,2.599,1400.0,1400.0,,,,0.376
floor5,zoom2x,map,30,1798,29.997,2.0,1920,1080,1,294.32,325.25,16,74,4.438,1400.0,1400.0,,,,0.383
floor5,zoom2x,map,31,1858,30.998,2.0,1920,1080,1,294.81,322.89,16,72,3.602,1400.0,1400.0,,,,0.381
floor5,zoom2x,map,32,1918,31.999,2.0,1920,1080,1,291.47,296.09,13,79,3.224,1400.0,1400.0,,,,0.369
floor5,zoom2x,map,33,1978,33.0,2.0,1920,1080,1,288.58,294.19,16,72,3.377,1400.0,1400.0,,,,0.361
floor5,zoom2x,map,34,2038,34.001,2.0,1920,1080,1,288.42,291.53,16,72,3.793,1400.0,1400.0,,,,0.359
floor5,zoom2x,map,35,2098,35.002,2.0,1920,1080,1,289.22,291.39,15,79,3.613,1400.0,1400.0,,,,0.359
floor5,zoom2x,map,36,2158,36.003,2.0,1920,1080,1,288.51,287.29,15,74,4.004,1400.0,1400.0,,,,0.354
floor5,zoom2x,map,37,2218,37.004,2.0,1920,1080,0,,,0,0,,1400.0,1400.0,,,,0.349
floor5,zoom2x,map,38,2278,38.005,2.0,1920,1080,0,,,0,0,,1400.0,1400.0,,,,0.352
floor5,zoom2x,map,39,2338,39.006,2.0,1920,1080,1,282.79,277.88,12,71,4.497,1400.0,1400.0,,,,0.366
floor5,zoom2x,map,40,2398,40.007,2.0,1920,1080,1,282.61,275.35,12,62,4.257,1400.0,1400.0,,,,0.37
floor5,zoom2x,map,41,2458,41.008,2.0,1920,1080,0,,,0,0,,1400.0,1400.0,,,,0.371
floor5,zoom2x,map,42,2517,41.992,2.0,1920,1080,1,289.57,270.94,15,61,3.452,1400.0,1400.0,,,,0.391
floor5,zoom2x,map,43,2577,42.993,2.0,1920,1080,1,288.56,268.17,15,79,3.119,1400.0,1400.0,,,,0.4
floor5,zoom2x,map,44,2637,43.994,2.0,1920,1080,1,292.16,266.03,17,73,2.867,1400.0,1400.0,,,,0.378
floor5,zoom2x,map,45,2697,44.995,2.0,1920,1080,1,288.97,263.4,12,79,2.877,1400.0,1400.0,,,,0.341
floor5,zoom2x,map,46,2757,45.996,2.0,1920,1080,1,287.54,260.84,15,94,2.056,1400.0,1400.0,,,,0.354
floor5,zoom2x,map,47,2817,46.997,2.0,1920,1080,1,288.76,235.09,17,77,3.624,1400.0,1400.0,,,,0.374
floor5,zoom2x,map,48,2877,47.998,2.0,1920,1080,1,291.83,231.37,16,91,3.75,1400.0,1400.0,,,,0.363
floor5,zoom2x,map,49,2937,48.999,2.0,1920,1080,1,287.6,230.34,17,93,4.159,1400.0,1400.0,,,,0.362
floor5,zoom2x,map,50,2997,50.0,2.0,1920,1080,1,285.8,228.04,14,84,3.055,1400.0,1400.0,,,,0.368
floor5,zoom2x,map,51,3057,51.001,2.0,1920,1080,1,280.78,227.11,16,88,3.711,1400.0,1400.0,,,,0.361
floor5,zoom2x,map,52,3117,52.002,2.0,1920,1080,1,280.37,224.15,18,94,3.387,1400.0,1400.0,,,,0.364
floor5,zoom2x,map,53,3177,53.003,2.0,1920,1080,1,275.03,205.34,13,80,3.989,1400.0,1400.0,,,,0.373
floor5,zoom2x,map,54,3237,54.004,2.0,1920,1080,1,274.33,218.67,13,49,2.567,1400.0,1400.0,,,,0.354
floor5,zoom2x,map,55,3297,55.005,2.0,1920,1080,0,,,0,0,,1400.0,1400.0,,,,0.347
floor5,zoom2x,map,56,3357,56.006,2.0,1920,1080,0,,,0,0,,1400.0,1400.0,,,,0.327
floor5,zoom2x,map,57,3417,57.007,2.0,1920,1080,1,239.46,220.76,57,85,3.9,1400.0,1400.0,,,,0.342
floor5,zoom2x,map,58,3477,58.008,2.0,1920,1080,1,236.48,227.22,41,72,3.004,1400.0,1400.0,,,,0.308
floor5,zoom2x,map,59,3536,58.992,2.0,1920,1080,1,244.17,228.92,12,46,2.245,1400.0,1400.0,,,,0.329
floor5,zoom2x,map,60,3596,59.993,2.0,1920,1080,1,231.21,226.75,18,55,3.924,1400.0,1400.0,,,,0.357
floor5,zoom2x,map,61,3656,60.994,2.0,1920,1080,1,228.81,225.26,33,55,2.673,1400.0,1400.0,,,,0.324
floor5,zoom2x,map,62,3716,61.995,2.0,1920,1080,1,226.51,225.43,56,102,4.055,1400.0,1400.0,,,,0.318
floor5,zoom2x,map,63,3776,62.996,2.0,1920,1080,1,224.35,223.92,39,75,3.384,1400.0,1400.0,,,,0.333
floor5,zoom2x,map,64,3836,63.997,2.0,1920,1080,1,222.27,222.92,43,86,3.555,1400.0,1400.0,,,,0.322
floor5,zoom2x,map,65,3896,64.998,2.0,1920,1080,1,219.79,222.88,48,97,4.354,1400.0,1400.0,,,,0.324
floor5,zoom2x,map,66,3956,65.999,2.0,1920,1080,1,217.76,222.68,34,56,3.533,1400.0,1400.0,,,,0.352
floor5,zoom2x,map,67,4016,67.0,2.0,1920,1080,1,215.33,221.4,37,68,3.851,1400.0,1400.0,,,,0.32
floor5,zoom2x,map,68,4076,68.001,2.0,1920,1080,1,213.12,220.28,33,58,3.504,1400.0,1400.0,,,,0.293
floor5,zoom2x,map,69,4136,69.002,2.0,1920,1080,1,210.94,222.14,26,64,3.086,1400.0,1400.0,,,,0.293
floor5,zoom2x,map,70,4196,70.003,2.0,1920,1080,1,208.59,221.24,31,57,3.687,1400.0,1400.0,,,,0.285
floor5,zoom2x,map,71,4256,71.004,2.0,1920,1080,1,206.64,221.43,28,53,3.92,1400.0,1400.0,,,,0.263
floor5,zoom2x,map,72,4316,72.005,2.0,1920,1080,1,204.77,220.2,14,26,3.581,1400.0,1400.0,,,,0.255
floor5,zoom2x,map,73,4376,73.006,2.0,1920,1080,0,,,0,0,,1400.0,1400.0,,,,0.277
floor5,zoom2x,map,74,4436,74.007,2.0,1920,1080,0,,,0,0,,1400.0,1400.0,,,,0.244
floor5,zoom2x,map,75,4496,75.008,2.0,1920,1080,0,,,0,0,,1400.0,1400.0,,,,0.217
floor5,zoom2x,map,76,4555,75.993,2.0,1920,1080,0,,,0,0,,1400.0,1400.0,,,,0.241
floor5,zoom2x,map,77,4615,76.994,2.0,1920,1080,1,206.75,125.55,10,32,2.952,1400.0,1400.0,,,,0.345
floor5,zoom2x,map,78,4675,77.995,2.0,1920,1080,1,208.3,136.81,10,38,4.008,1400.0,1400.0,,,,0.348
floor5,zoom2x,map,79,4735,78.996,2.0,1920,1080,1,207.0,136.58,12,36,3.095,1400.0,1400.0,,,,0.34
floor5,zoom2x,map,80,4795,79.997,2.0,1920,1080,1,209.06,135.53,17,49,3.125,1400.0,1400.0,,,,0.322
floor5,zoom2x,map,81,4855,80.998,2.0,1920,1080,1,208.12,134.23,22,59,2.959,1400.0,1400.0,,,,0.337
floor5,zoom2x,map,82,4915,81.999,2.0,1920,1080,0,,,0,0,,1400.0,1400.0,,,,0.344
floor5,zoom2x,map,83,4975,83.0,2.0,1920,1080,1,206.36,132.71,19,65,3.135,1400.0,1400.0,,,,0.347
floor5,zoom2x,map,84,5035,84.001,2.0,1920,1080,1,207.42,124.31,16,63,3.629,1400.0,1400.0,,,,0.345
floor5,zoom2x,map,85,5095,85.002,2.0,1920,1080,1,206.21,125.35,23,74,4.633,1400.0,1400.0,,,,0.354
floor5,zoom2x,map,86,5155,86.003,2.0,1920,1080,1,206.27,122.93,22,72,4.162,1400.0,1400.0,,,,0.35
floor5,zoom2x,map,87,5215,87.004,2.0,1920,1080,1,206.31,120.41,20,79,4.184,1400.0,1400.0,,,,0.37
floor5,zoom2x,map,88,5275,88.005,2.0,1920,1080,1,206.56,118.49,18,81,3.029,1400.0,1400.0,,,,0.363
floor5,zoom2x,map,89,5335,89.006,2.0,1920,1080,1,209.43,115.82,17,87,3.427,1400.0,1400.0,,,,0.371
floor5,zoom2x,map,90,5395,90.007,2.0,1920,1080,1,209.45,113.89,18,86,3.596,1400.0,1400.0,,,,0.372
floor5,zoom2x,map,91,5455,91.008,2.0,1920,1080,1,208.12,116.6,17,90,4.173,1400.0,1400.0,,,,0.365
floor5,zoom2x,map,92,5514,91.992,2.0,1920,1080,1,208.24,111.29,19,87,4.688,1400.0,1400.0,,,,0.373
floor5,zoom2x,map,93,5574,92.993,2.0,1920,1080,1,209.89,106.11,14,59,2.327,1400.0,1400.0,,,,0.377
floor5,zoom2x,map,94,5634,93.994,2.0,1920,1080,1,208.14,106.36,15,73,2.376,1400.0,1400.0,,,,0.363
floor5,zoom2x,map,95,5694,94.995,2.0,1920,1080,1,208.26,102.46,15,81,2.781,1400.0,1400.0,,,,0.357
floor5,zoom2x,map,96,5754,95.996,2.0,1920,1080,1,207.88,101.7,13,62,2.726,1400.0,1400.0,,,,0.347
floor5,zoom2x,map,97,5814,96.997,2.0,1920,1080,1,201.03,75.77,10,65,2.869,1400.0,1400.0,,,,0.366
floor5,zoom2x,map,98,5874,97.998,2.0,1920,1080,1,206.22,80.08,17,70,3.488,1400.0,1400.0,,,,0.388
floor5,zoom2x,map,99,5934,98.999,2.0,1920,1080,1,202.52,72.11,16,72,4.426,1400.0,1400.0,,,,0.409
floor5,zoom2x,map,100,5994,100.0,2.0,1920,1080,1,201.64,69.97,16,80,2.686,1400.0,1400.0,,,,0.411
floor5,zoom2x,map,101,6054,101.001,2.0,1920,1080,1,202.54,67.73,19,74,3.903,1400.0,1400.0,,,,0.403
floor5,zoom2x,map,102,6114,102.002,2.0,1920,1080,1,203.05,65.54,26,77,4.734,1400.0,1400.0,,,,0.38
floor5,zoom2x,map,103,6174,103.003,2.0,1920,1080,1,202.88,63.42,21,79,3.017,1400.0,1400.0,,,,0.404
floor5,zoom2x,map,104,6234,104.004,2.0,1920,1080,1,202.64,61.36,22,72,3.247,1400.0,1400.0,,,,0.38
floor5,zoom2x,map,105,6294,105.005,2.0,1920,1080,1,201.47,57.8,16,55,2.661,1400.0,1400.0,,,,0.351
floor5,zoom2x,map,106,6354,106.006,2.0,1920,1080,1,202.62,58.46,24,65,3.78,1400.0,1400.0,,,,0.354
floor5,zoom2x,map,107,6414,107.007,2.0,1920,1080,1,201.88,56.28,16,54,3.627,1400.0,1400.0,,,,0.394
floor5,zoom2x,map,108,6474,108.008,2.0,1920,1080,1,205.54,53.65,13,43,4.126,1400.0,1400.0,,,,0.387
floor5,zoom2x,map,109,6533,108.992,2.0,1920,1080,1,200.88,44.81,10,28,3.504,1400.0,1400.0,,,,0.347
floor5,zoom2x,map,110,6593,109.993,2.0,1920,1080,1,200.9,42.59,10,25,3.256,1400.0,1400.0,,,,0.349
floor5,zoom2x,map,111,6653,110.994,2.0,1920,1080,0,,,0,0,,1400.0,1400.0,,,,0.36
floor5,zoom2x,map,112,6713,111.995,2.0,1920,1080,0,,,0,0,,1400.0,1400.0,,,,0.387
floor5,zoom2x,map,113,6773,112.996,2.0,1920,1080,1,206.47,40.59,10,39,3.647,1400.0,1400.0,,,,0.413
floor5,zoom2x,map,114,6833,113.997,2.0,1920,1080,1,207.81,45.71,11,44,3.231,1400.0,1400.0,,,,0.392
floor5,zoom2x,map,115,6893,114.998,2.0,1920,1080,0,,,0,0,,1400.0,1400.0,,,,0.341
floor5,zoom2x,map,116,6953,115.999,2.0,1920,1080,0,,,0,0,,1400.0,1400.0,,,,0.33
floor5,zoom2x,map,117,7013,117.0,2.0,1920,1080,1,212.53,58.17,14,40,3.089,1400.0,1400.0,,,,0.368
floor5,zoom2x,map,118,7073,118.001,2.0,1920,1080,1,203.66,94.18,15,47,3.789,1400.0,1400.0,,,,0.363
floor5,zoom2x,map,119,7133,119.002,2.0,1920,1080,1,211.98,62.59,13,67,3.658,1400.0,1400.0,,,,0.361
floor5,zoom2x,map,120,7193,120.003,2.0,1920,1080,1,208.73,74.14,15,79,3.827,1400.0,1400.0,,,,0.361
floor5,zoom2x,map,121,7253,121.004,2.0,1920,1080,1,208.26,80.5,16,80,5.229,1400.0,1400.0,,,,0.362
floor5,zoom2x,map,122,7313,122.005,2.0,1920,1080,1,209.14,82.26,19,71,3.106,1400.0,1400.0,,,,0.362
floor5,zoom2x,map,123,7373,123.006,2.0,1920,1080,1,208.31,84.31,21,68,4.382,1400.0,1400.0,,,,0.345
floor5,zoom2x,map,124,7433,124.007,2.0,1920,1080,1,211.55,84.82,18,71,2.373,1400.0,1400.0,,,,0.363
floor5,zoom2x,map,125,7493,125.008,2.0,1920,1080,1,205.71,112.08,15,64,2.854,1400.0,1400.0,,,,0.361
floor5,zoom2x,map,126,7552,125.993,2.0,1920,1080,1,205.39,116.39,18,65,3.495,1400.0,1400.0,,,,0.364
floor5,zoom2x,map,127,7612,126.994,2.0,1920,1080,1,202.92,116.41,17,65,3.545,1400.0,1400.0,,,,0.373
floor5,zoom2x,map,128,7672,127.995,2.0,1920,1080,1,206.52,118.29,17,79,3.738,1400.0,1400.0,,,,0.367
floor5,zoom2x,map,129,7732,128.996,2.0,1920,1080,1,206.08,120.93,14,80,3.703,1400.0,1400.0,,,,0.371
floor5,zoom2x,map,130,7792,129.997,2.0,1920,1080,1,210.84,121.58,20,114,3.083,1400.0,1400.0,,,,0.377
floor5,zoom2x,map,131,7852,130.998,2.0,1920,1080,0,,,0,0,,1400.0,1400.0,,,,0.374
floor5,zoom2x,map,132,7912,131.999,2.0,1920,1080,0,,,0,0,,1400.0,1400.0,,,,0.373
floor5,zoom2x,map,133,7972,133.0,2.0,1920,1080,0,,,0,0,,1400.0,1400.0,,,,0.363
floor5,zoom2x,map,134,8032,134.001,2.0,1920,1080,1,209.89,133.21,19,90,2.447,1400.0,1400.0,,,,0.358
floor5,zoom2x,map,135,8092,135.002,2.0,1920,1080,1,207.63,153.7,14,63,4.631,1400.0,1400.0,,,,0.353
floor5,zoom2x,map,136,8152,136.003,2.0,1920,1080,1,209.77,144.92,10,59,3.169,1400.0,1400.0,,,,0.34
floor5,zoom2x,map,137,8212,137.004,2.0,1920,1080,1,210.15,155.37,10,63,2.989,1400.0,1400.0,,,,0.342
floor5,zoom2x,map,138,8272,138.005,2.0,1920,1080,1,207.67,159.45,11,63,3.278,1400.0,1400.0,,,,0.356
floor5,zoom2x,map,139,8332,139.006,2.0,1920,1080,1,208.0,161.99,13,66,3.076,1400.0,1400.0,,,,0.361
floor5,zoom2x,map,140,8392,140.007,2.0,1920,1080,1,203.16,200.91,16,63,4.0,1400.0,1400.0,,,,0.366
floor5,zoom2x,map,141,8452,141.008,2.0,1920,1080,1,211.38,205.32,17,60,3.65,1400.0,1400.0,,,,0.376
floor5,zoom2x,map,142,8511,141.992,2.0,1920,1080,1,204.05,204.33,15,99,2.836,1400.0,1400.0,,,,0.374
floor5,zoom2x,map,143,8571,142.993,2.0,1920,1080,1,208.14,209.08,16,55,3.556,1400.0,1400.0,,,,0.369
floor5,zoom2x,map,144,8631,143.994,2.0,1920,1080,1,209.31,214.4,16,52,2.495,1400.0,1400.0,,,,0.371
floor5,zoom2x,map,145,8691,144.995,2.0,1920,1080,1,205.57,214.85,15,56,2.977,1400.0,1400.0,,,,0.375
floor5,zoom2x,map,146,8751,145.996,2.0,1920,1080,1,207.08,217.79,13,46,2.681,1400.0,1400.0,,,,0.355
floor5,zoom2x,map,147,8811,146.997,2.0,1920,1080,1,207.14,220.89,15,62,3.303,1400.0,1400.0,,,,0.367
floor5,zoom2x,map,148,8871,147.998,2.0,1920,1080,1,211.4,224.85,11,41,2.744,1400.0,1400.0,,,,0.376
floor5,zoom2x,map,149,8931,148.999,2.0,1920,1080,1,205.45,224.83,11,46,2.941,1400.0,1400.0,,,,0.41
floor5,zoom2x,map,150,8991,150.0,2.0,1920,1080,1,206.35,227.6,11,34,2.639,1400.0,1400.0,,,,0.325
floor5,zoom2x,map,151,9051,151.001,2.0,1920,1080,1,205.82,230.24,10,27,3.814,1400.0,1400.0,,,,0.341
floor5,zoom2x,map,152,9111,152.002,2.0,1920,1080,0,,,0,0,,1400.0,1400.0,,,,0.334
floor5,zoom2x,map,153,9171,153.003,2.0,1920,1080,0,,,0,0,,1400.0,1400.0,,,,0.34
floor5,zoom2x,map,154,9231,154.004,2.0,1920,1080,1,210.26,287.15,13,72,3.374,1400.0,1400.0,,,,0.382
floor5,zoom2x,map,155,9291,155.005,2.0,1920,1080,1,210.8,291.53,14,76,2.326,1400.0,1400.0,,,,0.386
floor5,zoom2x,map,156,9351,156.006,2.0,1920,1080,1,209.97,292.99,14,81,2.815,1400.0,1400.0,,,,0.367
floor5,zoom2x,map,157,9411,157.007,2.0,1920,1080,1,213.85,295.16,14,81,2.842,1400.0,1400.0,,,,0.381
floor5,zoom2x,map,158,9471,158.008,2.0,1920,1080,1,210.36,298.71,21,99,3.813,1400.0,1400.0,,,,0.363
floor5,zoom2x,map,159,9530,158.992,2.0,1920,1080,1,216.78,297.28,25,80,4.301,1400.0,1400.0,,,,0.367
floor5,zoom2x,map,160,9590,159.993,2.0,1920,1080,1,217.7,300.48,26,83,4.513,1400.0,1400.0,,,,0.367
floor5,zoom2x,map,161,9650,160.994,2.0,1920,1080,1,217.08,302.44,22,78,4.809,1400.0,1400.0,,,,0.407
floor5,zoom2x,map,162,9710,161.995,2.0,1920,1080,1,220.8,306.35,25,91,4.428,1400.0,1400.0,,,,0.392
floor5,zoom2x,map,163,9770,162.996,2.0,1920,1080,1,219.76,309.29,23,77,3.767,1400.0,1400.0,,,,0.377
floor5,zoom2x,map,164,9830,163.997,2.0,1920,1080,1,214.28,312.5,18,63,3.488,1400.0,1400.0,,,,0.355
floor5,zoom2x,map,165,9890,164.998,2.0,1920,1080,1,208.6,321.29,14,69,3.325,1400.0,1400.0,,,,0.371
floor5,zoom2x,map,166,9950,165.999,2.0,1920,1080,1,207.39,318.99,18,72,3.661,1400.0,1400.0,,,,0.364
floor5,zoom2x,map,167,10010,167.0,2.0,1920,1080,1,208.76,322.15,12,74,3.373,1400.0,1400.0,,,,0.389
floor5,zoom2x,map,168,10070,168.001,2.0,1920,1080,1,203.89,333.45,13,75,3.585,1400.0,1400.0,,,,0.378
floor5,zoom2x,map,169,10130,169.002,2.0,1920,1080,1,209.43,327.22,13,79,2.085,1400.0,1400.0,,,,0.403
floor5,zoom2x,map,170,10190,170.003,2.0,1920,1080,1,209.25,330.25,15,81,4.544,1400.0,1400.0,,,,0.371
floor5,zoom2x,map,171,10250,171.004,2.0,1920,1080,1,209.43,332.8,16,74,4.605,1400.0,1400.0,,,,0.356
floor5,zoom2x,map,172,10310,172.005,2.0,1920,1080,1,207.32,343.98,11,57,3.154,1400.0,1400.0,,,,0.38
floor5,zoom2x,map,173,10370,173.006,2.0,1920,1080,1,205.26,347.97,11,54,2.361,1400.0,1400.0,,,,0.358
floor5,zoom2x,map,174,10430,174.007,2.0,1920,1080,1,207.69,350.4,11,60,3.055,1400.0,1400.0,,,,0.373
floor5,zoom2x,map,175,10490,175.008,2.0,1920,1080,1,207.75,352.82,12,75,2.66,1400.0,1400.0,,,,0.367
floor5,zoom2x,map,176,10549,175.992,2.0,1920,1080,0,,,0,0,,1400.0,1400.0,,,,0.36
floor5,zoom2x,map,177,10609,176.993,2.0,1920,1080,1,206.25,358.41,12,78,2.899,1400.0,1400.0,,,,0.365
floor5,zoom2x,map,178,10669,177.994,2.0,1920,1080,0,,,0,0,,1400.0,1400.0,,,,0.365
floor5,zoom2x,map,179,10729,178.995,2.0,1920,1080,0,,,0,0,,1400.0,1400.0,,,,0.351
floor5,zoom2x,map,180,10789,179.996,2.0,1920,1080,0,,,0,0,,1400.0,1400.0,,,,0.34
floor5,zoom2x,map,181,10849,180.997,2.0,1920,1080,0,,,0,0,,1400.0,1400.0,,,,0.325
floor5,zoom2x,map,182,10909,181.998,2.0,1920,1080,1,209.59,385.66,14,82,3.901,1400.0,1400.0,,,,0.377
floor5,zoom2x,map,183,10969,182.999,2.0,1920,1080,1,207.28,389.6,13,76,3.534,1400.0,1400.0,,,,0.39
floor5,zoom2x,map,184,11029,184.0,2.0,1920,1080,1,209.85,389.27,12,67,3.673,1400.0,1400.0,,,,0.38
floor5,zoom2x,map,185,11089,185.001,2.0,1920,1080,1,209.71,391.94,19,81,4.233,1400.0,1400.0,,,,0.398
floor5,zoom2x,map,186,11149,186.002,2.0,1920,1080,1,207.15,393.39,20,83,2.799,1400.0,1400.0,,,,0.402
floor5,zoom2x,map,187,11209,187.003,2.0,1920,1080,1,207.38,395.27,19,90,3.1,1400.0,1400.0,,,,0.393
floor5,zoom2x,map,188,11269,188.004,2.0,1920,1080,1,207.11,396.9,24,96,3.441,1400.0,1400.0,,,,0.405
floor5,zoom2x,map,189,11329,189.005,2.0,1920,1080,1,207.07,398.66,21,102,3.437,1400.0,1400.0,,,,0.394
floor5,zoom2x,map,190,11389,190.006,2.0,1920,1080,1,208.02,402.32,21,106,4.657,1400.0,1400.0,,,,0.381
floor5,zoom2x,map,191,11449,191.007,2.0,1920,1080,1,206.87,405.1,15,99,3.262,1400.0,1400.0,,,,0.366
floor5,zoom2x,map,192,11508,191.992,2.0,1920,1080,1,207.07,406.26,16,96,3.787,1400.0,1400.0,,,,0.376
floor5,zoom2x,map,193,11568,192.993,2.0,1920,1080,1,211.76,421.93,13,68,3.971,1400.0,1400.0,,,,0.376
floor5,zoom2x,map,194,11628,193.994,2.0,1920,1080,1,211.85,433.59,19,62,3.398,1400.0,1400.0,,,,0.389
floor5,zoom2x,map,195,11688,194.995,2.0,1920,1080,1,212.43,436.81,21,73,2.672,1400.0,1400.0,,,,0.386
floor5,zoom2x,map,196,11748,195.996,2.0,1920,1080,1,212.51,438.43,22,69,3.569,1400.0,1400.0,,,,0.383
floor5,zoom2x,map,197,11808,196.997,2.0,1920,1080,1,212.88,440.37,21,75,3.721,1400.0,1400.0,,,,0.406
floor5,zoom2x,map,198,11868,197.998,2.0,1920,1080,1,212.97,442.37,23,84,3.003,1400.0,1400.0,,,,0.411
floor5,zoom2x,map,199,11928,198.999,2.0,1920,1080,1,213.36,444.66,19,74,2.471,1400.0,1400.0,,,,0.414
floor5,zoom2x,map,200,11988,200.0,2.0,1920,1080,1,213.24,446.32,29,82,4.138,1400.0,1400.0,,,,0.383
floor5,zoom2x,map,201,12048,201.001,2.0,1920,1080,1,213.33,448.42,25,68,3.832,1400.0,1400.0,,,,0.368
floor5,zoom2x,map,202,12108,202.002,2.0,1920,1080,1,211.93,449.93,28,72,3.486,1400.0,1400.0,,,,0.364
floor5,zoom2x,map,203,12168,203.003,2.0,1920,1080,1,208.8,451.36,28,99,3.622,1400.0,1400.0,,,,0.379
floor5,zoom2x,map,204,12228,204.004,2.0,1920,1080,1,207.17,451.98,17,73,3.633,1400.0,1400.0,,,,0.402
floor5,zoom2x,map,205,12288,205.005,2.0,1920,1080,1,209.89,446.02,16,55,3.601,1400.0,1400.0,,,,0.381
floor5,zoom2x,map,206,12348,206.006,2.0,1920,1080,1,207.29,449.49,31,69,4.07,1400.0,1400.0,,,,0.332
floor5,zoom2x,map,207,12408,207.007,2.0,1920,1080,1,206.69,448.31,21,59,3.08,1400.0,1400.0,,,,0.348
floor5,zoom2x,map,208,12468,208.008,2.0,1920,1080,1,297.18,462.37,15,49,4.28,1400.0,1400.0,,,,0.421
floor5,zoom2x,map,209,12527,208.992,2.0,1920,1080,0,,,0,0,,1400.0,1400.0,,,,0.265
floor5,zoom2x,map,210,12587,209.993,2.0,1920,1080,0,,,0,0,,1400.0,1400.0,,,,0.293
floor5,zoom2x,map,211,12647,210.994,2.0,1920,1080,0,,,0,0,,1400.0,1400.0,,,,0.244
floor5,zoom2x,map,212,12707,211.995,2.0,1920,1080,0,,,0,0,,1400.0,1400.0,,,,0.292
floor5,zoom2x,map,213,12767,212.996,2.0,1920,1080,1,203.74,428.72,19,62,3.365,1400.0,1400.0,,,,0.33
floor5,zoom2x,map,214,12827,213.997,2.0,1920,1080,1,203.89,428.54,21,64,3.03,1400.0,1400.0,,,,0.332
floor5,zoom2x,map,215,12887,214.998,2.0,1920,1080,1,209.77,410.41,13,57,2.033,1400.0,1400.0,,,,0.352
floor5,zoom2x,map,216,12947,215.999,2.0,1920,1080,1,209.84,403.92,12,44,3.258,1400.0,1400.0,,,,0.366
floor5,zoom2x,map,217,13007,217.0,2.0,1920,1080,1,210.31,406.65,10,51,1.92,1400.0,1400.0,,,,0.365
floor5,zoom2x,map,218,13067,218.001,2.0,1920,1080,1,210.45,386.52,12,43,3.514,1400.0,1400.0,,,,0.375
floor5,zoom2x,map,219,13127,219.002,2.0,1920,1080,1,212.1,403.32,10,53,3.716,1400.0,1400.0,,,,0.366
floor5,zoom2x,map,220,13187,220.003,2.0,1920,1080,1,209.04,396.39,12,47,3.583,1400.0,1400.0,,,,0.379
floor5,zoom2x,map,221,13247,221.004,2.0,1920,1080,1,210.99,393.91,12,59,2.259,1400.0,1400.0,,,,0.383
floor5,zoom2x,map,222,13307,222.005,2.0,1920,1080,1,211.19,389.16,10,41,3.847,1400.0,1400.0,,,,0.367
floor5,zoom2x,map,223,13367,223.006,2.0,1920,1080,1,211.76,373.53,11,50,2.005,1400.0,1400.0,,,,0.379
floor5,zoom2x,map,224,13427,224.007,2.0,1920,1080,1,211.18,370.41,10,53,1.827,1400.0,1400.0,,,,0.375
floor5,zoom2x,map,225,13487,225.008,2.0,1920,1080,0,,,0,0,,1400.0,1400.0,,,,0.37
floor5,zoom2x,map,226,13546,225.992,2.0,1920,1080,0,,,0,0,,1400.0,1400.0,,,,0.315
floor5,zoom2x,map,227,13606,226.993,2.0,1920,1080,0,,,0,0,,1400.0,1400.0,,,,0.319
floor5,zoom2x,map,228,13666,227.994,2.0,1920,1080,1,203.52,352.81,11,35,2.511,1400.0,1400.0,,,,0.339
floor5,zoom2x,map,229,13726,228.995,2.0,1920,1080,1,207.7,301.38,10,32,4.153,1400.0,1400.0,,,,0.339
floor5,zoom2x,map,230,13786,229.996,2.0,1920,1080,1,210.77,296.38,10,34,4.809,1400.0,1400.0,,,,0.353
floor5,zoom2x,map,231,13846,230.997,2.0,1920,1080,1,206.47,345.37,12,54,3.952,1400.0,1400.0,,,,0.356
floor5,zoom2x,map,232,13906,231.998,2.0,1920,1080,0,,,0,0,,1400.0,1400.0,,,,0.358
floor5,zoom2x,map,233,13966,232.999,2.0,1920,1080,1,205.52,289.41,10,35,2.082,1400.0,1400.0,,,,0.383
floor5,zoom2x,map,234,14026,234.0,2.0,1920,1080,1,207.9,289.39,12,29,3.731,1400.0,1400.0,,,,0.355
floor5,zoom2x,map,235,14086,235.001,2.0,1920,1080,1,207.19,285.92,10,33,2.399,1400.0,1400.0,,,,0.387
floor5,zoom2x,map,236,14146,236.002,2.0,1920,1080,1,207.12,283.49,11,30,4.828,1400.0,1400.0,,,,0.368
floor5,zoom2x,map,237,14206,237.003,2.0,1920,1080,0,,,0,0,,1400.0,1400.0,,,,0.362
floor5,zoom2x,map,238,14266,238.004,2.0,1920,1080,1,206.4,281.83,10,34,2.878,1400.0,1400.0,,,,0.365
floor5,zoom2x,map,239,14326,239.005,2.0,1920,1080,0,,,0,0,,1400.0,1400.0,,,,0.372
floor5,zoom2x,map,240,14386,240.006,2.0,1920,1080,1,205.12,275.72,18,55,4.083,1400.0,1400.0,,,,0.391
floor5,zoom2x,map,241,14446,241.007,2.0,1920,1080,0,,,0,0,,1400.0,1400.0,,,,0.376
floor5,zoom2x,map,242,14505,241.992,2.0,1920,1080,1,207.74,272.74,11,36,3.386,1400.0,1400.0,,,,0.363
floor5,zoom2x,map,243,14565,242.993,2.0,1920,1080,1,201.64,267.15,13,51,2.23,1400.0,1400.0,,,,0.383
floor5,zoom2x,map,244,14625,243.994,2.0,1920,1080,1,201.19,266.4,13,43,2.643,1400.0,1400.0,,,,0.37
floor5,zoom2x,map,245,14685,244.995,2.0,1920,1080,1,203.8,245.11,13,42,4.761,1400.0,1400.0,,,,0.384
floor5,zoom2x,map,246,14745,245.996,2.0,1920,1080,1,203.07,263.1,14,48,3.197,1400.0,1400.0,,,,0.389
floor5,zoom2x,map,247,14805,246.997,2.0,1920,1080,1,206.6,249.84,13,48,4.004,1400.0,1400.0,,,,0.387
floor5,zoom2x,map,248,14865,247.998,2.0,1920,1080,1,205.97,246.44,13,39,3.712,1400.0,1400.0,,,,0.387
floor5,zoom2x,map,249,14925,248.999,2.0,1920,1080,1,204.76,253.52,11,39,3.975,1400.0,1400.0,,,,0.39
floor5,zoom2x,map,250,14985,250.0,2.0,1920,1080,1,206.06,240.73,11,36,2.53,1400.0,1400.0,,,,0.381
floor5,zoom2x,map,251,15045,251.001,2.0,1920,1080,1,203.2,227.04,10,42,3.577,1400.0,1400.0,,,,0.398
floor5,zoom2x,map,252,15105,252.002,2.0,1920,1080,1,204.89,236.31,14,48,3.345,1400.0,1400.0,,,,0.378
floor5,zoom2x,map,253,15165,253.003,2.0,1920,1080,1,206.39,243.99,12,43,2.014,1400.0,1400.0,,,,0.367
floor5,zoom2x,map,254,15225,254.004,2.0,1920,1080,1,207.55,222.35,15,41,3.69,1400.0,1400.0,,,,0.353
floor5,zoom2x,map,255,15285,255.005,2.0,1920,1080,1,207.06,219.13,16,43,1.997,1400.0,1400.0,,,,0.319
floor5,zoom2x,map,256,15345,256.006,2.0,1920,1080,1,206.45,217.11,15,36,2.367,1400.0,1400.0,,,,0.341
floor5,zoom2x,map,257,15405,257.007,2.0,1920,1080,1,202.18,234.95,12,36,2.913,1400.0,1400.0,,,,0.357
floor5,zoom2x,map,258,15465,258.008,2.0,1920,1080,1,201.46,232.83,19,58,3.375,1400.0,1400.0,,,,0.352
floor5,zoom2x,map,259,15524,258.992,2.0,1920,1080,1,201.67,230.27,19,72,1.698,1400.0,1400.0,,,,0.355
floor5,zoom2x,map,260,15584,259.993,2.0,1920,1080,1,207.44,218.41,13,68,3.576,1400.0,1400.0,,,,0.379
floor5,zoom2x,map,261,15644,260.994,2.0,1920,1080,1,207.85,208.87,11,65,1.748,1400.0,1400.0,,,,0.365
floor5,zoom2x,map,262,15704,261.995,2.0,1920,1080,1,208.13,200.7,10,45,2.181,1400.0,1400.0,,,,0.373
floor5,zoom2x,map,263,15764,262.996,2.0,1920,1080,1,208.97,201.34,10,41,3.344,1400.0,1400.0,,,,0.375
floor5,zoom2x,map,264,15824,263.997,2.0,1920,1080,0,,,0,0,,1400.0,1400.0,,,,0.332
floor5,zoom2x,map,265,15884,264.998,2.0,1920,1080,1,223.76,230.82,30,44,3.534,1400.0,1400.0,,,,0.269
floor5,zoom2x,map,266,15944,265.999,2.0,1920,1080,0,,,0,0,,1400.0,1400.0,,,,0.283
floor5,zoom2x,map,267,16004,267.0,2.0,1920,1080,0,,,0,0,,1400.0,1400.0,,,,0.333
floor5,zoom2x,map,268,16064,268.001,2.0,1920,1080,0,,,0,0,,1400.0,1400.0,,,,0.343
floor5,zoom2x,map,269,16124,269.002,2.0,1920,1080,1,287.81,237.28,11,46,3.778,1400.0,1400.0,,,,0.374
floor5,zoom2x,map,270,16184,270.003,2.0,1920,1080,1,285.19,225.12,15,54,3.597,1400.0,1400.0,,,,0.386
floor5,zoom2x,map,271,16244,271.004,2.0,1920,1080,1,267.35,238.36,15,67,3.55,1400.0,1400.0,,,,0.371
floor5,zoom2x,map,272,16304,272.005,2.0,1920,1080,1,268.98,239.51,18,83,3.748,1400.0,1400.0,,,,0.374
floor5,zoom2x,map,273,16364,273.006,2.0,1920,1080,1,270.28,242.79,26,53,3.45,1400.0,1400.0,,,,0.337
floor5,zoom2x,map,274,16424,274.007,2.0,1920,1080,1,273.04,241.05,30,55,4.233,1400.0,1400.0,,,,0.285
floor5,zoom2x,map,275,16484,275.008,2.0,1920,1080,1,275.01,243.12,22,48,3.301,1400.0,1400.0,,,,0.321
floor5,zoom2x,map,276,16543,275.992,2.0,1920,1080,1,277.16,243.7,21,70,4.527,1400.0,1400.0,,,,0.356
floor5,zoom2x,map,277,16603,276.993,2.0,1920,1080,1,279.4,241.98,13,59,3.606,1400.0,1400.0,,,,0.378
floor5,zoom2x,map,278,16663,277.994,2.0,1920,1080,1,307.34,236.77,12,61,4.705,1400.0,1400.0,,,,0.374
floor5,zoom2x,map,279,16723,278.995,2.0,1920,1080,1,284.61,243.38,13,38,3.136,1400.0,1400.0,,,,0.337
floor5,zoom2x,map,280,16783,279.996,2.0,1920,1080,1,287.93,245.2,17,48,3.776,1400.0,1400.0,,,,0.303
floor5,zoom2x,map,281,16843,280.997,2.0,1920,1080,1,290.17,247.05,24,42,4.097,1400.0,1400.0,,,,0.254
floor5,zoom2x,map,282,16903,281.998,2.0,1920,1080,1,292.21,246.98,16,46,4.136,1400.0,1400.0,,,,0.28
floor5,zoom2x,map,283,16963,282.999,2.0,1920,1080,1,293.82,256.91,10,30,3.207,1400.0,1400.0,,,,0.327
floor5,zoom2x,map,284,17023,284.0,2.0,1920,1080,0,,,0,0,,1400.0,1400.0,,,,0.34
floor5,zoom2x,map,285,17083,285.001,2.0,1920,1080,1,292.14,289.86,10,61,3.343,1400.0,1400.0,,,,0.345
floor5,zoom2x,map,286,17143,286.002,2.0,1920,1080,0,,,0,0,,1400.0,1400.0,,,,0.333
floor5,zoom2x,map,287,17203,287.003,2.0,1920,1080,1,292.57,295.63,10,60,5.025,1400.0,1400.0,,,,0.347
floor5,zoom2x,map,288,17263,288.004,2.0,1920,1080,0,,,0,0,,1400.0,1400.0,,,,0.347
floor5,zoom2x,map,289,17323,289.005,2.0,1920,1080,0,,,0,0,,1400.0,1400.0,,,,0.364
floor5,zoom2x,map,290,17383,290.006,2.0,1920,1080,0,,,0,0,,1400.0,1400.0,,,,0.351
floor5,zoom2x,map,291,17443,291.007,2.0,1920,1080,0,,,0,0,,1400.0,1400.0,,,,0.362
floor5,zoom2x,map,292,17502,291.992,2.0,1920,1080,1,296.15,312.77,11,68,3.537,1400.0,1400.0,,,,0.375
floor5,zoom2x,map,293,17562,292.993,2.0,1920,1080,0,,,0,0,,1400.0,1400.0,,,,0.37
floor5,zoom2x,map,294,17622,293.994,2.0,1920,1080,1,297.57,328.75,16,74,3.869,1400.0,1400.0,,,,0.381
floor5,zoom2x,map,295,17682,294.995,2.0,1920,1080,1,296.72,330.27,16,91,3.518,1400.0,1400.0,,,,0.383
floor5,zoom2x,map,296,17742,295.996,2.0,1920,1080,1,297.31,332.88,13,83,3.362,1400.0,1400.0,,,,0.372
floor5,zoom2x,map,297,17802,296.997,2.0,1920,1080,1,295.36,343.23,16,95,4.684,1400.0,1400.0,,,,0.367
floor5,zoom2x,map,298,17862,297.998,2.0,1920,1080,1,296.84,378.98,12,44,2.952,1400.0,1400.0,,,,0.356
floor5,zoom2x,map,299,17922,298.999,2.0,1920,1080,0,,,0,0,,1400.0,1400.0,,,,0.379
floor5,zoom2x,map,300,17982,300.0,2.0,1920,1080,0,,,0,0,,1400.0,1400.0,,,,0.363
floor5,zoom2x,map,301,18042,301.001,2.0,1920,1080,0,,,0,0,,1400.0,1400.0,,,,0.362
floor5,zoom2x,map,302,18102,302.002,2.0,1920,1080,0,,,0,0,,1400.0,1400.0,,,,0.358
floor5,zoom2x,map,303,18162,303.003,2.0,1920,1080,1,290.09,348.14,18,87,2.893,1400.0,1400.0,,,,0.354
floor5,zoom2x,map,304,18222,304.004,2.0,1920,1080,1,294.77,393.6,14,59,3.154,1400.0,1400.0,,,,0.367
floor5,zoom2x,map,305,18282,305.005,2.0,1920,1080,1,292.72,374.48,10,51,1.972,1400.0,1400.0,,,,0.366
floor5,zoom2x,map,306,18342,306.006,2.0,1920,1080,1,295.51,395.79,12,55,3.521,1400.0,1400.0,,,,0.356
floor5,zoom2x,map,307,18402,307.007,2.0,1920,1080,1,297.77,401.78,12,63,2.286,1400.0,1400.0,,,,0.353
floor5,zoom2x,map,308,18462,308.008,2.0,1920,1080,1,298.8,405.29,10,62,3.714,1400.0,1400.0,,,,0.353
floor5,zoom2x,map,309,18521,308.992,2.0,1920,1080,1,297.96,406.53,10,55,2.622,1400.0,1400.0,,,,0.354
floor5,zoom2x,map,310,18581,309.993,2.0,1920,1080,1,296.7,408.1,10,53,3.635,1400.0,1400.0,,,,0.34
floor5,zoom2x,map,311,18641,310.994,2.0,1920,1080,1,297.25,405.74,11,55,3.588,1400.0,1400.0,,,,0.365
floor5,zoom2x,map,312,18701,311.995,2.0,1920,1080,1,296.89,409.08,12,57,2.506,1400.0,1400.0,,,,0.367
floor5,zoom2x,map,313,18761,312.996,2.0,1920,1080,1,298.34,412.71,13,76,3.701,1400.0,1400.0,,,,0.379
floor5,zoom2x,map,314,18821,313.997,2.0,1920,1080,1,297.81,415.64,16,61,4.138,1400.0,1400.0,,,,0.372
floor5,zoom2x,map,315,18881,314.998,2.0,1920,1080,1,295.44,435.95,16,48,4.089,1400.0,1400.0,,,,0.372
floor5,zoom2x,map,316,18941,315.999,2.0,1920,1080,1,298.18,421.97,20,77,3.271,1400.0,1400.0,,,,0.382
floor5,zoom2x,map,317,19001,317.0,2.0,1920,1080,1,298.71,442.25,17,48,5.427,1400.0,1400.0,,,,0.388
floor5,zoom2x,map,318,19061,318.001,2.0,1920,1080,1,301.38,444.28,15,69,3.575,1400.0,1400.0,,,,0.381
floor5,zoom2x,map,319,19121,319.002,2.0,1920,1080,1,299.6,446.82,19,58,4.153,1400.0,1400.0,,,,0.347
floor5,zoom2x,map,320,19181,320.003,2.0,1920,1080,1,298.61,448.91,18,57,3.403,1400.0,1400.0,,,,0.373
floor5,zoom2x,map,321,19241,321.004,2.0,1920,1080,1,298.92,450.94,26,48,3.738,1400.0,1400.0,,,,0.305
floor5,zoom2x,map,322,19301,322.005,2.0,1920,1080,1,298.13,452.35,22,41,3.141,1400.0,1400.0,,,,0.291
floor5,zoom2x,map,323,19361,323.006,2.0,1920,1080,1,298.12,454.65,24,39,3.163,1400.0,1400.0,,,,0.279
floor5,zoom2x,map,324,19421,324.007,2.0,1920,1080,1,297.2,457.1,19,47,4.091,1400.0,1400.0,,,,0.326
floor5,zoom2x,map,325,19481,325.008,2.0,1920,1080,1,299.01,459.11,21,41,4.882,1400.0,1400.0,,,,0.311
floor5,zoom2x,map,326,19540,325.992,2.0,1920,1080,1,299.07,461.37,14,39,3.548,1400.0,1400.0,,,,0.335
floor5,zoom2x,map,327,19600,326.993,2.0,1920,1080,1,297.72,463.75,15,45,4.18,1400.0,1400.0,,,,0.365
floor5,zoom2x,map,328,19660,327.994,2.0,1920,1080,1,296.33,464.89,10,25,3.562,1400.0,1400.0,,,,0.353
floor5,zoom2x,map,329,19720,328.995,2.0,1920,1080,0,,,0,0,,1400.0,1400.0,,,,0.321
floor5,zoom2x,map,330,19780,329.996,2.0,1920,1080,0,,,0,0,,1400.0,1400.0,,,,0.329
floor5,zoom2x,map,331,19840,330.997,2.0,1920,1080,0,,,0,0,,1400.0,1400.0,,,,0.269
floor5,zoom2x,selfcal,0,0,0.0,2.0,1920,1080,1,293.77,461.03,108,143,4.86,1400.0,1400.0,estimating,1400.0,0,0.245
floor5,zoom2x,selfcal,1,60,1.001,2.0,1920,1080,1,294.1,461.09,127,154,5.023,1400.0,1400.0,estimating,3764.3,1,0.237
floor5,zoom2x,selfcal,2,120,2.002,2.0,1920,1080,1,283.97,458.96,47,94,3.383,3764.3,3764.3,estimating,3764.3,2,0.252
floor5,zoom2x,selfcal,3,180,3.003,2.0,1920,1080,0,,,0,0,,3764.3,3764.3,estimating,3764.3,3,0.321
floor5,zoom2x,selfcal,4,240,4.004,2.0,1920,1080,0,,,0,0,,3764.3,3764.3,estimating,3764.3,3,0.299
floor5,zoom2x,selfcal,5,300,5.005,2.0,1920,1080,1,287.88,463.84,35,63,3.374,3764.3,3764.3,estimating,3764.3,3,0.281
floor5,zoom2x,selfcal,6,360,6.006,2.0,1920,1080,1,289.99,465.72,89,138,3.294,3764.3,3764.3,estimating,3774.5,4,0.264
floor5,zoom2x,selfcal,7,420,7.007,2.0,1920,1080,1,293.2,467.32,12,25,4.133,3774.5,3774.5,estimating,3772.5,5,0.34
floor5,zoom2x,selfcal,8,480,8.008,2.0,1920,1080,1,293.1,469.39,24,58,3.353,3772.5,3772.5,estimating,3770.8,5,0.323
floor5,zoom2x,selfcal,9,539,8.992,2.0,1920,1080,1,296.51,466.05,16,58,3.358,3770.8,3770.8,estimating,3770.8,6,0.391
floor5,zoom2x,selfcal,10,599,9.993,2.0,1920,1080,1,296.79,465.92,12,41,3.078,3770.8,3770.8,estimating,3770.8,7,0.402
floor5,zoom2x,selfcal,11,659,10.994,2.0,1920,1080,1,297.52,471.38,13,56,2.879,3770.8,3770.8,estimating,3770.8,8,0.417
floor5,zoom2x,selfcal,12,719,11.995,2.0,1920,1080,1,297.99,465.62,14,40,3.451,3770.8,3770.8,estimating,3695.4,9,0.375
floor5,zoom2x,selfcal,13,779,12.996,2.0,1920,1080,1,294.91,475.75,12,24,3.827,3695.4,3695.4,estimating,3621.5,10,0.369
floor5,zoom2x,selfcal,14,839,13.997,2.0,1920,1080,1,296.94,456.77,16,58,3.467,3621.5,3621.5,estimating,3549.1,11,0.365
floor5,zoom2x,selfcal,15,899,14.998,2.0,1920,1080,1,295.64,457.63,15,28,3.297,3549.1,3549.1,estimating,3478.1,12,0.303
floor5,zoom2x,selfcal,16,959,15.999,2.0,1920,1080,1,294.78,449.56,15,23,3.49,3478.1,3478.1,estimating,3408.5,13,0.283
floor5,zoom2x,selfcal,17,1019,17.0,2.0,1920,1080,1,296.33,443.16,19,37,3.713,3408.5,3408.5,estimating,3340.4,14,0.287
floor5,zoom2x,selfcal,18,1079,18.001,2.0,1920,1080,1,297.5,434.93,25,41,3.353,3340.4,3340.4,estimating,3273.6,15,0.273
floor5,zoom2x,selfcal,19,1139,19.002,2.0,1920,1080,1,296.89,428.66,26,43,3.822,3273.6,3273.6,estimating,3208.1,16,0.29
floor5,zoom2x,selfcal,20,1199,20.003,2.0,1920,1080,1,297.78,421.68,25,42,4.116,3208.1,3208.1,estimating,3143.9,17,0.297
floor5,zoom2x,selfcal,21,1259,21.004,2.0,1920,1080,1,297.02,411.81,29,53,3.447,3143.9,3143.9,estimating,3083.6,18,0.285
floor5,zoom2x,selfcal,22,1319,22.005,2.0,1920,1080,1,296.76,407.87,34,63,3.332,3083.6,3083.6,estimating,3035.3,19,0.281
floor5,zoom2x,selfcal,23,1379,23.006,2.0,1920,1080,1,296.35,400.96,65,88,3.433,3035.3,3035.3,estimating,2998.2,20,0.273
floor5,zoom2x,selfcal,24,1439,24.007,2.0,1920,1080,1,296.1,394.94,78,104,3.608,2998.2,2998.2,estimating,2968.4,21,0.281
floor5,zoom2x,selfcal,25,1499,25.008,2.0,1920,1080,1,295.73,389.27,94,125,4.216,2968.4,2968.4,estimating,2947.6,22,0.292
floor5,zoom2x,selfcal,26,1558,25.993,2.0,1920,1080,1,295.47,383.99,92,124,4.386,2947.6,2947.6,estimating,2931.0,23,0.287
floor5,zoom2x,selfcal,27,1618,26.994,2.0,1920,1080,1,295.61,378.75,77,113,4.083,2931.0,2931.0,estimating,2917.7,24,0.285
floor5,zoom2x,selfcal,28,1678,27.995,2.0,1920,1080,1,295.6,373.35,60,114,4.764,2917.7,2917.7,estimating,2904.3,25,0.281
floor5,zoom2x,selfcal,29,1738,28.996,2.0,1920,1080,1,295.11,368.79,44,79,3.885,2904.3,2904.3,estimating,2889.5,26,0.288
floor5,zoom2x,selfcal,30,1798,29.997,2.0,1920,1080,1,294.74,364.79,48,79,4.582,2889.5,2889.5,estimating,2877.6,27,0.284
floor5,zoom2x,selfcal,31,1858,30.998,2.0,1920,1080,1,294.6,358.74,44,69,4.091,2877.6,2877.6,estimating,2862.1,28,0.284
floor5,zoom2x,selfcal,32,1918,31.999,2.0,1920,1080,1,294.38,353.7,60,93,4.102,2862.1,2862.1,estimating,2847.7,29,0.266
floor5,zoom2x,selfcal,33,1978,33.0,2.0,1920,1080,1,294.26,348.31,54,81,3.817,2847.7,2847.7,estimating,2836.1,30,0.261
floor5,zoom2x,selfcal,34,2038,34.001,2.0,1920,1080,1,293.71,342.6,51,65,3.55,2836.1,2836.1,estimating,2827.8,31,0.3
floor5,zoom2x,selfcal,35,2098,35.002,2.0,1920,1080,1,293.07,337.06,59,83,3.855,2827.8,2827.8,estimating,2823.2,32,0.331
floor5,zoom2x,selfcal,36,2158,36.003,2.0,1920,1080,1,292.89,332.14,58,85,4.082,2823.2,2823.2,estimating,2819.5,33,0.331
floor5,zoom2x,selfcal,37,2218,37.004,2.0,1920,1080,1,292.67,326.72,55,81,5.079,2819.5,2819.5,estimating,2814.5,34,0.323
floor5,zoom2x,selfcal,38,2278,38.005,2.0,1920,1080,1,292.32,321.49,57,88,4.986,2814.5,2814.5,estimating,2813.4,35,0.34
floor5,zoom2x,selfcal,39,2338,39.006,2.0,1920,1080,1,292.0,316.47,49,87,4.295,2813.4,2813.4,estimating,2813.4,36,0.333
floor5,zoom2x,selfcal,40,2398,40.007,2.0,1920,1080,1,292.04,310.99,40,62,4.277,2813.4,2813.4,estimating,2815.1,37,0.362
floor5,zoom2x,selfcal,41,2458,41.008,2.0,1920,1080,1,292.18,305.75,74,115,4.515,2815.1,2815.1,estimating,2816.4,38,0.324
floor5,zoom2x,selfcal,42,2517,41.992,2.0,1920,1080,1,292.28,300.9,55,90,3.62,2816.4,2816.4,estimating,2815.2,39,0.354
floor5,zoom2x,selfcal,43,2577,42.993,2.0,1920,1080,1,292.06,296.26,55,72,4.054,2815.2,2815.2,estimating,2810.8,40,0.351
floor5,zoom2x,selfcal,44,2637,43.994,2.0,1920,1080,1,292.19,290.74,60,86,4.039,2810.8,2810.8,estimating,2807.2,41,0.344
floor5,zoom2x,selfcal,45,2697,44.995,2.0,1920,1080,1,292.36,285.22,57,85,4.128,2807.2,2807.2,estimating,2807.2,42,0.328
floor5,zoom2x,selfcal,46,2757,45.996,2.0,1920,1080,1,292.32,280.35,65,87,3.876,2807.2,2807.2,estimating,2807.2,43,0.335
floor5,zoom2x,selfcal,47,2817,46.997,2.0,1920,1080,1,292.18,275.75,58,77,5.856,2807.2,2807.2,estimating,2805.6,44,0.324
floor5,zoom2x,selfcal,48,2877,47.998,2.0,1920,1080,1,291.8,270.59,69,93,4.198,2805.6,2805.6,estimating,2799.3,45,0.317
floor5,zoom2x,selfcal,49,2937,48.999,2.0,1920,1080,1,291.51,265.59,68,97,4.056,2799.3,2799.3,estimating,2793.2,46,0.362
floor5,zoom2x,selfcal,50,2997,50.0,2.0,1920,1080,1,291.51,260.43,55,85,4.316,2793.2,2793.2,estimating,2789.8,47,0.329
floor5,zoom2x,selfcal,51,3057,51.001,2.0,1920,1080,1,291.07,255.39,56,83,3.978,2789.8,2789.8,estimating,2791.2,48,0.343
floor5,zoom2x,selfcal,52,3117,52.002,2.0,1920,1080,1,290.87,250.54,54,102,3.953,2791.2,2791.2,estimating,2788.2,49,0.338
floor5,zoom2x,selfcal,53,3177,53.003,2.0,1920,1080,1,290.23,245.61,48,81,3.677,2788.2,2788.2,estimating,2784.3,50,0.304
floor5,zoom2x,selfcal,54,3237,54.004,2.0,1920,1080,1,289.18,240.85,32,54,3.242,2784.3,2784.3,estimating,2781.2,51,0.284
floor5,zoom2x,selfcal,55,3297,55.005,2.0,1920,1080,1,287.1,236.55,22,45,4.44,2781.2,2781.2,estimating,2778.7,52,0.29
floor5,zoom2x,selfcal,56,3357,56.006,2.0,1920,1080,1,283.99,233.27,18,32,5.186,2778.7,2778.7,estimating,2778.7,53,0.295
floor5,zoom2x,selfcal,57,3417,57.007,2.0,1920,1080,1,279.01,233.97,57,85,3.394,2778.7,2778.7,estimating,2776.8,54,0.331
floor5,zoom2x,selfcal,58,3477,58.008,2.0,1920,1080,1,275.93,229.02,45,74,2.819,2776.8,2776.8,estimating,2773.4,55,0.307
floor5,zoom2x,selfcal,59,3536,58.992,2.0,1920,1080,1,271.43,228.24,31,50,3.049,2773.4,2773.4,estimating,2770.7,56,0.292
floor5,zoom2x,selfcal,60,3596,59.993,2.0,1920,1080,1,266.42,227.36,34,55,3.297,2770.7,2770.7,estimating,2772.6,57,0.339
floor5,zoom2x,selfcal,61,3656,60.994,2.0,1920,1080,1,261.46,226.99,52,70,2.854,2772.6,2772.6,estimating,2779.7,58,0.325
floor5,zoom2x,selfcal,62,3716,61.995,2.0,1920,1080,1,256.95,226.45,81,102,2.984,2779.7,2779.7,estimating,2782.8,59,0.32
floor5,zoom2x,selfcal,63,3776,62.996,2.0,1920,1080,1,252.65,225.8,63,74,3.249,2782.8,2782.8,estimating,2789.3,60,0.333
floor5,zoom2x,selfcal,64,3836,63.997,2.0,1920,1080,1,248.72,225.12,80,103,3.423,2789.3,2789.3,estimating,2794.3,61,0.327
floor5,zoom2x,selfcal,65,3896,64.998,2.0,1920,1080,1,244.36,224.47,70,97,3.064,2794.3,2794.3,estimating,2798.5,62,0.33
floor5,zoom2x,selfcal,66,3956,65.999,2.0,1920,1080,1,239.92,223.82,50,56,3.107,2798.5,2798.5,estimating,2802.5,63,0.372
floor5,zoom2x,selfcal,67,4016,67.0,2.0,1920,1080,1,235.29,223.31,65,74,2.908,2802.5,2802.5,estimating,2805.1,64,0.323
floor5,zoom2x,selfcal,68,4076,68.001,2.0,1920,1080,1,230.81,222.58,53,68,3.323,2805.1,2805.1,estimating,2806.9,65,0.298
floor5,zoom2x,selfcal,69,4136,69.002,2.0,1920,1080,1,226.17,221.69,45,64,3.538,2806.9,2806.9,estimating,2808.9,66,0.296
floor5,zoom2x,selfcal,70,4196,70.003,2.0,1920,1080,1,221.43,220.23,39,57,3.659,2808.9,2808.9,estimating,2810.6,67,0.291
floor5,zoom2x,selfcal,71,4256,71.004,2.0,1920,1080,1,217.58,220.9,41,50,2.852,2810.6,2810.6,estimating,2810.6,68,0.275
floor5,zoom2x,selfcal,72,4316,72.005,2.0,1920,1080,1,213.91,220.85,24,34,3.888,2810.6,2810.6,estimating,2810.6,69,0.253
floor5,zoom2x,selfcal,73,4376,73.006,2.0,1920,1080,1,210.69,219.94,11,19,2.731,2810.6,2810.6,estimating,2812.3,70,0.268
floor5,zoom2x,selfcal,74,4436,74.007,2.0,1920,1080,0,,,0,0,,2812.3,2812.3,estimating,2813.7,70,0.244
floor5,zoom2x,selfcal,75,4496,75.008,2.0,1920,1080,0,,,0,0,,2813.7,2813.7,estimating,2814.9,70,0.235
floor5,zoom2x,selfcal,76,4555,75.993,2.0,1920,1080,0,,,0,0,,2814.9,2814.9,estimating,2814.9,70,0.25
floor5,zoom2x,selfcal,77,4615,76.994,2.0,1920,1080,1,207.74,195.82,32,64,3.404,2814.9,2814.9,estimating,2814.9,70,0.283
floor5,zoom2x,selfcal,78,4675,77.995,2.0,1920,1080,1,207.92,191.81,38,78,3.933,2814.9,2814.9,estimating,2809.7,71,0.273
floor5,zoom2x,selfcal,79,4735,78.996,2.0,1920,1080,1,207.71,188.2,42,81,3.074,2809.7,2809.7,estimating,2809.7,72,0.255
floor5,zoom2x,selfcal,80,4795,79.997,2.0,1920,1080,1,206.83,183.81,38,49,2.949,2809.7,2809.7,estimating,2806.4,73,0.243
floor5,zoom2x,selfcal,81,4855,80.998,2.0,1920,1080,1,205.94,180.22,65,97,3.676,2806.4,2806.4,estimating,2800.1,74,0.25
floor5,zoom2x,selfcal,82,4915,81.999,2.0,1920,1080,1,205.18,176.81,48,82,3.292,2800.1,2800.1,estimating,2798.3,75,0.249
floor5,zoom2x,selfcal,83,4975,83.0,2.0,1920,1080,1,204.09,172.18,58,72,4.169,2798.3,2798.3,estimating,2796.9,76,0.243
floor5,zoom2x,selfcal,84,5035,84.001,2.0,1920,1080,1,203.32,167.96,52,76,3.637,2796.9,2796.9,estimating,2795.7,77,0.234
floor5,zoom2x,selfcal,85,5095,85.002,2.0,1920,1080,1,203.01,163.39,53,71,3.748,2795.7,2795.7,estimating,2795.7,78,0.241
floor5,zoom2x,selfcal,86,5155,86.003,2.0,1920,1080,1,202.88,159.33,60,72,3.365,2795.7,2795.7,estimating,2798.4,79,0.236
floor5,zoom2x,selfcal,87,5215,87.004,2.0,1920,1080,1,202.96,155.51,62,83,3.127,2798.4,2798.4,estimating,2798.4,80,0.24
floor5,zoom2x,selfcal,88,5275,88.005,2.0,1920,1080,1,203.08,151.38,62,86,4.031,2798.4,2798.4,estimating,2798.4,81,0.238
floor5,zoom2x,selfcal,89,5335,89.006,2.0,1920,1080,1,203.17,146.89,73,93,3.837,2798.4,2798.4,estimating,2798.4,82,0.244
floor5,zoom2x,selfcal,90,5395,90.007,2.0,1920,1080,1,203.12,142.45,83,106,3.981,2798.4,2798.4,estimating,2798.4,83,0.248
floor5,zoom2x,selfcal,91,5455,91.008,2.0,1920,1080,1,203.07,138.14,65,91,2.752,2798.4,2798.4,estimating,2798.4,84,0.249
floor5,zoom2x,selfcal,92,5514,91.992,2.0,1920,1080,1,202.99,133.63,72,97,3.831,2798.4,2798.4,estimating,2796.5,85,0.25
floor5,zoom2x,selfcal,93,5574,92.993,2.0,1920,1080,1,202.88,129.14,50,59,3.191,2796.5,2796.5,estimating,2794.9,86,0.254
floor5,zoom2x,selfcal,94,5634,93.994,2.0,1920,1080,1,202.8,124.75,77,94,3.837,2794.9,2794.9,estimating,2793.7,87,0.244
floor5,zoom2x,selfcal,95,5694,94.995,2.0,1920,1080,1,202.96,120.58,57,81,2.923,2793.7,2793.7,estimating,2795.0,88,0.251
floor5,zoom2x,selfcal,96,5754,95.996,2.0,1920,1080,1,203.22,116.15,51,74,3.407,2795.0,2795.0,estimating,2799.7,89,0.242
floor5,zoom2x,selfcal,97,5814,96.997,2.0,1920,1080,1,203.7,111.75,45,71,3.432,2799.7,2799.7,estimating,2805.7,90,0.255
floor5,zoom2x,selfcal,98,5874,97.998,2.0,1920,1080,1,203.46,107.64,44,70,3.25,2805.7,2805.7,estimating,2814.7,91,0.267
floor5,zoom2x,selfcal,99,5934,98.999,2.0,1920,1080,1,203.21,103.61,75,90,3.517,2814.7,2814.7,estimating,2826.8,92,0.285
floor5,zoom2x,selfcal,100,5994,100.0,2.0,1920,1080,1,202.95,99.52,61,80,4.191,2826.8,2826.8,estimating,2837.8,93,0.272
floor5,zoom2x,selfcal,101,6054,101.001,2.0,1920,1080,1,203.35,95.45,53,74,3.551,2837.8,2837.8,estimating,2846.5,94,0.253
floor5,zoom2x,selfcal,102,6114,102.002,2.0,1920,1080,1,203.48,91.22,57,77,3.487,2846.5,2846.5,estimating,2852.2,95,0.252
floor5,zoom2x,selfcal,103,6174,103.003,2.0,1920,1080,1,203.29,87.28,57,79,2.757,2852.2,2852.2,estimating,2858.1,96,0.251
floor5,zoom2x,selfcal,104,6234,104.004,2.0,1920,1080,1,202.82,83.19,60,72,2.995,2858.1,2858.1,estimating,2862.8,97,0.247
floor5,zoom2x,selfcal,105,6294,105.005,2.0,1920,1080,1,202.48,78.92,42,53,3.15,2862.8,2862.8,estimating,2867.7,98,0.249
floor5,zoom2x,selfcal,106,6354,106.006,2.0,1920,1080,1,203.88,78.01,47,62,2.98,2867.7,2867.7,estimating,2871.5,99,0.263
floor5,zoom2x,selfcal,107,6414,107.007,2.0,1920,1080,1,203.6,73.85,33,50,3.754,2871.5,2871.5,estimating,2874.6,100,0.266
floor5,zoom2x,selfcal,108,6474,108.008,2.0,1920,1080,1,203.2,70.0,32,48,3.699,2874.6,2874.6,estimating,2874.6,101,0.268
floor5,zoom2x,selfcal,109,6533,108.992,2.0,1920,1080,1,202.88,66.4,24,38,3.825,2874.6,2874.6,estimating,2868.8,102,0.263
floor5,zoom2x,selfcal,110,6593,109.993,2.0,1920,1080,1,202.77,62.49,27,38,4.428,2868.8,2868.8,estimating,2861.6,103,0.267
floor5,zoom2x,selfcal,111,6653,110.994,2.0,1920,1080,1,202.5,58.15,18,25,3.265,2861.6,2861.6,estimating,2853.5,104,0.274
floor5,zoom2x,selfcal,112,6713,111.995,2.0,1920,1080,1,201.99,54.68,20,34,5.079,2853.5,2853.5,estimating,2846.0,105,0.28
floor5,zoom2x,selfcal,113,6773,112.996,2.0,1920,1080,1,201.57,51.74,17,45,3.835,2846.0,2846.0,estimating,2834.9,106,0.303
floor5,zoom2x,selfcal,114,6833,113.997,2.0,1920,1080,1,201.65,49.39,18,44,5.365,2834.9,2834.9,estimating,2826.1,107,0.323
floor5,zoom2x,selfcal,115,6893,114.998,2.0,1920,1080,0,,,0,0,,2826.1,2826.1,estimating,2815.4,108,0.302
floor5,zoom2x,selfcal,116,6953,115.999,2.0,1920,1080,0,,,0,0,,2815.4,2815.4,estimating,2806.8,108,0.298
floor5,zoom2x,selfcal,117,7013,117.0,2.0,1920,1080,1,207.08,44.96,20,40,3.94,2806.8,2806.8,estimating,2800.0,108,0.317
floor5,zoom2x,selfcal,118,7073,118.001,2.0,1920,1080,1,209.38,47.11,24,43,3.525,2800.0,2800.0,estimating,2798.1,109,0.286
floor5,zoom2x,selfcal,119,7133,119.002,2.0,1920,1080,1,210.64,50.86,52,76,3.939,2798.1,2798.1,estimating,2801.7,110,0.27
floor5,zoom2x,selfcal,120,7193,120.003,2.0,1920,1080,1,210.77,55.11,53,69,4.043,2801.7,2801.7,estimating,2804.5,111,0.263
floor5,zoom2x,selfcal,121,7253,121.004,2.0,1920,1080,1,210.52,59.22,53,79,3.361,2804.5,2804.5,estimating,2814.0,112,0.259
floor5,zoom2x,selfcal,122,7313,122.005,2.0,1920,1080,1,210.24,63.09,50,69,3.201,2814.0,2814.0,estimating,2821.1,113,0.263
floor5,zoom2x,selfcal,123,7373,123.006,2.0,1920,1080,1,210.22,67.19,50,73,3.546,2821.1,2821.1,estimating,2826.8,114,0.253
floor5,zoom2x,selfcal,124,7433,124.007,2.0,1920,1080,1,209.97,71.42,45,61,3.106,2826.8,2826.8,estimating,2821.7,115,0.254
floor5,zoom2x,selfcal,125,7493,125.008,2.0,1920,1080,1,209.87,76.07,51,64,3.705,2821.7,2821.7,estimating,2827.3,116,0.254
floor5,zoom2x,selfcal,126,7552,125.993,2.0,1920,1080,1,209.72,79.97,50,67,3.531,2827.3,2827.3,estimating,2822.1,117,0.249
floor5,zoom2x,selfcal,127,7612,126.994,2.0,1920,1080,1,209.56,84.55,48,65,3.202,2822.1,2822.1,estimating,2815.3,118,0.251
floor5,zoom2x,selfcal,128,7672,127.995,2.0,1920,1080,1,209.75,89.23,61,78,3.965,2815.3,2815.3,estimating,2808.5,119,0.252
floor5,zoom2x,selfcal,129,7732,128.996,2.0,1920,1080,1,209.66,93.71,69,80,3.537,2808.5,2808.5,estimating,2803.1,120,0.252
floor5,zoom2x,selfcal,130,7792,129.997,2.0,1920,1080,1,209.39,97.24,84,116,3.394,2803.1,2803.1,estimating,2797.3,121,0.263
floor5,zoom2x,selfcal,131,7852,130.998,2.0,1920,1080,1,209.21,103.29,92,129,3.211,2797.3,2797.3,estimating,2792.7,122,0.255
floor5,zoom2x,selfcal,132,7912,131.999,2.0,1920,1080,1,208.85,109.07,94,115,3.794,2792.7,2792.7,estimating,2790.5,123,0.256
floor5,zoom2x,selfcal,133,7972,133.0,2.0,1920,1080,1,208.69,115.29,80,114,4.291,2790.5,2790.5,estimating,2788.7,124,0.262
floor5,zoom2x,selfcal,134,8032,134.001,2.0,1920,1080,1,208.79,120.98,60,93,4.578,2788.7,2788.7,estimating,2791.7,125,0.265
floor5,zoom2x,selfcal,135,8092,135.002,2.0,1920,1080,1,208.82,126.92,46,75,4.009,2791.7,2791.7,estimating,2799.0,126,0.258
floor5,zoom2x,selfcal,136,8152,136.003,2.0,1920,1080,1,209.26,131.9,40,69,4.09,2799.0,2799.0,estimating,2807.9,127,0.253
floor5,zoom2x,selfcal,137,8212,137.004,2.0,1920,1080,1,209.29,137.95,42,65,4.855,2807.9,2807.9,estimating,2815.0,128,0.256
floor5,zoom2x,selfcal,138,8272,138.005,2.0,1920,1080,1,209.03,142.97,47,63,4.85,2815.0,2815.0,estimating,2820.7,129,0.273
floor5,zoom2x,selfcal,139,8332,139.006,2.0,1920,1080,1,209.09,147.94,51,69,4.817,2820.7,2820.7,estimating,2825.6,130,0.263
floor5,zoom2x,selfcal,140,8392,140.007,2.0,1920,1080,1,209.14,152.99,48,68,3.681,2825.6,2825.6,estimating,2828.0,131,0.266
floor5,zoom2x,selfcal,141,8452,141.008,2.0,1920,1080,1,208.95,158.56,46,63,3.533,2828.0,2828.0,estimating,2828.0,132,0.265
floor5,zoom2x,selfcal,142,8511,141.992,2.0,1920,1080,1,209.06,164.02,59,99,4.278,2828.0,2828.0,estimating,2828.0,133,0.269
floor5,zoom2x,selfcal,143,8571,142.993,2.0,1920,1080,1,209.12,169.24,48,76,3.728,2828.0,2828.0,estimating,2828.0,134,0.275
floor5,zoom2x,selfcal,144,8631,143.994,2.0,1920,1080,1,209.02,174.74,68,84,3.552,2828.0,2828.0,estimating,2828.0,135,0.266
floor5,zoom2x,selfcal,145,8691,144.995,2.0,1920,1080,1,209.22,179.76,44,60,3.623,2828.0,2828.0,estimating,2829.2,136,0.273
floor5,zoom2x,selfcal,146,8751,145.996,2.0,1920,1080,1,209.29,185.63,38,64,4.381,2829.2,2829.2,estimating,2829.2,137,0.264
floor5,zoom2x,selfcal,147,8811,146.997,2.0,1920,1080,1,209.33,190.76,49,66,3.9,2829.2,2829.2,estimating,2829.2,138,0.263
floor5,zoom2x,selfcal,148,8871,147.998,2.0,1920,1080,1,208.97,195.97,46,62,3.53,2829.2,2829.2,estimating,2829.2,139,0.263
floor5,zoom2x,selfcal,149,8931,148.999,2.0,1920,1080,1,209.19,201.24,42,54,3.846,2829.2,2829.2,estimating,2829.2,140,0.282
floor5,zoom2x,selfcal,150,8991,150.0,2.0,1920,1080,1,209.14,207.11,26,34,3.117,2829.2,2829.2,estimating,2829.2,141,0.275
floor5,zoom2x,selfcal,151,9051,151.001,2.0,1920,1080,1,209.43,211.99,23,34,4.112,2829.2,2829.2,estimating,2829.2,142,0.273
floor5,zoom2x,selfcal,152,9111,152.002,2.0,1920,1080,1,209.33,216.95,15,23,3.628,2829.2,2829.2,estimating,2829.2,143,0.271
floor5,zoom2x,selfcal,153,9171,153.003,2.0,1920,1080,1,204.07,206.94,26,53,3.956,2829.2,2829.2,estimating,2823.9,144,0.284
floor5,zoom2x,selfcal,154,9231,154.004,2.0,1920,1080,1,203.7,213.79,39,68,4.306,2823.9,2823.9,estimating,2819.5,145,0.334
floor5,zoom2x,selfcal,155,9291,155.005,2.0,1920,1080,1,204.12,219.39,47,75,4.89,2819.5,2819.5,estimating,2817.6,146,0.324
floor5,zoom2x,selfcal,156,9351,156.006,2.0,1920,1080,1,204.68,224.62,56,85,4.732,2817.6,2817.6,estimating,2809.8,147,0.299
floor5,zoom2x,selfcal,157,9411,157.007,2.0,1920,1080,1,204.87,230.9,56,80,3.78,2809.8,2809.8,estimating,2800.8,148,0.327
floor5,zoom2x,selfcal,158,9471,158.008,2.0,1920,1080,1,204.59,236.69,53,78,3.95,2800.8,2800.8,estimating,2793.5,149,0.336
floor5,zoom2x,selfcal,159,9530,158.992,2.0,1920,1080,1,205.16,241.77,61,95,4.837,2793.5,2793.5,estimating,2787.8,150,0.326
floor5,zoom2x,selfcal,160,9590,159.993,2.0,1920,1080,1,204.99,247.74,54,94,3.812,2787.8,2787.8,estimating,2783.1,151,0.323
floor5,zoom2x,selfcal,161,9650,160.994,2.0,1920,1080,1,205.14,254.02,57,89,4.48,2783.1,2783.1,estimating,2780.4,152,0.348
floor5,zoom2x,selfcal,162,9710,161.995,2.0,1920,1080,1,205.86,259.07,55,91,4.278,2780.4,2780.4,estimating,2778.6,153,0.333
floor5,zoom2x,selfcal,163,9770,162.996,2.0,1920,1080,1,206.48,264.26,51,77,4.562,2778.6,2778.6,estimating,2776.8,154,0.333
floor5,zoom2x,selfcal,164,9830,163.997,2.0,1920,1080,1,206.08,270.09,38,63,3.946,2776.8,2776.8,estimating,2775.3,155,0.305
floor5,zoom2x,selfcal,165,9890,164.998,2.0,1920,1080,1,206.15,275.07,38,69,3.515,2775.3,2775.3,estimating,2775.3,156,0.345
floor5,zoom2x,selfcal,166,9950,165.999,2.0,1920,1080,1,206.64,280.52,42,60,3.862,2775.3,2775.3,estimating,2775.3,157,0.312
floor5,zoom2x,selfcal,167,10010,167.0,2.0,1920,1080,1,206.78,286.32,44,74,3.921,2775.3,2775.3,estimating,2777.7,158,0.351
floor5,zoom2x,selfcal,168,10070,168.001,2.0,1920,1080,1,206.96,291.62,42,75,4.341,2777.7,2777.7,estimating,2783.6,159,0.336
floor5,zoom2x,selfcal,169,10130,169.002,2.0,1920,1080,1,207.11,296.97,47,77,4.284,2783.6,2783.6,estimating,2788.3,160,0.361
floor5,zoom2x,selfcal,170,10190,170.003,2.0,1920,1080,1,207.02,302.33,44,71,4.158,2788.3,2788.3,estimating,2794.1,161,0.343
floor5,zoom2x,selfcal,171,10250,171.004,2.0,1920,1080,1,207.25,307.73,45,77,4.313,2794.1,2794.1,estimating,2798.7,162,0.335
floor5,zoom2x,selfcal,172,10310,172.005,2.0,1920,1080,1,207.6,313.29,43,66,3.11,2798.7,2798.7,estimating,2804.0,163,0.316
floor5,zoom2x,selfcal,173,10370,173.006,2.0,1920,1080,1,207.62,318.23,50,67,3.48,2804.0,2804.0,estimating,2804.0,164,0.285
floor5,zoom2x,selfcal,174,10430,174.007,2.0,1920,1080,1,207.75,323.73,61,76,4.054,2804.0,2804.0,estimating,2793.0,165,0.323
floor5,zoom2x,selfcal,175,10490,175.008,2.0,1920,1080,1,207.77,329.74,61,81,4.358,2793.0,2793.0,estimating,2783.8,166,0.31
floor5,zoom2x,selfcal,176,10549,175.992,2.0,1920,1080,1,208.07,335.15,59,83,4.469,2783.8,2783.8,estimating,2774.5,167,0.304
floor5,zoom2x,selfcal,177,10609,176.993,2.0,1920,1080,1,208.21,340.33,50,78,4.063,2774.5,2774.5,estimating,2774.5,168,0.328
floor5,zoom2x,selfcal,178,10669,177.994,2.0,1920,1080,1,208.08,345.92,67,88,4.506,2774.5,2774.5,estimating,2767.0,169,0.339
floor5,zoom2x,selfcal,179,10729,178.995,2.0,1920,1080,1,208.32,351.06,49,67,4.311,2767.0,2767.0,estimating,2769.2,170,0.319
floor5,zoom2x,selfcal,180,10789,179.996,2.0,1920,1080,1,208.69,356.49,38,63,4.04,2769.2,2769.2,estimating,2771.0,171,0.331
floor5,zoom2x,selfcal,181,10849,180.997,2.0,1920,1080,1,208.73,361.43,36,65,4.805,2771.0,2771.0,estimating,2772.4,172,0.294
floor5,zoom2x,selfcal,182,10909,181.998,2.0,1920,1080,1,209.9,349.52,104,162,4.683,2772.4,2772.4,estimating,2775.6,173,0.28
floor5,zoom2x,selfcal,183,10969,182.999,2.0,1920,1080,1,210.08,353.63,64,87,3.322,2775.6,2775.6,estimating,2777.8,174,0.265
floor5,zoom2x,selfcal,184,11029,184.0,2.0,1920,1080,1,210.3,357.91,73,88,3.843,2777.8,2777.8,estimating,2779.6,175,0.263
floor5,zoom2x,selfcal,185,11089,185.001,2.0,1920,1080,1,210.2,362.13,77,102,3.39,2779.6,2779.6,estimating,2781.0,176,0.269
floor5,zoom2x,selfcal,186,11149,186.002,2.0,1920,1080,1,210.22,366.3,78,99,3.686,2781.0,2781.0,estimating,2782.1,177,0.27
floor5,zoom2x,selfcal,187,11209,187.003,2.0,1920,1080,1,210.44,370.49,74,99,3.469,2782.1,2782.1,estimating,2785.1,178,0.267
floor5,zoom2x,selfcal,188,11269,188.004,2.0,1920,1080,1,210.74,374.82,71,96,3.151,2785.1,2785.1,estimating,2782.8,179,0.273
floor5,zoom2x,selfcal,189,11329,189.005,2.0,1920,1080,1,210.71,379.19,79,101,3.885,2782.8,2782.8,estimating,2785.7,180,0.269
floor5,zoom2x,selfcal,190,11389,190.006,2.0,1920,1080,1,210.87,382.56,78,106,3.684,2785.7,2785.7,estimating,2784.4,181,0.275
floor5,zoom2x,selfcal,191,11449,191.007,2.0,1920,1080,1,210.42,386.57,70,99,3.709,2784.4,2784.4,estimating,2787.1,182,0.26
floor5,zoom2x,selfcal,192,11508,191.992,2.0,1920,1080,1,210.07,390.43,67,92,4.342,2787.1,2787.1,estimating,2792.3,183,0.261
floor5,zoom2x,selfcal,193,11568,192.993,2.0,1920,1080,1,210.04,394.61,53,68,3.461,2792.3,2792.3,estimating,2792.3,184,0.268
floor5,zoom2x,selfcal,194,11628,193.994,2.0,1920,1080,1,210.26,398.76,65,81,2.973,2792.3,2792.3,estimating,2796.5,185,0.276
floor5,zoom2x,selfcal,195,11688,194.995,2.0,1920,1080,1,210.54,402.66,82,104,3.263,2796.5,2796.5,estimating,2794.9,186,0.264
floor5,zoom2x,selfcal,196,11748,195.996,2.0,1920,1080,1,210.87,406.93,53,69,2.397,2794.9,2794.9,estimating,2794.9,187,0.266
floor5,zoom2x,selfcal,197,11808,196.997,2.0,1920,1080,1,210.75,411.21,63,77,3.208,2794.9,2794.9,estimating,2794.9,188,0.269
floor5,zoom2x,selfcal,198,11868,197.998,2.0,1920,1080,1,210.94,415.3,64,82,3.904,2794.9,2794.9,estimating,2798.6,189,0.271
floor5,zoom2x,selfcal,199,11928,198.999,2.0,1920,1080,1,211.29,419.11,74,96,3.224,2798.6,2798.6,estimating,2802.8,190,0.265
floor5,zoom2x,selfcal,200,11988,200.0,2.0,1920,1080,1,211.72,423.2,64,82,4.126,2802.8,2802.8,estimating,2807.8,191,0.264
floor5,zoom2x,selfcal,201,12048,201.001,2.0,1920,1080,1,211.96,426.71,67,82,3.86,2807.8,2807.8,estimating,2811.8,192,0.269
floor5,zoom2x,selfcal,202,12108,202.002,2.0,1920,1080,1,212.17,430.16,63,75,3.351,2811.8,2811.8,estimating,2821.2,193,0.261
floor5,zoom2x,selfcal,203,12168,203.003,2.0,1920,1080,1,212.4,433.27,71,99,3.893,2821.2,2821.2,estimating,2828.7,194,0.251
floor5,zoom2x,selfcal,204,12228,204.004,2.0,1920,1080,1,212.49,435.46,49,72,3.76,2828.7,2828.7,estimating,2834.7,195,0.261
floor5,zoom2x,selfcal,205,12288,205.005,2.0,1920,1080,1,212.72,436.78,38,60,3.636,2834.7,2834.7,estimating,2830.1,196,0.261
floor5,zoom2x,selfcal,206,12348,206.006,2.0,1920,1080,1,212.22,453.15,30,69,4.1,2830.1,2830.1,estimating,2826.4,197,0.299
floor5,zoom2x,selfcal,207,12408,207.007,2.0,1920,1080,1,212.17,451.0,24,59,4.241,2826.4,2826.4,estimating,2817.7,198,0.3
floor5,zoom2x,selfcal,208,12468,208.008,2.0,1920,1080,1,293.01,464.75,17,64,2.746,2817.7,2817.7,estimating,2810.8,198,0.428
floor5,zoom2x,selfcal,209,12527,208.992,2.0,1920,1080,0,,,0,0,,2810.8,2810.8,estimating,2805.2,198,0.279
floor5,zoom2x,selfcal,210,12587,209.993,2.0,1920,1080,0,,,0,0,,2805.2,2805.2,estimating,2800.8,198,0.295
floor5,zoom2x,selfcal,211,12647,210.994,2.0,1920,1080,0,,,0,0,,2800.8,2800.8,estimating,2797.3,198,0.25
floor5,zoom2x,selfcal,212,12707,211.995,2.0,1920,1080,0,,,0,0,,2797.3,2797.3,estimating,2794.4,198,0.286
floor5,zoom2x,selfcal,213,12767,212.996,2.0,1920,1080,1,205.53,437.02,39,62,4.42,2794.4,2794.4,estimating,2792.1,198,0.257
floor5,zoom2x,selfcal,214,12827,213.997,2.0,1920,1080,1,205.56,434.68,53,74,5.212,2792.1,2792.1,estimating,2787.3,199,0.25
floor5,zoom2x,selfcal,215,12887,214.998,2.0,1920,1080,1,206.11,432.26,37,49,3.182,2787.3,2787.3,estimating,2787.3,200,0.253
floor5,zoom2x,selfcal,216,12947,215.999,2.0,1920,1080,1,206.39,429.18,39,48,3.524,2787.3,2787.3,estimating,2787.3,201,0.259
floor5,zoom2x,selfcal,217,13007,217.0,2.0,1920,1080,1,206.52,425.14,47,59,4.376,2787.3,2787.3,estimating,2789.6,202,0.263
floor5,zoom2x,selfcal,218,13067,218.001,2.0,1920,1080,1,207.3,420.61,40,57,3.305,2789.6,2789.6,estimating,2792.4,203,0.265
floor5,zoom2x,selfcal,219,13127,219.002,2.0,1920,1080,1,207.64,416.69,33,46,3.609,2792.4,2792.4,estimating,2798.0,204,0.266
floor5,zoom2x,selfcal,220,13187,220.003,2.0,1920,1080,1,207.64,412.2,39,52,3.939,2798.0,2798.0,estimating,2802.4,205,0.27
floor5,zoom2x,selfcal,221,13247,221.004,2.0,1920,1080,1,207.57,407.6,43,58,3.487,2802.4,2802.4,estimating,2807.3,206,0.27
floor5,zoom2x,selfcal,222,13307,222.005,2.0,1920,1080,1,207.01,403.97,36,48,3.901,2807.3,2807.3,estimating,2813.8,207,0.259
floor5,zoom2x,selfcal,223,13367,223.006,2.0,1920,1080,1,207.35,399.42,32,50,3.609,2813.8,2813.8,estimating,2816.5,208,0.264
floor5,zoom2x,selfcal,224,13427,224.007,2.0,1920,1080,1,207.07,395.7,34,52,3.746,2816.5,2816.5,estimating,2818.6,209,0.275
floor5,zoom2x,selfcal,225,13487,225.008,2.0,1920,1080,1,206.76,391.75,24,42,4.107,2818.6,2818.6,estimating,2820.3,210,0.271
floor5,zoom2x,selfcal,226,13546,225.992,2.0,1920,1080,1,206.66,387.71,11,17,4.651,2820.3,2820.3,estimating,2820.3,211,0.278
floor5,zoom2x,selfcal,227,13606,226.993,2.0,1920,1080,1,294.46,247.38,12,33,3.325,2820.3,2820.3,estimating,2819.1,212,0.288
floor5,zoom2x,selfcal,228,13666,227.994,2.0,1920,1080,1,205.55,380.25,22,37,3.298,2819.1,2819.1,estimating,2819.1,212,0.272
floor5,zoom2x,selfcal,229,13726,228.995,2.0,1920,1080,1,205.06,376.02,31,47,4.849,2819.1,2819.1,estimating,2815.9,213,0.265
floor5,zoom2x,selfcal,230,13786,229.996,2.0,1920,1080,1,205.15,370.85,31,46,3.519,2815.9,2815.9,estimating,2813.3,214,0.277
floor5,zoom2x,selfcal,231,13846,230.997,2.0,1920,1080,1,205.26,366.57,35,53,3.918,2813.3,2813.3,estimating,2808.4,215,0.269
floor5,zoom2x,selfcal,232,13906,231.998,2.0,1920,1080,1,205.56,361.51,39,57,4.339,2808.4,2808.4,estimating,2803.8,216,0.276
floor5,zoom2x,selfcal,233,13966,232.999,2.0,1920,1080,1,205.97,357.13,26,43,4.228,2803.8,2803.8,estimating,2800.1,217,0.317
floor5,zoom2x,selfcal,234,14026,234.0,2.0,1920,1080,1,205.85,350.28,14,36,3.078,2800.1,2800.1,estimating,2797.2,218,0.333
floor5,zoom2x,selfcal,235,14086,235.001,2.0,1920,1080,1,206.53,347.09,23,54,3.626,2797.2,2797.2,estimating,2795.5,219,0.326
floor5,zoom2x,selfcal,236,14146,236.002,2.0,1920,1080,1,206.41,343.38,14,37,2.753,2795.5,2795.5,estimating,2797.4,220,0.327
floor5,zoom2x,selfcal,237,14206,237.003,2.0,1920,1080,1,206.64,336.96,14,24,3.906,2797.4,2797.4,estimating,2799.0,221,0.313
floor5,zoom2x,selfcal,238,14266,238.004,2.0,1920,1080,1,206.77,333.8,11,24,1.843,2799.0,2799.0,estimating,2800.3,221,0.284
floor5,zoom2x,selfcal,239,14326,239.005,2.0,1920,1080,1,206.57,329.76,14,30,2.98,2800.3,2800.3,estimating,2798.0,222,0.294
floor5,zoom2x,selfcal,240,14386,240.006,2.0,1920,1080,1,205.97,326.11,24,47,3.358,2798.0,2798.0,estimating,2799.5,223,0.289
floor5,zoom2x,selfcal,241,14446,241.007,2.0,1920,1080,1,206.21,320.8,13,25,3.635,2799.5,2799.5,estimating,2804.5,224,0.284
floor5,zoom2x,selfcal,242,14505,241.992,2.0,1920,1080,1,205.83,316.53,21,48,3.912,2804.5,2804.5,estimating,2808.5,224,0.283
floor5,zoom2x,selfcal,243,14565,242.993,2.0,1920,1080,1,205.14,312.74,32,57,3.802,2808.5,2808.5,estimating,2808.5,225,0.276
floor5,zoom2x,selfcal,244,14625,243.994,2.0,1920,1080,1,204.99,308.17,32,53,3.938,2808.5,2808.5,estimating,2807.1,226,0.276
floor5,zoom2x,selfcal,245,14685,244.995,2.0,1920,1080,1,204.97,303.99,21,52,3.093,2807.1,2807.1,estimating,2809.8,227,0.319
floor5,zoom2x,selfcal,246,14745,245.996,2.0,1920,1080,1,205.1,298.75,26,48,2.917,2809.8,2809.8,estimating,2809.8,228,0.307
floor5,zoom2x,selfcal,247,14805,246.997,2.0,1920,1080,1,204.85,294.98,30,40,4.41,2809.8,2809.8,estimating,2809.8,229,0.31
floor5,zoom2x,selfcal,248,14865,247.998,2.0,1920,1080,1,204.19,289.27,28,51,3.455,2809.8,2809.8,estimating,2814.6,230,0.294
floor5,zoom2x,selfcal,249,14925,248.999,2.0,1920,1080,1,204.51,285.03,33,55,4.493,2814.6,2814.6,estimating,2810.3,231,0.287
floor5,zoom2x,selfcal,250,14985,250.0,2.0,1920,1080,1,204.73,279.29,22,39,3.476,2810.3,2810.3,estimating,2799.3,232,0.289
floor5,zoom2x,selfcal,251,15045,251.001,2.0,1920,1080,1,205.18,275.27,27,46,4.889,2799.3,2799.3,estimating,2790.4,233,0.281
floor5,zoom2x,selfcal,252,15105,252.002,2.0,1920,1080,1,205.53,270.54,30,48,3.338,2790.4,2790.4,estimating,2778.1,234,0.28
floor5,zoom2x,selfcal,253,15165,253.003,2.0,1920,1080,1,204.9,264.93,29,48,3.089,2778.1,2778.1,estimating,2768.3,235,0.278
floor5,zoom2x,selfcal,254,15225,254.004,2.0,1920,1080,1,204.44,260.07,29,41,2.341,2768.3,2768.3,estimating,2760.4,236,0.27
floor5,zoom2x,selfcal,255,15285,255.005,2.0,1920,1080,1,203.83,255.25,36,54,3.232,2760.4,2760.4,estimating,2759.3,237,0.27
floor5,zoom2x,selfcal,256,15345,256.006,2.0,1920,1080,1,203.21,251.53,22,36,2.701,2759.3,2759.3,estimating,2765.0,238,0.281
floor5,zoom2x,selfcal,257,15405,257.007,2.0,1920,1080,1,202.79,247.44,30,44,3.237,2765.0,2765.0,estimating,2770.3,239,0.271
floor5,zoom2x,selfcal,258,15465,258.008,2.0,1920,1080,1,202.84,243.54,36,49,3.755,2770.3,2770.3,estimating,2786.5,240,0.258
floor5,zoom2x,selfcal,259,15524,258.992,2.0,1920,1080,1,202.76,239.37,43,64,3.943,2786.5,2786.5,estimating,2799.5,241,0.272
floor5,zoom2x,selfcal,260,15584,259.993,2.0,1920,1080,1,203.29,234.63,50,72,4.176,2799.5,2799.5,estimating,2811.7,242,0.276
floor5,zoom2x,selfcal,261,15644,260.994,2.0,1920,1080,1,204.42,230.52,47,71,4.382,2811.7,2811.7,estimating,2821.6,243,0.262
floor5,zoom2x,selfcal,262,15704,261.995,2.0,1920,1080,1,205.18,226.55,34,58,4.176,2821.6,2821.6,estimating,2817.5,244,0.269
floor5,zoom2x,selfcal,263,15764,262.996,2.0,1920,1080,1,205.98,222.06,22,44,3.415,2817.5,2817.5,estimating,2814.3,245,0.279
floor5,zoom2x,selfcal,264,15824,263.997,2.0,1920,1080,1,206.86,217.63,11,20,2.784,2814.3,2814.3,estimating,2806.9,246,0.284
floor5,zoom2x,selfcal,265,15884,264.998,2.0,1920,1080,1,209.81,244.87,38,44,3.338,2806.9,2806.9,estimating,2804.5,247,0.274
floor5,zoom2x,selfcal,266,15944,265.999,2.0,1920,1080,1,211.55,240.0,12,18,2.225,2804.5,2804.5,estimating,2793.9,248,0.274
floor5,zoom2x,selfcal,267,16004,267.0,2.0,1920,1080,1,214.71,235.82,10,23,4.414,2793.9,2793.9,estimating,2785.5,248,0.296
floor5,zoom2x,selfcal,268,16064,268.001,2.0,1920,1080,1,219.05,233.84,21,38,3.357,2785.5,2785.5,estimating,2775.1,249,0.274
floor5,zoom2x,selfcal,269,16124,269.002,2.0,1920,1080,1,222.86,233.18,36,54,4.523,2775.1,2775.1,estimating,2765.9,250,0.276
floor5,zoom2x,selfcal,270,16184,270.003,2.0,1920,1080,1,227.96,233.6,60,103,3.411,2765.9,2765.9,estimating,2758.5,251,0.274
floor5,zoom2x,selfcal,271,16244,271.004,2.0,1920,1080,1,232.73,234.45,42,67,3.012,2758.5,2758.5,estimating,2759.9,252,0.272
floor5,zoom2x,selfcal,272,16304,272.005,2.0,1920,1080,1,237.74,235.21,59,86,3.854,2759.9,2759.9,estimating,2761.1,253,0.268
floor5,zoom2x,selfcal,273,16364,273.006,2.0,1920,1080,1,242.74,236.28,52,72,3.672,2761.1,2761.1,estimating,2766.0,254,0.274
floor5,zoom2x,selfcal,274,16424,274.007,2.0,1920,1080,1,246.71,236.57,49,63,3.855,2766.0,2766.0,estimating,2769.4,255,0.251
floor5,zoom2x,selfcal,275,16484,275.008,2.0,1920,1080,1,251.24,237.57,49,65,3.518,2769.4,2769.4,estimating,2775.1,256,0.251
floor5,zoom2x,selfcal,276,16543,275.992,2.0,1920,1080,1,255.63,238.66,59,70,3.942,2775.1,2775.1,estimating,2779.6,257,0.255
floor5,zoom2x,selfcal,277,16603,276.993,2.0,1920,1080,1,260.09,239.62,42,66,4.212,2779.6,2779.6,estimating,2783.2,258,0.259
floor5,zoom2x,selfcal,278,16663,277.994,2.0,1920,1080,1,264.94,239.68,39,57,3.799,2783.2,2783.2,estimating,2783.2,259,0.258
floor5,zoom2x,selfcal,279,16723,278.995,2.0,1920,1080,1,270.06,239.61,28,42,4.211,2783.2,2783.2,estimating,2779.6,260,0.252
floor5,zoom2x,selfcal,280,16783,279.996,2.0,1920,1080,1,275.38,240.04,32,48,3.376,2779.6,2779.6,estimating,2770.0,261,0.257
floor5,zoom2x,selfcal,281,16843,280.997,2.0,1920,1080,1,279.65,241.4,30,42,4.615,2770.0,2770.0,estimating,2762.3,262,0.246
floor5,zoom2x,selfcal,282,16903,281.998,2.0,1920,1080,1,284.09,242.87,39,49,3.691,2762.3,2762.3,estimating,2754.9,263,0.241
floor5,zoom2x,selfcal,283,16963,282.999,2.0,1920,1080,1,288.07,245.64,23,36,4.366,2754.9,2754.9,estimating,2749.0,264,0.251
floor5,zoom2x,selfcal,284,17023,284.0,2.0,1920,1080,1,290.4,248.51,37,65,3.776,2749.0,2749.0,estimating,2745.1,265,0.268
floor5,zoom2x,selfcal,285,17083,285.001,2.0,1920,1080,1,291.36,252.61,42,58,4.044,2745.1,2745.1,estimating,2742.0,266,0.247
floor5,zoom2x,selfcal,286,17143,286.002,2.0,1920,1080,1,291.79,257.33,41,61,5.3,2742.0,2742.0,estimating,2751.0,267,0.243
floor5,zoom2x,selfcal,287,17203,287.003,2.0,1920,1080,1,291.99,261.92,48,76,4.406,2751.0,2751.0,estimating,2765.7,268,0.274
floor5,zoom2x,selfcal,288,17263,288.004,2.0,1920,1080,1,292.68,266.92,26,42,4.619,2765.7,2765.7,estimating,2779.6,269,0.265
floor5,zoom2x,selfcal,289,17323,289.005,2.0,1920,1080,1,293.05,271.43,24,46,4.65,2779.6,2779.6,estimating,2790.7,270,0.274
floor5,zoom2x,selfcal,290,17383,290.006,2.0,1920,1080,1,292.77,275.33,44,77,3.903,2790.7,2790.7,estimating,2799.6,271,0.278
floor5,zoom2x,selfcal,291,17443,291.007,2.0,1920,1080,1,292.99,280.05,44,85,3.664,2799.6,2799.6,estimating,2804.4,272,0.293
floor5,zoom2x,selfcal,292,17502,291.992,2.0,1920,1080,1,292.7,284.39,59,95,3.805,2804.4,2804.4,estimating,2806.5,273,0.32
floor5,zoom2x,selfcal,293,17562,292.993,2.0,1920,1080,1,292.35,289.19,65,90,3.593,2806.5,2806.5,estimating,2808.0,274,0.307
floor5,zoom2x,selfcal,294,17622,293.994,2.0,1920,1080,1,292.06,294.37,66,86,3.953,2808.0,2808.0,estimating,2809.2,275,0.277
floor5,zoom2x,selfcal,295,17682,294.995,2.0,1920,1080,1,292.24,299.56,72,99,3.462,2809.2,2809.2,estimating,2809.2,276,0.262
floor5,zoom2x,selfcal,296,17742,295.996,2.0,1920,1080,1,292.31,304.59,65,95,3.651,2809.2,2809.2,estimating,2809.2,277,0.274
floor5,zoom2x,selfcal,297,17802,296.997,2.0,1920,1080,1,292.6,309.59,76,95,3.188,2809.2,2809.2,estimating,2809.2,278,0.26
floor5,zoom2x,selfcal,298,17862,297.998,2.0,1920,1080,1,292.73,314.62,69,90,4.424,2809.2,2809.2,estimating,2809.2,279,0.296
floor5,zoom2x,selfcal,299,17922,298.999,2.0,1920,1080,1,292.66,319.49,79,110,3.168,2809.2,2809.2,estimating,2807.8,280,0.268
floor5,zoom2x,selfcal,300,17982,300.0,2.0,1920,1080,1,292.5,324.21,78,107,3.532,2807.8,2807.8,estimating,2806.0,281,0.266
floor5,zoom2x,selfcal,301,18042,301.001,2.0,1920,1080,1,292.31,328.96,70,98,4.461,2806.0,2806.0,estimating,2808.3,282,0.268
floor5,zoom2x,selfcal,302,18102,302.002,2.0,1920,1080,1,292.45,333.96,70,92,4.324,2808.3,2808.3,estimating,2805.7,283,0.259
floor5,zoom2x,selfcal,303,18162,303.003,2.0,1920,1080,1,292.61,338.87,70,87,3.876,2805.7,2805.7,estimating,2805.7,284,0.26
floor5,zoom2x,selfcal,304,18222,304.004,2.0,1920,1080,1,292.71,343.95,45,63,3.515,2805.7,2805.7,estimating,2805.7,285,0.265
floor5,zoom2x,selfcal,305,18282,305.005,2.0,1920,1080,1,292.75,349.11,31,41,3.057,2805.7,2805.7,estimating,2805.7,286,0.274
floor5,zoom2x,selfcal,306,18342,306.006,2.0,1920,1080,1,292.66,353.93,38,55,3.373,2805.7,2805.7,estimating,2805.7,287,0.257
floor5,zoom2x,selfcal,307,18402,307.007,2.0,1920,1080,1,292.99,358.86,53,76,3.919,2805.7,2805.7,estimating,2808.0,288,0.258
floor5,zoom2x,selfcal,308,18462,308.008,2.0,1920,1080,1,293.44,363.46,48,78,4.275,2808.0,2808.0,estimating,2813.2,289,0.262
floor5,zoom2x,selfcal,309,18521,308.992,2.0,1920,1080,1,293.7,368.06,50,82,4.151,2813.2,2813.2,estimating,2813.2,290,0.264
floor5,zoom2x,selfcal,310,18581,309.993,2.0,1920,1080,1,293.87,373.15,40,65,4.099,2813.2,2813.2,estimating,2813.2,291,0.266
floor5,zoom2x,selfcal,311,18641,310.994,2.0,1920,1080,1,294.13,378.03,31,55,4.18,2813.2,2813.2,estimating,2818.2,292,0.271
floor5,zoom2x,selfcal,312,18701,311.995,2.0,1920,1080,1,294.15,383.65,41,68,3.794,2818.2,2818.2,estimating,2825.7,293,0.259
floor5,zoom2x,selfcal,313,18761,312.996,2.0,1920,1080,1,294.42,388.38,59,80,3.358,2825.7,2825.7,estimating,2831.7,294,0.267
floor5,zoom2x,selfcal,314,18821,313.997,2.0,1920,1080,1,294.83,393.2,45,66,3.265,2831.7,2831.7,estimating,2836.2,295,0.271
floor5,zoom2x,selfcal,315,18881,314.998,2.0,1920,1080,1,295.04,398.16,40,61,2.914,2836.2,2836.2,estimating,2839.9,296,0.279
floor5,zoom2x,selfcal,316,18941,315.999,2.0,1920,1080,1,295.19,402.68,53,80,2.969,2839.9,2839.9,estimating,2844.9,297,0.266
floor5,zoom2x,selfcal,317,19001,317.0,2.0,1920,1080,1,295.33,407.28,59,86,3.637,2844.9,2844.9,estimating,2848.9,298,0.266
floor5,zoom2x,selfcal,318,19061,318.001,2.0,1920,1080,1,295.26,412.26,58,80,4.063,2848.9,2848.9,estimating,2852.1,299,0.264
floor5,zoom2x,selfcal,319,19121,319.002,2.0,1920,1080,1,295.17,416.84,52,74,4.616,2852.1,2852.1,estimating,2854.6,300,0.257
floor5,zoom2x,selfcal,320,19181,320.003,2.0,1920,1080,1,295.27,421.04,42,72,5.546,2854.6,2854.6,estimating,2852.1,301,0.268
floor5,zoom2x,selfcal,321,19241,321.004,2.0,1920,1080,1,296.43,425.13,29,48,3.69,2852.1,2852.1,estimating,2849.4,302,0.267
floor5,zoom2x,selfcal,322,19301,322.005,2.0,1920,1080,1,289.93,430.29,24,41,3.763,2849.4,2849.4,estimating,2843.0,303,0.273
floor5,zoom2x,selfcal,323,19361,323.006,2.0,1920,1080,1,292.8,434.02,26,39,2.99,2843.0,2843.0,estimating,2838.0,304,0.271
floor5,zoom2x,selfcal,324,19421,324.007,2.0,1920,1080,1,297.18,437.22,22,45,3.879,2838.0,2838.0,estimating,2833.9,305,0.281
floor5,zoom2x,selfcal,325,19481,325.008,2.0,1920,1080,1,295.46,441.93,23,41,3.1,2833.9,2833.9,estimating,2830.7,306,0.279
floor5,zoom2x,selfcal,326,19540,325.992,2.0,1920,1080,1,297.88,445.83,23,40,4.066,2830.7,2830.7,estimating,2828.1,307,0.288
floor5,zoom2x,selfcal,327,19600,326.993,2.0,1920,1080,1,297.61,449.81,20,37,3.459,2828.1,2828.1,estimating,2826.0,308,0.301
floor5,zoom2x,selfcal,328,19660,327.994,2.0,1920,1080,1,296.94,453.26,12,26,3.268,2826.0,2826.0,estimating,2827.1,309,0.312
floor5,zoom2x,selfcal,329,19720,328.995,2.0,1920,1080,1,296.56,457.02,10,21,3.08,2827.1,2827.1,estimating,2840.5,310,0.301
floor5,zoom2x,selfcal,330,19780,329.996,2.0,1920,1080,0,,,0,0,,2840.5,2840.5,estimating,2851.3,310,0.324
floor5,zoom2x,selfcal,331,19840,330.997,2.0,1920,1080,0,,,0,0,,2851.3,2851.3,estimating,2859.9,310,0.268
floor5,zoom2x,oracle,0,0,0.0,2.0,1920,1080,1,286.03,458.65,139,150,3.389,2800.0,2800.0,,,,0.239
floor5,zoom2x,oracle,1,60,1.001,2.0,1920,1080,1,286.43,459.21,145,163,2.673,2800.0,2800.0,,,,0.234
floor5,zoom2x,oracle,2,120,2.002,2.0,1920,1080,1,288.7,459.28,80,94,4.164,2800.0,2800.0,,,,0.242
floor5,zoom2x,oracle,3,180,3.003,2.0,1920,1080,1,291.11,458.74,10,21,2.889,2800.0,2800.0,,,,0.315
floor5,zoom2x,oracle,4,240,4.004,2.0,1920,1080,0,,,0,0,,2800.0,2800.0,,,,0.3
floor5,zoom2x,oracle,5,300,5.005,2.0,1920,1080,1,291.49,464.13,43,63,3.716,2800.0,2800.0,,,,0.256
floor5,zoom2x,oracle,6,360,6.006,2.0,1920,1080,1,293.1,464.6,119,142,3.654,2800.0,2800.0,,,,0.262
floor5,zoom2x,oracle,7,420,7.007,2.0,1920,1080,1,295.02,463.6,16,25,4.52,2800.0,2800.0,,,,0.283
floor5,zoom2x,oracle,8,480,8.008,2.0,1920,1080,1,295.24,461.42,40,55,4.266,2800.0,2800.0,,,,0.268
floor5,zoom2x,oracle,9,539,8.992,2.0,1920,1080,1,295.6,458.46,41,51,3.274,2800.0,2800.0,,,,0.264
floor5,zoom2x,oracle,10,599,9.993,2.0,1920,1080,1,295.45,455.1,37,58,2.962,2800.0,2800.0,,,,0.275
floor5,zoom2x,oracle,11,659,10.994,2.0,1920,1080,1,295.23,451.32,34,56,3.604,2800.0,2800.0,,,,0.275
floor5,zoom2x,oracle,12,719,11.995,2.0,1920,1080,1,295.07,447.4,32,55,4.122,2800.0,2800.0,,,,0.285
floor5,zoom2x,oracle,13,779,12.996,2.0,1920,1080,1,294.61,443.25,34,49,3.086,2800.0,2800.0,,,,0.277
floor5,zoom2x,oracle,14,839,13.997,2.0,1920,1080,1,294.66,438.84,34,53,3.641,2800.0,2800.0,,,,0.281
floor5,zoom2x,oracle,15,899,14.998,2.0,1920,1080,1,294.7,434.83,22,24,2.888,2800.0,2800.0,,,,0.274
floor5,zoom2x,oracle,16,959,15.999,2.0,1920,1080,1,295.26,429.91,22,30,3.078,2800.0,2800.0,,,,0.268
floor5,zoom2x,oracle,17,1019,17.0,2.0,1920,1080,1,296.12,425.7,25,31,3.043,2800.0,2800.0,,,,0.27
floor5,zoom2x,oracle,18,1079,18.001,2.0,1920,1080,1,296.28,420.8,34,41,2.525,2800.0,2800.0,,,,0.266
floor5,zoom2x,oracle,19,1139,19.002,2.0,1920,1080,1,296.54,416.67,47,64,3.766,2800.0,2800.0,,,,0.264
floor5,zoom2x,oracle,20,1199,20.003,2.0,1920,1080,1,296.47,411.75,33,42,3.508,2800.0,2800.0,,,,0.268
floor5,zoom2x,oracle,21,1259,21.004,2.0,1920,1080,1,296.08,406.45,44,54,4.013,2800.0,2800.0,,,,0.267
floor5,zoom2x,oracle,22,1319,22.005,2.0,1920,1080,1,295.83,401.43,45,55,3.319,2800.0,2800.0,,,,0.275
floor5,zoom2x,oracle,23,1379,23.006,2.0,1920,1080,1,295.77,396.43,68,88,3.18,2800.0,2800.0,,,,0.267
floor5,zoom2x,oracle,24,1439,24.007,2.0,1920,1080,1,295.75,391.8,87,104,3.053,2800.0,2800.0,,,,0.273
floor5,zoom2x,oracle,25,1499,25.008,2.0,1920,1080,1,295.39,386.86,89,108,2.843,2800.0,2800.0,,,,0.281
floor5,zoom2x,oracle,26,1558,25.993,2.0,1920,1080,1,295.22,382.05,99,125,3.009,2800.0,2800.0,,,,0.281
floor5,zoom2x,oracle,27,1618,26.994,2.0,1920,1080,1,295.33,377.2,90,129,3.396,2800.0,2800.0,,,,0.278
floor5,zoom2x,oracle,28,1678,27.995,2.0,1920,1080,1,295.41,372.29,70,91,3.555,2800.0,2800.0,,,,0.274
floor5,zoom2x,oracle,29,1738,28.996,2.0,1920,1080,1,294.98,367.43,52,79,4.237,2800.0,2800.0,,,,0.285
floor5,zoom2x,oracle,30,1798,29.997,2.0,1920,1080,1,294.59,362.58,48,74,3.293,2800.0,2800.0,,,,0.281
floor5,zoom2x,oracle,31,1858,30.998,2.0,1920,1080,1,294.25,357.29,46,72,3.385,2800.0,2800.0,,,,0.274
floor5,zoom2x,oracle,32,1918,31.999,2.0,1920,1080,1,294.32,352.13,58,88,3.554,2800.0,2800.0,,,,0.267
floor5,zoom2x,oracle,33,1978,33.0,2.0,1920,1080,1,294.23,347.17,57,72,3.861,2800.0,2800.0,,,,0.263
floor5,zoom2x,oracle,34,2038,34.001,2.0,1920,1080,1,293.63,341.82,58,73,3.306,2800.0,2800.0,,,,0.298
floor5,zoom2x,oracle,35,2098,35.002,2.0,1920,1080,1,292.98,336.53,58,83,4.069,2800.0,2800.0,,,,0.322
floor5,zoom2x,oracle,36,2158,36.003,2.0,1920,1080,1,292.92,331.73,57,85,4.764,2800.0,2800.0,,,,0.336
floor5,zoom2x,oracle,37,2218,37.004,2.0,1920,1080,1,292.73,326.36,53,81,4.853,2800.0,2800.0,,,,0.327
floor5,zoom2x,oracle,38,2278,38.005,2.0,1920,1080,1,292.36,321.32,54,88,4.045,2800.0,2800.0,,,,0.336
floor5,zoom2x,oracle,39,2338,39.006,2.0,1920,1080,1,291.98,316.3,47,87,4.075,2800.0,2800.0,,,,0.335
floor5,zoom2x,oracle,40,2398,40.007,2.0,1920,1080,1,291.99,310.86,41,62,4.52,2800.0,2800.0,,,,0.364
floor5,zoom2x,oracle,41,2458,41.008,2.0,1920,1080,1,292.14,305.6,68,96,4.249,2800.0,2800.0,,,,0.32
floor5,zoom2x,oracle,42,2517,41.992,2.0,1920,1080,1,292.19,300.63,59,90,3.667,2800.0,2800.0,,,,0.356
floor5,zoom2x,oracle,43,2577,42.993,2.0,1920,1080,1,291.99,295.95,55,72,4.078,2800.0,2800.0,,,,0.351
floor5,zoom2x,oracle,44,2637,43.994,2.0,1920,1080,1,292.14,290.46,59,80,3.534,2800.0,2800.0,,,,0.341
floor5,zoom2x,oracle,45,2697,44.995,2.0,1920,1080,1,292.35,285.07,57,85,4.087,2800.0,2800.0,,,,0.326
floor5,zoom2x,oracle,46,2757,45.996,2.0,1920,1080,1,292.39,280.53,66,88,4.423,2800.0,2800.0,,,,0.335
floor5,zoom2x,oracle,47,2817,46.997,2.0,1920,1080,1,292.15,275.62,58,77,5.044,2800.0,2800.0,,,,0.32
floor5,zoom2x,oracle,48,2877,47.998,2.0,1920,1080,1,291.79,270.52,71,93,4.143,2800.0,2800.0,,,,0.306
floor5,zoom2x,oracle,49,2937,48.999,2.0,1920,1080,1,291.51,265.61,67,97,4.054,2800.0,2800.0,,,,0.359
floor5,zoom2x,oracle,50,2997,50.0,2.0,1920,1080,1,291.52,260.57,56,85,4.311,2800.0,2800.0,,,,0.324
floor5,zoom2x,oracle,51,3057,51.001,2.0,1920,1080,1,291.1,255.58,52,83,3.876,2800.0,2800.0,,,,0.34
floor5,zoom2x,oracle,52,3117,52.002,2.0,1920,1080,1,290.95,250.75,55,102,3.976,2800.0,2800.0,,,,0.319
floor5,zoom2x,oracle,53,3177,53.003,2.0,1920,1080,1,290.18,245.81,50,90,3.564,2800.0,2800.0,,,,0.302
floor5,zoom2x,oracle,54,3237,54.004,2.0,1920,1080,1,289.29,241.19,31,54,3.873,2800.0,2800.0,,,,0.278
floor5,zoom2x,oracle,55,3297,55.005,2.0,1920,1080,1,287.28,236.73,18,33,3.592,2800.0,2800.0,,,,0.296
floor5,zoom2x,oracle,56,3357,56.006,2.0,1920,1080,1,284.26,233.18,18,32,4.148,2800.0,2800.0,,,,0.294
floor5,zoom2x,oracle,57,3417,57.007,2.0,1920,1080,1,279.61,234.09,57,85,3.399,2800.0,2800.0,,,,0.33
floor5,zoom2x,oracle,58,3477,58.008,2.0,1920,1080,1,276.39,229.03,44,74,3.074,2800.0,2800.0,,,,0.308
floor5,zoom2x,oracle,59,3536,58.992,2.0,1920,1080,1,272.04,228.28,30,50,3.106,2800.0,2800.0,,,,0.286
floor5,zoom2x,oracle,60,3596,59.993,2.0,1920,1080,1,266.84,227.45,33,55,3.508,2800.0,2800.0,,,,0.336
floor5,zoom2x,oracle,61,3656,60.994,2.0,1920,1080,1,262.03,226.97,52,68,2.349,2800.0,2800.0,,,,0.324
floor5,zoom2x,oracle,62,3716,61.995,2.0,1920,1080,1,257.39,226.48,83,102,2.957,2800.0,2800.0,,,,0.321
floor5,zoom2x,oracle,63,3776,62.996,2.0,1920,1080,1,253.0,225.84,63,74,3.428,2800.0,2800.0,,,,0.332
floor5,zoom2x,oracle,64,3836,63.997,2.0,1920,1080,1,248.98,225.17,80,103,3.229,2800.0,2800.0,,,,0.325
floor5,zoom2x,oracle,65,3896,64.998,2.0,1920,1080,1,244.46,224.48,70,97,3.063,2800.0,2800.0,,,,0.33
floor5,zoom2x,oracle,66,3956,65.999,2.0,1920,1080,1,239.95,223.82,50,56,3.093,2800.0,2800.0,,,,0.36
floor5,zoom2x,oracle,67,4016,67.0,2.0,1920,1080,1,235.25,223.31,65,74,3.026,2800.0,2800.0,,,,0.332
floor5,zoom2x,oracle,68,4076,68.001,2.0,1920,1080,1,230.74,222.58,53,68,3.148,2800.0,2800.0,,,,0.299
floor5,zoom2x,oracle,69,4136,69.002,2.0,1920,1080,1,226.07,221.71,45,64,3.145,2800.0,2800.0,,,,0.293
floor5,zoom2x,oracle,70,4196,70.003,2.0,1920,1080,1,221.35,220.23,39,57,3.659,2800.0,2800.0,,,,0.292
floor5,zoom2x,oracle,71,4256,71.004,2.0,1920,1080,1,217.5,220.88,41,50,2.92,2800.0,2800.0,,,,0.266
floor5,zoom2x,oracle,72,4316,72.005,2.0,1920,1080,1,213.84,220.85,24,34,3.876,2800.0,2800.0,,,,0.257
floor5,zoom2x,oracle,73,4376,73.006,2.0,1920,1080,1,210.63,219.93,11,19,2.76,2800.0,2800.0,,,,0.281
floor5,zoom2x,oracle,74,4436,74.007,2.0,1920,1080,0,,,0,0,,2800.0,2800.0,,,,0.246
floor5,zoom2x,oracle,75,4496,75.008,2.0,1920,1080,0,,,0,0,,2800.0,2800.0,,,,0.238
floor5,zoom2x,oracle,76,4555,75.993,2.0,1920,1080,0,,,0,0,,2800.0,2800.0,,,,0.251
floor5,zoom2x,oracle,77,4615,76.994,2.0,1920,1080,1,207.77,195.48,33,64,3.365,2800.0,2800.0,,,,0.285
floor5,zoom2x,oracle,78,4675,77.995,2.0,1920,1080,1,207.86,191.79,37,78,3.702,2800.0,2800.0,,,,0.267
floor5,zoom2x,oracle,79,4735,78.996,2.0,1920,1080,1,207.71,188.01,42,81,3.082,2800.0,2800.0,,,,0.248
floor5,zoom2x,oracle,80,4795,79.997,2.0,1920,1080,1,206.83,183.48,38,49,3.052,2800.0,2800.0,,,,0.249
floor5,zoom2x,oracle,81,4855,80.998,2.0,1920,1080,1,205.94,180.12,64,97,3.78,2800.0,2800.0,,,,0.243
floor5,zoom2x,oracle,82,4915,81.999,2.0,1920,1080,1,205.18,176.8,48,82,3.298,2800.0,2800.0,,,,0.245
floor5,zoom2x,oracle,83,4975,83.0,2.0,1920,1080,1,204.09,172.22,58,72,4.13,2800.0,2800.0,,,,0.241
floor5,zoom2x,oracle,84,5035,84.001,2.0,1920,1080,1,203.26,168.2,55,80,4.662,2800.0,2800.0,,,,0.236
floor5,zoom2x,oracle,85,5095,85.002,2.0,1920,1080,1,203.0,163.51,53,71,3.717,2800.0,2800.0,,,,0.236
floor5,zoom2x,oracle,86,5155,86.003,2.0,1920,1080,1,202.87,159.45,60,72,3.338,2800.0,2800.0,,,,0.236
floor5,zoom2x,oracle,87,5215,87.004,2.0,1920,1080,1,202.95,155.55,62,83,3.112,2800.0,2800.0,,,,0.24
floor5,zoom2x,oracle,88,5275,88.005,2.0,1920,1080,1,203.08,151.42,62,86,4.066,2800.0,2800.0,,,,0.237
floor5,zoom2x,oracle,89,5335,89.006,2.0,1920,1080,1,203.16,146.93,73,93,3.786,2800.0,2800.0,,,,0.241
floor5,zoom2x,oracle,90,5395,90.007,2.0,1920,1080,1,203.12,142.49,83,106,3.986,2800.0,2800.0,,,,0.25
floor5,zoom2x,oracle,91,5455,91.008,2.0,1920,1080,1,203.07,138.17,65,91,2.759,2800.0,2800.0,,,,0.246
floor5,zoom2x,oracle,92,5514,91.992,2.0,1920,1080,1,202.99,133.66,72,97,3.837,2800.0,2800.0,,,,0.245
floor5,zoom2x,oracle,93,5574,92.993,2.0,1920,1080,1,202.87,129.22,50,59,3.063,2800.0,2800.0,,,,0.255
floor5,zoom2x,oracle,94,5634,93.994,2.0,1920,1080,1,202.79,124.84,77,94,3.787,2800.0,2800.0,,,,0.243
floor5,zoom2x,oracle,95,5694,94.995,2.0,1920,1080,1,202.95,120.68,57,81,2.817,2800.0,2800.0,,,,0.247
floor5,zoom2x,oracle,96,5754,95.996,2.0,1920,1080,1,203.21,116.24,51,74,3.298,2800.0,2800.0,,,,0.242
floor5,zoom2x,oracle,97,5814,96.997,2.0,1920,1080,1,203.7,111.76,45,71,3.428,2800.0,2800.0,,,,0.254
floor5,zoom2x,oracle,98,5874,97.998,2.0,1920,1080,1,203.47,107.51,44,70,3.183,2800.0,2800.0,,,,0.265
floor5,zoom2x,oracle,99,5934,98.999,2.0,1920,1080,1,203.24,103.26,74,97,2.766,2800.0,2800.0,,,,0.269
floor5,zoom2x,oracle,100,5994,100.0,2.0,1920,1080,1,203.1,98.93,59,84,3.537,2800.0,2800.0,,,,0.267
floor5,zoom2x,oracle,101,6054,101.001,2.0,1920,1080,1,203.46,94.68,54,74,3.751,2800.0,2800.0,,,,0.256
floor5,zoom2x,oracle,102,6114,102.002,2.0,1920,1080,1,203.58,90.3,57,77,3.285,2800.0,2800.0,,,,0.252
floor5,zoom2x,oracle,103,6174,103.003,2.0,1920,1080,1,203.39,86.3,58,79,2.844,2800.0,2800.0,,,,0.248
floor5,zoom2x,oracle,104,6234,104.004,2.0,1920,1080,1,202.78,82.25,64,81,3.438,2800.0,2800.0,,,,0.244
floor5,zoom2x,oracle,105,6294,105.005,2.0,1920,1080,1,202.62,77.96,45,55,3.438,2800.0,2800.0,,,,0.25
floor5,zoom2x,oracle,106,6354,106.006,2.0,1920,1080,1,204.07,77.05,46,65,3.282,2800.0,2800.0,,,,0.277
floor5,zoom2x,oracle,107,6414,107.007,2.0,1920,1080,1,203.56,73.04,31,44,4.873,2800.0,2800.0,,,,0.262
floor5,zoom2x,oracle,108,6474,108.008,2.0,1920,1080,1,203.19,69.14,35,48,3.775,2800.0,2800.0,,,,0.263
floor5,zoom2x,oracle,109,6533,108.992,2.0,1920,1080,1,202.82,65.35,22,34,3.03,2800.0,2800.0,,,,0.267
floor5,zoom2x,oracle,110,6593,109.993,2.0,1920,1080,1,202.65,61.62,24,38,4.015,2800.0,2800.0,,,,0.268
floor5,zoom2x,oracle,111,6653,110.994,2.0,1920,1080,1,202.46,57.52,20,25,3.691,2800.0,2800.0,,,,0.27
floor5,zoom2x,oracle,112,6713,111.995,2.0,1920,1080,1,202.09,54.47,18,41,3.503,2800.0,2800.0,,,,0.279
floor5,zoom2x,oracle,113,6773,112.996,2.0,1920,1080,1,201.8,51.59,16,34,4.117,2800.0,2800.0,,,,0.312
floor5,zoom2x,oracle,114,6833,113.997,2.0,1920,1080,1,201.83,49.24,19,44,4.777,2800.0,2800.0,,,,0.315
floor5,zoom2x,oracle,115,6893,114.998,2.0,1920,1080,0,,,0,0,,2800.0,2800.0,,,,0.3
floor5,zoom2x,oracle,116,6953,115.999,2.0,1920,1080,0,,,0,0,,2800.0,2800.0,,,,0.298
floor5,zoom2x,oracle,117,7013,117.0,2.0,1920,1080,1,207.11,45.03,20,40,3.974,2800.0,2800.0,,,,0.313
floor5,zoom2x,oracle,118,7073,118.001,2.0,1920,1080,1,209.38,47.11,24,43,3.525,2800.0,2800.0,,,,0.291
floor5,zoom2x,oracle,119,7133,119.002,2.0,1920,1080,1,210.63,50.82,52,76,3.923,2800.0,2800.0,,,,0.263
floor5,zoom2x,oracle,120,7193,120.003,2.0,1920,1080,1,210.75,55.18,51,69,3.957,2800.0,2800.0,,,,0.262
floor5,zoom2x,oracle,121,7253,121.004,2.0,1920,1080,1,210.5,59.29,54,79,3.612,2800.0,2800.0,,,,0.253
floor5,zoom2x,oracle,122,7313,122.005,2.0,1920,1080,1,210.25,63.43,49,69,3.286,2800.0,2800.0,,,,0.254
floor5,zoom2x,oracle,123,7373,123.006,2.0,1920,1080,1,210.17,67.48,50,72,4.1,2800.0,2800.0,,,,0.25
floor5,zoom2x,oracle,124,7433,124.007,2.0,1920,1080,1,209.91,72.09,47,61,3.28,2800.0,2800.0,,,,0.251
floor5,zoom2x,oracle,125,7493,125.008,2.0,1920,1080,1,209.83,76.69,52,64,3.725,2800.0,2800.0,,,,0.244
floor5,zoom2x,oracle,126,7552,125.993,2.0,1920,1080,1,209.66,80.97,49,67,3.828,2800.0,2800.0,,,,0.243
floor5,zoom2x,oracle,127,7612,126.994,2.0,1920,1080,1,209.54,84.98,51,73,3.352,2800.0,2800.0,,,,0.25
floor5,zoom2x,oracle,128,7672,127.995,2.0,1920,1080,1,209.73,89.49,60,78,3.983,2800.0,2800.0,,,,0.26
floor5,zoom2x,oracle,129,7732,128.996,2.0,1920,1080,1,209.67,93.88,67,80,3.45,2800.0,2800.0,,,,0.248
floor5,zoom2x,oracle,130,7792,129.997,2.0,1920,1080,1,209.38,97.32,84,116,3.391,2800.0,2800.0,,,,0.252
floor5,zoom2x,oracle,131,7852,130.998,2.0,1920,1080,1,209.22,103.24,92,129,3.192,2800.0,2800.0,,,,0.253
floor5,zoom2x,oracle,132,7912,131.999,2.0,1920,1080,1,208.86,108.97,95,115,3.619,2800.0,2800.0,,,,0.251
floor5,zoom2x,oracle,133,7972,133.0,2.0,1920,1080,1,208.68,115.12,79,114,3.902,2800.0,2800.0,,,,0.259
floor5,zoom2x,oracle,134,8032,134.001,2.0,1920,1080,1,208.77,120.82,64,93,4.598,2800.0,2800.0,,,,0.261
floor5,zoom2x,oracle,135,8092,135.002,2.0,1920,1080,1,208.85,126.79,45,75,3.755,2800.0,2800.0,,,,0.256
floor5,zoom2x,oracle,136,8152,136.003,2.0,1920,1080,1,209.25,131.88,40,69,4.057,2800.0,2800.0,,,,0.254
floor5,zoom2x,oracle,137,8212,137.004,2.0,1920,1080,1,209.2,137.26,43,72,4.115,2800.0,2800.0,,,,0.253
floor5,zoom2x,oracle,138,8272,138.005,2.0,1920,1080,1,209.03,143.14,46,63,4.328,2800.0,2800.0,,,,0.273
floor5,zoom2x,oracle,139,8332,139.006,2.0,1920,1080,1,209.1,148.28,50,69,4.344,2800.0,2800.0,,,,0.275
floor5,zoom2x,oracle,140,8392,140.007,2.0,1920,1080,1,209.14,153.44,52,77,4.163,2800.0,2800.0,,,,0.269
floor5,zoom2x,oracle,141,8452,141.008,2.0,1920,1080,1,208.92,159.33,47,63,3.672,2800.0,2800.0,,,,0.269
floor5,zoom2x,oracle,142,8511,141.992,2.0,1920,1080,1,209.02,164.5,59,99,4.643,2800.0,2800.0,,,,0.268
floor5,zoom2x,oracle,143,8571,142.993,2.0,1920,1080,1,209.01,169.8,44,80,3.324,2800.0,2800.0,,,,0.278
floor5,zoom2x,oracle,144,8631,143.994,2.0,1920,1080,1,208.97,175.05,66,91,3.326,2800.0,2800.0,,,,0.267
floor5,zoom2x,oracle,145,8691,144.995,2.0,1920,1080,1,209.01,180.47,49,70,4.938,2800.0,2800.0,,,,0.271
floor5,zoom2x,oracle,146,8751,145.996,2.0,1920,1080,1,209.34,186.08,38,64,5.685,2800.0,2800.0,,,,0.265
floor5,zoom2x,oracle,147,8811,146.997,2.0,1920,1080,1,209.25,191.41,44,62,5.202,2800.0,2800.0,,,,0.265
floor5,zoom2x,oracle,148,8871,147.998,2.0,1920,1080,1,208.94,196.75,41,48,3.873,2800.0,2800.0,,,,0.267
floor5,zoom2x,oracle,149,8931,148.999,2.0,1920,1080,1,209.13,201.85,39,50,3.804,2800.0,2800.0,,,,0.288
floor5,zoom2x,oracle,150,8991,150.0,2.0,1920,1080,1,209.17,207.41,27,34,3.554,2800.0,2800.0,,,,0.277
floor5,zoom2x,oracle,151,9051,151.001,2.0,1920,1080,1,209.41,212.44,24,34,4.141,2800.0,2800.0,,,,0.275
floor5,zoom2x,oracle,152,9111,152.002,2.0,1920,1080,1,209.41,217.66,14,23,4.024,2800.0,2800.0,,,,0.271
floor5,zoom2x,oracle,153,9171,153.003,2.0,1920,1080,1,203.6,209.7,27,53,4.495,2800.0,2800.0,,,,0.279
floor5,zoom2x,oracle,154,9231,154.004,2.0,1920,1080,1,203.9,214.38,44,68,4.143,2800.0,2800.0,,,,0.347
floor5,zoom2x,oracle,155,9291,155.005,2.0,1920,1080,1,204.18,219.52,53,76,3.615,2800.0,2800.0,,,,0.325
floor5,zoom2x,oracle,156,9351,156.006,2.0,1920,1080,1,204.48,225.67,58,86,4.597,2800.0,2800.0,,,,0.289
floor5,zoom2x,oracle,157,9411,157.007,2.0,1920,1080,1,204.71,231.56,55,85,3.468,2800.0,2800.0,,,,0.327
floor5,zoom2x,oracle,158,9471,158.008,2.0,1920,1080,1,204.56,236.77,52,78,3.777,2800.0,2800.0,,,,0.331
floor5,zoom2x,oracle,159,9530,158.992,2.0,1920,1080,1,205.19,241.52,60,95,4.954,2800.0,2800.0,,,,0.324
floor5,zoom2x,oracle,160,9590,159.993,2.0,1920,1080,1,205.09,247.23,53,94,3.879,2800.0,2800.0,,,,0.324
floor5,zoom2x,oracle,161,9650,160.994,2.0,1920,1080,1,205.31,252.98,53,89,4.281,2800.0,2800.0,,,,0.345
floor5,zoom2x,oracle,162,9710,161.995,2.0,1920,1080,1,205.93,258.32,57,91,4.465,2800.0,2800.0,,,,0.33
floor5,zoom2x,oracle,163,9770,162.996,2.0,1920,1080,1,206.49,263.49,51,77,4.524,2800.0,2800.0,,,,0.328
floor5,zoom2x,oracle,164,9830,163.997,2.0,1920,1080,1,206.11,269.25,40,63,4.192,2800.0,2800.0,,,,0.302
floor5,zoom2x,oracle,165,9890,164.998,2.0,1920,1080,1,206.45,274.3,37,69,3.274,2800.0,2800.0,,,,0.347
floor5,zoom2x,oracle,166,9950,165.999,2.0,1920,1080,1,206.68,279.78,41,60,3.583,2800.0,2800.0,,,,0.309
floor5,zoom2x,oracle,167,10010,167.0,2.0,1920,1080,1,206.82,285.67,44,74,4.161,2800.0,2800.0,,,,0.35
floor5,zoom2x,oracle,168,10070,168.001,2.0,1920,1080,1,206.97,291.06,44,75,4.394,2800.0,2800.0,,,,0.345
floor5,zoom2x,oracle,169,10130,169.002,2.0,1920,1080,1,207.12,296.55,46,77,4.098,2800.0,2800.0,,,,0.362
floor5,zoom2x,oracle,170,10190,170.003,2.0,1920,1080,1,207.04,302.09,49,81,4.217,2800.0,2800.0,,,,0.337
floor5,zoom2x,oracle,171,10250,171.004,2.0,1920,1080,1,207.25,307.61,45,77,4.189,2800.0,2800.0,,,,0.34
floor5,zoom2x,oracle,172,10310,172.005,2.0,1920,1080,1,207.6,313.25,43,66,3.109,2800.0,2800.0,,,,0.318
floor5,zoom2x,oracle,173,10370,173.006,2.0,1920,1080,1,207.61,318.32,49,67,3.592,2800.0,2800.0,,,,0.283
floor5,zoom2x,oracle,174,10430,174.007,2.0,1920,1080,1,207.75,323.83,61,76,4.052,2800.0,2800.0,,,,0.322
floor5,zoom2x,oracle,175,10490,175.008,2.0,1920,1080,1,207.77,329.56,62,81,4.347,2800.0,2800.0,,,,0.314
floor5,zoom2x,oracle,176,10549,175.992,2.0,1920,1080,1,208.04,334.72,59,83,4.481,2800.0,2800.0,,,,0.302
floor5,zoom2x,oracle,177,10609,176.993,2.0,1920,1080,1,208.19,339.98,50,82,4.031,2800.0,2800.0,,,,0.327
floor5,zoom2x,oracle,178,10669,177.994,2.0,1920,1080,1,208.02,345.4,63,88,3.839,2800.0,2800.0,,,,0.329
floor5,zoom2x,oracle,179,10729,178.995,2.0,1920,1080,1,208.27,350.65,45,64,3.646,2800.0,2800.0,,,,0.317
floor5,zoom2x,oracle,180,10789,179.996,2.0,1920,1080,1,208.6,355.89,42,63,4.267,2800.0,2800.0,,,,0.326
floor5,zoom2x,oracle,181,10849,180.997,2.0,1920,1080,1,208.78,361.22,41,66,4.216,2800.0,2800.0,,,,0.296
floor5,zoom2x,oracle,182,10909,181.998,2.0,1920,1080,1,209.91,349.04,105,162,3.361,2800.0,2800.0,,,,0.288
floor5,zoom2x,oracle,183,10969,182.999,2.0,1920,1080,1,210.11,353.31,64,87,3.189,2800.0,2800.0,,,,0.261
floor5,zoom2x,oracle,184,11029,184.0,2.0,1920,1080,1,210.3,357.68,72,88,3.619,2800.0,2800.0,,,,0.264
floor5,zoom2x,oracle,185,11089,185.001,2.0,1920,1080,1,210.19,361.81,75,102,3.5,2800.0,2800.0,,,,0.271
floor5,zoom2x,oracle,186,11149,186.002,2.0,1920,1080,1,210.25,366.05,76,99,3.516,2800.0,2800.0,,,,0.267
floor5,zoom2x,oracle,187,11209,187.003,2.0,1920,1080,1,210.4,370.21,64,81,3.322,2800.0,2800.0,,,,0.267
floor5,zoom2x,oracle,188,11269,188.004,2.0,1920,1080,1,210.72,374.54,73,99,3.353,2800.0,2800.0,,,,0.269
floor5,zoom2x,oracle,189,11329,189.005,2.0,1920,1080,1,210.74,378.86,79,101,3.507,2800.0,2800.0,,,,0.267
floor5,zoom2x,oracle,190,11389,190.006,2.0,1920,1080,1,210.89,382.29,78,106,3.694,2800.0,2800.0,,,,0.272
floor5,zoom2x,oracle,191,11449,191.007,2.0,1920,1080,1,210.62,386.17,72,99,3.794,2800.0,2800.0,,,,0.252
floor5,zoom2x,oracle,192,11508,191.992,2.0,1920,1080,1,210.2,390.09,67,96,3.608,2800.0,2800.0,,,,0.259
floor5,zoom2x,oracle,193,11568,192.993,2.0,1920,1080,1,210.04,394.46,52,68,3.503,2800.0,2800.0,,,,0.256
floor5,zoom2x,oracle,194,11628,193.994,2.0,1920,1080,1,210.26,398.62,64,81,2.81,2800.0,2800.0,,,,0.269
floor5,zoom2x,oracle,195,11688,194.995,2.0,1920,1080,1,210.55,402.61,82,104,3.293,2800.0,2800.0,,,,0.259
floor5,zoom2x,oracle,196,11748,195.996,2.0,1920,1080,1,210.75,406.96,55,69,2.682,2800.0,2800.0,,,,0.274
floor5,zoom2x,oracle,197,11808,196.997,2.0,1920,1080,1,210.75,411.1,64,77,3.222,2800.0,2800.0,,,,0.265
floor5,zoom2x,oracle,198,11868,197.998,2.0,1920,1080,1,210.92,415.19,63,79,3.593,2800.0,2800.0,,,,0.265
floor5,zoom2x,oracle,199,11928,198.999,2.0,1920,1080,1,211.29,419.09,74,96,3.226,2800.0,2800.0,,,,0.267
floor5,zoom2x,oracle,200,11988,200.0,2.0,1920,1080,1,211.7,422.99,63,81,3.635,2800.0,2800.0,,,,0.263
floor5,zoom2x,oracle,201,12048,201.001,2.0,1920,1080,1,211.96,426.8,67,82,4.037,2800.0,2800.0,,,,0.259
floor5,zoom2x,oracle,202,12108,202.002,2.0,1920,1080,1,212.14,430.25,66,87,3.676,2800.0,2800.0,,,,0.258
floor5,zoom2x,oracle,203,12168,203.003,2.0,1920,1080,1,212.38,433.45,74,99,3.831,2800.0,2800.0,,,,0.251
floor5,zoom2x,oracle,204,12228,204.004,2.0,1920,1080,1,212.45,435.73,47,72,3.725,2800.0,2800.0,,,,0.259
floor5,zoom2x,oracle,205,12288,205.005,2.0,1920,1080,1,212.63,437.03,38,60,3.566,2800.0,2800.0,,,,0.263
floor5,zoom2x,oracle,206,12348,206.006,2.0,1920,1080,1,212.11,453.08,30,69,4.104,2800.0,2800.0,,,,0.292
floor5,zoom2x,oracle,207,12408,207.007,2.0,1920,1080,1,212.07,450.94,24,59,4.254,2800.0,2800.0,,,,0.306
floor5,zoom2x,oracle,208,12468,208.008,2.0,1920,1080,1,293.07,464.73,17,64,2.661,2800.0,2800.0,,,,0.429
floor5,zoom2x,oracle,209,12527,208.992,2.0,1920,1080,0,,,0,0,,2800.0,2800.0,,,,0.273
floor5,zoom2x,oracle,210,12587,209.993,2.0,1920,1080,0,,,0,0,,2800.0,2800.0,,,,0.296
floor5,zoom2x,oracle,211,12647,210.994,2.0,1920,1080,0,,,0,0,,2800.0,2800.0,,,,0.253
floor5,zoom2x,oracle,212,12707,211.995,2.0,1920,1080,0,,,0,0,,2800.0,2800.0,,,,0.286
floor5,zoom2x,oracle,213,12767,212.996,2.0,1920,1080,1,205.53,437.06,38,62,4.41,2800.0,2800.0,,,,0.258
floor5,zoom2x,oracle,214,12827,213.997,2.0,1920,1080,1,205.58,434.8,57,74,5.09,2800.0,2800.0,,,,0.249
floor5,zoom2x,oracle,215,12887,214.998,2.0,1920,1080,1,206.08,432.56,37,49,2.885,2800.0,2800.0,,,,0.255
floor5,zoom2x,oracle,216,12947,215.999,2.0,1920,1080,1,206.39,429.34,41,48,3.342,2800.0,2800.0,,,,0.258
floor5,zoom2x,oracle,217,13007,217.0,2.0,1920,1080,1,206.61,425.35,47,59,3.733,2800.0,2800.0,,,,0.27
floor5,zoom2x,oracle,218,13067,218.001,2.0,1920,1080,1,206.93,420.96,42,57,4.736,2800.0,2800.0,,,,0.269
floor5,zoom2x,oracle,219,13127,219.002,2.0,1920,1080,1,207.52,416.87,36,49,3.942,2800.0,2800.0,,,,0.269
floor5,zoom2x,oracle,220,13187,220.003,2.0,1920,1080,1,207.63,412.25,39,52,3.925,2800.0,2800.0,,,,0.267
floor5,zoom2x,oracle,221,13247,221.004,2.0,1920,1080,1,207.58,407.55,43,58,3.459,2800.0,2800.0,,,,0.271
floor5,zoom2x,oracle,222,13307,222.005,2.0,1920,1080,1,207.02,403.8,35,48,3.91,2800.0,2800.0,,,,0.26
floor5,zoom2x,oracle,223,13367,223.006,2.0,1920,1080,1,207.33,399.43,32,50,3.52,2800.0,2800.0,,,,0.266
floor5,zoom2x,oracle,224,13427,224.007,2.0,1920,1080,1,207.12,395.41,33,52,3.802,2800.0,2800.0,,,,0.271
floor5,zoom2x,oracle,225,13487,225.008,2.0,1920,1080,1,206.8,391.51,23,42,4.666,2800.0,2800.0,,,,0.272
floor5,zoom2x,oracle,226,13546,225.992,2.0,1920,1080,1,206.71,387.4,10,17,4.596,2800.0,2800.0,,,,0.283
floor5,zoom2x,oracle,227,13606,226.993,2.0,1920,1080,1,294.46,247.46,12,33,5.033,2800.0,2800.0,,,,0.291
floor5,zoom2x,oracle,228,13666,227.994,2.0,1920,1080,1,205.43,379.68,22,37,3.766,2800.0,2800.0,,,,0.267
floor5,zoom2x,oracle,229,13726,228.995,2.0,1920,1080,1,205.1,375.48,30,47,4.245,2800.0,2800.0,,,,0.271
floor5,zoom2x,oracle,230,13786,229.996,2.0,1920,1080,1,205.12,370.72,33,46,3.549,2800.0,2800.0,,,,0.279
floor5,zoom2x,oracle,231,13846,230.997,2.0,1920,1080,1,205.24,366.17,36,53,3.742,2800.0,2800.0,,,,0.269
floor5,zoom2x,oracle,232,13906,231.998,2.0,1920,1080,1,205.53,361.27,38,57,4.634,2800.0,2800.0,,,,0.27
floor5,zoom2x,oracle,233,13966,232.999,2.0,1920,1080,1,205.97,357.06,26,43,4.398,2800.0,2800.0,,,,0.315
floor5,zoom2x,oracle,234,14026,234.0,2.0,1920,1080,1,205.85,350.28,14,36,3.078,2800.0,2800.0,,,,0.337
floor5,zoom2x,oracle,235,14086,235.001,2.0,1920,1080,1,206.94,348.39,23,54,3.711,2800.0,2800.0,,,,0.32
floor5,zoom2x,oracle,236,14146,236.002,2.0,1920,1080,1,206.41,343.58,14,37,2.752,2800.0,2800.0,,,,0.325
floor5,zoom2x,oracle,237,14206,237.003,2.0,1920,1080,1,206.64,337.06,14,24,3.914,2800.0,2800.0,,,,0.313
floor5,zoom2x,oracle,238,14266,238.004,2.0,1920,1080,1,206.77,333.84,11,24,1.841,2800.0,2800.0,,,,0.288
floor5,zoom2x,oracle,239,14326,239.005,2.0,1920,1080,1,206.57,329.75,14,30,2.98,2800.0,2800.0,,,,0.286
floor5,zoom2x,oracle,240,14386,240.006,2.0,1920,1080,1,205.97,326.18,24,47,3.355,2800.0,2800.0,,,,0.29
floor5,zoom2x,oracle,241,14446,241.007,2.0,1920,1080,1,206.21,320.82,13,25,3.637,2800.0,2800.0,,,,0.283
floor5,zoom2x,oracle,242,14505,241.992,2.0,1920,1080,1,205.84,316.38,21,48,3.87,2800.0,2800.0,,,,0.287
floor5,zoom2x,oracle,243,14565,242.993,2.0,1920,1080,1,205.28,312.67,29,51,3.205,2800.0,2800.0,,,,0.277
floor5,zoom2x,oracle,244,14625,243.994,2.0,1920,1080,1,204.98,307.9,32,53,4.205,2800.0,2800.0,,,,0.275
floor5,zoom2x,oracle,245,14685,244.995,2.0,1920,1080,1,204.98,303.76,21,52,3.021,2800.0,2800.0,,,,0.316
floor5,zoom2x,oracle,246,14745,245.996,2.0,1920,1080,1,205.11,298.46,26,48,3.095,2800.0,2800.0,,,,0.304
floor5,zoom2x,oracle,247,14805,246.997,2.0,1920,1080,1,204.81,294.87,28,40,3.925,2800.0,2800.0,,,,0.308
floor5,zoom2x,oracle,248,14865,247.998,2.0,1920,1080,1,204.37,289.66,28,51,3.853,2800.0,2800.0,,,,0.301
floor5,zoom2x,oracle,249,14925,248.999,2.0,1920,1080,1,204.41,284.74,29,55,4.292,2800.0,2800.0,,,,0.289
floor5,zoom2x,oracle,250,14985,250.0,2.0,1920,1080,1,204.54,278.97,23,39,3.753,2800.0,2800.0,,,,0.287
floor5,zoom2x,oracle,251,15045,251.001,2.0,1920,1080,1,205.18,275.29,27,46,4.87,2800.0,2800.0,,,,0.282
floor5,zoom2x,oracle,252,15105,252.002,2.0,1920,1080,1,205.53,270.77,30,48,3.339,2800.0,2800.0,,,,0.282
floor5,zoom2x,oracle,253,15165,253.003,2.0,1920,1080,1,204.9,265.43,29,48,3.213,2800.0,2800.0,,,,0.277
floor5,zoom2x,oracle,254,15225,254.004,2.0,1920,1080,1,204.39,260.95,29,41,2.235,2800.0,2800.0,,,,0.269
floor5,zoom2x,oracle,255,15285,255.005,2.0,1920,1080,1,203.66,256.49,37,54,3.37,2800.0,2800.0,,,,0.274
floor5,zoom2x,oracle,256,15345,256.006,2.0,1920,1080,1,203.17,252.51,27,46,3.915,2800.0,2800.0,,,,0.276
floor5,zoom2x,oracle,257,15405,257.007,2.0,1920,1080,1,202.83,248.18,33,44,3.329,2800.0,2800.0,,,,0.259
floor5,zoom2x,oracle,258,15465,258.008,2.0,1920,1080,1,202.86,244.09,38,49,3.885,2800.0,2800.0,,,,0.262
floor5,zoom2x,oracle,259,15524,258.992,2.0,1920,1080,1,202.75,239.49,45,64,3.744,2800.0,2800.0,,,,0.262
floor5,zoom2x,oracle,260,15584,259.993,2.0,1920,1080,1,203.29,234.64,50,72,4.188,2800.0,2800.0,,,,0.271
floor5,zoom2x,oracle,261,15644,260.994,2.0,1920,1080,1,204.27,230.02,48,77,3.833,2800.0,2800.0,,,,0.257
floor5,zoom2x,oracle,262,15704,261.995,2.0,1920,1080,1,205.24,226.2,36,58,3.995,2800.0,2800.0,,,,0.268
floor5,zoom2x,oracle,263,15764,262.996,2.0,1920,1080,1,206.09,221.82,22,44,3.319,2800.0,2800.0,,,,0.28
floor5,zoom2x,oracle,264,15824,263.997,2.0,1920,1080,1,206.95,217.49,11,20,2.586,2800.0,2800.0,,,,0.278
floor5,zoom2x,oracle,265,15884,264.998,2.0,1920,1080,1,209.89,244.79,38,44,3.351,2800.0,2800.0,,,,0.267
floor5,zoom2x,oracle,266,15944,265.999,2.0,1920,1080,1,211.61,239.96,12,18,2.22,2800.0,2800.0,,,,0.268
floor5,zoom2x,oracle,267,16004,267.0,2.0,1920,1080,1,214.6,235.84,10,23,4.47,2800.0,2800.0,,,,0.3
floor5,zoom2x,oracle,268,16064,268.001,2.0,1920,1080,1,218.84,233.76,24,38,4.149,2800.0,2800.0,,,,0.274
floor5,zoom2x,oracle,269,16124,269.002,2.0,1920,1080,1,222.33,233.15,32,54,3.474,2800.0,2800.0,,,,0.277
floor5,zoom2x,oracle,270,16184,270.003,2.0,1920,1080,1,226.98,233.3,67,103,3.512,2800.0,2800.0,,,,0.275
floor5,zoom2x,oracle,271,16244,271.004,2.0,1920,1080,1,232.1,234.33,48,71,3.737,2800.0,2800.0,,,,0.278
floor5,zoom2x,oracle,272,16304,272.005,2.0,1920,1080,1,236.71,235.1,55,72,3.99,2800.0,2800.0,,,,0.262
floor5,zoom2x,oracle,273,16364,273.006,2.0,1920,1080,1,241.47,235.75,53,72,3.08,2800.0,2800.0,,,,0.257
floor5,zoom2x,oracle,274,16424,274.007,2.0,1920,1080,1,246.27,236.48,52,65,3.841,2800.0,2800.0,,,,0.252
floor5,zoom2x,oracle,275,16484,275.008,2.0,1920,1080,1,250.71,237.47,45,65,3.217,2800.0,2800.0,,,,0.253
floor5,zoom2x,oracle,276,16543,275.992,2.0,1920,1080,1,254.9,238.33,59,73,4.329,2800.0,2800.0,,,,0.252
floor5,zoom2x,oracle,277,16603,276.993,2.0,1920,1080,1,259.54,239.63,44,66,5.478,2800.0,2800.0,,,,0.261
floor5,zoom2x,oracle,278,16663,277.994,2.0,1920,1080,1,264.55,239.73,39,57,3.988,2800.0,2800.0,,,,0.261
floor5,zoom2x,oracle,279,16723,278.995,2.0,1920,1080,1,269.79,239.44,33,59,4.575,2800.0,2800.0,,,,0.256
floor5,zoom2x,oracle,280,16783,279.996,2.0,1920,1080,1,274.89,239.81,32,48,3.516,2800.0,2800.0,,,,0.253
floor5,zoom2x,oracle,281,16843,280.997,2.0,1920,1080,1,279.4,241.29,30,42,4.605,2800.0,2800.0,,,,0.244
floor5,zoom2x,oracle,282,16903,281.998,2.0,1920,1080,1,283.87,242.66,40,49,4.254,2800.0,2800.0,,,,0.243
floor5,zoom2x,oracle,283,16963,282.999,2.0,1920,1080,1,287.8,245.21,25,36,4.07,2800.0,2800.0,,,,0.255
floor5,zoom2x,oracle,284,17023,284.0,2.0,1920,1080,1,290.3,248.19,47,71,5.122,2800.0,2800.0,,,,0.26
floor5,zoom2x,oracle,285,17083,285.001,2.0,1920,1080,1,291.21,251.83,45,64,3.564,2800.0,2800.0,,,,0.245
floor5,zoom2x,oracle,286,17143,286.002,2.0,1920,1080,1,291.8,256.67,43,61,5.253,2800.0,2800.0,,,,0.242
floor5,zoom2x,oracle,287,17203,287.003,2.0,1920,1080,1,291.94,261.3,48,76,4.046,2800.0,2800.0,,,,0.267
floor5,zoom2x,oracle,288,17263,288.004,2.0,1920,1080,1,292.6,266.4,29,49,4.366,2800.0,2800.0,,,,0.259
floor5,zoom2x,oracle,289,17323,289.005,2.0,1920,1080,1,292.88,270.79,28,46,4.11,2800.0,2800.0,,,,0.274
floor5,zoom2x,oracle,290,17383,290.006,2.0,1920,1080,1,292.74,275.15,42,77,3.807,2800.0,2800.0,,,,0.29
floor5,zoom2x,oracle,291,17443,291.007,2.0,1920,1080,1,292.99,280.04,44,85,3.638,2800.0,2800.0,,,,0.291
floor5,zoom2x,oracle,292,17502,291.992,2.0,1920,1080,1,292.72,284.49,61,95,4.02,2800.0,2800.0,,,,0.319
floor5,zoom2x,oracle,293,17562,292.993,2.0,1920,1080,1,292.36,289.35,65,90,3.396,2800.0,2800.0,,,,0.307
floor5,zoom2x,oracle,294,17622,293.994,2.0,1920,1080,1,292.07,294.54,66,86,4.068,2800.0,2800.0,,,,0.275
floor5,zoom2x,oracle,295,17682,294.995,2.0,1920,1080,1,292.32,299.71,73,99,3.498,2800.0,2800.0,,,,0.261
floor5,zoom2x,oracle,296,17742,295.996,2.0,1920,1080,1,292.34,304.65,65,95,3.579,2800.0,2800.0,,,,0.267
floor5,zoom2x,oracle,297,17802,296.997,2.0,1920,1080,1,292.6,309.75,76,95,3.281,2800.0,2800.0,,,,0.261
floor5,zoom2x,oracle,298,17862,297.998,2.0,1920,1080,1,292.72,314.8,70,90,4.252,2800.0,2800.0,,,,0.296
floor5,zoom2x,oracle,299,17922,298.999,2.0,1920,1080,1,292.68,319.53,80,110,3.381,2800.0,2800.0,,,,0.268
floor5,zoom2x,oracle,300,17982,300.0,2.0,1920,1080,1,292.49,324.29,80,107,3.899,2800.0,2800.0,,,,0.262
floor5,zoom2x,oracle,301,18042,301.001,2.0,1920,1080,1,292.3,329.0,71,98,4.552,2800.0,2800.0,,,,0.268
floor5,zoom2x,oracle,302,18102,302.002,2.0,1920,1080,1,292.44,334.09,69,92,4.265,2800.0,2800.0,,,,0.258
floor5,zoom2x,oracle,303,18162,303.003,2.0,1920,1080,1,292.6,338.96,72,87,3.76,2800.0,2800.0,,,,0.262
floor5,zoom2x,oracle,304,18222,304.004,2.0,1920,1080,1,292.71,344.11,45,63,3.498,2800.0,2800.0,,,,0.267
floor5,zoom2x,oracle,305,18282,305.005,2.0,1920,1080,1,292.75,349.23,31,41,3.056,2800.0,2800.0,,,,0.262
floor5,zoom2x,oracle,306,18342,306.006,2.0,1920,1080,1,292.65,354.07,38,55,3.402,2800.0,2800.0,,,,0.253
floor5,zoom2x,oracle,307,18402,307.007,2.0,1920,1080,1,292.97,358.99,51,76,3.86,2800.0,2800.0,,,,0.256
floor5,zoom2x,oracle,308,18462,308.008,2.0,1920,1080,1,293.44,363.53,50,78,4.179,2800.0,2800.0,,,,0.265
floor5,zoom2x,oracle,309,18521,308.992,2.0,1920,1080,1,293.77,368.32,50,82,4.055,2800.0,2800.0,,,,0.26
floor5,zoom2x,oracle,310,18581,309.993,2.0,1920,1080,1,293.6,372.73,42,65,6.224,2800.0,2800.0,,,,0.265
floor5,zoom2x,oracle,311,18641,310.994,2.0,1920,1080,1,294.15,378.25,29,55,4.385,2800.0,2800.0,,,,0.267
floor5,zoom2x,oracle,312,18701,311.995,2.0,1920,1080,1,294.27,383.61,41,70,4.146,2800.0,2800.0,,,,0.265
floor5,zoom2x,oracle,313,18761,312.996,2.0,1920,1080,1,294.35,388.87,57,76,3.395,2800.0,2800.0,,,,0.266
floor5,zoom2x,oracle,314,18821,313.997,2.0,1920,1080,1,294.88,393.69,43,66,3.382,2800.0,2800.0,,,,0.272
floor5,zoom2x,oracle,315,18881,314.998,2.0,1920,1080,1,295.02,398.62,38,60,3.762,2800.0,2800.0,,,,0.277
floor5,zoom2x,oracle,316,18941,315.999,2.0,1920,1080,1,295.19,403.12,52,80,3.433,2800.0,2800.0,,,,0.266
floor5,zoom2x,oracle,317,19001,317.0,2.0,1920,1080,1,295.4,407.94,58,86,3.418,2800.0,2800.0,,,,0.264
floor5,zoom2x,oracle,318,19061,318.001,2.0,1920,1080,1,295.36,412.9,53,80,4.02,2800.0,2800.0,,,,0.265
floor5,zoom2x,oracle,319,19121,319.002,2.0,1920,1080,1,295.33,417.59,52,82,3.637,2800.0,2800.0,,,,0.256
floor5,zoom2x,oracle,320,19181,320.003,2.0,1920,1080,1,295.44,421.85,39,72,4.579,2800.0,2800.0,,,,0.281
floor5,zoom2x,oracle,321,19241,321.004,2.0,1920,1080,1,296.23,426.04,30,48,3.532,2800.0,2800.0,,,,0.266
floor5,zoom2x,oracle,322,19301,322.005,2.0,1920,1080,1,291.66,430.51,25,39,3.482,2800.0,2800.0,,,,0.281
floor5,zoom2x,oracle,323,19361,323.006,2.0,1920,1080,1,295.06,434.3,24,37,3.59,2800.0,2800.0,,,,0.271
floor5,zoom2x,oracle,324,19421,324.007,2.0,1920,1080,1,297.24,437.61,20,42,3.402,2800.0,2800.0,,,,0.281
floor5,zoom2x,oracle,325,19481,325.008,2.0,1920,1080,1,297.87,442.2,24,39,4.076,2800.0,2800.0,,,,0.278
floor5,zoom2x,oracle,326,19540,325.992,2.0,1920,1080,1,298.0,446.17,22,40,3.461,2800.0,2800.0,,,,0.292
floor5,zoom2x,oracle,327,19600,326.993,2.0,1920,1080,1,297.55,449.71,21,43,4.008,2800.0,2800.0,,,,0.3
floor5,zoom2x,oracle,328,19660,327.994,2.0,1920,1080,1,297.39,453.84,12,26,3.258,2800.0,2800.0,,,,0.31
floor5,zoom2x,oracle,329,19720,328.995,2.0,1920,1080,1,296.61,457.22,10,21,3.092,2800.0,2800.0,,,,0.301
floor5,zoom2x,oracle,330,19780,329.996,2.0,1920,1080,0,,,0,0,,2800.0,2800.0,,,,0.321
floor5,zoom2x,oracle,331,19840,330.997,2.0,1920,1080,0,,,0,0,,2800.0,2800.0,,,,0.267
floor5,zoomout75,map,0,0,0.0,0.75,1920,1080,1,280.68,457.47,102,105,1.386,1400.0,1400.0,,,,0.242
floor5,zoomout75,map,1,60,1.001,0.75,1920,1080,1,281.17,458.0,130,132,1.463,1400.0,1400.0,,,,0.24
floor5,zoomout75,map,2,120,2.002,0.75,1920,1080,1,284.83,458.27,85,139,4.647,1400.0,1400.0,,,,0.273
floor5,zoomout75,map,3,180,3.003,0.75,1920,1080,1,286.21,455.31,30,54,3.345,1400.0,1400.0,,,,0.301
floor5,zoomout75,map,4,240,4.004,0.75,1920,1080,1,287.74,457.84,26,51,4.155,1400.0,1400.0,,,,0.34
floor5,zoomout75,map,5,300,5.005,0.75,1920,1080,1,288.58,463.68,91,114,3.682,1400.0,1400.0,,,,0.234
floor5,zoomout75,map,6,360,6.006,0.75,1920,1080,1,290.16,465.25,153,173,4.298,1400.0,1400.0,,,,0.236
floor5,zoomout75,map,7,420,7.007,0.75,1920,1080,1,292.73,463.06,42,107,3.918,1400.0,1400.0,,,,0.298
floor5,zoomout75,map,8,480,8.008,0.75,1920,1080,1,296.03,468.86,30,89,3.251,1400.0,1400.0,,,,0.346
floor5,zoomout75,map,9,539,8.992,0.75,1920,1080,1,297.24,464.61,30,72,3.297,1400.0,1400.0,,,,0.312
floor5,zoomout75,map,10,599,9.993,0.75,1920,1080,1,297.2,460.06,27,70,3.464,1400.0,1400.0,,,,0.337
floor5,zoomout75,map,11,659,10.994,0.75,1920,1080,1,293.49,454.43,29,85,3.75,1400.0,1400.0,,,,0.368
floor5,zoomout75,map,12,719,11.995,0.75,1920,1080,1,295.46,457.88,14,38,3.251,1400.0,1400.0,,,,0.355
floor5,zoomout75,map,13,779,12.996,0.75,1920,1080,1,296.35,453.56,20,59,4.441,1400.0,1400.0,,,,0.38
floor5,zoomout75,map,14,839,13.997,0.75,1920,1080,1,297.19,454.02,17,57,2.732,1400.0,1400.0,,,,0.39
floor5,zoomout75,map,15,899,14.998,0.75,1920,1080,1,294.34,453.23,20,57,4.1,1400.0,1400.0,,,,0.381
floor5,zoomout75,map,16,959,15.999,0.75,1920,1080,1,296.18,443.34,17,57,3.584,1400.0,1400.0,,,,0.385
floor5,zoomout75,map,17,1019,17.0,0.75,1920,1080,1,297.76,436.14,19,60,3.431,1400.0,1400.0,,,,0.356
floor5,zoomout75,map,18,1079,18.001,0.75,1920,1080,1,295.57,445.16,16,25,3.463,1400.0,1400.0,,,,0.288
floor5,zoomout75,map,19,1139,19.002,0.75,1920,1080,1,298.81,429.7,26,54,3.985,1400.0,1400.0,,,,0.279
floor5,zoomout75,map,20,1199,20.003,0.75,1920,1080,1,298.06,420.96,28,78,3.973,1400.0,1400.0,,,,0.312
floor5,zoomout75,map,21,1259,21.004,0.75,1920,1080,1,298.39,424.39,24,79,3.05,1400.0,1400.0,,,,0.34
floor5,zoomout75,map,22,1319,22.005,0.75,1920,1080,1,297.12,412.94,23,75,3.45,1400.0,1400.0,,,,0.342
floor5,zoomout75,map,23,1379,23.006,0.75,1920,1080,1,297.38,407.35,24,68,2.854,1400.0,1400.0,,,,0.358
floor5,zoomout75,map,24,1439,24.007,0.75,1920,1080,1,298.54,400.28,30,84,2.975,1400.0,1400.0,,,,0.327
floor5,zoomout75,map,25,1499,25.008,0.75,1920,1080,1,298.46,393.96,48,120,4.301,1400.0,1400.0,,,,0.297
floor5,zoomout75,map,26,1558,25.993,0.75,1920,1080,1,297.74,387.65,56,140,4.698,1400.0,1400.0,,,,0.338
floor5,zoomout75,map,27,1618,26.994,0.75,1920,1080,1,298.34,384.16,66,141,2.731,1400.0,1400.0,,,,0.352
floor5,zoomout75,map,28,1678,27.995,0.75,1920,1080,1,298.9,378.17,70,142,2.693,1400.0,1400.0,,,,0.311
floor5,zoomout75,map,29,1738,28.996,0.75,1920,1080,1,298.07,371.01,81,156,3.941,1400.0,1400.0,,,,0.298
floor5,zoomout75,map,30,1798,29.997,0.75,1920,1080,1,295.08,373.18,34,97,4.354,1400.0,1400.0,,,,0.362
floor5,zoomout75,map,31,1858,30.998,0.75,1920,1080,1,293.87,365.51,35,92,3.754,1400.0,1400.0,,,,0.363
floor5,zoomout75,map,32,1918,31.999,0.75,1920,1080,1,296.67,378.45,27,90,2.992,1400.0,1400.0,,,,0.351
floor5,zoomout75,map,33,1978,33.0,0.75,1920,1080,1,296.03,369.75,29,82,4.037,1400.0,1400.0,,,,0.331
floor5,zoomout75,map,34,2038,34.001,0.75,1920,1080,1,294.47,357.13,30,84,3.641,1400.0,1400.0,,,,0.295
floor5,zoomout75,map,35,2098,35.002,0.75,1920,1080,1,295.72,354.1,39,108,3.024,1400.0,1400.0,,,,0.278
floor5,zoomout75,map,36,2158,36.003,0.75,1920,1080,1,293.46,345.22,38,99,3.77,1400.0,1400.0,,,,0.292
floor5,zoomout75,map,37,2218,37.004,0.75,1920,1080,1,293.48,347.93,33,87,3.46,1400.0,1400.0,,,,0.31
floor5,zoomout75,map,38,2278,38.005,0.75,1920,1080,1,296.43,346.84,31,87,2.865,1400.0,1400.0,,,,0.322
floor5,zoomout75,map,39,2338,39.006,0.75,1920,1080,1,296.97,341.71,27,87,2.582,1400.0,1400.0,,,,0.354
floor5,zoomout75,map,40,2398,40.007,0.75,1920,1080,1,293.5,323.08,34,95,4.553,1400.0,1400.0,,,,0.337
floor5,zoomout75,map,41,2458,41.008,0.75,1920,1080,1,296.45,325.58,28,99,4.14,1400.0,1400.0,,,,0.338
floor5,zoomout75,map,42,2517,41.992,0.75,1920,1080,1,290.94,317.75,27,95,3.375,1400.0,1400.0,,,,0.382
floor5,zoomout75,map,43,2577,42.993,0.75,1920,1080,1,294.58,313.66,29,83,3.68,1400.0,1400.0,,,,0.337
floor5,zoomout75,map,44,2637,43.994,0.75,1920,1080,1,295.52,306.66,34,105,3.753,1400.0,1400.0,,,,0.343
floor5,zoomout75,map,45,2697,44.995,0.75,1920,1080,1,295.39,299.57,39,117,3.693,1400.0,1400.0,,,,0.35
floor5,zoomout75,map,46,2757,45.996,0.75,1920,1080,1,295.37,292.54,41,112,3.691,1400.0,1400.0,,,,0.346
floor5,zoomout75,map,47,2817,46.997,0.75,1920,1080,1,295.3,286.1,34,92,3.3,1400.0,1400.0,,,,0.364
floor5,zoomout75,map,48,2877,47.998,0.75,1920,1080,1,294.59,279.59,34,104,3.324,1400.0,1400.0,,,,0.387
floor5,zoomout75,map,49,2937,48.999,0.75,1920,1080,1,294.4,272.96,34,123,4.237,1400.0,1400.0,,,,0.381
floor5,zoomout75,map,50,2997,50.0,0.75,1920,1080,1,296.48,280.85,33,133,2.982,1400.0,1400.0,,,,0.385
floor5,zoomout75,map,51,3057,51.001,0.75,1920,1080,1,298.67,275.86,44,121,4.457,1400.0,1400.0,,,,0.364
floor5,zoomout75,map,52,3117,52.002,0.75,1920,1080,1,298.74,268.67,46,123,3.619,1400.0,1400.0,,,,0.331
floor5,zoomout75,map,53,3177,53.003,0.75,1920,1080,1,298.33,260.81,51,114,4.128,1400.0,1400.0,,,,0.339
floor5,zoomout75,map,54,3237,54.004,0.75,1920,1080,1,295.91,253.63,48,119,4.039,1400.0,1400.0,,,,0.317
floor5,zoomout75,map,55,3297,55.005,0.75,1920,1080,1,295.6,246.94,42,117,3.199,1400.0,1400.0,,,,0.32
floor5,zoomout75,map,56,3357,56.006,0.75,1920,1080,1,294.84,237.74,51,107,3.565,1400.0,1400.0,,,,0.305
floor5,zoomout75,map,57,3417,57.007,0.75,1920,1080,1,292.36,231.5,46,120,3.312,1400.0,1400.0,,,,0.29
floor5,zoomout75,map,58,3477,58.008,0.75,1920,1080,1,286.76,229.38,50,121,2.763,1400.0,1400.0,,,,0.307
floor5,zoomout75,map,59,3536,58.992,0.75,1920,1080,1,280.5,228.26,43,103,2.878,1400.0,1400.0,,,,0.308
floor5,zoomout75,map,60,3596,59.993,0.75,1920,1080,1,274.03,227.2,35,95,3.439,1400.0,1400.0,,,,0.364
floor5,zoomout75,map,61,3656,60.994,0.75,1920,1080,1,267.38,227.29,39,99,3.439,1400.0,1400.0,,,,0.352
floor5,zoomout75,map,62,3716,61.995,0.75,1920,1080,1,270.53,229.17,28,82,3.653,1400.0,1400.0,,,,0.366
floor5,zoomout75,map,63,3776,62.996,0.75,1920,1080,1,271.41,226.3,44,89,2.473,1400.0,1400.0,,,,0.319
floor5,zoomout75,map,64,3836,63.997,0.75,1920,1080,1,266.63,226.79,53,117,3.114,1400.0,1400.0,,,,0.299
floor5,zoomout75,map,65,3896,64.998,0.75,1920,1080,1,260.75,226.19,56,127,2.613,1400.0,1400.0,,,,0.296
floor5,zoomout75,map,66,3956,65.999,0.75,1920,1080,1,254.74,223.34,59,123,2.625,1400.0,1400.0,,,,0.29
floor5,zoomout75,map,67,4016,67.0,0.75,1920,1080,1,248.33,222.77,65,102,3.09,1400.0,1400.0,,,,0.315
floor5,zoomout75,map,68,4076,68.001,0.75,1920,1080,1,242.37,224.51,61,114,2.25,1400.0,1400.0,,,,0.309
floor5,zoomout75,map,69,4136,69.002,0.75,1920,1080,1,236.21,221.88,63,110,2.362,1400.0,1400.0,,,,0.318
floor5,zoomout75,map,70,4196,70.003,0.75,1920,1080,1,230.23,221.12,66,112,2.105,1400.0,1400.0,,,,0.319
floor5,zoomout75,map,71,4256,71.004,0.75,1920,1080,1,224.44,220.05,82,102,2.146,1400.0,1400.0,,,,0.302
floor5,zoomout75,map,72,4316,72.005,0.75,1920,1080,1,219.64,223.09,58,71,3.049,1400.0,1400.0,,,,0.285
floor5,zoomout75,map,73,4376,73.006,0.75,1920,1080,1,214.44,221.67,35,60,4.654,1400.0,1400.0,,,,0.277
floor5,zoomout75,map,74,4436,74.007,0.75,1920,1080,1,210.52,219.28,13,28,2.921,1400.0,1400.0,,,,0.248
floor5,zoomout75,map,75,4496,75.008,0.75,1920,1080,0,,,0,0,,1400.0,1400.0,,,,0.246
floor5,zoomout75,map,76,4555,75.993,0.75,1920,1080,1,208.5,202.45,10,25,2.899,1400.0,1400.0,,,,0.286
floor5,zoomout75,map,77,4615,76.994,0.75,1920,1080,1,206.9,201.84,32,82,2.746,1400.0,1400.0,,,,0.285
floor5,zoomout75,map,78,4675,77.995,0.75,1920,1080,1,205.82,197.14,24,89,2.627,1400.0,1400.0,,,,0.328
floor5,zoomout75,map,79,4735,78.996,0.75,1920,1080,1,206.44,199.92,31,90,4.023,1400.0,1400.0,,,,0.322
floor5,zoomout75,map,80,4795,79.997,0.75,1920,1080,1,206.39,200.86,28,80,4.825,1400.0,1400.0,,,,0.303
floor5,zoomout75,map,81,4855,80.998,0.75,1920,1080,1,204.45,189.24,34,102,2.315,1400.0,1400.0,,,,0.289
floor5,zoomout75,map,82,4915,81.999,0.75,1920,1080,1,203.3,183.88,35,112,3.633,1400.0,1400.0,,,,0.337
floor5,zoomout75,map,83,4975,83.0,0.75,1920,1080,1,202.61,183.49,34,99,3.373,1400.0,1400.0,,,,0.343
floor5,zoomout75,map,84,5035,84.001,0.75,1920,1080,1,202.02,178.46,35,101,3.799,1400.0,1400.0,,,,0.289
floor5,zoomout75,map,85,5095,85.002,0.75,1920,1080,1,201.89,173.14,37,102,4.519,1400.0,1400.0,,,,0.293
floor5,zoomout75,map,86,5155,86.003,0.75,1920,1080,1,201.59,169.39,37,119,3.82,1400.0,1400.0,,,,0.32
floor5,zoomout75,map,87,5215,87.004,0.75,1920,1080,1,201.52,164.13,47,126,3.403,1400.0,1400.0,,,,0.307
floor5,zoomout75,map,88,5275,88.005,0.75,1920,1080,1,201.69,158.52,38,126,3.753,1400.0,1400.0,,,,0.356
floor5,zoomout75,map,89,5335,89.006,0.75,1920,1080,1,200.2,167.03,38,98,3.216,1400.0,1400.0,,,,0.327
floor5,zoomout75,map,90,5395,90.007,0.75,1920,1080,1,201.32,162.16,49,88,3.464,1400.0,1400.0,,,,0.285
floor5,zoomout75,map,91,5455,91.008,0.75,1920,1080,1,201.41,155.29,52,111,3.544,1400.0,1400.0,,,,0.26
floor5,zoomout75,map,92,5514,91.992,0.75,1920,1080,1,200.96,147.97,48,120,4.544,1400.0,1400.0,,,,0.267
floor5,zoomout75,map,93,5574,92.993,0.75,1920,1080,1,201.12,143.91,57,123,3.567,1400.0,1400.0,,,,0.263
floor5,zoomout75,map,94,5634,93.994,0.75,1920,1080,1,200.81,137.77,53,131,3.52,1400.0,1400.0,,,,0.267
floor5,zoomout75,map,95,5694,94.995,0.75,1920,1080,1,201.44,132.15,50,128,4.421,1400.0,1400.0,,,,0.27
floor5,zoomout75,map,96,5754,95.996,0.75,1920,1080,1,200.24,125.52,48,119,3.441,1400.0,1400.0,,,,0.288
floor5,zoomout75,map,97,5814,96.997,0.75,1920,1080,1,200.35,119.75,48,131,4.916,1400.0,1400.0,,,,0.324
floor5,zoomout75,map,98,5874,97.998,0.75,1920,1080,1,201.75,114.87,39,137,3.656,1400.0,1400.0,,,,0.377
floor5,zoomout75,map,99,5934,98.999,0.75,1920,1080,1,200.97,108.3,38,122,3.416,1400.0,1400.0,,,,0.38
floor5,zoomout75,map,100,5994,100.0,0.75,1920,1080,1,202.24,103.82,33,110,3.884,1400.0,1400.0,,,,0.353
floor5,zoomout75,map,101,6054,101.001,0.75,1920,1080,1,199.99,107.35,42,92,4.42,1400.0,1400.0,,,,0.31
floor5,zoomout75,map,102,6114,102.002,0.75,1920,1080,1,200.52,102.13,45,111,4.176,1400.0,1400.0,,,,0.277
floor5,zoomout75,map,103,6174,103.003,0.75,1920,1080,1,200.05,96.42,45,92,4.284,1400.0,1400.0,,,,0.304
floor5,zoomout75,map,104,6234,104.004,0.75,1920,1080,1,200.57,92.51,37,109,2.888,1400.0,1400.0,,,,0.319
floor5,zoomout75,map,105,6294,105.005,0.75,1920,1080,1,202.29,90.39,39,83,3.761,1400.0,1400.0,,,,0.307
floor5,zoomout75,map,106,6354,106.006,0.75,1920,1080,1,200.56,87.36,38,109,3.818,1400.0,1400.0,,,,0.344
floor5,zoomout75,map,107,6414,107.007,0.75,1920,1080,1,200.63,82.99,36,93,4.386,1400.0,1400.0,,,,0.32
floor5,zoomout75,map,108,6474,108.008,0.75,1920,1080,1,200.55,77.19,38,91,3.553,1400.0,1400.0,,,,0.31
floor5,zoomout75,map,109,6533,108.992,0.75,1920,1080,1,200.29,72.84,52,107,4.454,1400.0,1400.0,,,,0.279
floor5,zoomout75,map,110,6593,109.993,0.75,1920,1080,1,200.39,67.13,47,109,3.549,1400.0,1400.0,,,,0.275
floor5,zoomout75,map,111,6653,110.994,0.75,1920,1080,1,203.35,66.34,34,77,4.361,1400.0,1400.0,,,,0.282
floor5,zoomout75,map,112,6713,111.995,0.75,1920,1080,1,202.37,59.72,35,95,4.011,1400.0,1400.0,,,,0.303
floor5,zoomout75,map,113,6773,112.996,0.75,1920,1080,1,200.1,55.07,35,88,3.22,1400.0,1400.0,,,,0.329
floor5,zoomout75,map,114,6833,113.997,0.75,1920,1080,1,199.13,53.46,35,74,3.797,1400.0,1400.0,,,,0.309
floor5,zoomout75,map,115,6893,114.998,0.75,1920,1080,1,199.82,47.69,17,34,3.477,1400.0,1400.0,,,,0.299
floor5,zoomout75,map,116,6953,115.999,0.75,1920,1080,1,202.13,47.6,12,26,2.514,1400.0,1400.0,,,,0.333
floor5,zoomout75,map,117,7013,117.0,0.75,1920,1080,1,203.43,36.33,24,45,3.437,1400.0,1400.0,,,,0.311
floor5,zoomout75,map,118,7073,118.001,0.75,1920,1080,1,209.83,36.63,25,87,3.502,1400.0,1400.0,,,,0.399
floor5,zoomout75,map,119,7133,119.002,0.75,1920,1080,1,212.8,42.26,29,96,3.844,1400.0,1400.0,,,,0.386
floor5,zoomout75,map,120,7193,120.003,0.75,1920,1080,1,208.03,50.09,31,99,3.812,1400.0,1400.0,,,,0.372
floor5,zoomout75,map,121,7253,121.004,0.75,1920,1080,1,206.16,55.75,35,114,3.592,1400.0,1400.0,,,,0.38
floor5,zoomout75,map,122,7313,122.005,0.75,1920,1080,1,213.44,51.93,36,91,4.13,1400.0,1400.0,,,,0.341
floor5,zoomout75,map,123,7373,123.006,0.75,1920,1080,1,213.6,57.54,37,110,4.363,1400.0,1400.0,,,,0.337
floor5,zoomout75,map,124,7433,124.007,0.75,1920,1080,1,213.07,66.04,38,126,2.989,1400.0,1400.0,,,,0.379
floor5,zoomout75,map,125,7493,125.008,0.75,1920,1080,1,209.13,67.82,39,120,3.75,1400.0,1400.0,,,,0.373
floor5,zoomout75,map,126,7552,125.993,0.75,1920,1080,1,210.5,74.16,42,137,3.85,1400.0,1400.0,,,,0.378
floor5,zoomout75,map,127,7612,126.994,0.75,1920,1080,1,211.21,63.12,38,126,3.813,1400.0,1400.0,,,,0.345
floor5,zoomout75,map,128,7672,127.995,0.75,1920,1080,1,211.65,70.86,46,109,3.109,1400.0,1400.0,,,,0.287
floor5,zoomout75,map,129,7732,128.996,0.75,1920,1080,1,211.89,77.12,49,119,3.096,1400.0,1400.0,,,,0.263
floor5,zoomout75,map,130,7792,129.997,0.75,1920,1080,1,211.8,81.25,45,84,3.364,1400.0,1400.0,,,,0.249
floor5,zoomout75,map,131,7852,130.998,0.75,1920,1080,1,210.68,88.61,53,106,2.869,1400.0,1400.0,,,,0.242
floor5,zoomout75,map,132,7912,131.999,0.75,1920,1080,1,210.87,96.79,49,110,2.904,1400.0,1400.0,,,,0.262
floor5,zoomout75,map,133,7972,133.0,0.75,1920,1080,1,210.56,104.6,60,134,3.943,1400.0,1400.0,,,,0.261
floor5,zoomout75,map,134,8032,134.001,0.75,1920,1080,1,209.16,111.59,52,130,3.546,1400.0,1400.0,,,,0.277
floor5,zoomout75,map,135,8092,135.002,0.75,1920,1080,1,209.83,119.07,57,156,3.616,1400.0,1400.0,,,,0.315
floor5,zoomout75,map,136,8152,136.003,0.75,1920,1080,1,210.03,126.49,41,140,4.277,1400.0,1400.0,,,,0.372
floor5,zoomout75,map,137,8212,137.004,0.75,1920,1080,1,209.5,121.18,21,71,3.679,1400.0,1400.0,,,,0.389
floor5,zoomout75,map,138,8272,138.005,0.75,1920,1080,1,207.69,130.54,23,77,2.736,1400.0,1400.0,,,,0.382
floor5,zoomout75,map,139,8332,139.006,0.75,1920,1080,1,212.11,131.41,21,69,3.26,1400.0,1400.0,,,,0.354
floor5,zoomout75,map,140,8392,140.007,0.75,1920,1080,1,209.78,145.85,26,83,3.628,1400.0,1400.0,,,,0.349
floor5,zoomout75,map,141,8452,141.008,0.75,1920,1080,1,207.91,153.95,24,100,2.721,1400.0,1400.0,,,,0.363
floor5,zoomout75,map,142,8511,141.992,0.75,1920,1080,1,209.68,158.51,30,109,3.433,1400.0,1400.0,,,,0.366
floor5,zoomout75,map,143,8571,142.993,0.75,1920,1080,1,209.87,159.58,25,82,3.983,1400.0,1400.0,,,,0.356
floor5,zoomout75,map,144,8631,143.994,0.75,1920,1080,1,210.18,149.95,28,82,2.173,1400.0,1400.0,,,,0.356
floor5,zoomout75,map,145,8691,144.995,0.75,1920,1080,1,211.18,155.35,28,93,3.154,1400.0,1400.0,,,,0.379
floor5,zoomout75,map,146,8751,145.996,0.75,1920,1080,1,211.76,163.5,27,93,3.211,1400.0,1400.0,,,,0.387
floor5,zoomout75,map,147,8811,146.997,0.75,1920,1080,1,211.14,171.87,32,91,3.778,1400.0,1400.0,,,,0.309
floor5,zoomout75,map,148,8871,147.998,0.75,1920,1080,1,211.08,177.98,31,68,2.85,1400.0,1400.0,,,,0.294
floor5,zoomout75,map,149,8931,148.999,0.75,1920,1080,1,209.27,185.64,29,65,3.007,1400.0,1400.0,,,,0.309
floor5,zoomout75,map,150,8991,150.0,0.75,1920,1080,1,211.0,196.86,28,70,3.524,1400.0,1400.0,,,,0.301
floor5,zoomout75,map,151,9051,151.001,0.75,1920,1080,1,208.6,198.9,26,56,3.136,1400.0,1400.0,,,,0.311
floor5,zoomout75,map,152,9111,152.002,0.75,1920,1080,1,209.4,205.85,26,58,3.711,1400.0,1400.0,,,,0.31
floor5,zoomout75,map,153,9171,153.003,0.75,1920,1080,1,210.85,214.06,20,49,3.641,1400.0,1400.0,,,,0.303
floor5,zoomout75,map,154,9231,154.004,0.75,1920,1080,1,210.91,220.66,17,34,2.94,1400.0,1400.0,,,,0.299
floor5,zoomout75,map,155,9291,155.005,0.75,1920,1080,1,210.39,227.61,12,24,2.6,1400.0,1400.0,,,,0.318
floor5,zoomout75,map,156,9351,156.006,0.75,1920,1080,1,201.79,182.4,35,86,3.357,1400.0,1400.0,,,,0.363
floor5,zoomout75,map,157,9411,157.007,0.75,1920,1080,1,195.58,188.99,44,105,2.818,1400.0,1400.0,,,,0.343
floor5,zoomout75,map,158,9471,158.008,0.75,1920,1080,1,196.8,196.25,36,99,2.457,1400.0,1400.0,,,,0.35
floor5,zoomout75,map,159,9530,158.992,0.75,1920,1080,1,194.27,204.32,48,127,3.28,1400.0,1400.0,,,,0.35
floor5,zoomout75,map,160,9590,159.993,0.75,1920,1080,1,197.4,209.57,52,128,3.639,1400.0,1400.0,,,,0.353
floor5,zoomout75,map,161,9650,160.994,0.75,1920,1080,1,196.61,215.98,43,116,2.584,1400.0,1400.0,,,,0.362
floor5,zoomout75,map,162,9710,161.995,0.75,1920,1080,1,196.56,223.52,52,124,3.079,1400.0,1400.0,,,,0.338
floor5,zoomout75,map,163,9770,162.996,0.75,1920,1080,1,196.85,231.09,49,107,2.852,1400.0,1400.0,,,,0.352
floor5,zoomout75,map,164,9830,163.997,0.75,1920,1080,1,199.6,238.38,46,101,2.843,1400.0,1400.0,,,,0.345
floor5,zoomout75,map,165,9890,164.998,0.75,1920,1080,1,200.63,246.49,51,117,3.757,1400.0,1400.0,,,,0.34
floor5,zoomout75,map,166,9950,165.999,0.75,1920,1080,1,199.13,255.54,51,113,2.973,1400.0,1400.0,,,,0.325
floor5,zoomout75,map,167,10010,167.0,0.75,1920,1080,1,199.88,261.78,61,112,3.678,1400.0,1400.0,,,,0.332
floor5,zoomout75,map,168,10070,168.001,0.75,1920,1080,1,198.86,270.79,47,111,3.191,1400.0,1400.0,,,,0.319
floor5,zoomout75,map,169,10130,169.002,0.75,1920,1080,1,199.55,277.97,48,120,3.109,1400.0,1400.0,,,,0.339
floor5,zoomout75,map,170,10190,170.003,0.75,1920,1080,1,200.63,282.3,43,99,4.318,1400.0,1400.0,,,,0.36
floor5,zoomout75,map,171,10250,171.004,0.75,1920,1080,1,199.94,293.75,38,81,3.563,1400.0,1400.0,,,,0.318
floor5,zoomout75,map,172,10310,172.005,0.75,1920,1080,1,201.38,298.89,39,91,3.33,1400.0,1400.0,,,,0.335
floor5,zoomout75,map,173,10370,173.006,0.75,1920,1080,1,208.51,299.24,35,108,3.839,1400.0,1400.0,,,,0.357
floor5,zoomout75,map,174,10430,174.007,0.75,1920,1080,1,206.3,311.79,32,92,4.181,1400.0,1400.0,,,,0.394
floor5,zoomout75,map,175,10490,175.008,0.75,1920,1080,1,208.47,313.79,28,103,4.371,1400.0,1400.0,,,,0.393
floor5,zoomout75,map,176,10549,175.992,0.75,1920,1080,1,207.02,326.75,29,91,3.413,1400.0,1400.0,,,,0.378
floor5,zoomout75,map,177,10609,176.993,0.75,1920,1080,1,209.53,327.32,31,82,4.142,1400.0,1400.0,,,,0.357
floor5,zoomout75,map,178,10669,177.994,0.75,1920,1080,1,207.12,333.37,34,101,3.61,1400.0,1400.0,,,,0.359
floor5,zoomout75,map,179,10729,178.995,0.75,1920,1080,1,209.4,337.94,30,103,4.761,1400.0,1400.0,,,,0.331
floor5,zoomout75,map,180,10789,179.996,0.75,1920,1080,1,207.38,344.43,37,104,4.33,1400.0,1400.0,,,,0.313
floor5,zoomout75,map,181,10849,180.997,0.75,1920,1080,1,207.76,351.59,28,106,3.417,1400.0,1400.0,,,,0.355
floor5,zoomout75,map,182,10909,181.998,0.75,1920,1080,1,207.85,358.37,28,92,4.542,1400.0,1400.0,,,,0.333
floor5,zoomout75,map,183,10969,182.999,0.75,1920,1080,1,211.16,327.0,45,196,4.384,1400.0,1400.0,,,,0.369
floor5,zoomout75,map,184,11029,184.0,0.75,1920,1080,1,212.43,331.79,44,181,3.677,1400.0,1400.0,,,,0.382
floor5,zoomout75,map,185,11089,185.001,0.75,1920,1080,1,212.08,340.45,41,148,4.493,1400.0,1400.0,,,,0.33
floor5,zoomout75,map,186,11149,186.002,0.75,1920,1080,1,211.36,345.91,35,95,3.79,1400.0,1400.0,,,,0.349
floor5,zoomout75,map,187,11209,187.003,0.75,1920,1080,1,210.97,352.17,35,123,3.644,1400.0,1400.0,,,,0.36
floor5,zoomout75,map,188,11269,188.004,0.75,1920,1080,1,212.5,357.87,35,88,2.863,1400.0,1400.0,,,,0.323
floor5,zoomout75,map,189,11329,189.005,0.75,1920,1080,1,212.99,363.77,34,101,3.219,1400.0,1400.0,,,,0.352
floor5,zoomout75,map,190,11389,190.006,0.75,1920,1080,1,212.49,368.42,31,97,3.368,1400.0,1400.0,,,,0.362
floor5,zoomout75,map,191,11449,191.007,0.75,1920,1080,1,212.32,371.78,36,108,3.917,1400.0,1400.0,,,,0.373
floor5,zoomout75,map,192,11508,191.992,0.75,1920,1080,1,211.62,378.34,33,107,3.05,1400.0,1400.0,,,,0.378
floor5,zoomout75,map,193,11568,192.993,0.75,1920,1080,1,211.35,384.44,38,104,3.534,1400.0,1400.0,,,,0.318
floor5,zoomout75,map,194,11628,193.994,0.75,1920,1080,1,211.56,389.84,39,93,3.793,1400.0,1400.0,,,,0.291
floor5,zoomout75,map,195,11688,194.995,0.75,1920,1080,1,211.8,395.54,43,128,4.336,1400.0,1400.0,,,,0.288
floor5,zoomout75,map,196,11748,195.996,0.75,1920,1080,1,212.84,402.36,50,148,3.313,1400.0,1400.0,,,,0.334
floor5,zoomout75,map,197,11808,196.997,0.75,1920,1080,1,213.41,405.27,51,131,3.658,1400.0,1400.0,,,,0.321
floor5,zoomout75,map,198,11868,197.998,0.75,1920,1080,1,212.72,409.6,46,126,2.653,1400.0,1400.0,,,,0.328
floor5,zoomout75,map,199,11928,198.999,0.75,1920,1080,1,212.84,414.91,45,139,3.047,1400.0,1400.0,,,,0.306
floor5,zoomout75,map,200,11988,200.0,0.75,1920,1080,1,211.39,410.58,39,98,3.506,1400.0,1400.0,,,,0.296
floor5,zoomout75,map,201,12048,201.001,0.75,1920,1080,1,211.8,419.18,36,102,3.743,1400.0,1400.0,,,,0.306
floor5,zoomout75,map,202,12108,202.002,0.75,1920,1080,1,213.79,424.27,41,126,4.051,1400.0,1400.0,,,,0.317
floor5,zoomout75,map,203,12168,203.003,0.75,1920,1080,1,213.99,428.27,44,130,3.531,1400.0,1400.0,,,,0.327
floor5,zoomout75,map,204,12228,204.004,0.75,1920,1080,1,214.88,429.92,35,124,4.003,1400.0,1400.0,,,,0.349
floor5,zoomout75,map,205,12288,205.005,0.75,1920,1080,1,213.15,431.76,38,96,4.621,1400.0,1400.0,,,,0.29
floor5,zoomout75,map,206,12348,206.006,0.75,1920,1080,1,214.39,433.63,31,70,3.359,1400.0,1400.0,,,,0.292
floor5,zoomout75,map,207,12408,207.007,0.75,1920,1080,1,214.45,434.7,43,69,3.114,1400.0,1400.0,,,,0.245
floor5,zoomout75,map,208,12468,208.008,0.75,1920,1080,1,214.79,447.51,46,104,7.943,1400.0,1400.0,,,,0.281
floor5,zoomout75,map,209,12527,208.992,0.75,1920,1080,1,292.43,464.19,35,73,2.699,1400.0,1400.0,,,,0.327
floor5,zoomout75,map,210,12587,209.993,0.75,1920,1080,1,209.52,441.08,16,35,4.55,1400.0,1400.0,,,,0.241
floor5,zoomout75,map,211,12647,210.994,0.75,1920,1080,1,208.68,442.01,26,62,3.845,1400.0,1400.0,,,,0.294
floor5,zoomout75,map,212,12707,211.995,0.75,1920,1080,1,207.22,442.31,27,71,3.73,1400.0,1400.0,,,,0.295
floor5,zoomout75,map,213,12767,212.996,0.75,1920,1080,1,206.12,441.34,27,77,2.592,1400.0,1400.0,,,,0.339
floor5,zoomout75,map,214,12827,213.997,0.75,1920,1080,1,207.17,438.77,26,81,3.469,1400.0,1400.0,,,,0.373
floor5,zoomout75,map,215,12887,214.998,0.75,1920,1080,1,207.51,436.18,37,99,2.842,1400.0,1400.0,,,,0.332
floor5,zoomout75,map,216,12947,215.999,0.75,1920,1080,1,208.12,431.76,44,106,3.808,1400.0,1400.0,,,,0.326
floor5,zoomout75,map,217,13007,217.0,0.75,1920,1080,1,205.13,436.63,23,54,3.601,1400.0,1400.0,,,,0.345
floor5,zoomout75,map,218,13067,218.001,0.75,1920,1080,1,205.01,430.53,28,78,3.463,1400.0,1400.0,,,,0.364
floor5,zoomout75,map,219,13127,219.002,0.75,1920,1080,1,206.62,425.73,26,59,3.955,1400.0,1400.0,,,,0.332
floor5,zoomout75,map,220,13187,220.003,0.75,1920,1080,1,206.5,420.31,27,76,3.309,1400.0,1400.0,,,,0.332
floor5,zoomout75,map,221,13247,221.004,0.75,1920,1080,1,204.67,413.34,24,74,3.275,1400.0,1400.0,,,,0.337
floor5,zoomout75,map,222,13307,222.005,0.75,1920,1080,1,205.81,412.56,23,63,3.836,1400.0,1400.0,,,,0.352
floor5,zoomout75,map,223,13367,223.006,0.75,1920,1080,1,205.87,415.17,31,74,4.303,1400.0,1400.0,,,,0.294
floor5,zoomout75,map,224,13427,224.007,0.75,1920,1080,1,206.03,408.6,31,78,4.474,1400.0,1400.0,,,,0.3
floor5,zoomout75,map,225,13487,225.008,0.75,1920,1080,1,204.7,399.14,26,79,3.638,1400.0,1400.0,,,,0.352
floor5,zoomout75,map,226,13546,225.992,0.75,1920,1080,1,203.31,398.83,25,58,4.782,1400.0,1400.0,,,,0.317
floor5,zoomout75,map,227,13606,226.993,0.75,1920,1080,1,205.26,393.0,20,57,3.833,1400.0,1400.0,,,,0.344
floor5,zoomout75,map,228,13666,227.994,0.75,1920,1080,1,206.42,391.72,18,39,3.934,1400.0,1400.0,,,,0.287
floor5,zoomout75,map,229,13726,228.995,0.75,1920,1080,1,206.68,385.99,20,66,2.797,1400.0,1400.0,,,,0.372
floor5,zoomout75,map,230,13786,229.996,0.75,1920,1080,1,199.75,422.36,20,77,3.126,1400.0,1400.0,,,,0.396
floor5,zoomout75,map,231,13846,230.997,0.75,1920,1080,1,199.55,416.05,21,67,2.345,1400.0,1400.0,,,,0.375
floor5,zoomout75,map,232,13906,231.998,0.75,1920,1080,1,202.62,407.84,23,73,2.149,1400.0,1400.0,,,,0.293
floor5,zoomout75,map,233,13966,232.999,0.75,1920,1080,1,203.04,397.67,32,89,2.641,1400.0,1400.0,,,,0.289
floor5,zoomout75,map,234,14026,234.0,0.75,1920,1080,1,199.03,390.57,39,77,3.535,1400.0,1400.0,,,,0.283
floor5,zoomout75,map,235,14086,235.001,0.75,1920,1080,1,201.13,385.73,46,87,3.092,1400.0,1400.0,,,,0.27
floor5,zoomout75,map,236,14146,236.002,0.75,1920,1080,1,202.87,379.6,50,89,3.489,1400.0,1400.0,,,,0.278
floor5,zoomout75,map,237,14206,237.003,0.75,1920,1080,1,204.73,372.4,42,92,3.978,1400.0,1400.0,,,,0.3
floor5,zoomout75,map,238,14266,238.004,0.75,1920,1080,1,202.17,364.96,40,94,4.013,1400.0,1400.0,,,,0.294
floor5,zoomout75,map,239,14326,239.005,0.75,1920,1080,1,200.33,360.05,37,77,3.192,1400.0,1400.0,,,,0.29
floor5,zoomout75,map,240,14386,240.006,0.75,1920,1080,1,200.12,354.57,41,97,3.315,1400.0,1400.0,,,,0.291
floor5,zoomout75,map,241,14446,241.007,0.75,1920,1080,1,199.21,347.34,37,80,3.254,1400.0,1400.0,,,,0.295
floor5,zoomout75,map,242,14505,241.992,0.75,1920,1080,1,200.52,344.33,35,73,3.726,1400.0,1400.0,,,,0.288
floor5,zoomout75,map,243,14565,242.993,0.75,1920,1080,1,204.33,339.32,35,77,4.455,1400.0,1400.0,,,,0.298
floor5,zoomout75,map,244,14625,243.994,0.75,1920,1080,1,205.08,334.07,30,59,4.007,1400.0,1400.0,,,,0.302
floor5,zoomout75,map,245,14685,244.995,0.75,1920,1080,1,198.82,324.16,26,63,3.087,1400.0,1400.0,,,,0.301
floor5,zoomout75,map,246,14745,245.996,0.75,1920,1080,1,198.35,320.81,32,74,3.657,1400.0,1400.0,,,,0.308
floor5,zoomout75,map,247,14805,246.997,0.75,1920,1080,1,198.3,315.95,29,74,4.649,1400.0,1400.0,,,,0.343
floor5,zoomout75,map,248,14865,247.998,0.75,1920,1080,1,201.24,310.9,34,99,3.577,1400.0,1400.0,,,,0.344
floor5,zoomout75,map,249,14925,248.999,0.75,1920,1080,1,202.97,303.55,33,105,3.26,1400.0,1400.0,,,,0.354
floor5,zoomout75,map,250,14985,250.0,0.75,1920,1080,1,202.96,298.91,41,104,3.439,1400.0,1400.0,,,,0.328
floor5,zoomout75,map,251,15045,251.001,0.75,1920,1080,1,208.67,293.4,42,109,3.108,1400.0,1400.0,,,,0.308
floor5,zoomout75,map,252,15105,252.002,0.75,1920,1080,1,203.03,287.96,32,76,4.473,1400.0,1400.0,,,,0.296
floor5,zoomout75,map,253,15165,253.003,0.75,1920,1080,1,203.3,279.9,32,62,4.043,1400.0,1400.0,,,,0.29
floor5,zoomout75,map,254,15225,254.004,0.75,1920,1080,1,203.77,273.69,29,59,3.454,1400.0,1400.0,,,,0.301
floor5,zoomout75,map,255,15285,255.005,0.75,1920,1080,1,202.36,268.5,31,71,4.237,1400.0,1400.0,,,,0.321
floor5,zoomout75,map,256,15345,256.006,0.75,1920,1080,1,201.19,270.35,34,57,3.788,1400.0,1400.0,,,,0.328
floor5,zoomout75,map,257,15405,257.007,0.75,1920,1080,1,199.11,263.84,30,89,4.007,1400.0,1400.0,,,,0.368
floor5,zoomout75,map,258,15465,258.008,0.75,1920,1080,1,197.89,259.04,37,111,3.095,1400.0,1400.0,,,,0.324
floor5,zoomout75,map,259,15524,258.992,0.75,1920,1080,1,200.21,252.53,40,105,4.164,1400.0,1400.0,,,,0.314
floor5,zoomout75,map,260,15584,259.993,0.75,1920,1080,1,199.84,245.78,43,129,3.953,1400.0,1400.0,,,,0.334
floor5,zoomout75,map,261,15644,260.994,0.75,1920,1080,1,200.54,239.78,40,155,3.283,1400.0,1400.0,,,,0.404
floor5,zoomout75,map,262,15704,261.995,0.75,1920,1080,1,204.24,238.05,39,95,4.211,1400.0,1400.0,,,,0.321
floor5,zoomout75,map,263,15764,262.996,0.75,1920,1080,1,205.08,234.05,30,77,3.223,1400.0,1400.0,,,,0.296
floor5,zoomout75,map,264,15824,263.997,0.75,1920,1080,1,205.28,226.56,32,87,3.201,1400.0,1400.0,,,,0.304
floor5,zoomout75,map,265,15884,264.998,0.75,1920,1080,1,206.04,220.27,19,50,2.685,1400.0,1400.0,,,,0.303
floor5,zoomout75,map,266,15944,265.999,0.75,1920,1080,1,193.83,241.33,18,41,4.342,1400.0,1400.0,,,,0.29
floor5,zoomout75,map,267,16004,267.0,0.75,1920,1080,1,194.66,233.66,19,53,3.446,1400.0,1400.0,,,,0.319
floor5,zoomout75,map,268,16064,268.001,0.75,1920,1080,1,179.75,234.52,26,63,2.477,1400.0,1400.0,,,,0.276
floor5,zoomout75,map,269,16124,269.002,0.75,1920,1080,1,186.02,231.18,21,36,3.719,1400.0,1400.0,,,,0.28
floor5,zoomout75,map,270,16184,270.003,0.75,1920,1080,1,195.18,235.17,28,53,3.365,1400.0,1400.0,,,,0.292
floor5,zoomout75,map,271,16244,271.004,0.75,1920,1080,1,208.11,237.7,38,86,3.245,1400.0,1400.0,,,,0.32
floor5,zoomout75,map,272,16304,272.005,0.75,1920,1080,1,215.15,238.66,49,103,3.928,1400.0,1400.0,,,,0.309
floor5,zoomout75,map,273,16364,273.006,0.75,1920,1080,1,220.46,239.59,46,123,4.378,1400.0,1400.0,,,,0.299
floor5,zoomout75,map,274,16424,274.007,0.75,1920,1080,1,228.1,234.71,38,91,2.719,1400.0,1400.0,,,,0.307
floor5,zoomout75,map,275,16484,275.008,0.75,1920,1080,1,232.71,240.33,48,120,3.836,1400.0,1400.0,,,,0.303
floor5,zoomout75,map,276,16543,275.992,0.75,1920,1080,1,239.53,242.21,51,124,4.241,1400.0,1400.0,,,,0.287
floor5,zoomout75,map,277,16603,276.993,0.75,1920,1080,1,246.07,243.44,53,122,3.385,1400.0,1400.0,,,,0.279
floor5,zoomout75,map,278,16663,277.994,0.75,1920,1080,1,252.6,243.46,45,114,3.294,1400.0,1400.0,,,,0.27
floor5,zoomout75,map,279,16723,278.995,0.75,1920,1080,1,259.36,238.74,38,84,3.279,1400.0,1400.0,,,,0.267
floor5,zoomout75,map,280,16783,279.996,0.75,1920,1080,1,265.74,238.12,41,68,2.946,1400.0,1400.0,,,,0.24
floor5,zoomout75,map,281,16843,280.997,0.75,1920,1080,1,271.48,239.27,43,63,3.392,1400.0,1400.0,,,,0.233
floor5,zoomout75,map,282,16903,281.998,0.75,1920,1080,1,277.88,240.07,47,69,2.621,1400.0,1400.0,,,,0.234
floor5,zoomout75,map,283,16963,282.999,0.75,1920,1080,1,282.34,233.76,34,66,4.404,1400.0,1400.0,,,,0.271
floor5,zoomout75,map,284,17023,284.0,0.75,1920,1080,1,288.94,234.95,31,98,4.98,1400.0,1400.0,,,,0.316
floor5,zoomout75,map,285,17083,285.001,0.75,1920,1080,1,290.11,238.28,25,87,3.822,1400.0,1400.0,,,,0.37
floor5,zoomout75,map,286,17143,286.002,0.75,1920,1080,1,289.21,246.79,24,83,4.138,1400.0,1400.0,,,,0.354
floor5,zoomout75,map,287,17203,287.003,0.75,1920,1080,1,290.74,248.77,26,81,3.856,1400.0,1400.0,,,,0.331
floor5,zoomout75,map,288,17263,288.004,0.75,1920,1080,1,291.28,254.63,30,78,4.237,1400.0,1400.0,,,,0.332
floor5,zoomout75,map,289,17323,289.005,0.75,1920,1080,1,291.68,260.32,27,89,4.474,1400.0,1400.0,,,,0.323
floor5,zoomout75,map,290,17383,290.006,0.75,1920,1080,1,291.67,251.59,25,65,3.151,1400.0,1400.0,,,,0.297
floor5,zoomout75,map,291,17443,291.007,0.75,1920,1080,1,291.75,260.07,37,88,4.28,1400.0,1400.0,,,,0.28
floor5,zoomout75,map,292,17502,291.992,0.75,1920,1080,1,291.66,265.57,35,91,3.626,1400.0,1400.0,,,,0.325
floor5,zoomout75,map,293,17562,292.993,0.75,1920,1080,1,290.42,268.26,35,105,4.031,1400.0,1400.0,,,,0.335
floor5,zoomout75,map,294,17622,293.994,0.75,1920,1080,1,290.59,274.99,42,88,3.654,1400.0,1400.0,,,,0.317
floor5,zoomout75,map,295,17682,294.995,0.75,1920,1080,1,290.55,284.03,39,102,3.818,1400.0,1400.0,,,,0.308
floor5,zoomout75,map,296,17742,295.996,0.75,1920,1080,1,290.31,287.32,42,94,3.994,1400.0,1400.0,,,,0.277
floor5,zoomout75,map,297,17802,296.997,0.75,1920,1080,1,291.55,294.01,40,99,3.706,1400.0,1400.0,,,,0.28
floor5,zoomout75,map,298,17862,297.998,0.75,1920,1080,1,291.56,300.57,39,90,3.434,1400.0,1400.0,,,,0.298
floor5,zoomout75,map,299,17922,298.999,0.75,1920,1080,1,291.15,307.83,36,95,4.1,1400.0,1400.0,,,,0.311
floor5,zoomout75,map,300,17982,300.0,0.75,1920,1080,1,291.04,314.32,37,108,3.978,1400.0,1400.0,,,,0.315
floor5,zoomout75,map,301,18042,301.001,0.75,1920,1080,1,290.58,312.58,40,127,3.536,1400.0,1400.0,,,,0.374
floor5,zoomout75,map,302,18102,302.002,0.75,1920,1080,1,290.99,318.74,37,134,3.88,1400.0,1400.0,,,,0.378
floor5,zoomout75,map,303,18162,303.003,0.75,1920,1080,1,291.07,324.94,36,120,3.741,1400.0,1400.0,,,,0.38
floor5,zoomout75,map,304,18222,304.004,0.75,1920,1080,1,291.13,331.16,31,107,2.989,1400.0,1400.0,,,,0.397
floor5,zoomout75,map,305,18282,305.005,0.75,1920,1080,1,293.44,338.82,31,96,3.518,1400.0,1400.0,,,,0.377
floor5,zoomout75,map,306,18342,306.006,0.75,1920,1080,1,291.57,344.87,32,102,4.286,1400.0,1400.0,,,,0.361
floor5,zoomout75,map,307,18402,307.007,0.75,1920,1080,1,291.88,347.54,27,95,4.181,1400.0,1400.0,,,,0.38
floor5,zoomout75,map,308,18462,308.008,0.75,1920,1080,1,292.15,343.6,27,76,3.987,1400.0,1400.0,,,,0.351
floor5,zoomout75,map,309,18521,308.992,0.75,1920,1080,1,292.47,350.38,28,84,4.082,1400.0,1400.0,,,,0.35
floor5,zoomout75,map,310,18581,309.993,0.75,1920,1080,1,293.46,358.59,27,89,3.249,1400.0,1400.0,,,,0.367
floor5,zoomout75,map,311,18641,310.994,0.75,1920,1080,1,293.18,359.57,27,89,3.548,1400.0,1400.0,,,,0.364
floor5,zoomout75,map,312,18701,311.995,0.75,1920,1080,1,293.44,364.81,24,44,3.654,1400.0,1400.0,,,,0.299
floor5,zoomout75,map,313,18761,312.996,0.75,1920,1080,1,292.94,377.93,23,58,3.117,1400.0,1400.0,,,,0.293
floor5,zoomout75,map,314,18821,313.997,0.75,1920,1080,1,293.67,379.31,32,83,3.64,1400.0,1400.0,,,,0.292
floor5,zoomout75,map,315,18881,314.998,0.75,1920,1080,1,294.06,384.82,36,103,3.629,1400.0,1400.0,,,,0.304
floor5,zoomout75,map,316,18941,315.999,0.75,1920,1080,1,293.68,391.0,32,99,3.396,1400.0,1400.0,,,,0.347
floor5,zoomout75,map,317,19001,317.0,0.75,1920,1080,1,294.01,397.67,36,93,3.714,1400.0,1400.0,,,,0.342
floor5,zoomout75,map,318,19061,318.001,0.75,1920,1080,1,294.55,404.16,43,112,4.045,1400.0,1400.0,,,,0.325
floor5,zoomout75,map,319,19121,319.002,0.75,1920,1080,1,293.81,410.18,37,99,3.588,1400.0,1400.0,,,,0.336
floor5,zoomout75,map,320,19181,320.003,0.75,1920,1080,1,294.42,415.49,33,96,3.653,1400.0,1400.0,,,,0.351
floor5,zoomout75,map,321,19241,321.004,0.75,1920,1080,1,292.39,409.47,36,90,3.295,1400.0,1400.0,,,,0.332
floor5,zoomout75,map,322,19301,322.005,0.75,1920,1080,1,293.7,415.7,36,92,3.287,1400.0,1400.0,,,,0.31
floor5,zoomout75,map,323,19361,323.006,0.75,1920,1080,1,293.78,421.01,30,83,3.467,1400.0,1400.0,,,,0.305
floor5,zoomout75,map,324,19421,324.007,0.75,1920,1080,1,294.75,426.07,31,52,4.275,1400.0,1400.0,,,,0.273
floor5,zoomout75,map,325,19481,325.008,0.75,1920,1080,1,295.77,431.76,29,60,3.343,1400.0,1400.0,,,,0.271
floor5,zoomout75,map,326,19540,325.992,0.75,1920,1080,1,294.45,436.24,28,52,2.067,1400.0,1400.0,,,,0.266
floor5,zoomout75,map,327,19600,326.993,0.75,1920,1080,1,294.12,440.77,33,62,3.648,1400.0,1400.0,,,,0.261
floor5,zoomout75,map,328,19660,327.994,0.75,1920,1080,1,293.69,445.6,37,59,3.54,1400.0,1400.0,,,,0.277
floor5,zoomout75,map,329,19720,328.995,0.75,1920,1080,1,296.83,450.25,38,60,3.28,1400.0,1400.0,,,,0.294
floor5,zoomout75,map,330,19780,329.996,0.75,1920,1080,1,295.42,454.77,35,64,4.939,1400.0,1400.0,,,,0.298
floor5,zoomout75,map,331,19840,330.997,0.75,1920,1080,1,296.4,459.47,19,44,4.653,1400.0,1400.0,,,,0.317
floor5,zoomout75,selfcal,0,0,0.0,0.75,1920,1080,1,280.68,457.47,102,105,1.386,1400.0,1400.0,estimating,1400.0,0,0.245
floor5,zoomout75,selfcal,1,60,1.001,0.75,1920,1080,1,281.17,458.0,130,132,1.463,1400.0,1400.0,estimating,656.8,1,0.238
floor5,zoomout75,selfcal,2,120,2.002,0.75,1920,1080,1,292.74,462.94,68,129,4.523,656.8,656.8,estimating,656.8,2,0.278
floor5,zoomout75,selfcal,3,180,3.003,0.75,1920,1080,1,293.1,466.27,25,52,4.368,656.8,656.8,estimating,656.8,3,0.319
floor5,zoomout75,selfcal,4,240,4.004,0.75,1920,1080,1,293.73,467.49,20,45,4.271,656.8,656.8,estimating,656.8,4,0.35
floor5,zoomout75,selfcal,5,300,5.005,0.75,1920,1080,1,295.22,465.62,87,116,4.186,656.8,656.8,estimating,932.5,5,0.241
floor5,zoomout75,selfcal,6,360,6.006,0.75,1920,1080,1,293.94,463.69,162,168,4.058,932.5,932.5,estimating,929.1,6,0.237
floor5,zoomout75,selfcal,7,420,7.007,0.75,1920,1080,1,295.51,462.99,55,91,3.567,929.1,929.1,estimating,929.1,7,0.272
floor5,zoomout75,selfcal,8,480,8.008,0.75,1920,1080,1,295.36,458.16,43,89,4.204,929.1,929.1,estimating,932.9,8,0.291
floor5,zoomout75,selfcal,9,539,8.992,0.75,1920,1080,1,295.35,455.91,40,70,4.25,932.9,932.9,estimating,941.2,9,0.279
floor5,zoomout75,selfcal,10,599,9.993,0.75,1920,1080,1,294.87,451.85,45,84,4.412,941.2,941.2,estimating,953.1,10,0.278
floor5,zoomout75,selfcal,11,659,10.994,0.75,1920,1080,1,295.38,449.7,39,85,4.703,953.1,953.1,estimating,968.7,11,0.298
floor5,zoomout75,selfcal,12,719,11.995,0.75,1920,1080,1,295.27,443.71,24,34,4.195,968.7,968.7,estimating,985.8,12,0.286
floor5,zoomout75,selfcal,13,779,12.996,0.75,1920,1080,1,294.69,441.59,36,59,4.444,985.8,985.8,estimating,1000.8,13,0.285
floor5,zoomout75,selfcal,14,839,13.997,0.75,1920,1080,1,294.74,437.35,41,57,3.674,1000.8,1000.8,estimating,1012.7,14,0.283
floor5,zoomout75,selfcal,15,899,14.998,0.75,1920,1080,1,294.79,433.49,49,65,3.945,1012.7,1012.7,estimating,1022.3,15,0.28
floor5,zoomout75,selfcal,16,959,15.999,0.75,1920,1080,1,295.39,429.57,53,66,3.863,1022.3,1022.3,estimating,1030.0,16,0.279
floor5,zoomout75,selfcal,17,1019,17.0,0.75,1920,1080,1,295.98,425.42,55,63,3.62,1030.0,1030.0,estimating,1034.5,17,0.281
floor5,zoomout75,selfcal,18,1079,18.001,0.75,1920,1080,1,296.18,420.78,56,69,2.921,1034.5,1034.5,estimating,1036.9,18,0.269
floor5,zoomout75,selfcal,19,1139,19.002,0.75,1920,1080,1,296.44,416.22,49,54,1.988,1036.9,1036.9,estimating,1040.1,19,0.266
floor5,zoomout75,selfcal,20,1199,20.003,0.75,1920,1080,1,296.32,411.21,71,78,2.557,1040.1,1040.1,estimating,1040.1,20,0.264
floor5,zoomout75,selfcal,21,1259,21.004,0.75,1920,1080,1,296.01,405.9,74,79,3.526,1040.1,1040.1,estimating,1040.1,21,0.267
floor5,zoomout75,selfcal,22,1319,22.005,0.75,1920,1080,1,295.81,401.01,79,84,3.078,1040.1,1040.1,estimating,1040.1,22,0.267
floor5,zoomout75,selfcal,23,1379,23.006,0.75,1920,1080,1,295.84,396.31,76,81,2.997,1040.1,1040.1,estimating,1040.1,23,0.267
floor5,zoomout75,selfcal,24,1439,24.007,0.75,1920,1080,1,295.82,391.5,83,86,3.454,1040.1,1040.1,estimating,1040.1,24,0.266
floor5,zoomout75,selfcal,25,1499,25.008,0.75,1920,1080,1,295.34,386.6,114,120,1.74,1040.1,1040.1,estimating,1041.6,25,0.261
floor5,zoomout75,selfcal,26,1558,25.993,0.75,1920,1080,1,295.17,381.83,137,145,2.106,1041.6,1041.6,estimating,1043.7,26,0.259
floor5,zoomout75,selfcal,27,1618,26.994,0.75,1920,1080,1,295.33,377.06,143,148,2.07,1043.7,1043.7,estimating,1045.5,27,0.264
floor5,zoomout75,selfcal,28,1678,27.995,0.75,1920,1080,1,295.34,372.06,147,157,2.914,1045.5,1045.5,estimating,1047.2,28,0.267
floor5,zoomout75,selfcal,29,1738,28.996,0.75,1920,1080,1,294.9,367.22,137,156,2.935,1047.2,1047.2,estimating,1048.8,29,0.279
floor5,zoomout75,selfcal,30,1798,29.997,0.75,1920,1080,1,294.54,362.15,100,120,3.076,1048.8,1048.8,estimating,1050.2,30,0.273
floor5,zoomout75,selfcal,31,1858,30.998,0.75,1920,1080,1,294.38,356.77,74,90,2.381,1050.2,1050.2,estimating,1052.1,31,0.271
floor5,zoomout75,selfcal,32,1918,31.999,0.75,1920,1080,1,294.38,351.89,86,96,2.678,1052.1,1052.1,estimating,1053.4,32,0.259
floor5,zoomout75,selfcal,33,1978,33.0,0.75,1920,1080,1,294.27,346.8,74,82,2.626,1053.4,1053.4,estimating,1054.7,33,0.257
floor5,zoomout75,selfcal,34,2038,34.001,0.75,1920,1080,1,293.79,342.11,64,78,2.195,1054.7,1054.7,estimating,1054.7,34,0.254
floor5,zoomout75,selfcal,35,2098,35.002,0.75,1920,1080,1,293.1,336.92,76,89,2.423,1054.7,1054.7,estimating,1054.7,35,0.26
floor5,zoomout75,selfcal,36,2158,36.003,0.75,1920,1080,1,292.88,331.75,94,101,2.954,1054.7,1054.7,estimating,1054.7,36,0.245
floor5,zoomout75,selfcal,37,2218,37.004,0.75,1920,1080,1,292.51,326.48,84,98,2.46,1054.7,1054.7,estimating,1054.7,37,0.266
floor5,zoomout75,selfcal,38,2278,38.005,0.75,1920,1080,1,292.27,321.44,83,87,2.665,1054.7,1054.7,estimating,1054.7,38,0.27
floor5,zoomout75,selfcal,39,2338,39.006,0.75,1920,1080,1,292.09,316.35,77,87,2.872,1054.7,1054.7,estimating,1054.7,39,0.284
floor5,zoomout75,selfcal,40,2398,40.007,0.75,1920,1080,1,292.05,310.96,85,95,3.2,1054.7,1054.7,estimating,1054.7,40,0.325
floor5,zoomout75,selfcal,41,2458,41.008,0.75,1920,1080,1,292.13,305.64,83,99,3.253,1054.7,1054.7,estimating,1054.7,41,0.305
floor5,zoomout75,selfcal,42,2517,41.992,0.75,1920,1080,1,292.01,300.59,93,98,3.567,1054.7,1054.7,estimating,1054.7,42,0.33
floor5,zoomout75,selfcal,43,2577,42.993,0.75,1920,1080,1,291.98,295.83,104,107,3.359,1054.7,1054.7,estimating,1053.5,43,0.304
floor5,zoomout75,selfcal,44,2637,43.994,0.75,1920,1080,1,292.22,290.46,102,112,2.917,1053.5,1053.5,estimating,1052.1,44,0.309
floor5,zoomout75,selfcal,45,2697,44.995,0.75,1920,1080,1,292.4,285.25,109,118,2.722,1052.1,1052.1,estimating,1051.1,45,0.329
floor5,zoomout75,selfcal,46,2757,45.996,0.75,1920,1080,1,292.35,280.39,97,112,2.594,1051.1,1051.1,estimating,1051.1,46,0.333
floor5,zoomout75,selfcal,47,2817,46.997,0.75,1920,1080,1,292.12,275.43,81,86,2.333,1051.1,1051.1,estimating,1051.1,47,0.341
floor5,zoomout75,selfcal,48,2877,47.998,0.75,1920,1080,1,291.81,270.47,103,113,2.115,1051.1,1051.1,estimating,1051.1,48,0.352
floor5,zoomout75,selfcal,49,2937,48.999,0.75,1920,1080,1,291.55,265.42,113,122,2.022,1051.1,1051.1,estimating,1051.1,49,0.333
floor5,zoomout75,selfcal,50,2997,50.0,0.75,1920,1080,1,291.53,260.56,118,133,2.392,1051.1,1051.1,estimating,1050.0,50,0.297
floor5,zoomout75,selfcal,51,3057,51.001,0.75,1920,1080,1,291.24,255.52,125,136,2.453,1050.0,1050.0,estimating,1050.0,51,0.33
floor5,zoomout75,selfcal,52,3117,52.002,0.75,1920,1080,1,290.72,250.91,111,123,2.387,1050.0,1050.0,estimating,1050.0,52,0.301
floor5,zoomout75,selfcal,53,3177,53.003,0.75,1920,1080,1,290.21,245.83,114,126,2.997,1050.0,1050.0,estimating,1051.3,53,0.318
floor5,zoomout75,selfcal,54,3237,54.004,0.75,1920,1080,1,289.31,241.06,98,111,2.736,1051.3,1051.3,estimating,1052.4,54,0.303
floor5,zoomout75,selfcal,55,3297,55.005,0.75,1920,1080,1,287.53,236.54,106,117,2.836,1052.4,1052.4,estimating,1052.4,55,0.301
floor5,zoomout75,selfcal,56,3357,56.006,0.75,1920,1080,1,284.6,233.37,107,116,2.483,1052.4,1052.4,estimating,1052.4,56,0.295
floor5,zoomout75,selfcal,57,3417,57.007,0.75,1920,1080,1,281.3,230.79,111,120,3.033,1052.4,1052.4,estimating,1052.4,57,0.277
floor5,zoomout75,selfcal,58,3477,58.008,0.75,1920,1080,1,276.67,229.22,121,130,2.879,1052.4,1052.4,estimating,1052.4,58,0.278
floor5,zoomout75,selfcal,59,3536,58.992,0.75,1920,1080,1,271.9,228.2,97,109,2.55,1052.4,1052.4,estimating,1052.4,59,0.283
floor5,zoomout75,selfcal,60,3596,59.993,0.75,1920,1080,1,266.94,227.52,90,101,2.857,1052.4,1052.4,estimating,1050.4,60,0.333
floor5,zoomout75,selfcal,61,3656,60.994,0.75,1920,1080,1,262.03,227.07,89,99,2.58,1050.4,1050.4,estimating,1048.8,61,0.304
floor5,zoomout75,selfcal,62,3716,61.995,0.75,1920,1080,1,257.41,226.45,73,82,2.148,1048.8,1048.8,estimating,1047.5,62,0.332
floor5,zoomout75,selfcal,63,3776,62.996,0.75,1920,1080,1,252.87,225.77,86,89,1.847,1047.5,1047.5,estimating,1046.5,63,0.311
floor5,zoomout75,selfcal,64,3836,63.997,0.75,1920,1080,1,248.82,225.1,113,117,2.045,1046.5,1046.5,estimating,1046.5,64,0.28
floor5,zoomout75,selfcal,65,3896,64.998,0.75,1920,1080,1,244.45,224.44,127,134,2.059,1046.5,1046.5,estimating,1046.5,65,0.289
floor5,zoomout75,selfcal,66,3956,65.999,0.75,1920,1080,1,239.81,223.83,126,133,1.879,1046.5,1046.5,estimating,1046.5,66,0.281
floor5,zoomout75,selfcal,67,4016,67.0,0.75,1920,1080,1,235.18,223.36,117,128,1.862,1046.5,1046.5,estimating,1046.5,67,0.301
floor5,zoomout75,selfcal,68,4076,68.001,0.75,1920,1080,1,230.65,222.61,107,117,2.151,1046.5,1046.5,estimating,1046.5,68,0.312
floor5,zoomout75,selfcal,69,4136,69.002,0.75,1920,1080,1,225.88,221.71,96,101,2.693,1046.5,1046.5,estimating,1046.5,69,0.312
floor5,zoomout75,selfcal,70,4196,70.003,0.75,1920,1080,1,221.42,220.96,102,112,2.181,1046.5,1046.5,estimating,1047.8,70,0.318
floor5,zoomout75,selfcal,71,4256,71.004,0.75,1920,1080,1,217.28,220.89,99,102,1.976,1047.8,1047.8,estimating,1048.8,71,0.288
floor5,zoomout75,selfcal,72,4316,72.005,0.75,1920,1080,1,213.64,221.17,77,81,2.756,1048.8,1048.8,estimating,1048.8,72,0.289
floor5,zoomout75,selfcal,73,4376,73.006,0.75,1920,1080,1,210.28,221.2,53,60,2.994,1048.8,1048.8,estimating,1048.8,73,0.285
floor5,zoomout75,selfcal,74,4436,74.007,0.75,1920,1080,1,207.07,220.55,22,37,3.464,1048.8,1048.8,estimating,1048.8,74,0.236
floor5,zoomout75,selfcal,75,4496,75.008,0.75,1920,1080,1,205.07,218.85,10,15,2.067,1048.8,1048.8,estimating,1048.8,75,0.244
floor5,zoomout75,selfcal,76,4555,75.993,0.75,1920,1080,1,208.44,198.4,19,29,4.476,1048.8,1048.8,estimating,1048.8,75,0.268
floor5,zoomout75,selfcal,77,4615,76.994,0.75,1920,1080,1,207.73,195.1,71,94,2.674,1048.8,1048.8,estimating,1048.8,76,0.236
floor5,zoomout75,selfcal,78,4675,77.995,0.75,1920,1080,1,207.81,191.56,65,89,2.377,1048.8,1048.8,estimating,1048.8,77,0.262
floor5,zoomout75,selfcal,79,4735,78.996,0.75,1920,1080,1,207.71,187.76,89,105,3.147,1048.8,1048.8,estimating,1048.8,78,0.241
floor5,zoomout75,selfcal,80,4795,79.997,0.75,1920,1080,1,206.76,184.08,61,80,2.592,1048.8,1048.8,estimating,1048.8,79,0.255
floor5,zoomout75,selfcal,81,4855,80.998,0.75,1920,1080,1,205.92,180.19,87,102,2.321,1048.8,1048.8,estimating,1047.7,80,0.242
floor5,zoomout75,selfcal,82,4915,81.999,0.75,1920,1080,1,205.02,176.19,97,105,2.579,1047.7,1047.7,estimating,1047.7,81,0.24
floor5,zoomout75,selfcal,83,4975,83.0,0.75,1920,1080,1,204.05,172.25,112,119,2.497,1047.7,1047.7,estimating,1047.7,82,0.235
floor5,zoomout75,selfcal,84,5035,84.001,0.75,1920,1080,1,203.22,168.16,97,101,2.722,1047.7,1047.7,estimating,1047.7,83,0.23
floor5,zoomout75,selfcal,85,5095,85.002,0.75,1920,1080,1,202.89,163.82,108,109,2.525,1047.7,1047.7,estimating,1047.7,84,0.238
floor5,zoomout75,selfcal,86,5155,86.003,0.75,1920,1080,1,202.81,159.68,104,111,2.149,1047.7,1047.7,estimating,1047.7,85,0.243
floor5,zoomout75,selfcal,87,5215,87.004,0.75,1920,1080,1,202.88,155.5,122,123,2.38,1047.7,1047.7,estimating,1049.0,86,0.248
floor5,zoomout75,selfcal,88,5275,88.005,0.75,1920,1080,1,203.0,151.4,123,127,1.863,1049.0,1049.0,estimating,1050.7,87,0.249
floor5,zoomout75,selfcal,89,5335,89.006,0.75,1920,1080,1,203.18,147.2,124,127,2.346,1050.7,1050.7,estimating,1052.5,88,0.244
floor5,zoomout75,selfcal,90,5395,90.007,0.75,1920,1080,1,203.11,142.72,123,126,2.394,1052.5,1052.5,estimating,1054.0,89,0.243
floor5,zoomout75,selfcal,91,5455,91.008,0.75,1920,1080,1,203.02,138.21,107,111,2.445,1054.0,1054.0,estimating,1054.0,90,0.237
floor5,zoomout75,selfcal,92,5514,91.992,0.75,1920,1080,1,202.89,133.97,112,120,2.322,1054.0,1054.0,estimating,1055.1,91,0.232
floor5,zoomout75,selfcal,93,5574,92.993,0.75,1920,1080,1,202.68,129.69,116,124,2.217,1055.1,1055.1,estimating,1055.1,92,0.234
floor5,zoomout75,selfcal,94,5634,93.994,0.75,1920,1080,1,202.81,125.23,124,131,2.135,1055.1,1055.1,estimating,1055.1,93,0.231
floor5,zoomout75,selfcal,95,5694,94.995,0.75,1920,1080,1,203.0,120.84,124,128,2.066,1055.1,1055.1,estimating,1055.1,94,0.231
floor5,zoomout75,selfcal,96,5754,95.996,0.75,1920,1080,1,203.13,116.35,134,140,2.197,1055.1,1055.1,estimating,1055.1,95,0.252
floor5,zoomout75,selfcal,97,5814,96.997,0.75,1920,1080,1,203.62,112.14,137,140,2.184,1055.1,1055.1,estimating,1055.1,96,0.26
floor5,zoomout75,selfcal,98,5874,97.998,0.75,1920,1080,1,203.47,107.99,131,137,2.729,1055.1,1055.1,estimating,1055.1,97,0.275
floor5,zoomout75,selfcal,99,5934,98.999,0.75,1920,1080,1,203.2,103.57,130,133,2.333,1055.1,1055.1,estimating,1055.1,98,0.273
floor5,zoomout75,selfcal,100,5994,100.0,0.75,1920,1080,1,203.11,99.22,106,110,2.181,1055.1,1055.1,estimating,1055.1,99,0.251
floor5,zoomout75,selfcal,101,6054,101.001,0.75,1920,1080,1,203.44,94.95,103,109,1.99,1055.1,1055.1,estimating,1055.1,100,0.231
floor5,zoomout75,selfcal,102,6114,102.002,0.75,1920,1080,1,203.42,90.74,100,110,2.216,1055.1,1055.1,estimating,1055.1,101,0.255
floor5,zoomout75,selfcal,103,6174,103.003,0.75,1920,1080,1,203.03,86.55,110,116,2.424,1055.1,1055.1,estimating,1055.1,102,0.255
floor5,zoomout75,selfcal,104,6234,104.004,0.75,1920,1080,1,202.83,82.4,113,118,2.216,1055.1,1055.1,estimating,1055.1,103,0.253
floor5,zoomout75,selfcal,105,6294,105.005,0.75,1920,1080,1,202.41,78.27,91,95,2.262,1055.1,1055.1,estimating,1055.1,104,0.275
floor5,zoomout75,selfcal,106,6354,106.006,0.75,1920,1080,1,203.9,77.24,103,109,2.27,1055.1,1055.1,estimating,1055.1,105,0.286
floor5,zoomout75,selfcal,107,6414,107.007,0.75,1920,1080,1,203.66,73.22,87,91,2.827,1055.1,1055.1,estimating,1055.1,106,0.284
floor5,zoomout75,selfcal,108,6474,108.008,0.75,1920,1080,1,203.23,69.39,86,93,2.95,1055.1,1055.1,estimating,1054.0,107,0.278
floor5,zoomout75,selfcal,109,6533,108.992,0.75,1920,1080,1,202.86,65.54,102,107,2.431,1054.0,1054.0,estimating,1052.6,108,0.259
floor5,zoomout75,selfcal,110,6593,109.993,0.75,1920,1080,1,202.57,61.52,105,109,2.475,1052.6,1052.6,estimating,1052.6,109,0.251
floor5,zoomout75,selfcal,111,6653,110.994,0.75,1920,1080,1,202.47,57.4,77,83,3.136,1052.6,1052.6,estimating,1052.6,110,0.258
floor5,zoomout75,selfcal,112,6713,111.995,0.75,1920,1080,1,202.0,54.36,82,95,2.5,1052.6,1052.6,estimating,1052.6,111,0.256
floor5,zoomout75,selfcal,113,6773,112.996,0.75,1920,1080,1,201.79,51.51,74,88,2.578,1052.6,1052.6,estimating,1052.6,112,0.267
floor5,zoomout75,selfcal,114,6833,113.997,0.75,1920,1080,1,201.98,49.18,57,81,2.983,1052.6,1052.6,estimating,1052.6,113,0.277
floor5,zoomout75,selfcal,115,6893,114.998,0.75,1920,1080,1,203.02,46.75,24,33,2.653,1052.6,1052.6,estimating,1052.6,114,0.279
floor5,zoomout75,selfcal,116,6953,115.999,0.75,1920,1080,1,205.28,49.64,16,26,2.785,1052.6,1052.6,estimating,1052.6,115,0.307
floor5,zoomout75,selfcal,117,7013,117.0,0.75,1920,1080,1,207.12,44.93,31,39,2.908,1052.6,1052.6,estimating,1052.6,116,0.296
floor5,zoomout75,selfcal,118,7073,118.001,0.75,1920,1080,1,209.39,46.88,59,83,2.889,1052.6,1052.6,estimating,1052.6,117,0.298
floor5,zoomout75,selfcal,119,7133,119.002,0.75,1920,1080,1,210.59,50.82,75,96,2.37,1052.6,1052.6,estimating,1052.6,118,0.28
floor5,zoomout75,selfcal,120,7193,120.003,0.75,1920,1080,1,210.8,55.08,100,115,2.179,1052.6,1052.6,estimating,1052.6,119,0.266
floor5,zoomout75,selfcal,121,7253,121.004,0.75,1920,1080,1,210.54,59.24,113,122,2.406,1052.6,1052.6,estimating,1052.6,120,0.267
floor5,zoomout75,selfcal,122,7313,122.005,0.75,1920,1080,1,210.18,63.32,113,124,3.623,1052.6,1052.6,estimating,1052.6,121,0.264
floor5,zoomout75,selfcal,123,7373,123.006,0.75,1920,1080,1,210.18,67.49,109,117,2.314,1052.6,1052.6,estimating,1051.4,122,0.258
floor5,zoomout75,selfcal,124,7433,124.007,0.75,1920,1080,1,209.95,71.9,118,126,2.252,1051.4,1051.4,estimating,1051.4,123,0.256
floor5,zoomout75,selfcal,125,7493,125.008,0.75,1920,1080,1,209.85,76.32,117,130,2.614,1051.4,1051.4,estimating,1051.4,124,0.279
floor5,zoomout75,selfcal,126,7552,125.993,0.75,1920,1080,1,209.78,80.55,121,137,2.584,1051.4,1051.4,estimating,1051.4,125,0.283
floor5,zoomout75,selfcal,127,7612,126.994,0.75,1920,1080,1,209.62,84.99,119,134,3.173,1051.4,1051.4,estimating,1051.4,126,0.266
floor5,zoomout75,selfcal,128,7672,127.995,0.75,1920,1080,1,209.69,89.4,108,114,1.988,1051.4,1051.4,estimating,1051.4,127,0.248
floor5,zoomout75,selfcal,129,7732,128.996,0.75,1920,1080,1,209.72,93.86,116,119,2.094,1051.4,1051.4,estimating,1051.4,128,0.238
floor5,zoomout75,selfcal,130,7792,129.997,0.75,1920,1080,1,209.3,97.22,95,107,2.72,1051.4,1051.4,estimating,1051.4,129,0.235
floor5,zoomout75,selfcal,131,7852,130.998,0.75,1920,1080,1,209.19,102.96,96,106,2.483,1051.4,1051.4,estimating,1051.4,130,0.223
floor5,zoomout75,selfcal,132,7912,131.999,0.75,1920,1080,1,209.0,109.08,108,117,2.366,1051.4,1051.4,estimating,1051.4,131,0.238
floor5,zoomout75,selfcal,133,7972,133.0,0.75,1920,1080,1,208.67,114.92,126,138,2.393,1051.4,1051.4,estimating,1051.4,132,0.241
floor5,zoomout75,selfcal,134,8032,134.001,0.75,1920,1080,1,208.61,120.51,122,133,2.324,1051.4,1051.4,estimating,1051.4,133,0.242
floor5,zoomout75,selfcal,135,8092,135.002,0.75,1920,1080,1,208.92,126.13,139,156,2.307,1051.4,1051.4,estimating,1051.4,134,0.245
floor5,zoomout75,selfcal,136,8152,136.003,0.75,1920,1080,1,209.14,131.59,130,140,2.19,1051.4,1051.4,estimating,1051.4,135,0.257
floor5,zoomout75,selfcal,137,8212,137.004,0.75,1920,1080,1,209.21,137.33,85,98,2.785,1051.4,1051.4,estimating,1051.4,136,0.263
floor5,zoomout75,selfcal,138,8272,138.005,0.75,1920,1080,1,208.97,142.83,82,88,3.273,1051.4,1051.4,estimating,1051.4,137,0.27
floor5,zoomout75,selfcal,139,8332,139.006,0.75,1920,1080,1,209.04,148.17,80,87,1.988,1051.4,1051.4,estimating,1051.4,138,0.253
floor5,zoomout75,selfcal,140,8392,140.007,0.75,1920,1080,1,209.11,153.33,83,90,2.229,1051.4,1051.4,estimating,1051.4,139,0.241
floor5,zoomout75,selfcal,141,8452,141.008,0.75,1920,1080,1,209.06,158.76,90,100,2.677,1051.4,1051.4,estimating,1051.4,140,0.241
floor5,zoomout75,selfcal,142,8511,141.992,0.75,1920,1080,1,209.03,164.23,99,109,2.703,1051.4,1051.4,estimating,1051.4,141,0.244
floor5,zoomout75,selfcal,143,8571,142.993,0.75,1920,1080,1,209.07,169.68,75,82,2.335,1051.4,1051.4,estimating,1051.4,142,0.254
floor5,zoomout75,selfcal,144,8631,143.994,0.75,1920,1080,1,208.97,174.98,67,82,2.114,1051.4,1051.4,estimating,1051.4,143,0.256
floor5,zoomout75,selfcal,145,8691,144.995,0.75,1920,1080,1,209.03,180.38,87,96,2.302,1051.4,1051.4,estimating,1051.4,144,0.264
floor5,zoomout75,selfcal,146,8751,145.996,0.75,1920,1080,1,209.26,185.76,102,109,2.982,1051.4,1051.4,estimating,1051.4,145,0.265
floor5,zoomout75,selfcal,147,8811,146.997,0.75,1920,1080,1,209.22,191.22,76,91,2.504,1051.4,1051.4,estimating,1051.4,146,0.258
floor5,zoomout75,selfcal,148,8871,147.998,0.75,1920,1080,1,209.06,196.36,65,68,2.843,1051.4,1051.4,estimating,1051.4,147,0.264
floor5,zoomout75,selfcal,149,8931,148.999,0.75,1920,1080,1,209.28,201.46,66,74,2.139,1051.4,1051.4,estimating,1051.4,148,0.277
floor5,zoomout75,selfcal,150,8991,150.0,0.75,1920,1080,1,209.24,206.96,70,77,2.279,1051.4,1051.4,estimating,1051.4,149,0.275
floor5,zoomout75,selfcal,151,9051,151.001,0.75,1920,1080,1,209.12,212.31,57,64,2.201,1051.4,1051.4,estimating,1051.4,150,0.276
floor5,zoomout75,selfcal,152,9111,152.002,0.75,1920,1080,1,209.48,217.41,51,58,2.202,1051.4,1051.4,estimating,1051.4,151,0.282
floor5,zoomout75,selfcal,153,9171,153.003,0.75,1920,1080,1,209.36,222.85,42,49,3.159,1051.4,1051.4,estimating,1051.4,152,0.292
floor5,zoomout75,selfcal,154,9231,154.004,0.75,1920,1080,1,209.47,227.88,36,40,3.318,1051.4,1051.4,estimating,1051.4,153,0.294
floor5,zoomout75,selfcal,155,9291,155.005,0.75,1920,1080,1,209.76,233.05,21,28,4.165,1051.4,1051.4,estimating,1051.4,154,0.288
floor5,zoomout75,selfcal,156,9351,156.006,0.75,1920,1080,1,204.54,225.46,81,90,2.276,1051.4,1051.4,estimating,1051.4,155,0.337
floor5,zoomout75,selfcal,157,9411,157.007,0.75,1920,1080,1,204.84,231.07,98,105,2.175,1051.4,1051.4,estimating,1051.4,156,0.324
floor5,zoomout75,selfcal,158,9471,158.008,0.75,1920,1080,1,204.72,236.51,97,104,2.004,1051.4,1051.4,estimating,1049.8,157,0.317
floor5,zoomout75,selfcal,159,9530,158.992,0.75,1920,1080,1,204.89,241.82,114,127,2.271,1049.8,1049.8,estimating,1048.5,158,0.315
floor5,zoomout75,selfcal,160,9590,159.993,0.75,1920,1080,1,205.01,247.7,109,128,2.197,1048.5,1048.5,estimating,1047.4,159,0.348
floor5,zoomout75,selfcal,161,9650,160.994,0.75,1920,1080,1,205.23,253.55,110,112,2.238,1047.4,1047.4,estimating,1046.2,160,0.327
floor5,zoomout75,selfcal,162,9710,161.995,0.75,1920,1080,1,205.49,259.07,106,115,2.431,1046.2,1046.2,estimating,1046.2,161,0.319
floor5,zoomout75,selfcal,163,9770,162.996,0.75,1920,1080,1,205.76,264.6,92,107,2.312,1046.2,1046.2,estimating,1045.0,162,0.334
floor5,zoomout75,selfcal,164,9830,163.997,0.75,1920,1080,1,206.18,269.7,94,125,2.258,1045.0,1045.0,estimating,1045.0,163,0.332
floor5,zoomout75,selfcal,165,9890,164.998,0.75,1920,1080,1,206.43,274.8,105,110,2.384,1045.0,1045.0,estimating,1045.0,164,0.326
floor5,zoomout75,selfcal,166,9950,165.999,0.75,1920,1080,1,206.69,280.33,112,120,2.18,1045.0,1045.0,estimating,1045.0,165,0.313
floor5,zoomout75,selfcal,167,10010,167.0,0.75,1920,1080,1,206.81,286.08,116,123,2.417,1045.0,1045.0,estimating,1045.0,166,0.327
floor5,zoomout75,selfcal,168,10070,168.001,0.75,1920,1080,1,206.76,291.43,86,118,2.365,1045.0,1045.0,estimating,1045.0,167,0.304
floor5,zoomout75,selfcal,169,10130,169.002,0.75,1920,1080,1,206.92,296.83,107,120,2.597,1045.0,1045.0,estimating,1045.0,168,0.332
floor5,zoomout75,selfcal,170,10190,170.003,0.75,1920,1080,1,207.02,302.29,87,99,2.563,1045.0,1045.0,estimating,1046.1,169,0.341
floor5,zoomout75,selfcal,171,10250,171.004,0.75,1920,1080,1,207.15,307.79,93,107,2.506,1046.1,1046.1,estimating,1047.7,170,0.302
floor5,zoomout75,selfcal,172,10310,172.005,0.75,1920,1080,1,207.51,312.82,69,85,2.614,1047.7,1047.7,estimating,1048.9,171,0.318
floor5,zoomout75,selfcal,173,10370,173.006,0.75,1920,1080,1,207.61,318.03,101,108,2.994,1048.9,1048.9,estimating,1048.9,172,0.328
floor5,zoomout75,selfcal,174,10430,174.007,0.75,1920,1080,1,207.64,323.7,83,93,2.907,1048.9,1048.9,estimating,1048.9,173,0.357
floor5,zoomout75,selfcal,175,10490,175.008,0.75,1920,1080,1,207.79,329.19,97,103,2.128,1048.9,1048.9,estimating,1048.9,174,0.33
floor5,zoomout75,selfcal,176,10549,175.992,0.75,1920,1080,1,208.01,334.66,81,91,2.598,1048.9,1048.9,estimating,1048.9,175,0.331
floor5,zoomout75,selfcal,177,10609,176.993,0.75,1920,1080,1,208.2,340.06,91,98,2.283,1048.9,1048.9,estimating,1048.9,176,0.319
floor5,zoomout75,selfcal,178,10669,177.994,0.75,1920,1080,1,208.02,345.45,104,108,2.106,1048.9,1048.9,estimating,1048.9,177,0.321
floor5,zoomout75,selfcal,179,10729,178.995,0.75,1920,1080,1,208.25,350.78,94,103,2.694,1048.9,1048.9,estimating,1048.9,178,0.288
floor5,zoomout75,selfcal,180,10789,179.996,0.75,1920,1080,1,208.57,355.93,102,104,2.388,1048.9,1048.9,estimating,1048.9,179,0.3
floor5,zoomout75,selfcal,181,10849,180.997,0.75,1920,1080,1,208.78,361.26,98,102,2.455,1048.9,1048.9,estimating,1048.9,180,0.309
floor5,zoomout75,selfcal,182,10909,181.998,0.75,1920,1080,1,208.94,366.49,81,87,2.805,1048.9,1048.9,estimating,1048.9,181,0.282
floor5,zoomout75,selfcal,183,10969,182.999,0.75,1920,1080,1,210.08,353.21,178,196,2.07,1048.9,1048.9,estimating,1048.9,182,0.289
floor5,zoomout75,selfcal,184,11029,184.0,0.75,1920,1080,1,210.24,357.73,156,181,3.651,1048.9,1048.9,estimating,1048.9,183,0.245
floor5,zoomout75,selfcal,185,11089,185.001,0.75,1920,1080,1,210.16,362.02,123,148,3.41,1048.9,1048.9,estimating,1048.9,184,0.265
floor5,zoomout75,selfcal,186,11149,186.002,0.75,1920,1080,1,210.2,366.08,125,131,2.245,1048.9,1048.9,estimating,1048.9,185,0.264
floor5,zoomout75,selfcal,187,11209,187.003,0.75,1920,1080,1,210.37,370.15,125,129,2.828,1048.9,1048.9,estimating,1048.9,186,0.253
floor5,zoomout75,selfcal,188,11269,188.004,0.75,1920,1080,1,210.66,374.52,101,107,2.307,1048.9,1048.9,estimating,1048.9,187,0.261
floor5,zoomout75,selfcal,189,11329,189.005,0.75,1920,1080,1,210.83,378.67,108,115,2.197,1048.9,1048.9,estimating,1048.9,188,0.266
floor5,zoomout75,selfcal,190,11389,190.006,0.75,1920,1080,1,210.91,382.54,97,104,2.326,1048.9,1048.9,estimating,1048.9,189,0.28
floor5,zoomout75,selfcal,191,11449,191.007,0.75,1920,1080,1,210.53,386.3,112,128,2.349,1048.9,1048.9,estimating,1048.9,190,0.251
floor5,zoomout75,selfcal,192,11508,191.992,0.75,1920,1080,1,210.16,390.2,108,113,2.876,1048.9,1048.9,estimating,1048.9,191,0.268
floor5,zoomout75,selfcal,193,11568,192.993,0.75,1920,1080,1,210.0,394.32,99,104,2.504,1048.9,1048.9,estimating,1048.9,192,0.263
floor5,zoomout75,selfcal,194,11628,193.994,0.75,1920,1080,1,210.11,398.56,103,108,2.584,1048.9,1048.9,estimating,1048.9,193,0.251
floor5,zoomout75,selfcal,195,11688,194.995,0.75,1920,1080,1,210.51,402.65,118,128,2.468,1048.9,1048.9,estimating,1048.9,194,0.232
floor5,zoomout75,selfcal,196,11748,195.996,0.75,1920,1080,1,210.74,406.9,135,148,2.037,1048.9,1048.9,estimating,1048.9,195,0.237
floor5,zoomout75,selfcal,197,11808,196.997,0.75,1920,1080,1,210.7,410.96,142,148,1.896,1048.9,1048.9,estimating,1048.9,196,0.245
floor5,zoomout75,selfcal,198,11868,197.998,0.75,1920,1080,1,210.83,415.01,123,126,1.758,1048.9,1048.9,estimating,1048.9,197,0.242
floor5,zoomout75,selfcal,199,11928,198.999,0.75,1920,1080,1,211.24,419.1,134,137,2.264,1048.9,1048.9,estimating,1048.9,198,0.244
floor5,zoomout75,selfcal,200,11988,200.0,0.75,1920,1080,1,211.69,422.98,111,120,2.557,1048.9,1048.9,estimating,1048.9,199,0.239
floor5,zoomout75,selfcal,201,12048,201.001,0.75,1920,1080,1,211.88,426.72,102,103,2.295,1048.9,1048.9,estimating,1048.9,200,0.24
floor5,zoomout75,selfcal,202,12108,202.002,0.75,1920,1080,1,212.13,430.26,113,126,2.227,1048.9,1048.9,estimating,1048.9,201,0.254
floor5,zoomout75,selfcal,203,12168,203.003,0.75,1920,1080,1,212.34,433.47,122,130,2.357,1048.9,1048.9,estimating,1048.9,202,0.253
floor5,zoomout75,selfcal,204,12228,204.004,0.75,1920,1080,1,212.36,435.87,109,116,2.902,1048.9,1048.9,estimating,1050.0,203,0.255
floor5,zoomout75,selfcal,205,12288,205.005,0.75,1920,1080,1,212.4,437.26,87,98,4.033,1050.0,1050.0,estimating,1050.0,204,0.251
floor5,zoomout75,selfcal,206,12348,206.006,0.75,1920,1080,1,212.08,438.35,54,70,3.734,1050.0,1050.0,estimating,1050.0,205,0.25
floor5,zoomout75,selfcal,207,12408,207.007,0.75,1920,1080,1,211.02,451.29,44,80,4.235,1050.0,1050.0,estimating,1051.8,206,0.234
floor5,zoomout75,selfcal,208,12468,208.008,0.75,1920,1080,1,293.37,465.28,45,68,4.842,1051.8,1051.8,estimating,1054.3,207,0.282
floor5,zoomout75,selfcal,209,12527,208.992,0.75,1920,1080,1,294.93,464.78,39,73,3.247,1054.3,1054.3,estimating,1056.3,207,0.32
floor5,zoomout75,selfcal,210,12587,209.993,0.75,1920,1080,1,296.67,459.73,10,25,2.141,1056.3,1056.3,estimating,1057.9,208,0.242
floor5,zoomout75,selfcal,211,12647,210.994,0.75,1920,1080,1,206.7,438.09,36,62,3.538,1057.9,1057.9,estimating,1059.2,208,0.276
floor5,zoomout75,selfcal,212,12707,211.995,0.75,1920,1080,1,206.25,437.52,51,71,3.207,1059.2,1059.2,estimating,1067.6,209,0.271
floor5,zoomout75,selfcal,213,12767,212.996,0.75,1920,1080,1,205.52,436.93,70,78,3.377,1067.6,1067.6,estimating,1074.3,210,0.257
floor5,zoomout75,selfcal,214,12827,213.997,0.75,1920,1080,1,205.69,435.49,85,98,3.11,1074.3,1074.3,estimating,1081.1,211,0.271
floor5,zoomout75,selfcal,215,12887,214.998,0.75,1920,1080,1,206.01,433.55,83,99,4.424,1081.1,1081.1,estimating,1086.5,212,0.275
floor5,zoomout75,selfcal,216,12947,215.999,0.75,1920,1080,1,206.75,430.43,80,100,7.518,1086.5,1086.5,estimating,1090.9,213,0.281
floor5,zoomout75,selfcal,217,13007,217.0,0.75,1920,1080,1,206.62,426.39,65,86,3.31,1090.9,1090.9,estimating,1087.0,214,0.274
floor5,zoomout75,selfcal,218,13067,218.001,0.75,1920,1080,1,207.11,422.0,62,77,3.068,1087.0,1087.0,estimating,1081.8,215,0.283
floor5,zoomout75,selfcal,219,13127,219.002,0.75,1920,1080,1,207.51,417.46,57,63,2.712,1081.8,1081.8,estimating,1077.5,216,0.277
floor5,zoomout75,selfcal,220,13187,220.003,0.75,1920,1080,1,207.47,413.11,66,76,2.704,1077.5,1077.5,estimating,1074.1,217,0.271
floor5,zoomout75,selfcal,221,13247,221.004,0.75,1920,1080,1,207.34,408.52,63,74,2.614,1074.1,1074.1,estimating,1071.4,218,0.272
floor5,zoomout75,selfcal,222,13307,222.005,0.75,1920,1080,1,206.94,404.6,58,68,2.95,1071.4,1071.4,estimating,1069.2,219,0.272
floor5,zoomout75,selfcal,223,13367,223.006,0.75,1920,1080,1,207.0,400.07,67,74,2.603,1069.2,1069.2,estimating,1067.5,220,0.264
floor5,zoomout75,selfcal,224,13427,224.007,0.75,1920,1080,1,206.84,396.15,60,72,1.918,1067.5,1067.5,estimating,1066.2,221,0.264
floor5,zoomout75,selfcal,225,13487,225.008,0.75,1920,1080,1,206.6,392.2,64,79,3.555,1066.2,1066.2,estimating,1065.1,222,0.273
floor5,zoomout75,selfcal,226,13546,225.992,0.75,1920,1080,1,206.68,388.01,60,65,3.449,1065.1,1065.1,estimating,1063.7,223,0.268
floor5,zoomout75,selfcal,227,13606,226.993,0.75,1920,1080,1,205.8,384.21,39,56,3.733,1063.7,1063.7,estimating,1063.7,224,0.27
floor5,zoomout75,selfcal,228,13666,227.994,0.75,1920,1080,1,205.48,380.19,33,43,2.792,1063.7,1063.7,estimating,1062.5,225,0.268
floor5,zoomout75,selfcal,229,13726,228.995,0.75,1920,1080,1,205.11,375.67,58,62,2.546,1062.5,1062.5,estimating,1062.5,226,0.268
floor5,zoomout75,selfcal,230,13786,229.996,0.75,1920,1080,1,205.18,371.18,63,73,3.072,1062.5,1062.5,estimating,1062.5,227,0.276
floor5,zoomout75,selfcal,231,13846,230.997,0.75,1920,1080,1,205.38,366.76,55,67,3.189,1062.5,1062.5,estimating,1060.9,228,0.284
floor5,zoomout75,selfcal,232,13906,231.998,0.75,1920,1080,1,205.68,362.13,65,73,3.213,1060.9,1060.9,estimating,1059.4,229,0.263
floor5,zoomout75,selfcal,233,13966,232.999,0.75,1920,1080,1,206.18,357.54,75,89,2.895,1059.4,1059.4,estimating,1058.3,230,0.257
floor5,zoomout75,selfcal,234,14026,234.0,0.75,1920,1080,1,206.48,352.68,70,86,2.344,1058.3,1058.3,estimating,1056.9,231,0.252
floor5,zoomout75,selfcal,235,14086,235.001,0.75,1920,1080,1,206.63,347.82,82,97,2.681,1056.9,1056.9,estimating,1055.7,232,0.261
floor5,zoomout75,selfcal,236,14146,236.002,0.75,1920,1080,1,206.66,343.7,74,89,2.571,1055.7,1055.7,estimating,1054.3,233,0.27
floor5,zoomout75,selfcal,237,14206,237.003,0.75,1920,1080,1,206.54,339.07,72,83,2.994,1054.3,1054.3,estimating,1052.8,234,0.276
floor5,zoomout75,selfcal,238,14266,238.004,0.75,1920,1080,1,206.19,334.45,75,94,3.246,1052.8,1052.8,estimating,1051.4,235,0.27
floor5,zoomout75,selfcal,239,14326,239.005,0.75,1920,1080,1,206.43,330.45,63,77,2.855,1051.4,1051.4,estimating,1051.4,236,0.272
floor5,zoomout75,selfcal,240,14386,240.006,0.75,1920,1080,1,205.88,326.4,73,97,2.87,1051.4,1051.4,estimating,1050.0,237,0.272
floor5,zoomout75,selfcal,241,14446,241.007,0.75,1920,1080,1,206.07,321.69,60,80,2.761,1050.0,1050.0,estimating,1048.6,238,0.272
floor5,zoomout75,selfcal,242,14505,241.992,0.75,1920,1080,1,205.8,317.38,53,63,2.947,1048.6,1048.6,estimating,1047.5,239,0.262
floor5,zoomout75,selfcal,243,14565,242.993,0.75,1920,1080,1,205.26,313.2,56,77,2.983,1047.5,1047.5,estimating,1046.5,240,0.271
floor5,zoomout75,selfcal,244,14625,243.994,0.75,1920,1080,1,205.3,308.72,56,69,2.766,1046.5,1046.5,estimating,1046.5,241,0.266
floor5,zoomout75,selfcal,245,14685,244.995,0.75,1920,1080,1,205.24,303.86,51,59,3.723,1046.5,1046.5,estimating,1046.5,242,0.266
floor5,zoomout75,selfcal,246,14745,245.996,0.75,1920,1080,1,204.98,298.49,60,86,2.791,1046.5,1046.5,estimating,1046.5,243,0.277
floor5,zoomout75,selfcal,247,14805,246.997,0.75,1920,1080,1,204.84,294.22,57,74,2.834,1046.5,1046.5,estimating,1046.5,244,0.279
floor5,zoomout75,selfcal,248,14865,247.998,0.75,1920,1080,1,204.32,289.39,81,99,3.081,1046.5,1046.5,estimating,1046.5,245,0.279
floor5,zoomout75,selfcal,249,14925,248.999,0.75,1920,1080,1,204.51,284.89,98,107,3.662,1046.5,1046.5,estimating,1047.9,246,0.288
floor5,zoomout75,selfcal,250,14985,250.0,0.75,1920,1080,1,204.92,280.06,94,115,2.998,1047.9,1047.9,estimating,1049.4,247,0.283
floor5,zoomout75,selfcal,251,15045,251.001,0.75,1920,1080,1,205.31,275.67,87,96,2.787,1049.4,1049.4,estimating,1051.4,248,0.276
floor5,zoomout75,selfcal,252,15105,252.002,0.75,1920,1080,1,205.66,271.19,73,89,2.881,1051.4,1051.4,estimating,1052.5,249,0.273
floor5,zoomout75,selfcal,253,15165,253.003,0.75,1920,1080,1,204.94,266.05,60,69,3.381,1052.5,1052.5,estimating,1052.5,250,0.275
floor5,zoomout75,selfcal,254,15225,254.004,0.75,1920,1080,1,204.44,261.87,65,82,2.628,1052.5,1052.5,estimating,1052.5,251,0.276
floor5,zoomout75,selfcal,255,15285,255.005,0.75,1920,1080,1,203.54,257.34,79,91,3.829,1052.5,1052.5,estimating,1052.5,252,0.274
floor5,zoomout75,selfcal,256,15345,256.006,0.75,1920,1080,1,203.13,253.03,88,102,3.824,1052.5,1052.5,estimating,1052.5,253,0.275
floor5,zoomout75,selfcal,257,15405,257.007,0.75,1920,1080,1,202.81,248.51,83,85,3.505,1052.5,1052.5,estimating,1052.5,254,0.276
floor5,zoomout75,selfcal,258,15465,258.008,0.75,1920,1080,1,202.91,244.08,100,111,3.052,1052.5,1052.5,estimating,1052.5,255,0.271
floor5,zoomout75,selfcal,259,15524,258.992,0.75,1920,1080,1,202.76,239.54,105,113,2.591,1052.5,1052.5,estimating,1052.5,256,0.261
floor5,zoomout75,selfcal,260,15584,259.993,0.75,1920,1080,1,203.34,234.89,129,137,2.681,1052.5,1052.5,estimating,1054.7,257,0.256
floor5,zoomout75,selfcal,261,15644,260.994,0.75,1920,1080,1,204.33,230.32,140,155,3.493,1054.7,1054.7,estimating,1056.5,258,0.269
floor5,zoomout75,selfcal,262,15704,261.995,0.75,1920,1080,1,205.54,225.95,80,109,2.799,1056.5,1056.5,estimating,1056.5,259,0.266
floor5,zoomout75,selfcal,263,15764,262.996,0.75,1920,1080,1,206.22,221.83,65,84,3.627,1056.5,1056.5,estimating,1056.5,260,0.254
floor5,zoomout75,selfcal,264,15824,263.997,0.75,1920,1080,1,207.34,217.33,56,74,3.51,1056.5,1056.5,estimating,1056.5,261,0.258
floor5,zoomout75,selfcal,265,15884,264.998,0.75,1920,1080,1,208.66,212.7,34,50,3.612,1056.5,1056.5,estimating,1056.5,262,0.254
floor5,zoomout75,selfcal,266,15944,265.999,0.75,1920,1080,1,212.48,239.33,32,41,3.427,1056.5,1056.5,estimating,1058.1,263,0.285
floor5,zoomout75,selfcal,267,16004,267.0,0.75,1920,1080,1,214.53,236.04,44,60,3.727,1058.1,1058.1,estimating,1058.1,264,0.272
floor5,zoomout75,selfcal,268,16064,268.001,0.75,1920,1080,1,217.52,233.73,54,63,2.536,1058.1,1058.1,estimating,1056.6,265,0.25
floor5,zoomout75,selfcal,269,16124,269.002,0.75,1920,1080,1,222.22,233.32,53,61,3.152,1056.6,1056.6,estimating,1055.0,266,0.254
floor5,zoomout75,selfcal,270,16184,270.003,0.75,1920,1080,1,226.76,233.29,42,53,2.326,1055.0,1055.0,estimating,1053.5,267,0.266
floor5,zoomout75,selfcal,271,16244,271.004,0.75,1920,1080,1,231.58,234.0,73,82,2.436,1053.5,1053.5,estimating,1052.3,268,0.27
floor5,zoomout75,selfcal,272,16304,272.005,0.75,1920,1080,1,236.67,235.18,102,105,2.343,1052.3,1052.3,estimating,1052.3,269,0.272
floor5,zoomout75,selfcal,273,16364,273.006,0.75,1920,1080,1,241.43,235.94,109,123,2.024,1052.3,1052.3,estimating,1052.3,270,0.263
floor5,zoomout75,selfcal,274,16424,274.007,0.75,1920,1080,1,246.16,236.53,102,108,2.344,1052.3,1052.3,estimating,1052.3,271,0.26
floor5,zoomout75,selfcal,275,16484,275.008,0.75,1920,1080,1,250.55,237.38,126,130,2.624,1052.3,1052.3,estimating,1052.3,272,0.262
floor5,zoomout75,selfcal,276,16543,275.992,0.75,1920,1080,1,255.09,238.48,125,129,2.544,1052.3,1052.3,estimating,1052.3,273,0.259
floor5,zoomout75,selfcal,277,16603,276.993,0.75,1920,1080,1,259.76,239.43,131,133,2.319,1052.3,1052.3,estimating,1050.9,274,0.249
floor5,zoomout75,selfcal,278,16663,277.994,0.75,1920,1080,1,264.6,239.63,120,132,2.604,1050.9,1050.9,estimating,1049.7,275,0.236
floor5,zoomout75,selfcal,279,16723,278.995,0.75,1920,1080,1,269.92,239.55,94,103,2.977,1049.7,1049.7,estimating,1049.7,276,0.233
floor5,zoomout75,selfcal,280,16783,279.996,0.75,1920,1080,1,275.28,240.01,74,85,2.862,1049.7,1049.7,estimating,1049.7,277,0.228
floor5,zoomout75,selfcal,281,16843,280.997,0.75,1920,1080,1,279.81,241.28,62,65,3.286,1049.7,1049.7,estimating,1049.7,278,0.232
floor5,zoomout75,selfcal,282,16903,281.998,0.75,1920,1080,1,283.89,242.7,63,69,2.053,1049.7,1049.7,estimating,1049.7,279,0.235
floor5,zoomout75,selfcal,283,16963,282.999,0.75,1920,1080,1,287.6,244.79,79,89,3.16,1049.7,1049.7,estimating,1049.7,280,0.254
floor5,zoomout75,selfcal,284,17023,284.0,0.75,1920,1080,1,290.2,248.0,94,94,2.634,1049.7,1049.7,estimating,1049.7,281,0.245
floor5,zoomout75,selfcal,285,17083,285.001,0.75,1920,1080,1,291.29,251.89,95,98,3.634,1049.7,1049.7,estimating,1049.7,282,0.251
floor5,zoomout75,selfcal,286,17143,286.002,0.75,1920,1080,1,291.6,256.67,81,83,2.428,1049.7,1049.7,estimating,1051.5,283,0.248
floor5,zoomout75,selfcal,287,17203,287.003,0.75,1920,1080,1,291.92,261.18,81,84,2.417,1051.5,1051.5,estimating,1052.9,284,0.257
floor5,zoomout75,selfcal,288,17263,288.004,0.75,1920,1080,1,292.47,265.81,77,89,2.13,1052.9,1052.9,estimating,1054.1,285,0.251
floor5,zoomout75,selfcal,289,17323,289.005,0.75,1920,1080,1,292.78,270.43,67,72,2.761,1054.1,1054.1,estimating,1054.1,286,0.253
floor5,zoomout75,selfcal,290,17383,290.006,0.75,1920,1080,1,292.78,275.16,58,65,2.949,1054.1,1054.1,estimating,1053.0,287,0.249
floor5,zoomout75,selfcal,291,17443,291.007,0.75,1920,1080,1,292.86,279.86,83,97,2.814,1053.0,1053.0,estimating,1053.0,288,0.252
floor5,zoomout75,selfcal,292,17502,291.992,0.75,1920,1080,1,292.76,284.5,84,91,3.126,1053.0,1053.0,estimating,1051.3,289,0.27
floor5,zoomout75,selfcal,293,17562,292.993,0.75,1920,1080,1,292.28,289.7,93,105,2.988,1051.3,1051.3,estimating,1049.9,290,0.259
floor5,zoomout75,selfcal,294,17622,293.994,0.75,1920,1080,1,292.16,294.79,100,114,3.029,1049.9,1049.9,estimating,1048.4,291,0.268
floor5,zoomout75,selfcal,295,17682,294.995,0.75,1920,1080,1,292.2,299.83,92,106,3.237,1048.4,1048.4,estimating,1046.7,292,0.262
floor5,zoomout75,selfcal,296,17742,295.996,0.75,1920,1080,1,292.25,305.02,82,95,2.208,1046.7,1046.7,estimating,1045.2,293,0.255
floor5,zoomout75,selfcal,297,17802,296.997,0.75,1920,1080,1,292.66,309.81,86,100,2.616,1045.2,1045.2,estimating,1043.7,294,0.254
floor5,zoomout75,selfcal,298,17862,297.998,0.75,1920,1080,1,292.86,315.12,92,102,2.427,1043.7,1043.7,estimating,1042.5,295,0.259
floor5,zoomout75,selfcal,299,17922,298.999,0.75,1920,1080,1,292.65,319.99,86,92,2.423,1042.5,1042.5,estimating,1042.5,296,0.252
floor5,zoomout75,selfcal,300,17982,300.0,0.75,1920,1080,1,292.57,324.64,106,112,1.726,1042.5,1042.5,estimating,1041.1,297,0.254
floor5,zoomout75,selfcal,301,18042,301.001,0.75,1920,1080,1,292.39,329.48,124,140,2.327,1041.1,1041.1,estimating,1039.9,298,0.265
floor5,zoomout75,selfcal,302,18102,302.002,0.75,1920,1080,1,292.51,334.39,126,140,2.349,1039.9,1039.9,estimating,1039.9,299,0.26
floor5,zoomout75,selfcal,303,18162,303.003,0.75,1920,1080,1,292.59,339.33,120,126,2.259,1039.9,1039.9,estimating,1039.9,300,0.264
floor5,zoomout75,selfcal,304,18222,304.004,0.75,1920,1080,1,292.68,344.26,122,128,2.664,1039.9,1039.9,estimating,1039.9,301,0.269
floor5,zoomout75,selfcal,305,18282,305.005,0.75,1920,1080,1,292.67,349.33,114,123,3.539,1039.9,1039.9,estimating,1041.5,302,0.268
floor5,zoomout75,selfcal,306,18342,306.006,0.75,1920,1080,1,292.7,354.2,95,99,2.45,1041.5,1041.5,estimating,1044.1,303,0.264
floor5,zoomout75,selfcal,307,18402,307.007,0.75,1920,1080,1,293.05,358.81,76,83,2.652,1044.1,1044.1,estimating,1044.1,304,0.264
floor5,zoomout75,selfcal,308,18462,308.008,0.75,1920,1080,1,293.5,363.73,76,87,2.998,1044.1,1044.1,estimating,1046.1,305,0.264
floor5,zoomout75,selfcal,309,18521,308.992,0.75,1920,1080,1,293.73,368.58,83,88,2.458,1046.1,1046.1,estimating,1046.1,306,0.261
floor5,zoomout75,selfcal,310,18581,309.993,0.75,1920,1080,1,293.91,373.52,85,89,2.517,1046.1,1046.1,estimating,1048.2,307,0.258
floor5,zoomout75,selfcal,311,18641,310.994,0.75,1920,1080,1,294.02,378.31,90,98,2.344,1048.2,1048.2,estimating,1049.9,308,0.258
floor5,zoomout75,selfcal,312,18701,311.995,0.75,1920,1080,1,294.24,383.81,69,82,3.054,1049.9,1049.9,estimating,1050.9,309,0.263
floor5,zoomout75,selfcal,313,18761,312.996,0.75,1920,1080,1,294.5,388.57,45,58,2.989,1050.9,1050.9,estimating,1050.9,310,0.261
floor5,zoomout75,selfcal,314,18821,313.997,0.75,1920,1080,1,294.71,393.63,81,97,2.423,1050.9,1050.9,estimating,1050.9,311,0.261
floor5,zoomout75,selfcal,315,18881,314.998,0.75,1920,1080,1,294.95,398.32,77,103,2.687,1050.9,1050.9,estimating,1050.9,312,0.266
floor5,zoomout75,selfcal,316,18941,315.999,0.75,1920,1080,1,295.27,403.03,89,116,2.832,1050.9,1050.9,estimating,1050.9,313,0.282
floor5,zoomout75,selfcal,317,19001,317.0,0.75,1920,1080,1,295.36,407.94,100,116,2.652,1050.9,1050.9,estimating,1052.2,314,0.278
floor5,zoomout75,selfcal,318,19061,318.001,0.75,1920,1080,1,295.27,412.86,100,115,2.715,1052.2,1052.2,estimating,1052.2,315,0.274
floor5,zoomout75,selfcal,319,19121,319.002,0.75,1920,1080,1,295.28,417.41,94,107,2.704,1052.2,1052.2,estimating,1052.2,316,0.269
floor5,zoomout75,selfcal,320,19181,320.003,0.75,1920,1080,1,295.27,421.44,91,103,2.553,1052.2,1052.2,estimating,1053.8,317,0.267
floor5,zoomout75,selfcal,321,19241,321.004,0.75,1920,1080,1,295.66,425.49,81,91,2.571,1053.8,1053.8,estimating,1053.8,318,0.256
floor5,zoomout75,selfcal,322,19301,322.005,0.75,1920,1080,1,296.32,429.51,78,92,2.567,1053.8,1053.8,estimating,1055.4,319,0.254
floor5,zoomout75,selfcal,323,19361,323.006,0.75,1920,1080,1,296.95,433.82,57,83,2.884,1055.4,1055.4,estimating,1056.6,320,0.263
floor5,zoomout75,selfcal,324,19421,324.007,0.75,1920,1080,1,297.33,437.98,59,68,3.86,1056.6,1056.6,estimating,1057.6,321,0.254
floor5,zoomout75,selfcal,325,19481,325.008,0.75,1920,1080,1,297.61,441.86,48,57,2.922,1057.6,1057.6,estimating,1057.6,322,0.263
floor5,zoomout75,selfcal,326,19540,325.992,0.75,1920,1080,1,297.7,445.81,52,62,3.027,1057.6,1057.6,estimating,1057.6,323,0.254
floor5,zoomout75,selfcal,327,19600,326.993,0.75,1920,1080,1,297.53,449.68,51,62,3.775,1057.6,1057.6,estimating,1058.8,324,0.272
floor5,zoomout75,selfcal,328,19660,327.994,0.75,1920,1080,1,297.05,453.4,73,93,3.389,1058.8,1058.8,estimating,1058.8,325,0.276
floor5,zoomout75,selfcal,329,19720,328.995,0.75,1920,1080,1,296.24,456.73,42,60,3.12,1058.8,1058.8,estimating,1058.8,326,0.303
floor5,zoomout75,selfcal,330,19780,329.996,0.75,1920,1080,1,296.15,460.36,31,46,3.345,1058.8,1058.8,estimating,1058.8,327,0.309
floor5,zoomout75,selfcal,331,19840,330.997,0.75,1920,1080,1,296.03,463.81,20,34,3.715,1058.8,1058.8,estimating,1058.8,328,0.307
floor5,zoomout75,oracle,0,0,0.0,0.75,1920,1080,1,286.04,458.81,96,97,1.427,1050.0,1050.0,,,,0.244
floor5,zoomout75,oracle,1,60,1.001,0.75,1920,1080,1,286.44,459.29,130,132,1.429,1050.0,1050.0,,,,0.235
floor5,zoomout75,oracle,2,120,2.002,0.75,1920,1080,1,288.6,459.41,131,139,2.395,1050.0,1050.0,,,,0.263
floor5,zoomout75,oracle,3,180,3.003,0.75,1920,1080,1,289.29,460.71,30,36,2.672,1050.0,1050.0,,,,0.302
floor5,zoomout75,oracle,4,240,4.004,0.75,1920,1080,1,290.47,462.54,40,51,3.977,1050.0,1050.0,,,,0.303
floor5,zoomout75,oracle,5,300,5.005,0.75,1920,1080,1,291.67,463.87,98,114,2.212,1050.0,1050.0,,,,0.235
floor5,zoomout75,oracle,6,360,6.006,0.75,1920,1080,1,293.07,464.4,169,173,2.145,1050.0,1050.0,,,,0.233
floor5,zoomout75,oracle,7,420,7.007,0.75,1920,1080,1,294.97,463.64,80,107,2.846,1050.0,1050.0,,,,0.26
floor5,zoomout75,oracle,8,480,8.008,0.75,1920,1080,1,295.36,461.02,75,85,2.628,1050.0,1050.0,,,,0.273
floor5,zoomout75,oracle,9,539,8.992,0.75,1920,1080,1,295.58,458.33,75,83,2.232,1050.0,1050.0,,,,0.267
floor5,zoomout75,oracle,10,599,9.993,0.75,1920,1080,1,295.42,455.18,72,80,2.735,1050.0,1050.0,,,,0.269
floor5,zoomout75,oracle,11,659,10.994,0.75,1920,1080,1,295.26,451.21,72,76,2.279,1050.0,1050.0,,,,0.286
floor5,zoomout75,oracle,12,719,11.995,0.75,1920,1080,1,295.01,447.21,48,56,2.57,1050.0,1050.0,,,,0.281
floor5,zoomout75,oracle,13,779,12.996,0.75,1920,1080,1,294.65,443.01,50,59,2.395,1050.0,1050.0,,,,0.279
floor5,zoomout75,oracle,14,839,13.997,0.75,1920,1080,1,294.55,438.72,50,63,2.122,1050.0,1050.0,,,,0.279
floor5,zoomout75,oracle,15,899,14.998,0.75,1920,1080,1,294.66,434.48,56,65,2.273,1050.0,1050.0,,,,0.279
floor5,zoomout75,oracle,16,959,15.999,0.75,1920,1080,1,295.23,430.23,55,67,2.486,1050.0,1050.0,,,,0.276
floor5,zoomout75,oracle,17,1019,17.0,0.75,1920,1080,1,295.91,425.91,54,63,2.532,1050.0,1050.0,,,,0.28
floor5,zoomout75,oracle,18,1079,18.001,0.75,1920,1080,1,296.35,421.43,62,69,2.206,1050.0,1050.0,,,,0.266
floor5,zoomout75,oracle,19,1139,19.002,0.75,1920,1080,1,296.47,416.72,53,63,2.131,1050.0,1050.0,,,,0.263
floor5,zoomout75,oracle,20,1199,20.003,0.75,1920,1080,1,296.39,411.7,71,77,2.533,1050.0,1050.0,,,,0.259
floor5,zoomout75,oracle,21,1259,21.004,0.75,1920,1080,1,296.01,406.27,70,79,2.909,1050.0,1050.0,,,,0.265
floor5,zoomout75,oracle,22,1319,22.005,0.75,1920,1080,1,295.83,401.31,81,84,3.028,1050.0,1050.0,,,,0.267
floor5,zoomout75,oracle,23,1379,23.006,0.75,1920,1080,1,295.84,396.53,74,74,2.59,1050.0,1050.0,,,,0.268
floor5,zoomout75,oracle,24,1439,24.007,0.75,1920,1080,1,295.8,391.75,83,86,2.913,1050.0,1050.0,,,,0.261
floor5,zoomout75,oracle,25,1499,25.008,0.75,1920,1080,1,295.37,386.88,115,120,1.701,1050.0,1050.0,,,,0.262
floor5,zoomout75,oracle,26,1558,25.993,0.75,1920,1080,1,295.18,382.0,138,145,1.971,1050.0,1050.0,,,,0.258
floor5,zoomout75,oracle,27,1618,26.994,0.75,1920,1080,1,295.36,377.2,146,148,2.127,1050.0,1050.0,,,,0.264
floor5,zoomout75,oracle,28,1678,27.995,0.75,1920,1080,1,295.34,372.15,149,157,2.928,1050.0,1050.0,,,,0.265
floor5,zoomout75,oracle,29,1738,28.996,0.75,1920,1080,1,294.89,367.24,137,156,3.183,1050.0,1050.0,,,,0.279
floor5,zoomout75,oracle,30,1798,29.997,0.75,1920,1080,1,294.55,362.18,101,120,3.104,1050.0,1050.0,,,,0.279
floor5,zoomout75,oracle,31,1858,30.998,0.75,1920,1080,1,294.37,356.79,75,92,2.761,1050.0,1050.0,,,,0.269
floor5,zoomout75,oracle,32,1918,31.999,0.75,1920,1080,1,294.37,351.84,86,96,2.552,1050.0,1050.0,,,,0.259
floor5,zoomout75,oracle,33,1978,33.0,0.75,1920,1080,1,294.29,346.67,74,82,2.845,1050.0,1050.0,,,,0.259
floor5,zoomout75,oracle,34,2038,34.001,0.75,1920,1080,1,293.77,341.88,64,78,2.055,1050.0,1050.0,,,,0.251
floor5,zoomout75,oracle,35,2098,35.002,0.75,1920,1080,1,293.03,336.63,87,108,2.304,1050.0,1050.0,,,,0.241
floor5,zoomout75,oracle,36,2158,36.003,0.75,1920,1080,1,292.87,331.54,94,101,2.956,1050.0,1050.0,,,,0.249
floor5,zoomout75,oracle,37,2218,37.004,0.75,1920,1080,1,292.48,326.28,85,98,2.693,1050.0,1050.0,,,,0.287
floor5,zoomout75,oracle,38,2278,38.005,0.75,1920,1080,1,292.27,321.31,85,87,2.607,1050.0,1050.0,,,,0.267
floor5,zoomout75,oracle,39,2338,39.006,0.75,1920,1080,1,292.07,316.19,77,87,2.768,1050.0,1050.0,,,,0.284
floor5,zoomout75,oracle,40,2398,40.007,0.75,1920,1080,1,292.06,310.78,87,95,2.991,1050.0,1050.0,,,,0.324
floor5,zoomout75,oracle,41,2458,41.008,0.75,1920,1080,1,292.14,305.46,81,99,3.019,1050.0,1050.0,,,,0.3
floor5,zoomout75,oracle,42,2517,41.992,0.75,1920,1080,1,292.02,300.46,93,98,3.414,1050.0,1050.0,,,,0.334
floor5,zoomout75,oracle,43,2577,42.993,0.75,1920,1080,1,291.99,295.66,103,107,3.022,1050.0,1050.0,,,,0.301
floor5,zoomout75,oracle,44,2637,43.994,0.75,1920,1080,1,292.29,290.44,99,112,2.815,1050.0,1050.0,,,,0.312
floor5,zoomout75,oracle,45,2697,44.995,0.75,1920,1080,1,292.41,285.25,111,118,3.076,1050.0,1050.0,,,,0.325
floor5,zoomout75,oracle,46,2757,45.996,0.75,1920,1080,1,292.3,280.39,96,103,2.677,1050.0,1050.0,,,,0.336
floor5,zoomout75,oracle,47,2817,46.997,0.75,1920,1080,1,292.12,275.38,82,86,2.34,1050.0,1050.0,,,,0.343
floor5,zoomout75,oracle,48,2877,47.998,0.75,1920,1080,1,291.79,270.42,103,113,2.131,1050.0,1050.0,,,,0.343
floor5,zoomout75,oracle,49,2937,48.999,0.75,1920,1080,1,291.55,265.4,112,122,2.002,1050.0,1050.0,,,,0.33
floor5,zoomout75,oracle,50,2997,50.0,0.75,1920,1080,1,291.52,260.52,118,133,2.328,1050.0,1050.0,,,,0.297
floor5,zoomout75,oracle,51,3057,51.001,0.75,1920,1080,1,291.24,255.52,125,136,2.454,1050.0,1050.0,,,,0.33
floor5,zoomout75,oracle,52,3117,52.002,0.75,1920,1080,1,290.72,250.91,111,123,2.387,1050.0,1050.0,,,,0.301
floor5,zoomout75,oracle,53,3177,53.003,0.75,1920,1080,1,290.21,245.83,114,126,2.996,1050.0,1050.0,,,,0.32
floor5,zoomout75,oracle,54,3237,54.004,0.75,1920,1080,1,289.28,241.0,98,111,2.812,1050.0,1050.0,,,,0.301
floor5,zoomout75,oracle,55,3297,55.005,0.75,1920,1080,1,287.41,236.5,106,117,2.702,1050.0,1050.0,,,,0.298
floor5,zoomout75,oracle,56,3357,56.006,0.75,1920,1080,1,284.55,233.35,109,116,2.455,1050.0,1050.0,,,,0.292
floor5,zoomout75,oracle,57,3417,57.007,0.75,1920,1080,1,281.22,230.8,112,120,2.74,1050.0,1050.0,,,,0.274
floor5,zoomout75,oracle,58,3477,58.008,0.75,1920,1080,1,276.6,229.24,121,130,2.96,1050.0,1050.0,,,,0.28
floor5,zoomout75,oracle,59,3536,58.992,0.75,1920,1080,1,271.83,228.2,96,109,2.687,1050.0,1050.0,,,,0.286
floor5,zoomout75,oracle,60,3596,59.993,0.75,1920,1080,1,266.87,227.51,90,101,2.013,1050.0,1050.0,,,,0.328
floor5,zoomout75,oracle,61,3656,60.994,0.75,1920,1080,1,262.01,227.07,89,99,2.711,1050.0,1050.0,,,,0.306
floor5,zoomout75,oracle,62,3716,61.995,0.75,1920,1080,1,257.43,226.46,73,82,2.637,1050.0,1050.0,,,,0.331
floor5,zoomout75,oracle,63,3776,62.996,0.75,1920,1080,1,252.98,225.75,86,89,2.101,1050.0,1050.0,,,,0.315
floor5,zoomout75,oracle,64,3836,63.997,0.75,1920,1080,1,248.97,225.08,113,117,2.064,1050.0,1050.0,,,,0.281
floor5,zoomout75,oracle,65,3896,64.998,0.75,1920,1080,1,244.58,224.42,128,134,2.025,1050.0,1050.0,,,,0.288
floor5,zoomout75,oracle,66,3956,65.999,0.75,1920,1080,1,239.93,223.84,126,133,1.806,1050.0,1050.0,,,,0.276
floor5,zoomout75,oracle,67,4016,67.0,0.75,1920,1080,1,235.28,223.36,118,128,2.009,1050.0,1050.0,,,,0.3
floor5,zoomout75,oracle,68,4076,68.001,0.75,1920,1080,1,230.76,222.62,107,117,2.09,1050.0,1050.0,,,,0.304
floor5,zoomout75,oracle,69,4136,69.002,0.75,1920,1080,1,225.97,221.72,96,101,1.953,1050.0,1050.0,,,,0.311
floor5,zoomout75,oracle,70,4196,70.003,0.75,1920,1080,1,221.48,220.96,103,112,2.046,1050.0,1050.0,,,,0.315
floor5,zoomout75,oracle,71,4256,71.004,0.75,1920,1080,1,217.33,220.89,99,102,1.944,1050.0,1050.0,,,,0.291
floor5,zoomout75,oracle,72,4316,72.005,0.75,1920,1080,1,213.66,221.17,77,81,2.664,1050.0,1050.0,,,,0.279
floor5,zoomout75,oracle,73,4376,73.006,0.75,1920,1080,1,210.3,221.21,53,60,2.951,1050.0,1050.0,,,,0.273
floor5,zoomout75,oracle,74,4436,74.007,0.75,1920,1080,1,207.09,220.56,22,37,3.45,1050.0,1050.0,,,,0.238
floor5,zoomout75,oracle,75,4496,75.008,0.75,1920,1080,1,205.09,218.87,10,15,2.089,1050.0,1050.0,,,,0.244
floor5,zoomout75,oracle,76,4555,75.993,0.75,1920,1080,1,208.18,198.41,16,25,3.178,1050.0,1050.0,,,,0.267
floor5,zoomout75,oracle,77,4615,76.994,0.75,1920,1080,1,207.73,195.13,71,94,2.604,1050.0,1050.0,,,,0.238
floor5,zoomout75,oracle,78,4675,77.995,0.75,1920,1080,1,207.81,191.59,65,89,2.343,1050.0,1050.0,,,,0.258
floor5,zoomout75,oracle,79,4735,78.996,0.75,1920,1080,1,207.7,187.8,89,105,3.125,1050.0,1050.0,,,,0.242
floor5,zoomout75,oracle,80,4795,79.997,0.75,1920,1080,1,206.82,184.15,63,74,3.417,1050.0,1050.0,,,,0.251
floor5,zoomout75,oracle,81,4855,80.998,0.75,1920,1080,1,205.94,180.15,84,92,2.913,1050.0,1050.0,,,,0.241
floor5,zoomout75,oracle,82,4915,81.999,0.75,1920,1080,1,204.99,176.27,99,105,2.505,1050.0,1050.0,,,,0.237
floor5,zoomout75,oracle,83,4975,83.0,0.75,1920,1080,1,204.04,172.33,114,119,2.504,1050.0,1050.0,,,,0.238
floor5,zoomout75,oracle,84,5035,84.001,0.75,1920,1080,1,203.2,168.24,95,101,2.744,1050.0,1050.0,,,,0.231
floor5,zoomout75,oracle,85,5095,85.002,0.75,1920,1080,1,202.88,163.89,108,109,2.31,1050.0,1050.0,,,,0.238
floor5,zoomout75,oracle,86,5155,86.003,0.75,1920,1080,1,202.82,159.71,106,109,2.282,1050.0,1050.0,,,,0.239
floor5,zoomout75,oracle,87,5215,87.004,0.75,1920,1080,1,202.87,155.57,122,123,2.271,1050.0,1050.0,,,,0.252
floor5,zoomout75,oracle,88,5275,88.005,0.75,1920,1080,1,203.0,151.43,123,127,1.998,1050.0,1050.0,,,,0.25
floor5,zoomout75,oracle,89,5335,89.006,0.75,1920,1080,1,203.18,147.18,124,127,2.393,1050.0,1050.0,,,,0.249
floor5,zoomout75,oracle,90,5395,90.007,0.75,1920,1080,1,203.1,142.63,124,126,2.378,1050.0,1050.0,,,,0.245
floor5,zoomout75,oracle,91,5455,91.008,0.75,1920,1080,1,203.02,138.03,108,111,2.615,1050.0,1050.0,,,,0.237
floor5,zoomout75,oracle,92,5514,91.992,0.75,1920,1080,1,202.88,133.81,109,120,2.708,1050.0,1050.0,,,,0.236
floor5,zoomout75,oracle,93,5574,92.993,0.75,1920,1080,1,202.73,129.47,117,124,2.147,1050.0,1050.0,,,,0.232
floor5,zoomout75,oracle,94,5634,93.994,0.75,1920,1080,1,202.82,125.03,125,131,2.153,1050.0,1050.0,,,,0.232
floor5,zoomout75,oracle,95,5694,94.995,0.75,1920,1080,1,203.03,120.66,124,128,2.17,1050.0,1050.0,,,,0.228
floor5,zoomout75,oracle,96,5754,95.996,0.75,1920,1080,1,203.17,116.18,134,140,2.272,1050.0,1050.0,,,,0.242
floor5,zoomout75,oracle,97,5814,96.997,0.75,1920,1080,1,203.66,111.95,135,140,2.166,1050.0,1050.0,,,,0.257
floor5,zoomout75,oracle,98,5874,97.998,0.75,1920,1080,1,203.49,107.84,132,137,2.697,1050.0,1050.0,,,,0.27
floor5,zoomout75,oracle,99,5934,98.999,0.75,1920,1080,1,203.23,103.37,130,133,2.71,1050.0,1050.0,,,,0.27
floor5,zoomout75,oracle,100,5994,100.0,0.75,1920,1080,1,203.14,99.09,106,110,2.242,1050.0,1050.0,,,,0.253
floor5,zoomout75,oracle,101,6054,101.001,0.75,1920,1080,1,203.48,94.79,104,109,2.135,1050.0,1050.0,,,,0.233
floor5,zoomout75,oracle,102,6114,102.002,0.75,1920,1080,1,203.44,90.57,102,111,2.061,1050.0,1050.0,,,,0.256
floor5,zoomout75,oracle,103,6174,103.003,0.75,1920,1080,1,203.14,86.35,109,112,2.407,1050.0,1050.0,,,,0.25
floor5,zoomout75,oracle,104,6234,104.004,0.75,1920,1080,1,202.86,82.25,111,118,2.307,1050.0,1050.0,,,,0.255
floor5,zoomout75,oracle,105,6294,105.005,0.75,1920,1080,1,202.47,78.14,93,98,2.291,1050.0,1050.0,,,,0.263
floor5,zoomout75,oracle,106,6354,106.006,0.75,1920,1080,1,203.83,77.13,103,113,2.295,1050.0,1050.0,,,,0.284
floor5,zoomout75,oracle,107,6414,107.007,0.75,1920,1080,1,203.71,73.09,86,91,2.802,1050.0,1050.0,,,,0.282
floor5,zoomout75,oracle,108,6474,108.008,0.75,1920,1080,1,203.27,69.25,84,93,2.631,1050.0,1050.0,,,,0.285
floor5,zoomout75,oracle,109,6533,108.992,0.75,1920,1080,1,202.91,65.43,102,107,2.1,1050.0,1050.0,,,,0.261
floor5,zoomout75,oracle,110,6593,109.993,0.75,1920,1080,1,202.56,61.46,104,109,3.279,1050.0,1050.0,,,,0.255
floor5,zoomout75,oracle,111,6653,110.994,0.75,1920,1080,1,202.48,57.35,77,83,3.204,1050.0,1050.0,,,,0.255
floor5,zoomout75,oracle,112,6713,111.995,0.75,1920,1080,1,202.01,54.3,81,95,2.434,1050.0,1050.0,,,,0.259
floor5,zoomout75,oracle,113,6773,112.996,0.75,1920,1080,1,201.8,51.47,74,88,2.633,1050.0,1050.0,,,,0.265
floor5,zoomout75,oracle,114,6833,113.997,0.75,1920,1080,1,202.01,49.15,57,81,2.863,1050.0,1050.0,,,,0.278
floor5,zoomout75,oracle,115,6893,114.998,0.75,1920,1080,1,203.05,46.75,24,33,2.672,1050.0,1050.0,,,,0.28
floor5,zoomout75,oracle,116,6953,115.999,0.75,1920,1080,1,205.31,49.64,16,26,2.864,1050.0,1050.0,,,,0.305
floor5,zoomout75,oracle,117,7013,117.0,0.75,1920,1080,1,207.15,45.03,31,39,3.098,1050.0,1050.0,,,,0.295
floor5,zoomout75,oracle,118,7073,118.001,0.75,1920,1080,1,209.41,47.01,61,83,3.112,1050.0,1050.0,,,,0.291
floor5,zoomout75,oracle,119,7133,119.002,0.75,1920,1080,1,210.64,50.88,75,91,2.559,1050.0,1050.0,,,,0.276
floor5,zoomout75,oracle,120,7193,120.003,0.75,1920,1080,1,210.81,55.15,104,115,2.195,1050.0,1050.0,,,,0.269
floor5,zoomout75,oracle,121,7253,121.004,0.75,1920,1080,1,210.55,59.35,112,122,1.883,1050.0,1050.0,,,,0.267
floor5,zoomout75,oracle,122,7313,122.005,0.75,1920,1080,1,210.18,63.42,113,124,2.831,1050.0,1050.0,,,,0.259
floor5,zoomout75,oracle,123,7373,123.006,0.75,1920,1080,1,210.17,67.58,109,117,2.352,1050.0,1050.0,,,,0.255
floor5,zoomout75,oracle,124,7433,124.007,0.75,1920,1080,1,209.94,71.94,118,126,2.311,1050.0,1050.0,,,,0.261
floor5,zoomout75,oracle,125,7493,125.008,0.75,1920,1080,1,209.85,76.37,118,130,2.282,1050.0,1050.0,,,,0.279
floor5,zoomout75,oracle,126,7552,125.993,0.75,1920,1080,1,209.79,80.61,121,137,2.309,1050.0,1050.0,,,,0.28
floor5,zoomout75,oracle,127,7612,126.994,0.75,1920,1080,1,209.63,85.04,119,134,3.882,1050.0,1050.0,,,,0.266
floor5,zoomout75,oracle,128,7672,127.995,0.75,1920,1080,1,209.7,89.44,108,114,2.015,1050.0,1050.0,,,,0.252
floor5,zoomout75,oracle,129,7732,128.996,0.75,1920,1080,1,209.71,93.91,116,119,1.99,1050.0,1050.0,,,,0.236
floor5,zoomout75,oracle,130,7792,129.997,0.75,1920,1080,1,209.3,97.28,95,107,2.678,1050.0,1050.0,,,,0.233
floor5,zoomout75,oracle,131,7852,130.998,0.75,1920,1080,1,209.19,103.02,96,106,2.439,1050.0,1050.0,,,,0.224
floor5,zoomout75,oracle,132,7912,131.999,0.75,1920,1080,1,209.0,109.12,109,117,2.426,1050.0,1050.0,,,,0.237
floor5,zoomout75,oracle,133,7972,133.0,0.75,1920,1080,1,208.67,114.96,126,138,2.472,1050.0,1050.0,,,,0.238
floor5,zoomout75,oracle,134,8032,134.001,0.75,1920,1080,1,208.61,120.55,122,133,2.347,1050.0,1050.0,,,,0.244
floor5,zoomout75,oracle,135,8092,135.002,0.75,1920,1080,1,208.92,126.17,139,156,2.349,1050.0,1050.0,,,,0.248
floor5,zoomout75,oracle,136,8152,136.003,0.75,1920,1080,1,209.17,131.66,129,140,2.301,1050.0,1050.0,,,,0.253
floor5,zoomout75,oracle,137,8212,137.004,0.75,1920,1080,1,209.21,137.37,85,98,2.949,1050.0,1050.0,,,,0.258
floor5,zoomout75,oracle,138,8272,138.005,0.75,1920,1080,1,208.96,142.88,81,88,3.432,1050.0,1050.0,,,,0.268
floor5,zoomout75,oracle,139,8332,139.006,0.75,1920,1080,1,209.02,148.12,81,87,2.8,1050.0,1050.0,,,,0.256
floor5,zoomout75,oracle,140,8392,140.007,0.75,1920,1080,1,209.11,153.37,83,90,2.244,1050.0,1050.0,,,,0.242
floor5,zoomout75,oracle,141,8452,141.008,0.75,1920,1080,1,209.07,158.8,89,100,2.745,1050.0,1050.0,,,,0.237
floor5,zoomout75,oracle,142,8511,141.992,0.75,1920,1080,1,209.03,164.26,99,109,2.903,1050.0,1050.0,,,,0.242
floor5,zoomout75,oracle,143,8571,142.993,0.75,1920,1080,1,209.08,169.72,73,82,2.296,1050.0,1050.0,,,,0.247
floor5,zoomout75,oracle,144,8631,143.994,0.75,1920,1080,1,209.04,175.04,65,74,2.286,1050.0,1050.0,,,,0.253
floor5,zoomout75,oracle,145,8691,144.995,0.75,1920,1080,1,209.03,180.43,87,96,2.168,1050.0,1050.0,,,,0.257
floor5,zoomout75,oracle,146,8751,145.996,0.75,1920,1080,1,209.26,185.79,102,109,2.831,1050.0,1050.0,,,,0.266
floor5,zoomout75,oracle,147,8811,146.997,0.75,1920,1080,1,209.19,191.36,74,84,2.727,1050.0,1050.0,,,,0.252
floor5,zoomout75,oracle,148,8871,147.998,0.75,1920,1080,1,209.06,196.41,65,68,2.72,1050.0,1050.0,,,,0.267
floor5,zoomout75,oracle,149,8931,148.999,0.75,1920,1080,1,209.15,201.67,61,66,1.993,1050.0,1050.0,,,,0.266
floor5,zoomout75,oracle,150,8991,150.0,0.75,1920,1080,1,209.23,207.02,70,77,2.323,1050.0,1050.0,,,,0.266
floor5,zoomout75,oracle,151,9051,151.001,0.75,1920,1080,1,209.13,212.35,57,64,2.146,1050.0,1050.0,,,,0.277
floor5,zoomout75,oracle,152,9111,152.002,0.75,1920,1080,1,209.49,217.46,49,58,2.267,1050.0,1050.0,,,,0.282
floor5,zoomout75,oracle,153,9171,153.003,0.75,1920,1080,1,209.37,222.89,42,49,3.155,1050.0,1050.0,,,,0.278
floor5,zoomout75,oracle,154,9231,154.004,0.75,1920,1080,1,209.47,227.92,36,40,3.376,1050.0,1050.0,,,,0.286
floor5,zoomout75,oracle,155,9291,155.005,0.75,1920,1080,1,209.74,233.09,21,28,4.106,1050.0,1050.0,,,,0.286
floor5,zoomout75,oracle,156,9351,156.006,0.75,1920,1080,1,204.53,225.58,81,90,2.328,1050.0,1050.0,,,,0.328
floor5,zoomout75,oracle,157,9411,157.007,0.75,1920,1080,1,204.84,231.18,96,105,2.137,1050.0,1050.0,,,,0.329
floor5,zoomout75,oracle,158,9471,158.008,0.75,1920,1080,1,204.7,236.62,97,104,1.969,1050.0,1050.0,,,,0.317
floor5,zoomout75,oracle,159,9530,158.992,0.75,1920,1080,1,204.89,241.74,112,119,2.631,1050.0,1050.0,,,,0.312
floor5,zoomout75,oracle,160,9590,159.993,0.75,1920,1080,1,205.06,247.57,107,128,2.165,1050.0,1050.0,,,,0.343
floor5,zoomout75,oracle,161,9650,160.994,0.75,1920,1080,1,205.39,253.26,108,115,2.672,1050.0,1050.0,,,,0.329
floor5,zoomout75,oracle,162,9710,161.995,0.75,1920,1080,1,205.82,258.67,103,124,2.63,1050.0,1050.0,,,,0.316
floor5,zoomout75,oracle,163,9770,162.996,0.75,1920,1080,1,205.8,264.3,94,107,2.262,1050.0,1050.0,,,,0.332
floor5,zoomout75,oracle,164,9830,163.997,0.75,1920,1080,1,206.17,269.31,95,125,2.269,1050.0,1050.0,,,,0.328
floor5,zoomout75,oracle,165,9890,164.998,0.75,1920,1080,1,206.67,274.33,103,109,2.359,1050.0,1050.0,,,,0.322
floor5,zoomout75,oracle,166,9950,165.999,0.75,1920,1080,1,206.74,279.98,106,113,2.748,1050.0,1050.0,,,,0.314
floor5,zoomout75,oracle,167,10010,167.0,0.75,1920,1080,1,206.87,285.74,113,123,2.481,1050.0,1050.0,,,,0.324
floor5,zoomout75,oracle,168,10070,168.001,0.75,1920,1080,1,206.8,291.29,92,118,2.597,1050.0,1050.0,,,,0.308
floor5,zoomout75,oracle,169,10130,169.002,0.75,1920,1080,1,206.93,296.6,110,120,2.496,1050.0,1050.0,,,,0.329
floor5,zoomout75,oracle,170,10190,170.003,0.75,1920,1080,1,207.01,301.98,86,99,2.618,1050.0,1050.0,,,,0.337
floor5,zoomout75,oracle,171,10250,171.004,0.75,1920,1080,1,207.15,307.57,96,107,2.688,1050.0,1050.0,,,,0.305
floor5,zoomout75,oracle,172,10310,172.005,0.75,1920,1080,1,207.51,312.69,67,85,2.6,1050.0,1050.0,,,,0.32
floor5,zoomout75,oracle,173,10370,173.006,0.75,1920,1080,1,207.6,317.97,101,108,3.14,1050.0,1050.0,,,,0.337
floor5,zoomout75,oracle,174,10430,174.007,0.75,1920,1080,1,207.63,323.67,81,93,3.1,1050.0,1050.0,,,,0.361
floor5,zoomout75,oracle,175,10490,175.008,0.75,1920,1080,1,207.79,329.16,97,103,2.252,1050.0,1050.0,,,,0.325
floor5,zoomout75,oracle,176,10549,175.992,0.75,1920,1080,1,208.01,334.64,80,85,2.542,1050.0,1050.0,,,,0.336
floor5,zoomout75,oracle,177,10609,176.993,0.75,1920,1080,1,208.2,340.02,91,98,2.341,1050.0,1050.0,,,,0.323
floor5,zoomout75,oracle,178,10669,177.994,0.75,1920,1080,1,208.02,345.42,107,108,2.04,1050.0,1050.0,,,,0.319
floor5,zoomout75,oracle,179,10729,178.995,0.75,1920,1080,1,208.26,350.74,94,103,2.564,1050.0,1050.0,,,,0.284
floor5,zoomout75,oracle,180,10789,179.996,0.75,1920,1080,1,208.57,355.89,102,104,2.424,1050.0,1050.0,,,,0.305
floor5,zoomout75,oracle,181,10849,180.997,0.75,1920,1080,1,208.78,361.23,98,102,2.424,1050.0,1050.0,,,,0.315
floor5,zoomout75,oracle,182,10909,181.998,0.75,1920,1080,1,208.93,366.51,80,86,2.855,1050.0,1050.0,,,,0.287
floor5,zoomout75,oracle,183,10969,182.999,0.75,1920,1080,1,210.09,353.19,179,196,2.109,1050.0,1050.0,,,,0.291
floor5,zoomout75,oracle,184,11029,184.0,0.75,1920,1080,1,210.24,357.69,158,181,3.673,1050.0,1050.0,,,,0.244
floor5,zoomout75,oracle,185,11089,185.001,0.75,1920,1080,1,210.08,362.05,124,148,5.898,1050.0,1050.0,,,,0.269
floor5,zoomout75,oracle,186,11149,186.002,0.75,1920,1080,1,210.19,366.06,125,131,2.275,1050.0,1050.0,,,,0.265
floor5,zoomout75,oracle,187,11209,187.003,0.75,1920,1080,1,210.36,370.12,125,129,2.957,1050.0,1050.0,,,,0.253
floor5,zoomout75,oracle,188,11269,188.004,0.75,1920,1080,1,210.69,374.51,105,117,2.605,1050.0,1050.0,,,,0.259
floor5,zoomout75,oracle,189,11329,189.005,0.75,1920,1080,1,210.82,378.64,108,115,2.126,1050.0,1050.0,,,,0.27
floor5,zoomout75,oracle,190,11389,190.006,0.75,1920,1080,1,210.91,382.51,97,104,2.303,1050.0,1050.0,,,,0.279
floor5,zoomout75,oracle,191,11449,191.007,0.75,1920,1080,1,210.53,386.27,116,128,2.443,1050.0,1050.0,,,,0.274
floor5,zoomout75,oracle,192,11508,191.992,0.75,1920,1080,1,210.16,390.17,108,113,2.766,1050.0,1050.0,,,,0.274
floor5,zoomout75,oracle,193,11568,192.993,0.75,1920,1080,1,210.0,394.29,99,104,2.451,1050.0,1050.0,,,,0.261
floor5,zoomout75,oracle,194,11628,193.994,0.75,1920,1080,1,210.11,398.53,103,108,2.521,1050.0,1050.0,,,,0.253
floor5,zoomout75,oracle,195,11688,194.995,0.75,1920,1080,1,210.51,402.62,118,128,2.475,1050.0,1050.0,,,,0.235
floor5,zoomout75,oracle,196,11748,195.996,0.75,1920,1080,1,210.74,406.88,135,148,2.045,1050.0,1050.0,,,,0.236
floor5,zoomout75,oracle,197,11808,196.997,0.75,1920,1080,1,210.7,410.94,140,148,1.861,1050.0,1050.0,,,,0.244
floor5,zoomout75,oracle,198,11868,197.998,0.75,1920,1080,1,210.83,414.99,123,126,1.701,1050.0,1050.0,,,,0.243
floor5,zoomout75,oracle,199,11928,198.999,0.75,1920,1080,1,211.24,419.08,134,137,2.212,1050.0,1050.0,,,,0.242
floor5,zoomout75,oracle,200,11988,200.0,0.75,1920,1080,1,211.69,422.96,111,120,2.486,1050.0,1050.0,,,,0.239
floor5,zoomout75,oracle,201,12048,201.001,0.75,1920,1080,1,211.89,426.69,102,103,2.299,1050.0,1050.0,,,,0.247
floor5,zoomout75,oracle,202,12108,202.002,0.75,1920,1080,1,212.13,430.24,113,126,2.18,1050.0,1050.0,,,,0.256
floor5,zoomout75,oracle,203,12168,203.003,0.75,1920,1080,1,212.35,433.44,124,130,2.33,1050.0,1050.0,,,,0.251
floor5,zoomout75,oracle,204,12228,204.004,0.75,1920,1080,1,212.32,435.8,113,121,3.334,1050.0,1050.0,,,,0.251
floor5,zoomout75,oracle,205,12288,205.005,0.75,1920,1080,1,212.4,437.26,87,98,4.035,1050.0,1050.0,,,,0.248
floor5,zoomout75,oracle,206,12348,206.006,0.75,1920,1080,1,212.08,438.35,54,70,3.737,1050.0,1050.0,,,,0.247
floor5,zoomout75,oracle,207,12408,207.007,0.75,1920,1080,1,211.02,451.29,44,80,4.236,1050.0,1050.0,,,,0.23
floor5,zoomout75,oracle,208,12468,208.008,0.75,1920,1080,1,293.39,465.28,45,68,4.713,1050.0,1050.0,,,,0.284
floor5,zoomout75,oracle,209,12527,208.992,0.75,1920,1080,1,294.96,464.78,39,73,3.243,1050.0,1050.0,,,,0.328
floor5,zoomout75,oracle,210,12587,209.993,0.75,1920,1080,1,296.71,459.71,10,25,2.259,1050.0,1050.0,,,,0.242
floor5,zoomout75,oracle,211,12647,210.994,0.75,1920,1080,1,206.57,438.01,38,62,4.343,1050.0,1050.0,,,,0.275
floor5,zoomout75,oracle,212,12707,211.995,0.75,1920,1080,1,206.2,437.32,51,71,3.44,1050.0,1050.0,,,,0.266
floor5,zoomout75,oracle,213,12767,212.996,0.75,1920,1080,1,205.37,436.35,61,71,4.665,1050.0,1050.0,,,,0.253
floor5,zoomout75,oracle,214,12827,213.997,0.75,1920,1080,1,205.67,434.97,81,96,2.871,1050.0,1050.0,,,,0.269
floor5,zoomout75,oracle,215,12887,214.998,0.75,1920,1080,1,205.82,432.57,97,105,2.979,1050.0,1050.0,,,,0.269
floor5,zoomout75,oracle,216,12947,215.999,0.75,1920,1080,1,206.29,429.16,99,106,3.396,1050.0,1050.0,,,,0.276
floor5,zoomout75,oracle,217,13007,217.0,0.75,1920,1080,1,206.54,425.24,70,86,2.752,1050.0,1050.0,,,,0.28
floor5,zoomout75,oracle,218,13067,218.001,0.75,1920,1080,1,207.01,421.0,68,78,2.177,1050.0,1050.0,,,,0.282
floor5,zoomout75,oracle,219,13127,219.002,0.75,1920,1080,1,207.51,416.88,56,59,2.623,1050.0,1050.0,,,,0.273
floor5,zoomout75,oracle,220,13187,220.003,0.75,1920,1080,1,207.51,412.46,75,76,2.899,1050.0,1050.0,,,,0.264
floor5,zoomout75,oracle,221,13247,221.004,0.75,1920,1080,1,207.41,407.87,63,74,3.477,1050.0,1050.0,,,,0.265
floor5,zoomout75,oracle,222,13307,222.005,0.75,1920,1080,1,207.18,403.71,59,68,2.616,1050.0,1050.0,,,,0.271
floor5,zoomout75,oracle,223,13367,223.006,0.75,1920,1080,1,207.0,399.41,66,74,3.394,1050.0,1050.0,,,,0.267
floor5,zoomout75,oracle,224,13427,224.007,0.75,1920,1080,1,206.98,395.46,62,72,2.807,1050.0,1050.0,,,,0.273
floor5,zoomout75,oracle,225,13487,225.008,0.75,1920,1080,1,206.9,391.53,63,79,2.758,1050.0,1050.0,,,,0.273
floor5,zoomout75,oracle,226,13546,225.992,0.75,1920,1080,1,206.96,387.38,54,65,2.713,1050.0,1050.0,,,,0.268
floor5,zoomout75,oracle,227,13606,226.993,0.75,1920,1080,1,205.93,383.74,40,56,3.833,1050.0,1050.0,,,,0.268
floor5,zoomout75,oracle,228,13666,227.994,0.75,1920,1080,1,205.54,379.75,33,43,3.379,1050.0,1050.0,,,,0.278
floor5,zoomout75,oracle,229,13726,228.995,0.75,1920,1080,1,205.18,375.32,62,71,2.862,1050.0,1050.0,,,,0.266
floor5,zoomout75,oracle,230,13786,229.996,0.75,1920,1080,1,205.2,370.89,61,70,2.478,1050.0,1050.0,,,,0.277
floor5,zoomout75,oracle,231,13846,230.997,0.75,1920,1080,1,205.37,366.15,58,67,2.627,1050.0,1050.0,,,,0.278
floor5,zoomout75,oracle,232,13906,231.998,0.75,1920,1080,1,205.79,361.59,61,73,2.619,1050.0,1050.0,,,,0.265
floor5,zoomout75,oracle,233,13966,232.999,0.75,1920,1080,1,206.15,356.77,69,89,2.473,1050.0,1050.0,,,,0.253
floor5,zoomout75,oracle,234,14026,234.0,0.75,1920,1080,1,206.34,351.98,72,90,3.207,1050.0,1050.0,,,,0.258
floor5,zoomout75,oracle,235,14086,235.001,0.75,1920,1080,1,206.63,347.51,76,87,2.856,1050.0,1050.0,,,,0.259
floor5,zoomout75,oracle,236,14146,236.002,0.75,1920,1080,1,206.71,343.27,67,76,2.379,1050.0,1050.0,,,,0.272
floor5,zoomout75,oracle,237,14206,237.003,0.75,1920,1080,1,206.6,338.91,70,101,3.164,1050.0,1050.0,,,,0.272
floor5,zoomout75,oracle,238,14266,238.004,0.75,1920,1080,1,206.13,334.25,73,94,3.317,1050.0,1050.0,,,,0.268
floor5,zoomout75,oracle,239,14326,239.005,0.75,1920,1080,1,206.43,330.33,63,77,2.887,1050.0,1050.0,,,,0.272
floor5,zoomout75,oracle,240,14386,240.006,0.75,1920,1080,1,205.85,326.38,74,97,2.992,1050.0,1050.0,,,,0.277
floor5,zoomout75,oracle,241,14446,241.007,0.75,1920,1080,1,206.07,321.69,60,80,2.761,1050.0,1050.0,,,,0.271
floor5,zoomout75,oracle,242,14505,241.992,0.75,1920,1080,1,205.81,317.48,53,63,2.911,1050.0,1050.0,,,,0.264
floor5,zoomout75,oracle,243,14565,242.993,0.75,1920,1080,1,205.23,313.41,56,77,3.061,1050.0,1050.0,,,,0.267
floor5,zoomout75,oracle,244,14625,243.994,0.75,1920,1080,1,205.23,308.89,57,69,2.769,1050.0,1050.0,,,,0.263
floor5,zoomout75,oracle,245,14685,244.995,0.75,1920,1080,1,205.25,304.08,51,59,3.567,1050.0,1050.0,,,,0.263
floor5,zoomout75,oracle,246,14745,245.996,0.75,1920,1080,1,204.99,298.74,60,86,2.56,1050.0,1050.0,,,,0.278
floor5,zoomout75,oracle,247,14805,246.997,0.75,1920,1080,1,204.73,294.16,59,84,2.393,1050.0,1050.0,,,,0.283
floor5,zoomout75,oracle,248,14865,247.998,0.75,1920,1080,1,204.45,289.85,76,84,2.818,1050.0,1050.0,,,,0.276
floor5,zoomout75,oracle,249,14925,248.999,0.75,1920,1080,1,204.44,284.72,90,105,3.126,1050.0,1050.0,,,,0.282
floor5,zoomout75,oracle,250,14985,250.0,0.75,1920,1080,1,204.97,280.16,92,115,2.943,1050.0,1050.0,,,,0.293
floor5,zoomout75,oracle,251,15045,251.001,0.75,1920,1080,1,205.31,275.69,87,96,2.72,1050.0,1050.0,,,,0.273
floor5,zoomout75,oracle,252,15105,252.002,0.75,1920,1080,1,205.68,271.13,74,89,3.004,1050.0,1050.0,,,,0.271
floor5,zoomout75,oracle,253,15165,253.003,0.75,1920,1080,1,204.92,265.92,60,69,3.515,1050.0,1050.0,,,,0.277
floor5,zoomout75,oracle,254,15225,254.004,0.75,1920,1080,1,204.52,261.83,63,82,2.471,1050.0,1050.0,,,,0.278
floor5,zoomout75,oracle,255,15285,255.005,0.75,1920,1080,1,203.51,257.25,81,91,4.113,1050.0,1050.0,,,,0.274
floor5,zoomout75,oracle,256,15345,256.006,0.75,1920,1080,1,203.2,253.18,84,89,3.725,1050.0,1050.0,,,,0.274
floor5,zoomout75,oracle,257,15405,257.007,0.75,1920,1080,1,202.78,248.41,83,85,4.371,1050.0,1050.0,,,,0.275
floor5,zoomout75,oracle,258,15465,258.008,0.75,1920,1080,1,202.92,243.99,101,111,3.102,1050.0,1050.0,,,,0.273
floor5,zoomout75,oracle,259,15524,258.992,0.75,1920,1080,1,202.76,239.46,105,113,2.726,1050.0,1050.0,,,,0.26
floor5,zoomout75,oracle,260,15584,259.993,0.75,1920,1080,1,203.3,234.77,124,137,2.727,1050.0,1050.0,,,,0.256
floor5,zoomout75,oracle,261,15644,260.994,0.75,1920,1080,1,204.34,230.25,134,144,3.038,1050.0,1050.0,,,,0.263
floor5,zoomout75,oracle,262,15704,261.995,0.75,1920,1080,1,205.59,225.74,79,109,2.942,1050.0,1050.0,,,,0.263
floor5,zoomout75,oracle,263,15764,262.996,0.75,1920,1080,1,206.37,221.6,64,84,3.121,1050.0,1050.0,,,,0.255
floor5,zoomout75,oracle,264,15824,263.997,0.75,1920,1080,1,207.21,217.28,56,77,3.603,1050.0,1050.0,,,,0.258
floor5,zoomout75,oracle,265,15884,264.998,0.75,1920,1080,1,208.65,212.63,36,50,3.984,1050.0,1050.0,,,,0.26
floor5,zoomout75,oracle,266,15944,265.999,0.75,1920,1080,1,212.72,239.27,32,41,3.488,1050.0,1050.0,,,,0.277
floor5,zoomout75,oracle,267,16004,267.0,0.75,1920,1080,1,214.92,235.88,42,53,4.22,1050.0,1050.0,,,,0.269
floor5,zoomout75,oracle,268,16064,268.001,0.75,1920,1080,1,218.08,233.69,55,63,2.275,1050.0,1050.0,,,,0.249
floor5,zoomout75,oracle,269,16124,269.002,0.75,1920,1080,1,222.4,233.16,56,65,2.902,1050.0,1050.0,,,,0.25
floor5,zoomout75,oracle,270,16184,270.003,0.75,1920,1080,1,227.08,233.36,43,53,2.053,1050.0,1050.0,,,,0.264
floor5,zoomout75,oracle,271,16244,271.004,0.75,1920,1080,1,231.8,234.05,74,82,2.414,1050.0,1050.0,,,,0.27
floor5,zoomout75,oracle,272,16304,272.005,0.75,1920,1080,1,236.82,235.21,100,105,2.252,1050.0,1050.0,,,,0.271
floor5,zoomout75,oracle,273,16364,273.006,0.75,1920,1080,1,241.58,235.99,111,123,2.061,1050.0,1050.0,,,,0.262
floor5,zoomout75,oracle,274,16424,274.007,0.75,1920,1080,1,246.22,236.47,104,112,2.118,1050.0,1050.0,,,,0.268
floor5,zoomout75,oracle,275,16484,275.008,0.75,1920,1080,1,250.68,237.42,127,130,2.463,1050.0,1050.0,,,,0.261
floor5,zoomout75,oracle,276,16543,275.992,0.75,1920,1080,1,255.16,238.49,129,138,2.526,1050.0,1050.0,,,,0.256
floor5,zoomout75,oracle,277,16603,276.993,0.75,1920,1080,1,259.88,239.45,131,133,2.308,1050.0,1050.0,,,,0.251
floor5,zoomout75,oracle,278,16663,277.994,0.75,1920,1080,1,264.65,239.63,117,132,2.576,1050.0,1050.0,,,,0.235
floor5,zoomout75,oracle,279,16723,278.995,0.75,1920,1080,1,269.91,239.55,94,103,2.992,1050.0,1050.0,,,,0.231
floor5,zoomout75,oracle,280,16783,279.996,0.75,1920,1080,1,275.27,240.01,74,85,2.865,1050.0,1050.0,,,,0.227
floor5,zoomout75,oracle,281,16843,280.997,0.75,1920,1080,1,279.8,241.28,62,65,3.283,1050.0,1050.0,,,,0.227
floor5,zoomout75,oracle,282,16903,281.998,0.75,1920,1080,1,283.88,242.7,63,69,2.051,1050.0,1050.0,,,,0.228
floor5,zoomout75,oracle,283,16963,282.999,0.75,1920,1080,1,287.6,244.78,79,89,3.131,1050.0,1050.0,,,,0.246
floor5,zoomout75,oracle,284,17023,284.0,0.75,1920,1080,1,290.2,247.99,94,94,2.661,1050.0,1050.0,,,,0.244
floor5,zoomout75,oracle,285,17083,285.001,0.75,1920,1080,1,291.29,251.89,95,98,3.635,1050.0,1050.0,,,,0.248
floor5,zoomout75,oracle,286,17143,286.002,0.75,1920,1080,1,291.59,256.66,81,83,2.396,1050.0,1050.0,,,,0.244
floor5,zoomout75,oracle,287,17203,287.003,0.75,1920,1080,1,291.93,261.23,81,84,2.371,1050.0,1050.0,,,,0.251
floor5,zoomout75,oracle,288,17263,288.004,0.75,1920,1080,1,292.47,265.83,79,89,2.293,1050.0,1050.0,,,,0.25
floor5,zoomout75,oracle,289,17323,289.005,0.75,1920,1080,1,292.9,270.47,72,89,3.522,1050.0,1050.0,,,,0.251
floor5,zoomout75,oracle,290,17383,290.006,0.75,1920,1080,1,292.81,275.29,57,65,2.801,1050.0,1050.0,,,,0.245
floor5,zoomout75,oracle,291,17443,291.007,0.75,1920,1080,1,292.86,279.95,82,97,2.782,1050.0,1050.0,,,,0.251
floor5,zoomout75,oracle,292,17502,291.992,0.75,1920,1080,1,292.78,284.6,84,91,2.874,1050.0,1050.0,,,,0.265
floor5,zoomout75,oracle,293,17562,292.993,0.75,1920,1080,1,292.29,289.74,92,105,2.721,1050.0,1050.0,,,,0.259
floor5,zoomout75,oracle,294,17622,293.994,0.75,1920,1080,1,292.16,294.78,100,114,3.051,1050.0,1050.0,,,,0.252
floor5,zoomout75,oracle,295,17682,294.995,0.75,1920,1080,1,292.13,299.76,90,106,2.813,1050.0,1050.0,,,,0.257
floor5,zoomout75,oracle,296,17742,295.996,0.75,1920,1080,1,292.25,304.85,83,95,2.225,1050.0,1050.0,,,,0.251
floor5,zoomout75,oracle,297,17802,296.997,0.75,1920,1080,1,292.65,309.61,84,100,2.594,1050.0,1050.0,,,,0.253
floor5,zoomout75,oracle,298,17862,297.998,0.75,1920,1080,1,292.86,314.89,94,102,2.432,1050.0,1050.0,,,,0.256
floor5,zoomout75,oracle,299,17922,298.999,0.75,1920,1080,1,292.66,319.8,91,105,2.499,1050.0,1050.0,,,,0.253
floor5,zoomout75,oracle,300,17982,300.0,0.75,1920,1080,1,292.58,324.38,106,112,1.648,1050.0,1050.0,,,,0.252
floor5,zoomout75,oracle,301,18042,301.001,0.75,1920,1080,1,292.38,329.2,129,140,2.924,1050.0,1050.0,,,,0.264
floor5,zoomout75,oracle,302,18102,302.002,0.75,1920,1080,1,292.48,334.08,135,140,2.54,1050.0,1050.0,,,,0.257
floor5,zoomout75,oracle,303,18162,303.003,0.75,1920,1080,1,292.56,339.05,124,126,2.247,1050.0,1050.0,,,,0.264
floor5,zoomout75,oracle,304,18222,304.004,0.75,1920,1080,1,292.7,343.98,121,128,2.124,1050.0,1050.0,,,,0.267
floor5,zoomout75,oracle,305,18282,305.005,0.75,1920,1080,1,292.69,349.1,115,123,2.842,1050.0,1050.0,,,,0.264
floor5,zoomout75,oracle,306,18342,306.006,0.75,1920,1080,1,292.73,353.94,94,99,2.608,1050.0,1050.0,,,,0.262
floor5,zoomout75,oracle,307,18402,307.007,0.75,1920,1080,1,293.06,358.71,82,95,2.745,1050.0,1050.0,,,,0.264
floor5,zoomout75,oracle,308,18462,308.008,0.75,1920,1080,1,293.47,363.6,79,87,2.42,1050.0,1050.0,,,,0.261
floor5,zoomout75,oracle,309,18521,308.992,0.75,1920,1080,1,293.76,368.45,78,90,2.299,1050.0,1050.0,,,,0.261
floor5,zoomout75,oracle,310,18581,309.993,0.75,1920,1080,1,293.9,373.41,85,89,2.306,1050.0,1050.0,,,,0.254
floor5,zoomout75,oracle,311,18641,310.994,0.75,1920,1080,1,294.01,378.27,90,98,2.499,1050.0,1050.0,,,,0.262
floor5,zoomout75,oracle,312,18701,311.995,0.75,1920,1080,1,294.24,383.81,69,82,3.031,1050.0,1050.0,,,,0.259
floor5,zoomout75,oracle,313,18761,312.996,0.75,1920,1080,1,294.51,388.6,45,58,2.955,1050.0,1050.0,,,,0.263
floor5,zoomout75,oracle,314,18821,313.997,0.75,1920,1080,1,294.7,393.66,81,97,2.417,1050.0,1050.0,,,,0.256
floor5,zoomout75,oracle,315,18881,314.998,0.75,1920,1080,1,294.94,398.35,77,103,2.654,1050.0,1050.0,,,,0.263
floor5,zoomout75,oracle,316,18941,315.999,0.75,1920,1080,1,295.27,403.06,90,116,2.774,1050.0,1050.0,,,,0.275
floor5,zoomout75,oracle,317,19001,317.0,0.75,1920,1080,1,295.35,407.96,100,116,2.628,1050.0,1050.0,,,,0.276
floor5,zoomout75,oracle,318,19061,318.001,0.75,1920,1080,1,295.27,412.9,99,115,2.761,1050.0,1050.0,,,,0.27
floor5,zoomout75,oracle,319,19121,319.002,0.75,1920,1080,1,295.28,417.46,94,107,2.744,1050.0,1050.0,,,,0.271
floor5,zoomout75,oracle,320,19181,320.003,0.75,1920,1080,1,295.28,421.49,90,103,2.853,1050.0,1050.0,,,,0.264
floor5,zoomout75,oracle,321,19241,321.004,0.75,1920,1080,1,295.74,425.58,80,91,2.668,1050.0,1050.0,,,,0.257
floor5,zoomout75,oracle,322,19301,322.005,0.75,1920,1080,1,296.32,429.6,75,92,2.744,1050.0,1050.0,,,,0.255
floor5,zoomout75,oracle,323,19361,323.006,0.75,1920,1080,1,296.99,433.83,59,72,3.373,1050.0,1050.0,,,,0.271
floor5,zoomout75,oracle,324,19421,324.007,0.75,1920,1080,1,297.38,438.15,58,68,3.374,1050.0,1050.0,,,,0.254
floor5,zoomout75,oracle,325,19481,325.008,0.75,1920,1080,1,297.57,441.95,50,65,3.05,1050.0,1050.0,,,,0.256
floor5,zoomout75,oracle,326,19540,325.992,0.75,1920,1080,1,297.77,446.0,51,62,3.263,1050.0,1050.0,,,,0.252
floor5,zoomout75,oracle,327,19600,326.993,0.75,1920,1080,1,297.54,449.76,50,62,3.447,1050.0,1050.0,,,,0.26
floor5,zoomout75,oracle,328,19660,327.994,0.75,1920,1080,1,297.15,453.54,72,93,3.165,1050.0,1050.0,,,,0.272
floor5,zoomout75,oracle,329,19720,328.995,0.75,1920,1080,1,296.39,456.89,43,60,2.935,1050.0,1050.0,,,,0.289
floor5,zoomout75,oracle,330,19780,329.996,0.75,1920,1080,1,296.24,460.52,31,46,2.951,1050.0,1050.0,,,,0.297
floor5,zoomout75,oracle,331,19840,330.997,0.75,1920,1080,1,296.03,463.91,20,34,3.882,1050.0,1050.0,,,,0.315
floor5,zoomdyn,map,0,0,0.0,1.0,1920,1080,1,285.98,458.98,108,111,2.066,1400.0,1400.0,,,,0.238
floor5,zoomdyn,map,1,60,1.001,1.0007,1920,1080,1,286.46,459.28,142,145,1.772,1400.0,1400.0,,,,0.245
floor5,zoomdyn,map,2,120,2.002,1.0027,1920,1080,1,288.59,459.47,144,152,3.664,1400.0,1400.0,,,,0.267
floor5,zoomdyn,map,3,180,3.003,1.0062,1920,1080,1,289.89,460.53,27,41,3.893,1400.0,1400.0,,,,0.311
floor5,zoomdyn,map,4,240,4.004,1.0109,1920,1080,1,290.53,462.77,31,46,3.971,1400.0,1400.0,,,,0.304
floor5,zoomdyn,map,5,300,5.005,1.0171,1920,1080,1,291.89,463.93,98,115,3.651,1400.0,1400.0,,,,0.234
floor5,zoomdyn,map,6,360,6.006,1.0245,1920,1080,1,293.3,464.42,181,185,2.766,1400.0,1400.0,,,,0.242
floor5,zoomdyn,map,7,420,7.007,1.0333,1920,1080,1,295.29,463.34,64,101,7.226,1400.0,1400.0,,,,0.266
floor5,zoomdyn,map,8,480,8.008,1.0433,1920,1080,1,295.26,459.98,60,75,3.647,1400.0,1400.0,,,,0.281
floor5,zoomdyn,map,9,539,8.992,1.0544,1920,1080,1,295.51,457.11,54,81,3.695,1400.0,1400.0,,,,0.278
floor5,zoomdyn,map,10,599,9.993,1.0669,1920,1080,1,295.59,453.51,41,73,5.075,1400.0,1400.0,,,,0.281
floor5,zoomdyn,map,11,659,10.994,1.0806,1920,1080,1,295.25,450.0,33,77,3.776,1400.0,1400.0,,,,0.305
floor5,zoomdyn,map,12,719,11.995,1.0954,1920,1080,1,294.39,441.65,23,45,3.372,1400.0,1400.0,,,,0.306
floor5,zoomdyn,map,13,779,12.996,1.1114,1920,1080,1,294.13,437.91,20,51,4.73,1400.0,1400.0,,,,0.32
floor5,zoomdyn,map,14,839,13.997,1.1284,1920,1080,1,293.96,431.78,24,65,3.703,1400.0,1400.0,,,,0.337
floor5,zoomdyn,map,15,899,14.998,1.1464,1920,1080,1,294.0,429.8,21,56,3.79,1400.0,1400.0,,,,0.348
floor5,zoomdyn,map,16,959,15.999,1.1654,1920,1080,1,294.12,423.82,19,63,3.646,1400.0,1400.0,,,,0.368
floor5,zoomdyn,map,17,1019,17.0,1.1853,1920,1080,1,296.02,413.31,17,31,3.821,1400.0,1400.0,,,,0.335
floor5,zoomdyn,map,18,1079,18.001,1.2061,1920,1080,1,295.55,413.92,22,47,4.079,1400.0,1400.0,,,,0.297
floor5,zoomdyn,map,19,1139,19.002,1.2277,1920,1080,1,295.66,408.37,22,55,4.389,1400.0,1400.0,,,,0.323
floor5,zoomdyn,map,20,1199,20.003,1.2501,1920,1080,1,295.21,401.84,20,54,3.954,1400.0,1400.0,,,,0.361
floor5,zoomdyn,map,21,1259,21.004,1.2731,1920,1080,1,294.68,397.45,22,59,4.165,1400.0,1400.0,,,,0.349
floor5,zoomdyn,map,22,1319,22.005,1.2968,1920,1080,1,294.12,392.95,24,71,3.755,1400.0,1400.0,,,,0.366
floor5,zoomdyn,map,23,1379,23.006,1.321,1920,1080,1,293.88,388.86,24,73,2.96,1400.0,1400.0,,,,0.344
floor5,zoomdyn,map,24,1439,24.007,1.3457,1920,1080,1,293.78,385.03,30,101,4.42,1400.0,1400.0,,,,0.364
floor5,zoomdyn,map,25,1499,25.008,1.3708,1920,1080,1,292.8,378.39,40,106,3.548,1400.0,1400.0,,,,0.349
floor5,zoomdyn,map,26,1558,25.993,1.3959,1920,1080,1,292.28,374.27,42,122,3.839,1400.0,1400.0,,,,0.33
floor5,zoomdyn,map,27,1618,26.994,1.4216,1920,1080,1,292.61,370.82,52,136,4.652,1400.0,1400.0,,,,0.324
floor5,zoomdyn,map,28,1678,27.995,1.4476,1920,1080,1,292.11,367.05,39,126,3.68,1400.0,1400.0,,,,0.358
floor5,zoomdyn,map,29,1738,28.996,1.4737,1920,1080,1,292.08,363.06,21,67,3.415,1400.0,1400.0,,,,0.386
floor5,zoomdyn,map,30,1798,29.997,1.4999,1920,1080,1,294.8,352.76,15,80,2.764,1400.0,1400.0,,,,0.393
floor5,zoomdyn,map,31,1858,30.998,1.5261,1920,1080,1,293.01,348.07,18,71,2.349,1400.0,1400.0,,,,0.39
floor5,zoomdyn,map,32,1918,31.999,1.5522,1920,1080,1,293.57,329.85,17,87,2.732,1400.0,1400.0,,,,0.382
floor5,zoomdyn,map,33,1978,33.0,1.5782,1920,1080,1,287.95,307.55,15,77,3.073,1400.0,1400.0,,,,0.375
floor5,zoomdyn,map,34,2038,34.001,1.604,1920,1080,1,287.4,303.55,19,82,3.75,1400.0,1400.0,,,,0.369
floor5,zoomdyn,map,35,2098,35.002,1.6295,1920,1080,1,290.01,300.8,18,81,3.423,1400.0,1400.0,,,,0.364
floor5,zoomdyn,map,36,2158,36.003,1.6546,1920,1080,1,289.05,296.38,18,81,4.064,1400.0,1400.0,,,,0.37
floor5,zoomdyn,map,37,2218,37.004,1.6793,1920,1080,1,289.11,292.67,18,83,4.42,1400.0,1400.0,,,,0.358
floor5,zoomdyn,map,38,2278,38.005,1.7035,1920,1080,1,288.91,287.84,18,93,4.437,1400.0,1400.0,,,,0.349
floor5,zoomdyn,map,39,2338,39.006,1.7271,1920,1080,1,289.87,285.77,13,78,4.468,1400.0,1400.0,,,,0.365
floor5,zoomdyn,map,40,2398,40.007,1.7502,1920,1080,1,289.29,281.95,13,86,5.412,1400.0,1400.0,,,,0.377
floor5,zoomdyn,map,41,2458,41.008,1.7725,1920,1080,1,287.84,278.45,16,103,3.65,1400.0,1400.0,,,,0.37
floor5,zoomdyn,map,42,2517,41.992,1.7937,1920,1080,1,288.88,274.2,17,71,3.187,1400.0,1400.0,,,,0.36
floor5,zoomdyn,map,43,2577,42.993,1.8145,1920,1080,1,288.38,271.01,19,84,3.421,1400.0,1400.0,,,,0.386
floor5,zoomdyn,map,44,2637,43.994,1.8344,1920,1080,1,287.45,268.65,14,69,3.275,1400.0,1400.0,,,,0.383
floor5,zoomdyn,map,45,2697,44.995,1.8535,1920,1080,1,289.29,265.07,18,89,2.126,1400.0,1400.0,,,,0.342
floor5,zoomdyn,map,46,2757,45.996,1.8715,1920,1080,1,287.55,261.95,16,84,1.895,1400.0,1400.0,,,,0.357
floor5,zoomdyn,map,47,2817,46.997,1.8885,1920,1080,1,286.33,238.15,18,75,3.6,1400.0,1400.0,,,,0.371
floor5,zoomdyn,map,48,2877,47.998,1.9045,1920,1080,1,286.23,235.37,18,95,3.816,1400.0,1400.0,,,,0.363
floor5,zoomdyn,map,49,2937,48.999,1.9193,1920,1080,1,282.71,231.59,15,96,4.883,1400.0,1400.0,,,,0.37
floor5,zoomdyn,map,50,2997,50.0,1.933,1920,1080,1,282.64,229.32,19,95,3.523,1400.0,1400.0,,,,0.372
floor5,zoomdyn,map,51,3057,51.001,1.9455,1920,1080,1,283.15,227.42,14,83,3.315,1400.0,1400.0,,,,0.358
floor5,zoomdyn,map,52,3117,52.002,1.9568,1920,1080,1,280.34,224.41,14,82,3.378,1400.0,1400.0,,,,0.384
floor5,zoomdyn,map,53,3177,53.003,1.9668,1920,1080,1,278.82,222.27,12,74,3.346,1400.0,1400.0,,,,0.395
floor5,zoomdyn,map,54,3237,54.004,1.9756,1920,1080,1,274.3,219.01,11,47,2.947,1400.0,1400.0,,,,0.36
floor5,zoomdyn,map,55,3297,55.005,1.983,1920,1080,0,,,0,0,,1400.0,1400.0,,,,0.338
floor5,zoomdyn,map,56,3357,56.006,1.9891,1920,1080,0,,,0,0,,1400.0,1400.0,,,,0.347
floor5,zoomdyn,map,57,3417,57.007,1.9939,1920,1080,1,239.67,220.96,50,84,3.78,1400.0,1400.0,,,,0.342
floor5,zoomdyn,map,58,3477,58.008,1.9973,1920,1080,1,236.26,225.19,34,64,3.011,1400.0,1400.0,,,,0.312
floor5,zoomdyn,map,59,3536,58.992,1.9993,1920,1080,1,244.17,228.92,12,46,2.245,1400.0,1400.0,,,,0.33
floor5,zoomdyn,map,60,3596,59.993,2.0,1920,1080,1,231.21,226.75,18,55,3.924,1400.0,1400.0,,,,0.367
floor5,zoomdyn,map,61,3656,60.994,1.9993,1920,1080,1,228.81,225.26,33,55,2.673,1400.0,1400.0,,,,0.327
floor5,zoomdyn,map,62,3716,61.995,1.9973,1920,1080,1,226.65,225.65,55,95,4.105,1400.0,1400.0,,,,0.319
floor5,zoomdyn,map,63,3776,62.996,1.9939,1920,1080,1,224.47,224.64,34,70,4.617,1400.0,1400.0,,,,0.341
floor5,zoomdyn,map,64,3836,63.997,1.9891,1920,1080,1,222.43,222.82,49,96,4.292,1400.0,1400.0,,,,0.316
floor5,zoomdyn,map,65,3896,64.998,1.983,1920,1080,1,220.13,222.99,43,96,3.8,1400.0,1400.0,,,,0.319
floor5,zoomdyn,map,66,3956,65.999,1.9755,1920,1080,1,217.87,221.95,39,65,3.479,1400.0,1400.0,,,,0.333
floor5,zoomdyn,map,67,4016,67.0,1.9668,1920,1080,1,215.72,222.27,37,55,4.604,1400.0,1400.0,,,,0.34
floor5,zoomdyn,map,68,4076,68.001,1.9568,1920,1080,1,213.53,220.33,30,56,3.212,1400.0,1400.0,,,,0.285
floor5,zoomdyn,map,69,4136,69.002,1.9455,1920,1080,1,211.16,221.46,28,70,4.484,1400.0,1400.0,,,,0.306
floor5,zoomdyn,map,70,4196,70.003,1.933,1920,1080,1,209.06,221.26,37,56,2.973,1400.0,1400.0,,,,0.273
floor5,zoomdyn,map,71,4256,71.004,1.9193,1920,1080,1,207.1,221.26,32,51,3.692,1400.0,1400.0,,,,0.262
floor5,zoomdyn,map,72,4316,72.005,1.9044,1920,1080,1,205.25,220.22,19,38,3.342,1400.0,1400.0,,,,0.254
floor5,zoomdyn,map,73,4376,73.006,1.8885,1920,1080,0,,,0,0,,1400.0,1400.0,,,,0.264
floor5,zoomdyn,map,74,4436,74.007,1.8714,1920,1080,0,,,0,0,,1400.0,1400.0,,,,0.266
floor5,zoomdyn,map,75,4496,75.008,1.8534,1920,1080,0,,,0,0,,1400.0,1400.0,,,,0.196
floor5,zoomdyn,map,76,4555,75.993,1.8347,1920,1080,0,,,0,0,,1400.0,1400.0,,,,0.292
floor5,zoomdyn,map,77,4615,76.994,1.8148,1920,1080,1,208.99,146.77,13,32,3.346,1400.0,1400.0,,,,0.345
floor5,zoomdyn,map,78,4675,77.995,1.794,1920,1080,1,205.72,151.25,11,39,4.128,1400.0,1400.0,,,,0.347
floor5,zoomdyn,map,79,4735,78.996,1.7724,1920,1080,1,207.57,175.1,13,75,2.271,1400.0,1400.0,,,,0.355
floor5,zoomdyn,map,80,4795,79.997,1.7501,1920,1080,1,208.93,143.94,15,38,3.588,1400.0,1400.0,,,,0.344
floor5,zoomdyn,map,81,4855,80.998,1.7271,1920,1080,1,207.29,162.78,17,92,3.616,1400.0,1400.0,,,,0.356
floor5,zoomdyn,map,82,4915,81.999,1.7034,1920,1080,1,203.67,160.57,20,95,4.334,1400.0,1400.0,,,,0.373
floor5,zoomdyn,map,83,4975,83.0,1.6792,1920,1080,1,203.36,158.17,15,88,3.33,1400.0,1400.0,,,,0.365
floor5,zoomdyn,map,84,5035,84.001,1.6545,1920,1080,1,206.35,139.29,18,83,3.855,1400.0,1400.0,,,,0.364
floor5,zoomdyn,map,85,5095,85.002,1.6294,1920,1080,1,207.79,131.24,20,85,3.587,1400.0,1400.0,,,,0.348
floor5,zoomdyn,map,86,5155,86.003,1.6039,1920,1080,1,203.64,130.54,17,69,3.981,1400.0,1400.0,,,,0.35
floor5,zoomdyn,map,87,5215,87.004,1.5781,1920,1080,1,207.7,127.31,21,79,4.105,1400.0,1400.0,,,,0.366
floor5,zoomdyn,map,88,5275,88.005,1.5521,1920,1080,1,206.05,124.68,24,74,3.925,1400.0,1400.0,,,,0.346
floor5,zoomdyn,map,89,5335,89.006,1.526,1920,1080,1,205.63,123.33,28,87,4.672,1400.0,1400.0,,,,0.359
floor5,zoomdyn,map,90,5395,90.007,1.4998,1920,1080,1,205.65,121.74,30,106,4.27,1400.0,1400.0,,,,0.368
floor5,zoomdyn,map,91,5455,91.008,1.4736,1920,1080,1,204.99,121.71,28,110,4.384,1400.0,1400.0,,,,0.364
floor5,zoomdyn,map,92,5514,91.992,1.4479,1920,1080,1,206.01,120.07,29,114,4.02,1400.0,1400.0,,,,0.365
floor5,zoomdyn,map,93,5574,92.993,1.422,1920,1080,1,203.91,116.12,28,103,3.545,1400.0,1400.0,,,,0.372
floor5,zoomdyn,map,94,5634,93.994,1.3962,1920,1080,1,206.22,114.75,35,105,4.941,1400.0,1400.0,,,,0.377
floor5,zoomdyn,map,95,5694,94.995,1.3707,1920,1080,1,206.27,110.81,30,101,4.136,1400.0,1400.0,,,,0.364
floor5,zoomdyn,map,96,5754,95.996,1.3456,1920,1080,1,205.51,109.1,28,104,3.532,1400.0,1400.0,,,,0.383
floor5,zoomdyn,map,97,5814,96.997,1.3209,1920,1080,1,205.85,106.39,33,122,4.053,1400.0,1400.0,,,,0.398
floor5,zoomdyn,map,98,5874,97.998,1.2967,1920,1080,1,206.09,102.69,25,99,4.107,1400.0,1400.0,,,,0.397
floor5,zoomdyn,map,99,5934,98.999,1.273,1920,1080,1,204.98,98.84,26,99,4.78,1400.0,1400.0,,,,0.389
floor5,zoomdyn,map,100,5994,100.0,1.25,1920,1080,1,205.0,90.06,31,107,4.665,1400.0,1400.0,,,,0.365
floor5,zoomdyn,map,101,6054,101.001,1.2277,1920,1080,1,204.97,87.31,44,110,3.97,1400.0,1400.0,,,,0.339
floor5,zoomdyn,map,102,6114,102.002,1.2061,1920,1080,1,203.27,81.55,43,120,3.931,1400.0,1400.0,,,,0.34
floor5,zoomdyn,map,103,6174,103.003,1.1853,1920,1080,1,205.19,81.82,45,126,5.108,1400.0,1400.0,,,,0.323
floor5,zoomdyn,map,104,6234,104.004,1.1654,1920,1080,1,204.43,76.26,42,102,3.457,1400.0,1400.0,,,,0.313
floor5,zoomdyn,map,105,6294,105.005,1.1464,1920,1080,1,203.28,74.95,37,102,3.878,1400.0,1400.0,,,,0.328
floor5,zoomdyn,map,106,6354,106.006,1.1283,1920,1080,1,204.46,75.27,40,100,4.193,1400.0,1400.0,,,,0.318
floor5,zoomdyn,map,107,6414,107.007,1.1113,1920,1080,1,204.88,70.51,39,80,3.989,1400.0,1400.0,,,,0.289
floor5,zoomdyn,map,108,6474,108.008,1.0954,1920,1080,1,203.66,66.76,59,117,3.507,1400.0,1400.0,,,,0.278
floor5,zoomdyn,map,109,6533,108.992,1.0808,1920,1080,1,203.52,63.77,62,104,3.982,1400.0,1400.0,,,,0.262
floor5,zoomdyn,map,110,6593,109.993,1.0671,1920,1080,1,202.95,60.12,62,96,4.324,1400.0,1400.0,,,,0.258
floor5,zoomdyn,map,111,6653,110.994,1.0546,1920,1080,1,202.38,55.95,47,67,3.879,1400.0,1400.0,,,,0.27
floor5,zoomdyn,map,112,6713,111.995,1.0433,1920,1080,1,202.35,53.55,52,79,4.181,1400.0,1400.0,,,,0.266
floor5,zoomdyn,map,113,6773,112.996,1.0332,1920,1080,1,201.87,51.0,52,82,3.873,1400.0,1400.0,,,,0.268
floor5,zoomdyn,map,114,6833,113.997,1.0245,1920,1080,1,202.21,48.84,47,77,3.874,1400.0,1400.0,,,,0.279
floor5,zoomdyn,map,115,6893,114.998,1.017,1920,1080,1,203.15,46.44,17,31,2.158,1400.0,1400.0,,,,0.278
floor5,zoomdyn,map,116,6953,115.999,1.0109,1920,1080,1,205.32,49.6,14,32,3.845,1400.0,1400.0,,,,0.321
floor5,zoomdyn,map,117,7013,117.0,1.0062,1920,1080,1,207.4,45.24,30,51,3.08,1400.0,1400.0,,,,0.315
floor5,zoomdyn,map,118,7073,118.001,1.0027,1920,1080,1,209.34,47.19,54,81,2.462,1400.0,1400.0,,,,0.299
floor5,zoomdyn,map,119,7133,119.002,1.0007,1920,1080,1,210.66,50.94,81,119,2.532,1400.0,1400.0,,,,0.276
floor5,zoomdyn,map,120,7193,120.003,1.0,1920,1080,1,210.83,55.13,98,106,2.327,1400.0,1400.0,,,,0.272
floor5,zoomdyn,map,121,7253,121.004,1.0007,1920,1080,1,210.53,59.39,111,124,2.238,1400.0,1400.0,,,,0.269
floor5,zoomdyn,map,122,7313,122.005,1.0028,1920,1080,1,210.2,63.53,122,130,3.498,1400.0,1400.0,,,,0.267
floor5,zoomdyn,map,123,7373,123.006,1.0062,1920,1080,1,210.15,67.76,119,141,2.947,1400.0,1400.0,,,,0.259
floor5,zoomdyn,map,124,7433,124.007,1.011,1920,1080,1,209.94,72.29,127,146,4.624,1400.0,1400.0,,,,0.259
floor5,zoomdyn,map,125,7493,125.008,1.0171,1920,1080,1,209.93,77.0,99,126,4.418,1400.0,1400.0,,,,0.283
floor5,zoomdyn,map,126,7552,125.993,1.0244,1920,1080,1,209.82,81.35,106,147,6.225,1400.0,1400.0,,,,0.279
floor5,zoomdyn,map,127,7612,126.994,1.0331,1920,1080,1,209.83,85.91,84,116,5.157,1400.0,1400.0,,,,0.264
floor5,zoomdyn,map,128,7672,127.995,1.0432,1920,1080,1,209.56,92.2,79,97,2.919,1400.0,1400.0,,,,0.251
floor5,zoomdyn,map,129,7732,128.996,1.0544,1920,1080,1,209.43,96.91,86,106,3.669,1400.0,1400.0,,,,0.238
floor5,zoomdyn,map,130,7792,129.997,1.0669,1920,1080,1,209.25,100.69,84,114,3.968,1400.0,1400.0,,,,0.238
floor5,zoomdyn,map,131,7852,130.998,1.0806,1920,1080,1,209.12,106.46,81,114,4.163,1400.0,1400.0,,,,0.243
floor5,zoomdyn,map,132,7912,131.999,1.0955,1920,1080,1,208.65,112.53,72,122,4.436,1400.0,1400.0,,,,0.249
floor5,zoomdyn,map,133,7972,133.0,1.1114,1920,1080,1,208.28,118.22,79,142,3.364,1400.0,1400.0,,,,0.258
floor5,zoomdyn,map,134,8032,134.001,1.1284,1920,1080,1,208.22,123.68,64,150,3.951,1400.0,1400.0,,,,0.285
floor5,zoomdyn,map,135,8092,135.002,1.1465,1920,1080,1,208.53,128.89,47,141,3.047,1400.0,1400.0,,,,0.334
floor5,zoomdyn,map,136,8152,136.003,1.1655,1920,1080,1,208.95,134.0,36,123,4.331,1400.0,1400.0,,,,0.371
floor5,zoomdyn,map,137,8212,137.004,1.1854,1920,1080,1,208.8,144.68,24,64,3.525,1400.0,1400.0,,,,0.372
floor5,zoomdyn,map,138,8272,138.005,1.2062,1920,1080,1,208.56,150.02,25,89,3.924,1400.0,1400.0,,,,0.382
floor5,zoomdyn,map,139,8332,139.006,1.2278,1920,1080,1,209.19,158.12,31,88,3.659,1400.0,1400.0,,,,0.357
floor5,zoomdyn,map,140,8392,140.007,1.2501,1920,1080,1,208.35,158.96,25,88,3.118,1400.0,1400.0,,,,0.371
floor5,zoomdyn,map,141,8452,141.008,1.2732,1920,1080,1,208.36,163.33,25,113,3.301,1400.0,1400.0,,,,0.37
floor5,zoomdyn,map,142,8511,141.992,1.2964,1920,1080,1,208.1,183.49,29,79,4.03,1400.0,1400.0,,,,0.352
floor5,zoomdyn,map,143,8571,142.993,1.3206,1920,1080,1,206.71,190.06,25,71,2.822,1400.0,1400.0,,,,0.374
floor5,zoomdyn,map,144,8631,143.994,1.3453,1920,1080,1,207.51,194.97,26,82,4.198,1400.0,1400.0,,,,0.387
floor5,zoomdyn,map,145,8691,144.995,1.3705,1920,1080,1,207.97,200.19,23,91,3.328,1400.0,1400.0,,,,0.391
floor5,zoomdyn,map,146,8751,145.996,1.3959,1920,1080,1,207.38,204.58,22,67,3.684,1400.0,1400.0,,,,0.371
floor5,zoomdyn,map,147,8811,146.997,1.4217,1920,1080,1,207.55,208.45,21,73,2.983,1400.0,1400.0,,,,0.363
floor5,zoomdyn,map,148,8871,147.998,1.4477,1920,1080,1,206.21,212.54,18,59,2.403,1400.0,1400.0,,,,0.376
floor5,zoomdyn,map,149,8931,148.999,1.4738,1920,1080,1,207.9,217.26,16,53,3.344,1400.0,1400.0,,,,0.376
floor5,zoomdyn,map,150,8991,150.0,1.5,1920,1080,1,204.88,220.32,14,53,2.948,1400.0,1400.0,,,,0.4
floor5,zoomdyn,map,151,9051,151.001,1.5262,1920,1080,1,207.94,225.31,15,47,3.942,1400.0,1400.0,,,,0.368
floor5,zoomdyn,map,152,9111,152.002,1.5523,1920,1080,1,210.57,229.55,13,36,2.814,1400.0,1400.0,,,,0.33
floor5,zoomdyn,map,153,9171,153.003,1.5783,1920,1080,0,,,0,0,,1400.0,1400.0,,,,0.35
floor5,zoomdyn,map,154,9231,154.004,1.6041,1920,1080,1,207.19,269.18,17,83,2.562,1400.0,1400.0,,,,0.391
floor5,zoomdyn,map,155,9291,155.005,1.6295,1920,1080,1,209.61,273.94,20,93,2.926,1400.0,1400.0,,,,0.385
floor5,zoomdyn,map,156,9351,156.006,1.6547,1920,1080,1,212.68,276.24,18,93,3.315,1400.0,1400.0,,,,0.376
floor5,zoomdyn,map,157,9411,157.007,1.6794,1920,1080,1,211.22,282.92,21,90,3.062,1400.0,1400.0,,,,0.378
floor5,zoomdyn,map,158,9471,158.008,1.7036,1920,1080,1,211.14,287.39,20,102,2.971,1400.0,1400.0,,,,0.38
floor5,zoomdyn,map,159,9530,158.992,1.7268,1920,1080,1,215.93,288.74,19,94,3.385,1400.0,1400.0,,,,0.367
floor5,zoomdyn,map,160,9590,159.993,1.7498,1920,1080,1,215.26,292.84,24,85,3.499,1400.0,1400.0,,,,0.365
floor5,zoomdyn,map,161,9650,160.994,1.7722,1920,1080,1,216.27,296.91,26,96,3.927,1400.0,1400.0,,,,0.384
floor5,zoomdyn,map,162,9710,161.995,1.7938,1920,1080,1,217.25,301.11,29,93,4.456,1400.0,1400.0,,,,0.385
floor5,zoomdyn,map,163,9770,162.996,1.8146,1920,1080,1,215.26,306.42,27,83,4.254,1400.0,1400.0,,,,0.359
floor5,zoomdyn,map,164,9830,163.997,1.8345,1920,1080,1,212.91,309.29,24,80,3.629,1400.0,1400.0,,,,0.375
floor5,zoomdyn,map,165,9890,164.998,1.8535,1920,1080,1,211.69,311.79,15,66,4.736,1400.0,1400.0,,,,0.361
floor5,zoomdyn,map,166,9950,165.999,1.8716,1920,1080,1,209.28,322.25,15,54,2.727,1400.0,1400.0,,,,0.376
floor5,zoomdyn,map,167,10010,167.0,1.8886,1920,1080,1,209.58,319.61,15,62,3.799,1400.0,1400.0,,,,0.391
floor5,zoomdyn,map,168,10070,168.001,1.9045,1920,1080,1,204.83,330.77,13,68,2.243,1400.0,1400.0,,,,0.369
floor5,zoomdyn,map,169,10130,169.002,1.9194,1920,1080,1,208.73,334.69,12,69,2.133,1400.0,1400.0,,,,0.386
floor5,zoomdyn,map,170,10190,170.003,1.9331,1920,1080,1,210.58,328.5,13,72,3.062,1400.0,1400.0,,,,0.385
floor5,zoomdyn,map,171,10250,171.004,1.9456,1920,1080,1,209.26,332.27,12,78,2.15,1400.0,1400.0,,,,0.36
floor5,zoomdyn,map,172,10310,172.005,1.9568,1920,1080,1,204.56,343.27,13,59,2.975,1400.0,1400.0,,,,0.34
floor5,zoomdyn,map,173,10370,173.006,1.9668,1920,1080,1,204.71,346.96,12,56,2.657,1400.0,1400.0,,,,0.351
floor5,zoomdyn,map,174,10430,174.007,1.9756,1920,1080,1,205.13,350.46,12,71,2.387,1400.0,1400.0,,,,0.379
floor5,zoomdyn,map,175,10490,175.008,1.983,1920,1080,1,205.86,353.51,11,56,3.387,1400.0,1400.0,,,,0.367
floor5,zoomdyn,map,176,10549,175.992,1.989,1920,1080,0,,,0,0,,1400.0,1400.0,,,,0.361
floor5,zoomdyn,map,177,10609,176.993,1.9938,1920,1080,1,210.5,358.19,12,76,3.135,1400.0,1400.0,,,,0.369
floor5,zoomdyn,map,178,10669,177.994,1.9972,1920,1080,0,,,0,0,,1400.0,1400.0,,,,0.365
floor5,zoomdyn,map,179,10729,178.995,1.9993,1920,1080,0,,,0,0,,1400.0,1400.0,,,,0.343
floor5,zoomdyn,map,180,10789,179.996,2.0,1920,1080,0,,,0,0,,1400.0,1400.0,,,,0.342
floor5,zoomdyn,map,181,10849,180.997,1.9993,1920,1080,0,,,0,0,,1400.0,1400.0,,,,0.321
floor5,zoomdyn,map,182,10909,181.998,1.9973,1920,1080,1,205.69,382.22,13,70,3.467,1400.0,1400.0,,,,0.356
floor5,zoomdyn,map,183,10969,182.999,1.9938,1920,1080,1,209.66,388.27,13,83,3.246,1400.0,1400.0,,,,0.386
floor5,zoomdyn,map,184,11029,184.0,1.9891,1920,1080,1,208.3,389.08,13,64,4.494,1400.0,1400.0,,,,0.378
floor5,zoomdyn,map,185,11089,185.001,1.983,1920,1080,1,209.76,391.78,19,68,3.444,1400.0,1400.0,,,,0.383
floor5,zoomdyn,map,186,11149,186.002,1.9755,1920,1080,1,206.64,393.02,20,78,2.324,1400.0,1400.0,,,,0.387
floor5,zoomdyn,map,187,11209,187.003,1.9668,1920,1080,1,207.04,394.64,21,70,2.868,1400.0,1400.0,,,,0.391
floor5,zoomdyn,map,188,11269,188.004,1.9567,1920,1080,1,207.12,396.33,22,87,4.167,1400.0,1400.0,,,,0.4
floor5,zoomdyn,map,189,11329,189.005,1.9454,1920,1080,1,207.6,397.95,21,96,2.893,1400.0,1400.0,,,,0.391
floor5,zoomdyn,map,190,11389,190.006,1.9329,1920,1080,1,208.44,402.52,16,92,3.648,1400.0,1400.0,,,,0.379
floor5,zoomdyn,map,191,11449,191.007,1.9192,1920,1080,0,,,0,0,,1400.0,1400.0,,,,0.36
floor5,zoomdyn,map,192,11508,191.992,1.9046,1920,1080,1,207.96,405.47,17,91,3.205,1400.0,1400.0,,,,0.37
floor5,zoomdyn,map,193,11568,192.993,1.8887,1920,1080,1,209.21,428.88,16,81,3.029,1400.0,1400.0,,,,0.37
floor5,zoomdyn,map,194,11628,193.994,1.8717,1920,1080,1,206.87,424.68,15,91,3.648,1400.0,1400.0,,,,0.388
floor5,zoomdyn,map,195,11688,194.995,1.8536,1920,1080,1,212.95,433.82,23,73,3.291,1400.0,1400.0,,,,0.377
floor5,zoomdyn,map,196,11748,195.996,1.8346,1920,1080,1,212.6,436.01,24,65,3.194,1400.0,1400.0,,,,0.376
floor5,zoomdyn,map,197,11808,196.997,1.8147,1920,1080,1,210.77,437.19,24,82,2.903,1400.0,1400.0,,,,0.395
floor5,zoomdyn,map,198,11868,197.998,1.7939,1920,1080,1,212.56,439.1,23,82,3.337,1400.0,1400.0,,,,0.408
floor5,zoomdyn,map,199,11928,198.999,1.7723,1920,1080,1,212.82,441.53,23,87,3.862,1400.0,1400.0,,,,0.401
floor5,zoomdyn,map,200,11988,200.0,1.75,1920,1080,1,212.4,434.16,25,100,4.525,1400.0,1400.0,,,,0.402
floor5,zoomdyn,map,201,12048,201.001,1.727,1920,1080,1,213.0,444.75,25,87,3.815,1400.0,1400.0,,,,0.392
floor5,zoomdyn,map,202,12108,202.002,1.7033,1920,1080,1,210.81,446.26,26,100,3.323,1400.0,1400.0,,,,0.401
floor5,zoomdyn,map,203,12168,203.003,1.6791,1920,1080,1,209.83,448.21,24,109,3.618,1400.0,1400.0,,,,0.387
floor5,zoomdyn,map,204,12228,204.004,1.6544,1920,1080,1,207.09,448.79,24,97,4.517,1400.0,1400.0,,,,0.395
floor5,zoomdyn,map,205,12288,205.005,1.6293,1920,1080,1,208.71,447.41,20,60,3.826,1400.0,1400.0,,,,0.369
floor5,zoomdyn,map,206,12348,206.006,1.6038,1920,1080,1,209.96,443.27,18,47,2.997,1400.0,1400.0,,,,0.331
floor5,zoomdyn,map,207,12408,207.007,1.578,1920,1080,1,207.96,449.15,26,59,3.655,1400.0,1400.0,,,,0.297
floor5,zoomdyn,map,208,12468,208.008,1.5521,1920,1080,1,296.15,463.42,25,53,2.818,1400.0,1400.0,,,,0.319
floor5,zoomdyn,map,209,12527,208.992,1.5264,1920,1080,1,298.1,463.64,10,38,3.418,1400.0,1400.0,,,,0.309
floor5,zoomdyn,map,210,12587,209.993,1.5002,1920,1080,0,,,0,0,,1400.0,1400.0,,,,0.285
floor5,zoomdyn,map,211,12647,210.994,1.474,1920,1080,0,,,0,0,,1400.0,1400.0,,,,0.28
floor5,zoomdyn,map,212,12707,211.995,1.4479,1920,1080,1,204.45,432.79,12,41,3.841,1400.0,1400.0,,,,0.325
floor5,zoomdyn,map,213,12767,212.996,1.4219,1920,1080,1,204.23,432.01,19,63,4.172,1400.0,1400.0,,,,0.331
floor5,zoomdyn,map,214,12827,213.997,1.3961,1920,1080,1,204.27,431.28,26,92,4.218,1400.0,1400.0,,,,0.355
floor5,zoomdyn,map,215,12887,214.998,1.3706,1920,1080,1,204.73,430.15,28,82,3.066,1400.0,1400.0,,,,0.344
floor5,zoomdyn,map,216,12947,215.999,1.3455,1920,1080,1,204.85,427.0,16,83,1.6,1400.0,1400.0,,,,0.365
floor5,zoomdyn,map,217,13007,217.0,1.3208,1920,1080,1,208.42,416.26,20,68,2.579,1400.0,1400.0,,,,0.371
floor5,zoomdyn,map,218,13067,218.001,1.2966,1920,1080,1,208.18,414.15,24,75,4.262,1400.0,1400.0,,,,0.359
floor5,zoomdyn,map,219,13127,219.002,1.273,1920,1080,1,208.7,411.28,23,79,3.011,1400.0,1400.0,,,,0.364
floor5,zoomdyn,map,220,13187,220.003,1.2499,1920,1080,1,208.41,405.5,23,65,3.835,1400.0,1400.0,,,,0.351
floor5,zoomdyn,map,221,13247,221.004,1.2276,1920,1080,1,208.15,402.3,24,59,4.043,1400.0,1400.0,,,,0.355
floor5,zoomdyn,map,222,13307,222.005,1.206,1920,1080,1,207.79,398.67,28,64,4.858,1400.0,1400.0,,,,0.302
floor5,zoomdyn,map,223,13367,223.006,1.1852,1920,1080,1,208.4,392.18,29,79,3.297,1400.0,1400.0,,,,0.316
floor5,zoomdyn,map,224,13427,224.007,1.1653,1920,1080,1,208.14,389.25,27,79,3.589,1400.0,1400.0,,,,0.342
floor5,zoomdyn,map,225,13487,225.008,1.1463,1920,1080,1,207.9,388.48,22,67,3.583,1400.0,1400.0,,,,0.343
floor5,zoomdyn,map,226,13546,225.992,1.1286,1920,1080,1,207.22,384.02,26,68,4.28,1400.0,1400.0,,,,0.321
floor5,zoomdyn,map,227,13606,226.993,1.1115,1920,1080,1,206.63,381.35,18,51,2.647,1400.0,1400.0,,,,0.323
floor5,zoomdyn,map,228,13666,227.994,1.0956,1920,1080,1,206.25,377.26,13,29,4.012,1400.0,1400.0,,,,0.283
floor5,zoomdyn,map,229,13726,228.995,1.0807,1920,1080,1,205.3,373.65,30,72,5.023,1400.0,1400.0,,,,0.307
floor5,zoomdyn,map,230,13786,229.996,1.067,1920,1080,1,205.64,367.44,31,71,5.874,1400.0,1400.0,,,,0.313
floor5,zoomdyn,map,231,13846,230.997,1.0545,1920,1080,1,205.59,363.75,31,62,5.772,1400.0,1400.0,,,,0.293
floor5,zoomdyn,map,232,13906,231.998,1.0432,1920,1080,1,204.66,354.79,39,76,3.965,1400.0,1400.0,,,,0.273
floor5,zoomdyn,map,233,13966,232.999,1.0332,1920,1080,1,206.09,353.31,50,88,3.318,1400.0,1400.0,,,,0.282
floor5,zoomdyn,map,234,14026,234.0,1.0245,1920,1080,1,206.35,350.82,60,90,4.407,1400.0,1400.0,,,,0.282
floor5,zoomdyn,map,235,14086,235.001,1.017,1920,1080,1,206.44,346.34,65,90,3.467,1400.0,1400.0,,,,0.27
floor5,zoomdyn,map,236,14146,236.002,1.0109,1920,1080,1,206.52,342.21,73,98,4.379,1400.0,1400.0,,,,0.27
floor5,zoomdyn,map,237,14206,237.003,1.0061,1920,1080,1,206.76,338.29,75,102,4.052,1400.0,1400.0,,,,0.274
floor5,zoomdyn,map,238,14266,238.004,1.0027,1920,1080,1,206.1,334.22,70,99,4.003,1400.0,1400.0,,,,0.273
floor5,zoomdyn,map,239,14326,239.005,1.0007,1920,1080,1,205.92,330.24,65,93,2.659,1400.0,1400.0,,,,0.267
floor5,zoomdyn,map,240,14386,240.006,1.0,1920,1080,1,206.15,326.58,64,96,3.918,1400.0,1400.0,,,,0.27
floor5,zoomdyn,map,241,14446,241.007,1.0007,1920,1080,1,206.07,321.41,55,72,3.599,1400.0,1400.0,,,,0.269
floor5,zoomdyn,map,242,14505,241.992,1.0027,1920,1080,1,205.65,316.49,49,72,3.713,1400.0,1400.0,,,,0.263
floor5,zoomdyn,map,243,14565,242.993,1.0061,1920,1080,1,205.37,312.79,48,62,3.533,1400.0,1400.0,,,,0.269
floor5,zoomdyn,map,244,14625,243.994,1.0109,1920,1080,1,205.69,307.88,46,64,3.805,1400.0,1400.0,,,,0.269
floor5,zoomdyn,map,245,14685,244.995,1.017,1920,1080,1,205.28,302.77,59,95,3.553,1400.0,1400.0,,,,0.275
floor5,zoomdyn,map,246,14745,245.996,1.0244,1920,1080,1,205.26,297.74,48,80,4.498,1400.0,1400.0,,,,0.275
floor5,zoomdyn,map,247,14805,246.997,1.0332,1920,1080,1,205.42,292.37,46,80,3.201,1400.0,1400.0,,,,0.288
floor5,zoomdyn,map,248,14865,247.998,1.0432,1920,1080,1,205.05,287.69,49,91,4.064,1400.0,1400.0,,,,0.289
floor5,zoomdyn,map,249,14925,248.999,1.0545,1920,1080,1,205.62,281.61,42,97,4.282,1400.0,1400.0,,,,0.293
floor5,zoomdyn,map,250,14985,250.0,1.067,1920,1080,1,204.79,276.61,50,96,3.876,1400.0,1400.0,,,,0.293
floor5,zoomdyn,map,251,15045,251.001,1.0807,1920,1080,1,206.54,271.63,42,81,2.294,1400.0,1400.0,,,,0.281
floor5,zoomdyn,map,252,15105,252.002,1.0955,1920,1080,1,206.95,266.93,31,53,2.557,1400.0,1400.0,,,,0.296
floor5,zoomdyn,map,253,15165,253.003,1.1115,1920,1080,1,205.38,262.25,33,55,3.289,1400.0,1400.0,,,,0.28
floor5,zoomdyn,map,254,15225,254.004,1.1285,1920,1080,1,205.02,258.0,30,49,2.926,1400.0,1400.0,,,,0.28
floor5,zoomdyn,map,255,15285,255.005,1.1465,1920,1080,1,204.22,250.14,35,73,3.318,1400.0,1400.0,,,,0.287
floor5,zoomdyn,map,256,15345,256.006,1.1655,1920,1080,1,204.0,245.01,45,81,3.795,1400.0,1400.0,,,,0.329
floor5,zoomdyn,map,257,15405,257.007,1.1855,1920,1080,1,204.28,240.35,35,91,4.052,1400.0,1400.0,,,,0.347
floor5,zoomdyn,map,258,15465,258.008,1.2063,1920,1080,1,204.43,235.47,33,86,3.594,1400.0,1400.0,,,,0.328
floor5,zoomdyn,map,259,15524,258.992,1.2275,1920,1080,1,204.04,231.92,34,110,3.871,1400.0,1400.0,,,,0.348
floor5,zoomdyn,map,260,15584,259.993,1.2498,1920,1080,1,204.06,225.69,33,114,4.821,1400.0,1400.0,,,,0.384
floor5,zoomdyn,map,261,15644,260.994,1.2729,1920,1080,1,205.51,221.16,34,117,3.425,1400.0,1400.0,,,,0.402
floor5,zoomdyn,map,262,15704,261.995,1.2965,1920,1080,1,206.98,216.5,30,103,4.564,1400.0,1400.0,,,,0.395
floor5,zoomdyn,map,263,15764,262.996,1.3207,1920,1080,1,207.95,213.1,22,80,3.368,1400.0,1400.0,,,,0.353
floor5,zoomdyn,map,264,15824,263.997,1.3454,1920,1080,1,210.21,209.94,15,49,3.561,1400.0,1400.0,,,,0.389
floor5,zoomdyn,map,265,15884,264.998,1.3705,1920,1080,0,,,0,0,,1400.0,1400.0,,,,0.306
floor5,zoomdyn,map,266,15944,265.999,1.396,1920,1080,1,220.09,234.59,10,16,2.361,1400.0,1400.0,,,,0.299
floor5,zoomdyn,map,267,16004,267.0,1.4218,1920,1080,1,220.33,229.99,10,24,2.251,1400.0,1400.0,,,,0.352
floor5,zoomdyn,map,268,16064,268.001,1.4478,1920,1080,1,252.03,233.21,15,45,3.948,1400.0,1400.0,,,,0.356
floor5,zoomdyn,map,269,16124,269.002,1.4739,1920,1080,1,260.95,235.65,11,42,3.388,1400.0,1400.0,,,,0.382
floor5,zoomdyn,map,270,16184,270.003,1.5001,1920,1080,1,252.68,230.72,24,77,3.371,1400.0,1400.0,,,,0.365
floor5,zoomdyn,map,271,16244,271.004,1.5263,1920,1080,1,256.61,238.2,23,84,2.758,1400.0,1400.0,,,,0.385
floor5,zoomdyn,map,272,16304,272.005,1.5524,1920,1080,1,260.01,237.83,26,98,3.089,1400.0,1400.0,,,,0.381
floor5,zoomdyn,map,273,16364,273.006,1.5784,1920,1080,1,263.6,238.29,23,94,3.067,1400.0,1400.0,,,,0.386
floor5,zoomdyn,map,274,16424,274.007,1.6041,1920,1080,1,266.43,240.58,32,59,3.297,1400.0,1400.0,,,,0.298
floor5,zoomdyn,map,275,16484,275.008,1.6296,1920,1080,1,269.7,241.55,25,57,2.576,1400.0,1400.0,,,,0.314
floor5,zoomdyn,map,276,16543,275.992,1.6543,1920,1080,1,273.63,240.7,24,78,3.993,1400.0,1400.0,,,,0.362
floor5,zoomdyn,map,277,16603,276.993,1.679,1920,1080,1,275.84,242.27,18,86,3.789,1400.0,1400.0,,,,0.378
floor5,zoomdyn,map,278,16663,277.994,1.7032,1920,1080,1,279.82,240.74,16,69,3.14,1400.0,1400.0,,,,0.372
floor5,zoomdyn,map,279,16723,278.995,1.7269,1920,1080,1,282.98,241.52,18,47,5.282,1400.0,1400.0,,,,0.339
floor5,zoomdyn,map,280,16783,279.996,1.7499,1920,1080,1,286.74,243.89,22,47,3.841,1400.0,1400.0,,,,0.279
floor5,zoomdyn,map,281,16843,280.997,1.7723,1920,1080,1,288.89,246.2,29,44,3.702,1400.0,1400.0,,,,0.251
floor5,zoomdyn,map,282,16903,281.998,1.7939,1920,1080,1,291.07,247.12,24,45,4.143,1400.0,1400.0,,,,0.256
floor5,zoomdyn,map,283,16963,282.999,1.8146,1920,1080,1,292.69,254.49,12,50,3.159,1400.0,1400.0,,,,0.334
floor5,zoomdyn,map,284,17023,284.0,1.8346,1920,1080,1,284.39,252.56,10,64,1.779,1400.0,1400.0,,,,0.34
floor5,zoomdyn,map,285,17083,285.001,1.8536,1920,1080,1,294.82,272.13,10,50,4.129,1400.0,1400.0,,,,0.347
floor5,zoomdyn,map,286,17143,286.002,1.8716,1920,1080,1,292.02,289.57,10,61,3.597,1400.0,1400.0,,,,0.341
floor5,zoomdyn,map,287,17203,287.003,1.8886,1920,1080,0,,,0,0,,1400.0,1400.0,,,,0.348
floor5,zoomdyn,map,288,17263,288.004,1.9046,1920,1080,0,,,0,0,,1400.0,1400.0,,,,0.347
floor5,zoomdyn,map,289,17323,289.005,1.9194,1920,1080,0,,,0,0,,1400.0,1400.0,,,,0.357
floor5,zoomdyn,map,290,17383,290.006,1.9331,1920,1080,0,,,0,0,,1400.0,1400.0,,,,0.371
floor5,zoomdyn,map,291,17443,291.007,1.9456,1920,1080,0,,,0,0,,1400.0,1400.0,,,,0.36
floor5,zoomdyn,map,292,17502,291.992,1.9567,1920,1080,1,295.86,312.21,11,69,3.426,1400.0,1400.0,,,,0.37
floor5,zoomdyn,map,293,17562,292.993,1.9667,1920,1080,0,,,0,0,,1400.0,1400.0,,,,0.369
floor5,zoomdyn,map,294,17622,293.994,1.9755,1920,1080,1,294.23,328.33,15,84,4.184,1400.0,1400.0,,,,0.384
floor5,zoomdyn,map,295,17682,294.995,1.9829,1920,1080,1,294.58,330.22,15,83,3.103,1400.0,1400.0,,,,0.399
floor5,zoomdyn,map,296,17742,295.996,1.9891,1920,1080,1,294.58,333.18,16,82,3.437,1400.0,1400.0,,,,0.378
floor5,zoomdyn,map,297,17802,296.997,1.9938,1920,1080,1,295.53,335.32,13,81,2.205,1400.0,1400.0,,,,0.371
floor5,zoomdyn,map,298,17862,297.998,1.9973,1920,1080,1,294.0,380.38,11,42,3.715,1400.0,1400.0,,,,0.367
floor5,zoomdyn,map,299,17922,298.999,1.9993,1920,1080,0,,,0,0,,1400.0,1400.0,,,,0.374
floor5,zoomdyn,map,300,17982,300.0,2.0,1920,1080,0,,,0,0,,1400.0,1400.0,,,,0.36
floor5,zoomdyn,map,301,18042,301.001,1.9993,1920,1080,0,,,0,0,,1400.0,1400.0,,,,0.36
floor5,zoomdyn,map,302,18102,302.002,1.9973,1920,1080,0,,,0,0,,1400.0,1400.0,,,,0.355
floor5,zoomdyn,map,303,18162,303.003,1.9938,1920,1080,1,290.12,348.38,13,78,2.889,1400.0,1400.0,,,,0.36
floor5,zoomdyn,map,304,18222,304.004,1.9891,1920,1080,1,296.89,390.49,12,42,4.352,1400.0,1400.0,,,,0.355
floor5,zoomdyn,map,305,18282,305.005,1.9829,1920,1080,1,291.77,372.76,11,49,3.087,1400.0,1400.0,,,,0.36
floor5,zoomdyn,map,306,18342,306.006,1.9755,1920,1080,1,295.56,396.96,11,54,2.722,1400.0,1400.0,,,,0.36
floor5,zoomdyn,map,307,18402,307.007,1.9667,1920,1080,1,296.42,398.83,11,72,3.732,1400.0,1400.0,,,,0.35
floor5,zoomdyn,map,308,18462,308.008,1.9567,1920,1080,1,297.77,399.29,11,59,3.586,1400.0,1400.0,,,,0.351
floor5,zoomdyn,map,309,18521,308.992,1.9456,1920,1080,1,297.36,404.17,17,59,2.985,1400.0,1400.0,,,,0.358
floor5,zoomdyn,map,310,18581,309.993,1.9331,1920,1080,1,293.82,409.88,13,64,4.229,1400.0,1400.0,,,,0.345
floor5,zoomdyn,map,311,18641,310.994,1.9194,1920,1080,1,297.54,409.22,10,53,3.671,1400.0,1400.0,,,,0.36
floor5,zoomdyn,map,312,18701,311.995,1.9046,1920,1080,1,297.62,408.67,13,59,3.454,1400.0,1400.0,,,,0.374
floor5,zoomdyn,map,313,18761,312.996,1.8886,1920,1080,1,297.64,411.91,17,77,3.957,1400.0,1400.0,,,,0.379
floor5,zoomdyn,map,314,18821,313.997,1.8716,1920,1080,1,297.61,414.13,16,65,3.485,1400.0,1400.0,,,,0.378
floor5,zoomdyn,map,315,18881,314.998,1.8536,1920,1080,1,297.24,416.33,14,58,3.208,1400.0,1400.0,,,,0.368
floor5,zoomdyn,map,316,18941,315.999,1.8346,1920,1080,1,297.98,420.31,16,73,3.085,1400.0,1400.0,,,,0.389
floor5,zoomdyn,map,317,19001,317.0,1.8147,1920,1080,1,297.88,422.72,17,83,3.574,1400.0,1400.0,,,,0.399
floor5,zoomdyn,map,318,19061,318.001,1.7939,1920,1080,1,299.05,441.1,19,54,3.412,1400.0,1400.0,,,,0.372
floor5,zoomdyn,map,319,19121,319.002,1.7723,1920,1080,1,294.55,443.26,21,57,3.894,1400.0,1400.0,,,,0.347
floor5,zoomdyn,map,320,19181,320.003,1.7499,1920,1080,1,300.34,434.71,16,60,3.122,1400.0,1400.0,,,,0.391
floor5,zoomdyn,map,321,19241,321.004,1.7269,1920,1080,1,299.21,447.12,18,40,2.149,1400.0,1400.0,,,,0.341
floor5,zoomdyn,map,322,19301,322.005,1.7032,1920,1080,1,298.3,448.57,21,44,3.092,1400.0,1400.0,,,,0.319
floor5,zoomdyn,map,323,19361,323.006,1.679,1920,1080,1,299.85,450.78,21,43,3.127,1400.0,1400.0,,,,0.29
floor5,zoomdyn,map,324,19421,324.007,1.6543,1920,1080,1,298.98,453.23,22,43,4.092,1400.0,1400.0,,,,0.289
floor5,zoomdyn,map,325,19481,325.008,1.6292,1920,1080,1,299.68,455.33,22,51,3.469,1400.0,1400.0,,,,0.323
floor5,zoomdyn,map,326,19540,325.992,1.6042,1920,1080,1,299.14,457.49,23,55,4.503,1400.0,1400.0,,,,0.341
floor5,zoomdyn,map,327,19600,326.993,1.5784,1920,1080,1,297.02,459.7,23,67,3.534,1400.0,1400.0,,,,0.33
floor5,zoomdyn,map,328,19660,327.994,1.5524,1920,1080,1,296.63,461.87,21,55,4.052,1400.0,1400.0,,,,0.329
floor5,zoomdyn,map,329,19720,328.995,1.5263,1920,1080,1,296.39,463.76,17,45,3.772,1400.0,1400.0,,,,0.338
floor5,zoomdyn,map,330,19780,329.996,1.5001,1920,1080,1,295.87,465.89,10,25,2.93,1400.0,1400.0,,,,0.364
floor5,zoomdyn,map,331,19840,330.997,1.4739,1920,1080,0,,,0,0,,1400.0,1400.0,,,,0.323
floor5,zoomdyn,selfcal,0,0,0.0,1.0,1920,1080,1,285.98,458.98,108,111,2.066,1400.0,1400.0,estimating,1400.0,0,0.234
floor5,zoomdyn,selfcal,1,60,1.001,1.0007,1920,1080,1,286.46,459.28,142,145,1.772,1400.0,1400.0,estimating,1591.3,1,0.238
floor5,zoomdyn,selfcal,2,120,2.002,1.0027,1920,1080,1,287.02,459.02,111,152,4.3,1591.3,1591.3,estimating,1591.3,2,0.272
floor5,zoomdyn,selfcal,3,180,3.003,1.0062,1920,1080,1,288.4,458.41,25,53,3.293,1591.3,1591.3,estimating,1423.6,3,0.314
floor5,zoomdyn,selfcal,4,240,4.004,1.0109,1920,1080,1,290.7,462.49,30,50,3.968,1423.6,1423.6,estimating,1411.8,4,0.325
floor5,zoomdyn,selfcal,5,300,5.005,1.0171,1920,1080,1,291.75,463.75,102,113,4.327,1411.8,1411.8,estimating,1390.6,5,0.236
floor5,zoomdyn,selfcal,6,360,6.006,1.0245,1920,1080,1,293.36,464.42,183,185,2.667,1390.6,1390.6,estimating,1373.2,6,0.243
floor5,zoomdyn,selfcal,7,420,7.007,1.0333,1920,1080,1,295.18,463.22,55,101,4.891,1373.2,1373.2,estimating,1358.9,7,0.268
floor5,zoomdyn,selfcal,8,480,8.008,1.0433,1920,1080,1,295.18,459.37,44,75,3.537,1358.9,1358.9,estimating,1347.8,8,0.287
floor5,zoomdyn,selfcal,9,539,8.992,1.0544,1920,1080,1,295.42,456.43,44,81,4.424,1347.8,1347.8,estimating,1339.0,9,0.285
floor5,zoomdyn,selfcal,10,599,9.993,1.0669,1920,1080,1,296.12,452.73,33,71,3.646,1339.0,1339.0,estimating,1344.1,10,0.302
floor5,zoomdyn,selfcal,11,659,10.994,1.0806,1920,1080,1,295.87,450.06,24,77,2.343,1344.1,1344.1,estimating,1351.9,11,0.336
floor5,zoomdyn,selfcal,12,719,11.995,1.0954,1920,1080,1,294.17,440.03,18,45,3.844,1351.9,1351.9,estimating,1374.7,12,0.33
floor5,zoomdyn,selfcal,13,779,12.996,1.1114,1920,1080,1,294.2,439.36,20,56,4.186,1374.7,1374.7,estimating,1394.4,13,0.333
floor5,zoomdyn,selfcal,14,839,13.997,1.1284,1920,1080,1,293.94,431.56,24,65,3.76,1394.4,1394.4,estimating,1412.4,14,0.343
floor5,zoomdyn,selfcal,15,899,14.998,1.1464,1920,1080,1,294.02,430.07,21,56,3.758,1412.4,1412.4,estimating,1430.3,15,0.343
floor5,zoomdyn,selfcal,16,959,15.999,1.1654,1920,1080,1,294.46,424.61,21,63,4.602,1430.3,1430.3,estimating,1449.6,16,0.334
floor5,zoomdyn,selfcal,17,1019,17.0,1.1853,1920,1080,1,295.18,415.36,20,31,3.404,1449.6,1449.6,estimating,1469.9,17,0.317
floor5,zoomdyn,selfcal,18,1079,18.001,1.2061,1920,1080,1,295.72,415.66,25,47,3.634,1469.9,1469.9,estimating,1488.4,18,0.278
floor5,zoomdyn,selfcal,19,1139,19.002,1.2277,1920,1080,1,296.19,409.95,27,55,3.521,1488.4,1488.4,estimating,1510.9,19,0.295
floor5,zoomdyn,selfcal,20,1199,20.003,1.2501,1920,1080,1,295.8,404.69,24,54,3.4,1510.9,1510.9,estimating,1535.8,20,0.324
floor5,zoomdyn,selfcal,21,1259,21.004,1.2731,1920,1080,1,295.14,400.62,26,59,3.614,1535.8,1535.8,estimating,1559.0,21,0.311
floor5,zoomdyn,selfcal,22,1319,22.005,1.2968,1920,1080,1,294.66,396.25,29,71,3.419,1559.0,1559.0,estimating,1583.0,22,0.326
floor5,zoomdyn,selfcal,23,1379,23.006,1.321,1920,1080,1,294.24,390.99,35,73,4.257,1583.0,1583.0,estimating,1610.3,23,0.296
floor5,zoomdyn,selfcal,24,1439,24.007,1.3457,1920,1080,1,294.85,387.69,43,101,5.185,1610.3,1610.3,estimating,1639.0,24,0.275
floor5,zoomdyn,selfcal,25,1499,25.008,1.3708,1920,1080,1,294.28,382.61,68,135,3.326,1639.0,1639.0,estimating,1663.2,25,0.288
floor5,zoomdyn,selfcal,26,1558,25.993,1.3959,1920,1080,1,293.69,378.11,60,122,2.925,1663.2,1663.2,estimating,1691.0,26,0.297
floor5,zoomdyn,selfcal,27,1618,26.994,1.4216,1920,1080,1,293.96,373.85,62,136,2.923,1691.0,1691.0,estimating,1721.5,27,0.291
floor5,zoomdyn,selfcal,28,1678,27.995,1.4476,1920,1080,1,293.9,369.72,62,148,3.913,1721.5,1721.5,estimating,1753.5,28,0.302
floor5,zoomdyn,selfcal,29,1738,28.996,1.4737,1920,1080,1,293.8,364.86,32,105,3.549,1753.5,1753.5,estimating,1787.7,29,0.372
floor5,zoomdyn,selfcal,30,1798,29.997,1.4999,1920,1080,1,293.68,354.79,21,66,3.68,1787.7,1787.7,estimating,1818.7,30,0.375
floor5,zoomdyn,selfcal,31,1858,30.998,1.5261,1920,1080,1,294.31,348.98,29,64,3.896,1818.7,1818.7,estimating,1852.1,31,0.344
floor5,zoomdyn,selfcal,32,1918,31.999,1.5522,1920,1080,1,293.32,343.22,31,77,4.535,1852.1,1852.1,estimating,1885.1,32,0.332
floor5,zoomdyn,selfcal,33,1978,33.0,1.5782,1920,1080,1,294.35,337.85,33,93,4.492,1885.1,1885.1,estimating,1913.6,33,0.295
floor5,zoomdyn,selfcal,34,2038,34.001,1.604,1920,1080,1,293.2,330.7,30,84,4.188,1913.6,1913.6,estimating,1947.2,34,0.313
floor5,zoomdyn,selfcal,35,2098,35.002,1.6295,1920,1080,1,292.83,327.16,32,87,4.185,1947.2,1947.2,estimating,1986.2,35,0.32
floor5,zoomdyn,selfcal,36,2158,36.003,1.6546,1920,1080,1,291.08,318.84,28,81,4.759,1986.2,1986.2,estimating,2023.5,36,0.339
floor5,zoomdyn,selfcal,37,2218,37.004,1.6793,1920,1080,1,291.81,314.71,28,89,4.121,2023.5,2023.5,estimating,2055.0,37,0.346
floor5,zoomdyn,selfcal,38,2278,38.005,1.7035,1920,1080,1,291.31,310.31,28,97,4.666,2055.0,2055.0,estimating,2081.7,38,0.344
floor5,zoomdyn,selfcal,39,2338,39.006,1.7271,1920,1080,1,291.95,309.47,26,85,4.563,2081.7,2081.7,estimating,2113.6,39,0.36
floor5,zoomdyn,selfcal,40,2398,40.007,1.7502,1920,1080,1,290.95,301.98,26,98,5.473,2113.6,2113.6,estimating,2149.6,40,0.382
floor5,zoomdyn,selfcal,41,2458,41.008,1.7725,1920,1080,1,291.85,297.4,43,103,4.625,2149.6,2149.6,estimating,2183.3,41,0.348
floor5,zoomdyn,selfcal,42,2517,41.992,1.7937,1920,1080,1,290.99,292.8,32,71,3.311,2183.3,2183.3,estimating,2215.8,42,0.324
floor5,zoomdyn,selfcal,43,2577,42.993,1.8145,1920,1080,1,291.49,288.78,34,61,3.483,2215.8,2215.8,estimating,2248.8,43,0.352
floor5,zoomdyn,selfcal,44,2637,43.994,1.8344,1920,1080,1,291.75,284.36,34,69,3.163,2248.8,2248.8,estimating,2282.5,44,0.374
floor5,zoomdyn,selfcal,45,2697,44.995,1.8535,1920,1080,1,291.2,280.15,45,89,3.681,2282.5,2282.5,estimating,2312.1,45,0.314
floor5,zoomdyn,selfcal,46,2757,45.996,1.8715,1920,1080,1,291.19,275.81,40,101,4.329,2312.1,2312.1,estimating,2341.1,46,0.348
floor5,zoomdyn,selfcal,47,2817,46.997,1.8885,1920,1080,1,291.72,266.08,31,75,4.46,2341.1,2341.1,estimating,2369.4,47,0.359
floor5,zoomdyn,selfcal,48,2877,47.998,1.9045,1920,1080,1,291.39,262.01,34,97,4.126,2369.4,2369.4,estimating,2392.8,48,0.354
floor5,zoomdyn,selfcal,49,2937,48.999,1.9193,1920,1080,1,290.79,258.43,34,89,4.108,2392.8,2392.8,estimating,2422.4,49,0.36
floor5,zoomdyn,selfcal,50,2997,50.0,1.933,1920,1080,1,290.72,254.33,39,95,5.025,2422.4,2422.4,estimating,2459.2,50,0.341
floor5,zoomdyn,selfcal,51,3057,51.001,1.9455,1920,1080,1,289.8,249.95,34,83,3.246,2459.2,2459.2,estimating,2493.5,51,0.341
floor5,zoomdyn,selfcal,52,3117,52.002,1.9568,1920,1080,1,288.69,245.84,43,92,5.095,2493.5,2493.5,estimating,2523.9,52,0.331
floor5,zoomdyn,selfcal,53,3177,53.003,1.9668,1920,1080,1,288.25,242.36,41,88,3.956,2523.9,2523.9,estimating,2550.8,53,0.324
floor5,zoomdyn,selfcal,54,3237,54.004,1.9756,1920,1080,1,287.62,237.94,28,55,4.213,2550.8,2550.8,estimating,2575.4,54,0.285
floor5,zoomdyn,selfcal,55,3297,55.005,1.983,1920,1080,1,283.93,235.2,15,33,4.945,2575.4,2575.4,estimating,2597.3,55,0.296
floor5,zoomdyn,selfcal,56,3357,56.006,1.9891,1920,1080,1,282.17,232.52,13,26,3.301,2597.3,2597.3,estimating,2617.6,56,0.306
floor5,zoomdyn,selfcal,57,3417,57.007,1.9939,1920,1080,1,275.04,226.47,47,84,2.684,2617.6,2617.6,estimating,2644.3,57,0.33
floor5,zoomdyn,selfcal,58,3477,58.008,1.9973,1920,1080,1,272.24,228.44,41,64,2.963,2644.3,2644.3,estimating,2665.7,58,0.311
floor5,zoomdyn,selfcal,59,3536,58.992,1.9993,1920,1080,1,269.05,228.25,34,50,3.99,2665.7,2665.7,estimating,2688.7,59,0.283
floor5,zoomdyn,selfcal,60,3596,59.993,2.0,1920,1080,1,264.55,227.28,30,55,3.984,2688.7,2688.7,estimating,2711.2,60,0.345
floor5,zoomdyn,selfcal,61,3656,60.994,1.9993,1920,1080,1,260.03,226.84,51,70,3.169,2711.2,2711.2,estimating,2729.3,61,0.324
floor5,zoomdyn,selfcal,62,3716,61.995,1.9973,1920,1080,1,255.97,226.32,68,95,3.442,2729.3,2729.3,estimating,2744.2,62,0.31
floor5,zoomdyn,selfcal,63,3776,62.996,1.9939,1920,1080,1,252.04,225.76,56,72,3.357,2744.2,2744.2,estimating,2757.7,63,0.337
floor5,zoomdyn,selfcal,64,3836,63.997,1.9891,1920,1080,1,248.53,225.12,75,96,3.515,2757.7,2757.7,estimating,2767.4,64,0.326
floor5,zoomdyn,selfcal,65,3896,64.998,1.983,1920,1080,1,244.37,224.52,77,96,3.516,2767.4,2767.4,estimating,2774.1,65,0.33
floor5,zoomdyn,selfcal,66,3956,65.999,1.9755,1920,1080,1,240.02,223.85,50,60,3.525,2774.1,2774.1,estimating,2779.5,66,0.342
floor5,zoomdyn,selfcal,67,4016,67.0,1.9668,1920,1080,1,235.68,223.33,55,70,3.163,2779.5,2779.5,estimating,2783.8,67,0.346
floor5,zoomdyn,selfcal,68,4076,68.001,1.9568,1920,1080,1,231.22,222.55,48,62,4.154,2783.8,2783.8,estimating,2785.2,68,0.295
floor5,zoomdyn,selfcal,69,4136,69.002,1.9455,1920,1080,1,226.74,221.53,44,69,3.344,2785.2,2785.2,estimating,2785.2,69,0.295
floor5,zoomdyn,selfcal,70,4196,70.003,1.933,1920,1080,1,222.15,220.49,38,56,2.935,2785.2,2785.2,estimating,2782.7,70,0.277
floor5,zoomdyn,selfcal,71,4256,71.004,1.9193,1920,1080,1,218.04,220.32,43,54,4.761,2782.7,2782.7,estimating,2777.3,71,0.261
floor5,zoomdyn,selfcal,72,4316,72.005,1.9044,1920,1080,1,214.62,221.17,25,34,2.61,2777.3,2777.3,estimating,2770.0,72,0.242
floor5,zoomdyn,selfcal,73,4376,73.006,1.8885,1920,1080,1,211.44,219.79,12,18,3.595,2770.0,2770.0,estimating,2764.2,73,0.247
floor5,zoomdyn,selfcal,74,4436,74.007,1.8714,1920,1080,0,,,0,0,,2764.2,2764.2,estimating,2764.2,74,0.268
floor5,zoomdyn,selfcal,75,4496,75.008,1.8534,1920,1080,0,,,0,0,,2764.2,2764.2,estimating,2764.2,74,0.194
floor5,zoomdyn,selfcal,76,4555,75.993,1.8347,1920,1080,0,,,0,0,,2764.2,2764.2,estimating,2764.2,74,0.282
floor5,zoomdyn,selfcal,77,4615,76.994,1.8148,1920,1080,1,207.36,200.08,28,69,4.518,2764.2,2764.2,estimating,2764.2,74,0.309
floor5,zoomdyn,selfcal,78,4675,77.995,1.794,1920,1080,1,207.58,201.21,21,39,3.048,2764.2,2764.2,estimating,2761.1,75,0.312
floor5,zoomdyn,selfcal,79,4735,78.996,1.7724,1920,1080,1,207.95,193.11,27,86,4.345,2761.1,2761.1,estimating,2761.1,76,0.346
floor5,zoomdyn,selfcal,80,4795,79.997,1.7501,1920,1080,1,206.35,194.47,26,38,3.137,2761.1,2761.1,estimating,2729.9,77,0.297
floor5,zoomdyn,selfcal,81,4855,80.998,1.7271,1920,1080,1,205.53,185.67,43,92,3.565,2729.9,2729.9,estimating,2689.8,78,0.289
floor5,zoomdyn,selfcal,82,4915,81.999,1.7034,1920,1080,1,204.62,180.81,40,95,4.253,2689.8,2689.8,estimating,2657.7,79,0.299
floor5,zoomdyn,selfcal,83,4975,83.0,1.6792,1920,1080,1,203.36,176.81,37,103,4.409,2657.7,2657.7,estimating,2632.0,80,0.287
floor5,zoomdyn,selfcal,84,5035,84.001,1.6545,1920,1080,1,202.77,172.22,32,87,4.173,2632.0,2632.0,estimating,2599.6,81,0.3
floor5,zoomdyn,selfcal,85,5095,85.002,1.6294,1920,1080,1,202.29,173.15,41,85,3.677,2599.6,2599.6,estimating,2564.6,82,0.282
floor5,zoomdyn,selfcal,86,5155,86.003,1.6039,1920,1080,1,201.48,169.62,36,84,3.649,2564.6,2564.6,estimating,2524.2,83,0.284
floor5,zoomdyn,selfcal,87,5215,87.004,1.5781,1920,1080,1,201.55,165.95,35,79,3.615,2524.2,2524.2,estimating,2484.2,84,0.301
floor5,zoomdyn,selfcal,88,5275,88.005,1.5521,1920,1080,1,201.86,160.63,45,74,3.702,2484.2,2484.2,estimating,2450.1,85,0.265
floor5,zoomdyn,selfcal,89,5335,89.006,1.526,1920,1080,1,201.95,156.16,50,87,3.905,2450.1,2450.1,estimating,2419.6,86,0.25
floor5,zoomdyn,selfcal,90,5395,90.007,1.4998,1920,1080,1,202.31,150.55,58,107,4.263,2419.6,2419.6,estimating,2390.2,87,0.268
floor5,zoomdyn,selfcal,91,5455,91.008,1.4736,1920,1080,1,202.18,145.44,60,110,4.271,2390.2,2390.2,estimating,2355.9,88,0.256
floor5,zoomdyn,selfcal,92,5514,91.992,1.4479,1920,1080,1,202.06,140.32,55,109,4.199,2355.9,2355.9,estimating,2318.5,89,0.25
floor5,zoomdyn,selfcal,93,5574,92.993,1.422,1920,1080,1,202.03,136.23,58,121,4.533,2318.5,2318.5,estimating,2285.9,90,0.262
floor5,zoomdyn,selfcal,94,5634,93.994,1.3962,1920,1080,1,201.82,131.73,55,125,3.724,2285.9,2285.9,estimating,2253.7,91,0.271
floor5,zoomdyn,selfcal,95,5694,94.995,1.3707,1920,1080,1,202.21,127.12,52,119,5.269,2253.7,2253.7,estimating,2221.9,92,0.262
floor5,zoomdyn,selfcal,96,5754,95.996,1.3456,1920,1080,1,202.07,121.44,42,104,3.729,2221.9,2221.9,estimating,2193.8,93,0.3
floor5,zoomdyn,selfcal,97,5814,96.997,1.3209,1920,1080,1,202.74,116.82,46,131,3.936,2193.8,2193.8,estimating,2165.2,94,0.335
floor5,zoomdyn,selfcal,98,5874,97.998,1.2967,1920,1080,1,202.58,113.73,33,99,4.134,2165.2,2165.2,estimating,2131.2,95,0.356
floor5,zoomdyn,selfcal,99,5934,98.999,1.273,1920,1080,1,201.92,108.5,36,115,2.764,2131.2,2131.2,estimating,2093.2,96,0.38
floor5,zoomdyn,selfcal,100,5994,100.0,1.25,1920,1080,1,201.15,107.73,35,107,4.375,2093.2,2093.2,estimating,2056.3,97,0.313
floor5,zoomdyn,selfcal,101,6054,101.001,1.2277,1920,1080,1,201.28,102.59,47,103,4.021,2056.3,2056.3,estimating,2023.1,98,0.294
floor5,zoomdyn,selfcal,102,6114,102.002,1.2061,1920,1080,1,201.45,97.29,47,132,4.419,2023.1,2023.1,estimating,1987.0,99,0.322
floor5,zoomdyn,selfcal,103,6174,103.003,1.1853,1920,1080,1,201.36,95.21,45,103,3.626,1987.0,1987.0,estimating,1949.6,100,0.305
floor5,zoomdyn,selfcal,104,6234,104.004,1.1654,1920,1080,1,201.09,89.86,46,102,3.68,1949.6,1949.6,estimating,1918.5,101,0.311
floor5,zoomdyn,selfcal,105,6294,105.005,1.1464,1920,1080,1,200.35,84.63,42,100,3.803,1918.5,1918.5,estimating,1887.7,102,0.321
floor5,zoomdyn,selfcal,106,6354,106.006,1.1283,1920,1080,1,202.32,83.91,38,100,3.878,1887.7,1887.7,estimating,1856.1,103,0.328
floor5,zoomdyn,selfcal,107,6414,107.007,1.1113,1920,1080,1,202.08,78.5,40,94,4.077,1856.1,1856.1,estimating,1824.9,104,0.294
floor5,zoomdyn,selfcal,108,6474,108.008,1.0954,1920,1080,1,201.78,74.02,54,113,4.944,1824.9,1824.9,estimating,1793.2,105,0.286
floor5,zoomdyn,selfcal,109,6533,108.992,1.0808,1920,1080,1,201.72,69.57,50,92,3.507,1793.2,1793.2,estimating,1762.4,106,0.273
floor5,zoomdyn,selfcal,110,6593,109.993,1.0671,1920,1080,1,201.33,64.76,44,100,4.861,1762.4,1762.4,estimating,1731.8,107,0.274
floor5,zoomdyn,selfcal,111,6653,110.994,1.0546,1920,1080,1,202.34,61.31,37,67,4.537,1731.8,1731.8,estimating,1702.8,108,0.279
floor5,zoomdyn,selfcal,112,6713,111.995,1.0433,1920,1080,1,200.38,58.85,30,70,3.735,1702.8,1702.8,estimating,1676.3,109,0.303
floor5,zoomdyn,selfcal,113,6773,112.996,1.0332,1920,1080,1,200.6,55.25,28,75,4.528,1676.3,1676.3,estimating,1648.9,110,0.345
floor5,zoomdyn,selfcal,114,6833,113.997,1.0245,1920,1080,1,200.4,50.95,37,81,3.136,1648.9,1648.9,estimating,1621.4,111,0.285
floor5,zoomdyn,selfcal,115,6893,114.998,1.017,1920,1080,1,201.54,47.37,14,31,3.562,1621.4,1621.4,estimating,1597.8,112,0.28
floor5,zoomdyn,selfcal,116,6953,115.999,1.0109,1920,1080,1,202.99,49.22,10,26,2.69,1597.8,1597.8,estimating,1576.8,113,0.336
floor5,zoomdyn,selfcal,117,7013,117.0,1.0062,1920,1080,1,206.36,42.58,25,51,3.756,1576.8,1576.8,estimating,1554.7,114,0.32
floor5,zoomdyn,selfcal,118,7073,118.001,1.0027,1920,1080,1,209.38,42.88,39,81,4.512,1554.7,1554.7,estimating,1532.5,115,0.314
floor5,zoomdyn,selfcal,119,7133,119.002,1.0007,1920,1080,1,210.86,47.85,47,119,4.678,1532.5,1532.5,estimating,1514.8,116,0.302
floor5,zoomdyn,selfcal,120,7193,120.003,1.0,1920,1080,1,211.14,53.4,49,106,4.086,1514.8,1514.8,estimating,1497.5,117,0.297
floor5,zoomdyn,selfcal,121,7253,121.004,1.0007,1920,1080,1,210.65,58.0,65,119,4.536,1497.5,1497.5,estimating,1479.3,118,0.281
floor5,zoomdyn,selfcal,122,7313,122.005,1.0028,1920,1080,1,210.45,61.53,82,115,3.71,1479.3,1479.3,estimating,1463.2,119,0.268
floor5,zoomdyn,selfcal,123,7373,123.006,1.0062,1920,1080,1,210.32,66.21,104,130,3.716,1463.2,1463.2,estimating,1449.6,120,0.263
floor5,zoomdyn,selfcal,124,7433,124.007,1.011,1920,1080,1,210.05,71.09,110,146,4.034,1449.6,1449.6,estimating,1439.4,121,0.272
floor5,zoomdyn,selfcal,125,7493,125.008,1.0171,1920,1080,1,209.87,76.1,110,135,2.923,1439.4,1439.4,estimating,1431.3,122,0.278
floor5,zoomdyn,selfcal,126,7552,125.993,1.0244,1920,1080,1,209.77,80.69,122,136,3.268,1431.3,1431.3,estimating,1425.9,123,0.279
floor5,zoomdyn,selfcal,127,7612,126.994,1.0331,1920,1080,1,209.76,85.51,105,116,4.399,1425.9,1425.9,estimating,1421.5,124,0.267
floor5,zoomdyn,selfcal,128,7672,127.995,1.0432,1920,1080,1,209.54,90.75,94,118,4.128,1421.5,1421.5,estimating,1418.0,125,0.243
floor5,zoomdyn,selfcal,129,7732,128.996,1.0544,1920,1080,1,209.6,96.12,88,106,3.517,1418.0,1418.0,estimating,1418.0,126,0.235
floor5,zoomdyn,selfcal,130,7792,129.997,1.0669,1920,1080,1,209.15,99.84,83,103,3.468,1418.0,1418.0,estimating,1420.7,127,0.239
floor5,zoomdyn,selfcal,131,7852,130.998,1.0806,1920,1080,1,209.13,105.75,86,114,3.796,1420.7,1420.7,estimating,1424.8,128,0.24
floor5,zoomdyn,selfcal,132,7912,131.999,1.0955,1920,1080,1,208.88,111.87,83,130,4.43,1424.8,1424.8,estimating,1431.3,129,0.244
floor5,zoomdyn,selfcal,133,7972,133.0,1.1114,1920,1080,1,208.29,117.55,91,142,3.503,1431.3,1431.3,estimating,1439.3,130,0.256
floor5,zoomdyn,selfcal,134,8032,134.001,1.1284,1920,1080,1,208.25,122.97,72,150,3.991,1439.3,1439.3,estimating,1447.0,131,0.277
floor5,zoomdyn,selfcal,135,8092,135.002,1.1465,1920,1080,1,208.86,128.42,57,143,5.215,1447.0,1447.0,estimating,1457.2,132,0.303
floor5,zoomdyn,selfcal,136,8152,136.003,1.1655,1920,1080,1,209.0,133.43,39,123,4.489,1457.2,1457.2,estimating,1470.3,133,0.347
floor5,zoomdyn,selfcal,137,8212,137.004,1.1854,1920,1080,1,208.85,141.6,33,88,5.072,1470.3,1470.3,estimating,1485.5,134,0.346
floor5,zoomdyn,selfcal,138,8272,138.005,1.2062,1920,1080,1,208.86,147.08,32,89,4.69,1485.5,1485.5,estimating,1506.3,135,0.346
floor5,zoomdyn,selfcal,139,8332,139.006,1.2278,1920,1080,1,208.24,155.25,36,88,4.249,1506.3,1506.3,estimating,1528.4,136,0.312
floor5,zoomdyn,selfcal,140,8392,140.007,1.2501,1920,1080,1,208.6,156.85,31,88,3.548,1528.4,1528.4,estimating,1548.2,137,0.323
floor5,zoomdyn,selfcal,141,8452,141.008,1.2732,1920,1080,1,208.68,161.67,33,113,4.784,1548.2,1548.2,estimating,1567.5,138,0.369
floor5,zoomdyn,selfcal,142,8511,141.992,1.2964,1920,1080,1,208.1,177.18,39,79,3.718,1567.5,1567.5,estimating,1590.5,139,0.331
floor5,zoomdyn,selfcal,143,8571,142.993,1.3206,1920,1080,1,207.94,182.09,37,96,4.109,1590.5,1590.5,estimating,1615.5,140,0.307
floor5,zoomdyn,selfcal,144,8631,143.994,1.3453,1920,1080,1,208.25,186.73,30,83,3.686,1615.5,1615.5,estimating,1641.7,141,0.335
floor5,zoomdyn,selfcal,145,8691,144.995,1.3705,1920,1080,1,208.1,192.22,31,91,3.745,1641.7,1641.7,estimating,1670.4,142,0.364
floor5,zoomdyn,selfcal,146,8751,145.996,1.3959,1920,1080,1,208.0,195.22,29,67,2.94,1670.4,1670.4,estimating,1698.7,143,0.323
floor5,zoomdyn,selfcal,147,8811,146.997,1.4217,1920,1080,1,208.28,200.19,28,70,3.828,1698.7,1698.7,estimating,1726.7,144,0.315
floor5,zoomdyn,selfcal,148,8871,147.998,1.4477,1920,1080,1,208.51,203.11,24,60,4.109,1726.7,1726.7,estimating,1761.2,145,0.304
floor5,zoomdyn,selfcal,149,8931,148.999,1.4738,1920,1080,1,207.1,209.1,26,60,4.07,1761.2,1761.2,estimating,1796.4,146,0.303
floor5,zoomdyn,selfcal,150,8991,150.0,1.5,1920,1080,1,209.68,213.59,21,51,3.88,1796.4,1796.4,estimating,1830.1,147,0.313
floor5,zoomdyn,selfcal,151,9051,151.001,1.5262,1920,1080,1,208.73,218.08,24,50,3.607,1830.1,1830.1,estimating,1857.9,148,0.299
floor5,zoomdyn,selfcal,152,9111,152.002,1.5523,1920,1080,1,208.79,222.29,16,30,3.134,1857.9,1857.9,estimating,1889.6,149,0.282
floor5,zoomdyn,selfcal,153,9171,153.003,1.5783,1920,1080,1,208.88,227.11,10,28,3.007,1889.6,1889.6,estimating,1925.3,150,0.339
floor5,zoomdyn,selfcal,154,9231,154.004,1.6041,1920,1080,1,203.59,235.32,31,78,3.63,1925.3,1925.3,estimating,1960.9,151,0.357
floor5,zoomdyn,selfcal,155,9291,155.005,1.6295,1920,1080,1,204.24,239.36,32,83,3.413,1960.9,1960.9,estimating,1999.6,152,0.371
floor5,zoomdyn,selfcal,156,9351,156.006,1.6547,1920,1080,1,204.53,244.63,31,93,4.045,1999.6,1999.6,estimating,2036.5,153,0.377
floor5,zoomdyn,selfcal,157,9411,157.007,1.6794,1920,1080,1,204.14,248.7,35,98,4.539,2036.5,2036.5,estimating,2069.5,154,0.36
floor5,zoomdyn,selfcal,158,9471,158.008,1.7036,1920,1080,1,203.77,251.88,34,106,4.581,2069.5,2069.5,estimating,2102.1,155,0.369
floor5,zoomdyn,selfcal,159,9530,158.992,1.7268,1920,1080,1,205.26,257.24,34,86,4.622,2102.1,2102.1,estimating,2136.2,156,0.351
floor5,zoomdyn,selfcal,160,9590,159.993,1.7498,1920,1080,1,204.48,262.59,41,85,5.334,2136.2,2136.2,estimating,2168.2,157,0.35
floor5,zoomdyn,selfcal,161,9650,160.994,1.7722,1920,1080,1,208.9,266.63,40,96,3.495,2168.2,2168.2,estimating,2196.5,158,0.341
floor5,zoomdyn,selfcal,162,9710,161.995,1.7938,1920,1080,1,209.2,269.04,43,93,3.907,2196.5,2196.5,estimating,2226.2,159,0.339
floor5,zoomdyn,selfcal,163,9770,162.996,1.8146,1920,1080,1,208.69,276.15,41,83,3.921,2226.2,2226.2,estimating,2259.1,160,0.314
floor5,zoomdyn,selfcal,164,9830,163.997,1.8345,1920,1080,1,208.5,280.22,44,89,3.371,2259.1,2259.1,estimating,2291.4,161,0.346
floor5,zoomdyn,selfcal,165,9890,164.998,1.8535,1920,1080,1,206.37,284.44,27,62,3.495,2291.4,2291.4,estimating,2317.3,162,0.298
floor5,zoomdyn,selfcal,166,9950,165.999,1.8716,1920,1080,1,206.37,291.74,24,54,3.579,2317.3,2317.3,estimating,2341.5,163,0.346
floor5,zoomdyn,selfcal,167,10010,167.0,1.8886,1920,1080,1,206.71,294.21,31,62,4.122,2341.5,2341.5,estimating,2362.1,164,0.35
floor5,zoomdyn,selfcal,168,10070,168.001,1.9045,1920,1080,1,206.6,300.7,28,61,3.9,2362.1,2362.1,estimating,2387.1,165,0.328
floor5,zoomdyn,selfcal,169,10130,169.002,1.9194,1920,1080,1,206.75,303.78,29,69,4.35,2387.1,2387.1,estimating,2415.9,166,0.356
floor5,zoomdyn,selfcal,170,10190,170.003,1.9331,1920,1080,1,207.11,308.56,28,72,4.436,2415.9,2415.9,estimating,2446.7,167,0.355
floor5,zoomdyn,selfcal,171,10250,171.004,1.9456,1920,1080,1,206.98,313.01,33,78,4.018,2446.7,2446.7,estimating,2478.2,168,0.337
floor5,zoomdyn,selfcal,172,10310,172.005,1.9568,1920,1080,1,207.26,320.2,34,59,4.891,2478.2,2478.2,estimating,2521.2,169,0.305
floor5,zoomdyn,selfcal,173,10370,173.006,1.9668,1920,1080,1,207.47,324.39,34,60,3.851,2521.2,2521.2,estimating,2560.4,170,0.285
floor5,zoomdyn,selfcal,174,10430,174.007,1.9756,1920,1080,1,207.66,328.7,40,71,3.605,2560.4,2560.4,estimating,2598.4,171,0.309
floor5,zoomdyn,selfcal,175,10490,175.008,1.983,1920,1080,1,207.71,333.1,41,73,4.546,2598.4,2598.4,estimating,2629.6,172,0.308
floor5,zoomdyn,selfcal,176,10549,175.992,1.989,1920,1080,1,207.88,337.75,42,75,4.006,2629.6,2629.6,estimating,2655.2,173,0.291
floor5,zoomdyn,selfcal,177,10609,176.993,1.9938,1920,1080,1,208.02,342.44,42,81,3.669,2655.2,2655.2,estimating,2685.6,174,0.337
floor5,zoomdyn,selfcal,178,10669,177.994,1.9972,1920,1080,1,207.98,347.47,45,86,3.802,2685.6,2685.6,estimating,2711.6,175,0.35
floor5,zoomdyn,selfcal,179,10729,178.995,1.9993,1920,1080,1,208.35,352.15,43,67,4.874,2711.6,2711.6,estimating,2732.5,176,0.319
floor5,zoomdyn,selfcal,180,10789,179.996,2.0,1920,1080,1,208.6,357.04,35,62,3.859,2732.5,2732.5,estimating,2747.5,177,0.324
floor5,zoomdyn,selfcal,181,10849,180.997,1.9993,1920,1080,1,208.74,361.61,31,51,4.69,2747.5,2747.5,estimating,2756.1,178,0.295
floor5,zoomdyn,selfcal,182,10909,181.998,1.9973,1920,1080,1,209.94,349.71,81,155,4.448,2756.1,2756.1,estimating,2764.4,179,0.28
floor5,zoomdyn,selfcal,183,10969,182.999,1.9938,1920,1080,1,210.09,353.78,64,88,2.976,2764.4,2764.4,estimating,2773.0,180,0.268
floor5,zoomdyn,selfcal,184,11029,184.0,1.9891,1920,1080,1,210.29,357.89,73,99,3.38,2773.0,2773.0,estimating,2780.0,181,0.259
floor5,zoomdyn,selfcal,185,11089,185.001,1.983,1920,1080,1,210.18,361.72,64,85,3.246,2780.0,2780.0,estimating,2784.0,182,0.264
floor5,zoomdyn,selfcal,186,11149,186.002,1.9755,1920,1080,1,210.16,365.77,87,106,4.32,2784.0,2784.0,estimating,2787.0,183,0.266
floor5,zoomdyn,selfcal,187,11209,187.003,1.9668,1920,1080,1,210.44,369.78,66,80,3.829,2787.0,2787.0,estimating,2788.3,184,0.27
floor5,zoomdyn,selfcal,188,11269,188.004,1.9567,1920,1080,1,210.78,373.59,72,95,3.324,2788.3,2788.3,estimating,2789.4,185,0.263
floor5,zoomdyn,selfcal,189,11329,189.005,1.9454,1920,1080,1,210.94,377.56,71,93,3.309,2789.4,2789.4,estimating,2791.1,186,0.266
floor5,zoomdyn,selfcal,190,11389,190.006,1.9329,1920,1080,1,210.95,380.9,66,103,4.152,2791.1,2791.1,estimating,2791.1,187,0.271
floor5,zoomdyn,selfcal,191,11449,191.007,1.9192,1920,1080,1,210.55,384.84,61,96,4.059,2791.1,2791.1,estimating,2791.1,188,0.25
floor5,zoomdyn,selfcal,192,11508,191.992,1.9046,1920,1080,1,210.49,388.1,52,90,4.64,2791.1,2791.1,estimating,2787.1,189,0.256
floor5,zoomdyn,selfcal,193,11568,192.993,1.8887,1920,1080,1,210.21,392.07,56,81,4.81,2787.1,2787.1,estimating,2777.8,190,0.256
floor5,zoomdyn,selfcal,194,11628,193.994,1.8717,1920,1080,1,210.32,395.92,49,83,4.196,2777.8,2777.8,estimating,2766.3,191,0.268
floor5,zoomdyn,selfcal,195,11688,194.995,1.8536,1920,1080,1,210.91,400.57,65,115,3.676,2766.3,2766.3,estimating,2753.8,192,0.267
floor5,zoomdyn,selfcal,196,11748,195.996,1.8346,1920,1080,1,211.03,403.39,52,73,3.85,2753.8,2753.8,estimating,2738.9,193,0.261
floor5,zoomdyn,selfcal,197,11808,196.997,1.8147,1920,1080,1,210.79,408.0,54,90,3.319,2738.9,2738.9,estimating,2724.6,194,0.266
floor5,zoomdyn,selfcal,198,11868,197.998,1.7939,1920,1080,1,210.81,412.16,52,76,4.3,2724.6,2724.6,estimating,2709.8,195,0.274
floor5,zoomdyn,selfcal,199,11928,198.999,1.7723,1920,1080,1,211.17,415.86,58,87,4.061,2709.8,2709.8,estimating,2691.6,196,0.261
floor5,zoomdyn,selfcal,200,11988,200.0,1.75,1920,1080,1,211.54,419.83,55,100,4.481,2691.6,2691.6,estimating,2671.5,197,0.266
floor5,zoomdyn,selfcal,201,12048,201.001,1.727,1920,1080,1,211.74,422.81,49,96,3.738,2671.5,2671.5,estimating,2653.1,198,0.273
floor5,zoomdyn,selfcal,202,12108,202.002,1.7033,1920,1080,1,211.77,426.11,46,100,3.427,2653.1,2653.1,estimating,2636.2,199,0.282
floor5,zoomdyn,selfcal,203,12168,203.003,1.6791,1920,1080,1,213.5,429.57,41,100,4.285,2636.2,2636.2,estimating,2619.4,200,0.303
floor5,zoomdyn,selfcal,204,12228,204.004,1.6544,1920,1080,1,213.49,432.01,41,80,3.612,2619.4,2619.4,estimating,2602.8,201,0.284
floor5,zoomdyn,selfcal,205,12288,205.005,1.6293,1920,1080,1,213.87,434.47,30,58,3.485,2602.8,2602.8,estimating,2584.1,202,0.273
floor5,zoomdyn,selfcal,206,12348,206.006,1.6038,1920,1080,1,213.71,435.42,26,47,2.994,2584.1,2584.1,estimating,2559.1,203,0.276
floor5,zoomdyn,selfcal,207,12408,207.007,1.578,1920,1080,1,213.4,452.71,31,59,3.309,2559.1,2559.1,estimating,2526.8,204,0.258
floor5,zoomdyn,selfcal,208,12468,208.008,1.5521,1920,1080,1,292.4,465.86,23,53,3.411,2526.8,2526.8,estimating,2492.2,205,0.333
floor5,zoomdyn,selfcal,209,12527,208.992,1.5264,1920,1080,0,,,0,0,,2492.2,2492.2,estimating,2457.9,206,0.302
floor5,zoomdyn,selfcal,210,12587,209.993,1.5002,1920,1080,0,,,0,0,,2457.9,2457.9,estimating,2430.5,206,0.29
floor5,zoomdyn,selfcal,211,12647,210.994,1.474,1920,1080,0,,,0,0,,2430.5,2430.5,estimating,2408.6,206,0.291
floor5,zoomdyn,selfcal,212,12707,211.995,1.4479,1920,1080,1,207.31,439.53,19,53,3.917,2408.6,2408.6,estimating,2391.0,206,0.29
floor5,zoomdyn,selfcal,213,12767,212.996,1.4219,1920,1080,1,206.25,439.99,26,73,3.878,2391.0,2391.0,estimating,2352.8,207,0.327
floor5,zoomdyn,selfcal,214,12827,213.997,1.3961,1920,1080,1,206.33,437.78,26,92,2.69,2352.8,2352.8,estimating,2352.8,208,0.343
floor5,zoomdyn,selfcal,215,12887,214.998,1.3706,1920,1080,1,206.92,435.17,33,83,2.578,2352.8,2352.8,estimating,2305.8,209,0.316
floor5,zoomdyn,selfcal,216,12947,215.999,1.3455,1920,1080,1,207.31,431.19,21,74,2.327,2305.8,2305.8,estimating,2259.7,210,0.375
floor5,zoomdyn,selfcal,217,13007,217.0,1.3208,1920,1080,1,205.3,434.77,34,68,4.303,2259.7,2259.7,estimating,2214.5,211,0.312
floor5,zoomdyn,selfcal,218,13067,218.001,1.2966,1920,1080,1,206.39,428.08,30,75,3.994,2214.5,2214.5,estimating,2170.2,212,0.345
floor5,zoomdyn,selfcal,219,13127,219.002,1.273,1920,1080,1,207.07,422.62,30,83,3.304,2170.2,2170.2,estimating,2126.8,213,0.331
floor5,zoomdyn,selfcal,220,13187,220.003,1.2499,1920,1080,1,207.17,417.19,25,67,3.392,2126.8,2126.8,estimating,2087.2,214,0.318
floor5,zoomdyn,selfcal,221,13247,221.004,1.2276,1920,1080,1,206.11,415.97,24,59,3.893,2087.2,2087.2,estimating,2048.0,215,0.319
floor5,zoomdyn,selfcal,222,13307,222.005,1.206,1920,1080,1,206.13,414.53,26,62,4.009,2048.0,2048.0,estimating,2008.2,216,0.297
floor5,zoomdyn,selfcal,223,13367,223.006,1.1852,1920,1080,1,205.42,410.09,31,79,3.144,2008.2,2008.2,estimating,1968.1,217,0.303
floor5,zoomdyn,selfcal,224,13427,224.007,1.1653,1920,1080,1,205.31,404.21,28,74,3.458,1968.1,1968.1,estimating,1929.0,218,0.326
floor5,zoomdyn,selfcal,225,13487,225.008,1.1463,1920,1080,1,205.77,396.13,25,68,4.365,1929.0,1929.0,estimating,1891.1,219,0.341
floor5,zoomdyn,selfcal,226,13546,225.992,1.1286,1920,1080,1,204.94,394.37,24,68,3.945,1891.1,1891.1,estimating,1857.4,220,0.319
floor5,zoomdyn,selfcal,227,13606,226.993,1.1115,1920,1080,1,206.75,390.17,15,37,3.751,1857.4,1857.4,estimating,1827.0,221,0.308
floor5,zoomdyn,selfcal,228,13666,227.994,1.0956,1920,1080,1,204.85,386.39,16,38,4.631,1827.0,1827.0,estimating,1796.2,222,0.293
floor5,zoomdyn,selfcal,229,13726,228.995,1.0807,1920,1080,1,205.58,381.62,23,75,3.633,1796.2,1796.2,estimating,1765.3,223,0.382
floor5,zoomdyn,selfcal,230,13786,229.996,1.067,1920,1080,1,201.7,398.71,22,71,3.717,1765.3,1765.3,estimating,1735.1,224,0.388
floor5,zoomdyn,selfcal,231,13846,230.997,1.0545,1920,1080,1,203.23,391.88,22,62,3.178,1735.1,1735.1,estimating,1706.0,225,0.348
floor5,zoomdyn,selfcal,232,13906,231.998,1.0432,1920,1080,1,200.77,382.38,28,76,3.423,1706.0,1706.0,estimating,1677.5,226,0.313
floor5,zoomdyn,selfcal,233,13966,232.999,1.0332,1920,1080,1,206.02,375.93,37,77,3.004,1677.5,1677.5,estimating,1649.5,227,0.304
floor5,zoomdyn,selfcal,234,14026,234.0,1.0245,1920,1080,1,207.26,370.03,42,78,3.794,1649.5,1649.5,estimating,1621.8,228,0.279
floor5,zoomdyn,selfcal,235,14086,235.001,1.017,1920,1080,1,205.3,362.19,51,99,3.297,1621.8,1621.8,estimating,1595.9,229,0.279
floor5,zoomdyn,selfcal,236,14146,236.002,1.0109,1920,1080,1,205.28,357.72,50,98,3.374,1595.9,1595.9,estimating,1570.4,230,0.275
floor5,zoomdyn,selfcal,237,14206,237.003,1.0061,1920,1080,1,205.67,349.86,48,90,3.988,1570.4,1570.4,estimating,1544.9,231,0.278
floor5,zoomdyn,selfcal,238,14266,238.004,1.0027,1920,1080,1,206.63,343.7,46,75,3.764,1544.9,1544.9,estimating,1523.6,232,0.273
floor5,zoomdyn,selfcal,239,14326,239.005,1.0007,1920,1080,1,205.53,337.72,54,93,2.856,1523.6,1523.6,estimating,1505.9,233,0.272
floor5,zoomdyn,selfcal,240,14386,240.006,1.0,1920,1080,1,205.48,332.96,49,87,3.843,1505.9,1505.9,estimating,1491.2,234,0.274
floor5,zoomdyn,selfcal,241,14446,241.007,1.0007,1920,1080,1,206.34,327.22,53,82,3.776,1491.2,1491.2,estimating,1479.1,235,0.267
floor5,zoomdyn,selfcal,242,14505,241.992,1.0027,1920,1080,1,205.75,321.04,47,72,3.611,1479.1,1479.1,estimating,1468.9,236,0.265
floor5,zoomdyn,selfcal,243,14565,242.993,1.0061,1920,1080,1,205.66,315.98,46,61,3.261,1468.9,1468.9,estimating,1459.4,237,0.269
floor5,zoomdyn,selfcal,244,14625,243.994,1.0109,1920,1080,1,204.93,310.36,46,61,3.342,1459.4,1459.4,estimating,1451.9,238,0.265
floor5,zoomdyn,selfcal,245,14685,244.995,1.017,1920,1080,1,205.39,305.62,56,77,3.308,1451.9,1451.9,estimating,1444.6,239,0.279
floor5,zoomdyn,selfcal,246,14745,245.996,1.0244,1920,1080,1,205.34,299.82,50,74,3.16,1444.6,1444.6,estimating,1438.8,240,0.273
floor5,zoomdyn,selfcal,247,14805,246.997,1.0332,1920,1080,1,204.79,294.12,62,80,3.28,1438.8,1438.8,estimating,1435.3,241,0.277
floor5,zoomdyn,selfcal,248,14865,247.998,1.0432,1920,1080,1,204.58,288.78,58,91,4.072,1435.3,1435.3,estimating,1433.7,242,0.276
floor5,zoomdyn,selfcal,249,14925,248.999,1.0545,1920,1080,1,204.71,284.29,48,94,5.409,1433.7,1433.7,estimating,1433.7,243,0.28
floor5,zoomdyn,selfcal,250,14985,250.0,1.067,1920,1080,1,204.87,277.61,60,96,4.281,1433.7,1433.7,estimating,1435.7,244,0.284
floor5,zoomdyn,selfcal,251,15045,251.001,1.0807,1920,1080,1,205.49,272.4,44,66,3.443,1435.7,1435.7,estimating,1441.6,245,0.284
floor5,zoomdyn,selfcal,252,15105,252.002,1.0955,1920,1080,1,206.42,267.93,48,86,3.807,1441.6,1441.6,estimating,1449.4,246,0.288
floor5,zoomdyn,selfcal,253,15165,253.003,1.1115,1920,1080,1,205.68,263.1,34,49,3.453,1449.4,1449.4,estimating,1456.8,247,0.277
floor5,zoomdyn,selfcal,254,15225,254.004,1.1285,1920,1080,1,204.67,259.02,39,62,4.024,1456.8,1456.8,estimating,1465.1,248,0.277
floor5,zoomdyn,selfcal,255,15285,255.005,1.1465,1920,1080,1,203.72,252.5,40,73,3.812,1465.1,1465.1,estimating,1474.7,249,0.281
floor5,zoomdyn,selfcal,256,15345,256.006,1.1655,1920,1080,1,203.7,247.21,55,81,3.574,1474.7,1474.7,estimating,1486.9,250,0.295
floor5,zoomdyn,selfcal,257,15405,257.007,1.1855,1920,1080,1,203.23,242.85,44,91,4.032,1486.9,1486.9,estimating,1502.2,251,0.325
floor5,zoomdyn,selfcal,258,15465,258.008,1.2063,1920,1080,1,203.66,238.5,45,96,3.379,1502.2,1502.2,estimating,1518.3,252,0.291
floor5,zoomdyn,selfcal,259,15524,258.992,1.2275,1920,1080,1,203.86,233.35,47,110,4.757,1518.3,1518.3,estimating,1535.0,253,0.288
floor5,zoomdyn,selfcal,260,15584,259.993,1.2498,1920,1080,1,204.06,229.84,45,130,4.207,1535.0,1535.0,estimating,1553.8,254,0.318
floor5,zoomdyn,selfcal,261,15644,260.994,1.2729,1920,1080,1,204.78,224.66,44,117,3.759,1553.8,1553.8,estimating,1576.1,255,0.329
floor5,zoomdyn,selfcal,262,15704,261.995,1.2965,1920,1080,1,206.03,221.25,39,83,4.356,1576.1,1576.1,estimating,1599.9,256,0.317
floor5,zoomdyn,selfcal,263,15764,262.996,1.3207,1920,1080,1,207.3,216.48,31,74,4.11,1599.9,1599.9,estimating,1622.3,257,0.293
floor5,zoomdyn,selfcal,264,15824,263.997,1.3454,1920,1080,1,208.48,212.96,28,63,4.301,1622.3,1622.3,estimating,1645.2,258,0.305
floor5,zoomdyn,selfcal,265,15884,264.998,1.3705,1920,1080,0,,,0,0,,1645.2,1645.2,estimating,1669.3,259,0.292
floor5,zoomdyn,selfcal,266,15944,265.999,1.396,1920,1080,1,216.33,236.54,13,16,2.951,1669.3,1669.3,estimating,1693.2,260,0.291
floor5,zoomdyn,selfcal,267,16004,267.0,1.4218,1920,1080,1,218.14,232.9,14,24,2.969,1693.2,1693.2,estimating,1716.2,261,0.322
floor5,zoomdyn,selfcal,268,16064,268.001,1.4478,1920,1080,1,236.53,233.47,22,45,4.528,1716.2,1716.2,estimating,1738.8,262,0.292
floor5,zoomdyn,selfcal,269,16124,269.002,1.4739,1920,1080,1,232.9,235.16,15,32,4.026,1738.8,1738.8,estimating,1761.8,263,0.336
floor5,zoomdyn,selfcal,270,16184,270.003,1.5001,1920,1080,1,239.18,231.83,36,77,3.91,1761.8,1761.8,estimating,1790.0,264,0.31
floor5,zoomdyn,selfcal,271,16244,271.004,1.5263,1920,1080,1,243.63,232.72,38,92,4.895,1790.0,1790.0,estimating,1825.4,265,0.303
floor5,zoomdyn,selfcal,272,16304,272.005,1.5524,1920,1080,1,247.48,234.26,40,98,3.37,1825.4,1825.4,estimating,1861.9,266,0.302
floor5,zoomdyn,selfcal,273,16364,273.006,1.5784,1920,1080,1,251.27,234.31,42,92,3.87,1861.9,1861.9,estimating,1899.2,267,0.29
floor5,zoomdyn,selfcal,274,16424,274.007,1.6041,1920,1080,1,254.96,237.67,39,57,3.102,1899.2,1899.2,estimating,1935.9,268,0.264
floor5,zoomdyn,selfcal,275,16484,275.008,1.6296,1920,1080,1,258.85,238.63,42,74,4.241,1935.9,1935.9,estimating,1974.6,269,0.265
floor5,zoomdyn,selfcal,276,16543,275.992,1.6543,1920,1080,1,262.38,239.48,39,78,2.716,1974.6,1974.6,estimating,2014.1,270,0.283
floor5,zoomdyn,selfcal,277,16603,276.993,1.679,1920,1080,1,270.75,237.78,36,91,4.654,2014.1,2014.1,estimating,2047.1,271,0.293
floor5,zoomdyn,selfcal,278,16663,277.994,1.7032,1920,1080,1,270.26,240.66,37,76,4.922,2047.1,2047.1,estimating,2078.1,272,0.312
floor5,zoomdyn,selfcal,279,16723,278.995,1.7269,1920,1080,1,274.78,240.57,33,47,3.34,2078.1,2078.1,estimating,2112.4,273,0.27
floor5,zoomdyn,selfcal,280,16783,279.996,1.7499,1920,1080,1,279.09,240.69,29,47,4.447,2112.4,2112.4,estimating,2145.6,274,0.261
floor5,zoomdyn,selfcal,281,16843,280.997,1.7723,1920,1080,1,282.5,242.5,31,37,2.947,2145.6,2145.6,estimating,2173.5,275,0.247
floor5,zoomdyn,selfcal,282,16903,281.998,1.7939,1920,1080,1,286.01,244.13,35,61,3.433,2173.5,2173.5,estimating,2200.5,276,0.242
floor5,zoomdyn,selfcal,283,16963,282.999,1.8146,1920,1080,1,289.2,250.52,20,41,4.672,2200.5,2200.5,estimating,2226.6,277,0.28
floor5,zoomdyn,selfcal,284,17023,284.0,1.8346,1920,1080,1,291.16,256.01,21,61,5.211,2226.6,2226.6,estimating,2249.2,278,0.354
floor5,zoomdyn,selfcal,285,17083,285.001,1.8536,1920,1080,1,291.94,259.08,24,68,4.815,2249.2,2249.2,estimating,2270.1,279,0.334
floor5,zoomdyn,selfcal,286,17143,286.002,1.8716,1920,1080,1,292.42,263.22,23,61,4.547,2270.1,2270.1,estimating,2298.9,280,0.334
floor5,zoomdyn,selfcal,287,17203,287.003,1.8886,1920,1080,1,292.41,266.17,26,81,4.58,2298.9,2298.9,estimating,2343.8,281,0.35
floor5,zoomdyn,selfcal,288,17263,288.004,1.9046,1920,1080,1,292.84,270.27,20,49,3.923,2343.8,2343.8,estimating,2390.7,282,0.303
floor5,zoomdyn,selfcal,289,17323,289.005,1.9194,1920,1080,1,294.05,276.21,14,40,3.418,2390.7,2390.7,estimating,2433.4,283,0.322
floor5,zoomdyn,selfcal,290,17383,290.006,1.9331,1920,1080,1,292.95,278.14,25,79,5.502,2433.4,2433.4,estimating,2469.2,284,0.318
floor5,zoomdyn,selfcal,291,17443,291.007,1.9456,1920,1080,1,293.32,283.47,26,88,5.252,2469.2,2469.2,estimating,2502.1,285,0.355
floor5,zoomdyn,selfcal,292,17502,291.992,1.9567,1920,1080,1,293.16,290.28,35,85,4.112,2502.1,2502.1,estimating,2528.7,286,0.331
floor5,zoomdyn,selfcal,293,17562,292.993,1.9667,1920,1080,1,292.59,294.62,55,90,4.878,2528.7,2528.7,estimating,2552.6,287,0.319
floor5,zoomdyn,selfcal,294,17622,293.994,1.9755,1920,1080,1,292.2,298.65,59,89,3.98,2552.6,2552.6,estimating,2578.1,288,0.274
floor5,zoomdyn,selfcal,295,17682,294.995,1.9829,1920,1080,1,292.41,303.19,55,94,3.826,2578.1,2578.1,estimating,2602.9,289,0.269
floor5,zoomdyn,selfcal,296,17742,295.996,1.9891,1920,1080,1,292.48,307.75,53,93,4.123,2602.9,2602.9,estimating,2626.1,290,0.268
floor5,zoomdyn,selfcal,297,17802,296.997,1.9938,1920,1080,1,292.59,312.66,57,96,5.581,2626.1,2626.1,estimating,2646.9,291,0.271
floor5,zoomdyn,selfcal,298,17862,297.998,1.9973,1920,1080,1,292.74,317.04,43,82,4.85,2646.9,2646.9,estimating,2664.4,292,0.307
floor5,zoomdyn,selfcal,299,17922,298.999,1.9993,1920,1080,1,292.71,321.79,73,117,4.824,2664.4,2664.4,estimating,2679.4,293,0.278
floor5,zoomdyn,selfcal,300,17982,300.0,2.0,1920,1080,1,292.59,325.84,56,107,4.483,2679.4,2679.4,estimating,2694.4,294,0.278
floor5,zoomdyn,selfcal,301,18042,301.001,1.9993,1920,1080,1,292.44,330.72,56,98,4.904,2694.4,2694.4,estimating,2711.0,295,0.272
floor5,zoomdyn,selfcal,302,18102,302.002,1.9973,1920,1080,1,292.48,335.29,52,86,4.383,2711.0,2711.0,estimating,2724.3,296,0.26
floor5,zoomdyn,selfcal,303,18162,303.003,1.9938,1920,1080,1,292.53,339.92,54,80,4.242,2724.3,2724.3,estimating,2739.2,297,0.259
floor5,zoomdyn,selfcal,304,18222,304.004,1.9891,1920,1080,1,292.8,345.07,42,58,4.317,2739.2,2739.2,estimating,2750.3,298,0.261
floor5,zoomdyn,selfcal,305,18282,305.005,1.9829,1920,1080,1,292.68,349.27,33,59,4.437,2750.3,2750.3,estimating,2759.2,299,0.269
floor5,zoomdyn,selfcal,306,18342,306.006,1.9755,1920,1080,1,292.7,354.36,36,46,3.693,2759.2,2759.2,estimating,2767.9,300,0.255
floor5,zoomdyn,selfcal,307,18402,307.007,1.9667,1920,1080,1,292.98,358.55,49,72,4.052,2767.9,2767.9,estimating,2772.0,301,0.254
floor5,zoomdyn,selfcal,308,18462,308.008,1.9567,1920,1080,1,293.39,363.22,45,64,3.649,2772.0,2772.0,estimating,2775.3,302,0.26
floor5,zoomdyn,selfcal,309,18521,308.992,1.9456,1920,1080,1,293.6,367.54,48,78,4.423,2775.3,2775.3,estimating,2776.4,303,0.261
floor5,zoomdyn,selfcal,310,18581,309.993,1.9331,1920,1080,1,293.66,372.44,44,67,5.264,2776.4,2776.4,estimating,2776.4,304,0.263
floor5,zoomdyn,selfcal,311,18641,310.994,1.9194,1920,1080,1,293.97,377.09,31,53,4.129,2776.4,2776.4,estimating,2776.4,305,0.261
floor5,zoomdyn,selfcal,312,18701,311.995,1.9046,1920,1080,1,294.15,382.08,45,68,3.901,2776.4,2776.4,estimating,2773.3,306,0.263
floor5,zoomdyn,selfcal,313,18761,312.996,1.8886,1920,1080,1,294.36,386.54,50,77,4.465,2773.3,2773.3,estimating,2767.5,307,0.268
floor5,zoomdyn,selfcal,314,18821,313.997,1.8716,1920,1080,1,294.6,390.99,41,67,3.042,2767.5,2767.5,estimating,2758.5,308,0.274
floor5,zoomdyn,selfcal,315,18881,314.998,1.8536,1920,1080,1,294.91,396.0,37,58,4.129,2758.5,2758.5,estimating,2750.2,309,0.274
floor5,zoomdyn,selfcal,316,18941,315.999,1.8346,1920,1080,1,295.15,400.46,48,86,4.481,2750.2,2750.2,estimating,2735.9,310,0.274
floor5,zoomdyn,selfcal,317,19001,317.0,1.8147,1920,1080,1,294.94,404.32,51,88,4.847,2735.9,2735.9,estimating,2719.2,311,0.272
floor5,zoomdyn,selfcal,318,19061,318.001,1.7939,1920,1080,1,296.12,408.3,36,54,3.711,2719.2,2719.2,estimating,2704.7,312,0.261
floor5,zoomdyn,selfcal,319,19121,319.002,1.7723,1920,1080,1,295.17,414.2,33,61,4.236,2704.7,2704.7,estimating,2684.3,313,0.265
floor5,zoomdyn,selfcal,320,19181,320.003,1.7499,1920,1080,1,295.11,417.98,34,69,4.675,2684.3,2684.3,estimating,2655.7,314,0.272
floor5,zoomdyn,selfcal,321,19241,321.004,1.7269,1920,1080,1,295.46,422.5,32,61,5.091,2655.7,2655.7,estimating,2626.8,315,0.292
floor5,zoomdyn,selfcal,322,19301,322.005,1.7032,1920,1080,1,296.13,425.72,30,44,3.798,2626.8,2626.8,estimating,2600.4,316,0.269
floor5,zoomdyn,selfcal,323,19361,323.006,1.679,1920,1080,1,296.56,430.12,28,41,3.542,2600.4,2600.4,estimating,2577.4,317,0.266
floor5,zoomdyn,selfcal,324,19421,324.007,1.6543,1920,1080,1,295.74,434.25,34,55,4.481,2577.4,2577.4,estimating,2558.0,318,0.255
floor5,zoomdyn,selfcal,325,19481,325.008,1.6292,1920,1080,1,293.83,438.39,30,51,3.783,2558.0,2558.0,estimating,2535.6,319,0.275
floor5,zoomdyn,selfcal,326,19540,325.992,1.6042,1920,1080,1,297.31,442.29,28,56,4.989,2535.6,2535.6,estimating,2505.6,320,0.286
floor5,zoomdyn,selfcal,327,19600,326.993,1.5784,1920,1080,1,295.87,446.2,29,67,4.857,2505.6,2505.6,estimating,2475.3,321,0.294
floor5,zoomdyn,selfcal,328,19660,327.994,1.5524,1920,1080,1,295.99,450.12,25,55,2.573,2475.3,2475.3,estimating,2444.8,322,0.283
floor5,zoomdyn,selfcal,329,19720,328.995,1.5263,1920,1080,1,296.07,454.09,21,40,3.326,2444.8,2444.8,estimating,2413.4,323,0.291
floor5,zoomdyn,selfcal,330,19780,329.996,1.5001,1920,1080,1,295.87,458.36,11,25,3.332,2413.4,2413.4,estimating,2384.1,324,0.314
floor5,zoomdyn,selfcal,331,19840,330.997,1.4739,1920,1080,0,,,0,0,,2384.1,2384.1,estimating,2360.6,324,0.334
floor5,zoomdyn,oracle,0,0,0.0,1.0,1920,1080,1,285.98,458.98,108,111,2.066,1400.0,1400.0,,,,0.231
floor5,zoomdyn,oracle,1,60,1.001,1.0007,1920,1080,1,286.46,459.21,144,147,1.681,1401.5,1400.0,,,,0.236
floor5,zoomdyn,oracle,2,120,2.002,1.0027,1920,1080,1,288.59,459.42,144,152,3.567,1404.4,1402.6,,,,0.266
floor5,zoomdyn,oracle,3,180,3.003,1.0062,1920,1080,1,289.47,460.76,27,40,4.021,1408.8,1407.8,,,,0.303
floor5,zoomdyn,oracle,4,240,4.004,1.0109,1920,1080,1,290.63,462.61,32,50,3.804,1414.7,1415.7,,,,0.308
floor5,zoomdyn,oracle,5,300,5.005,1.0171,1920,1080,1,291.68,463.74,104,113,4.188,1423.7,1423.7,,,,0.236
floor5,zoomdyn,oracle,6,360,6.006,1.0245,1920,1080,1,293.07,464.41,170,185,2.8,1434.4,1434.5,,,,0.253
floor5,zoomdyn,oracle,7,420,7.007,1.0333,1920,1080,1,294.96,463.61,62,87,4.766,1446.7,1445.5,,,,0.263
floor5,zoomdyn,oracle,8,480,8.008,1.0433,1920,1080,1,295.32,461.09,74,91,2.534,1460.9,1459.5,,,,0.278
floor5,zoomdyn,oracle,9,539,8.992,1.0544,1920,1080,1,295.57,458.36,71,81,2.707,1476.9,1476.6,,,,0.274
floor5,zoomdyn,oracle,10,599,9.993,1.0669,1920,1080,1,295.41,455.1,68,76,2.526,1493.3,1494.1,,,,0.272
floor5,zoomdyn,oracle,11,659,10.994,1.0806,1920,1080,1,295.29,451.2,68,82,2.65,1513.5,1512.0,,,,0.277
floor5,zoomdyn,oracle,12,719,11.995,1.0954,1920,1080,1,295.02,447.11,49,62,3.32,1534.2,1533.5,,,,0.278
floor5,zoomdyn,oracle,13,779,12.996,1.1114,1920,1080,1,294.64,443.06,48,61,3.459,1555.6,1555.6,,,,0.275
floor5,zoomdyn,oracle,14,839,13.997,1.1284,1920,1080,1,294.5,438.94,61,71,3.156,1579.3,1578.3,,,,0.279
floor5,zoomdyn,oracle,15,899,14.998,1.1464,1920,1080,1,294.62,434.48,53,69,3.275,1605.7,1605.1,,,,0.269
floor5,zoomdyn,oracle,16,959,15.999,1.1654,1920,1080,1,295.31,430.29,49,64,3.807,1631.1,1632.8,,,,0.268
floor5,zoomdyn,oracle,17,1019,17.0,1.1853,1920,1080,1,295.83,425.96,46,68,3.654,1659.3,1657.9,,,,0.268
floor5,zoomdyn,oracle,18,1079,18.001,1.2061,1920,1080,1,296.24,421.33,56,65,2.951,1688.4,1687.5,,,,0.275
floor5,zoomdyn,oracle,19,1139,19.002,1.2277,1920,1080,1,296.49,416.76,53,60,3.268,1718.7,1718.2,,,,0.267
floor5,zoomdyn,oracle,20,1199,20.003,1.2501,1920,1080,1,296.39,411.75,64,74,3.6,1750.0,1750.0,,,,0.266
floor5,zoomdyn,oracle,21,1259,21.004,1.2731,1920,1080,1,296.06,406.31,62,68,3.834,1782.5,1783.0,,,,0.267
floor5,zoomdyn,oracle,22,1319,22.005,1.2968,1920,1080,1,295.9,401.38,66,71,3.552,1816.2,1817.3,,,,0.257
floor5,zoomdyn,oracle,23,1379,23.006,1.321,1920,1080,1,295.81,396.53,72,82,3.239,1848.7,1848.4,,,,0.246
floor5,zoomdyn,oracle,24,1439,24.007,1.3457,1920,1080,1,295.77,391.71,85,90,3.363,1885.0,1885.3,,,,0.243
floor5,zoomdyn,oracle,25,1499,25.008,1.3708,1920,1080,1,295.38,386.81,125,145,3.003,1920.0,1918.8,,,,0.271
floor5,zoomdyn,oracle,26,1558,25.993,1.3959,1920,1080,1,295.19,381.99,115,130,2.607,1953.5,1953.5,,,,0.279
floor5,zoomdyn,oracle,27,1618,26.994,1.4216,1920,1080,1,295.34,377.21,109,123,3.012,1991.1,1989.5,,,,0.272
floor5,zoomdyn,oracle,28,1678,27.995,1.4476,1920,1080,1,295.45,372.35,119,148,2.889,2027.1,2026.8,,,,0.266
floor5,zoomdyn,oracle,29,1738,28.996,1.4737,1920,1080,1,295.03,367.39,76,105,3.847,2064.5,2065.6,,,,0.274
floor5,zoomdyn,oracle,30,1798,29.997,1.4999,1920,1080,1,294.53,362.17,58,73,3.343,2100.0,2100.0,,,,0.274
floor5,zoomdyn,oracle,31,1858,30.998,1.5261,1920,1080,1,294.4,356.86,59,78,4.112,2136.7,2135.6,,,,0.275
floor5,zoomdyn,oracle,32,1918,31.999,1.5522,1920,1080,1,294.4,351.8,68,85,3.345,2174.8,2172.4,,,,0.264
floor5,zoomdyn,oracle,33,1978,33.0,1.5782,1920,1080,1,294.19,347.03,66,93,3.363,2210.5,2210.5,,,,0.254
floor5,zoomdyn,oracle,34,2038,34.001,1.604,1920,1080,1,293.65,341.83,70,99,3.56,2243.7,2243.3,,,,0.248
floor5,zoomdyn,oracle,35,2098,35.002,1.6295,1920,1080,1,292.99,336.51,69,81,3.628,2281.8,2284.0,,,,0.3
floor5,zoomdyn,oracle,36,2158,36.003,1.6546,1920,1080,1,292.83,331.18,59,81,3.433,2317.2,2319.0,,,,0.318
floor5,zoomdyn,oracle,37,2218,37.004,1.6793,1920,1080,1,292.58,326.37,66,89,3.748,2349.7,2347.8,,,,0.322
floor5,zoomdyn,oracle,38,2278,38.005,1.7035,1920,1080,1,292.32,321.34,61,93,4.227,2383.0,2384.9,,,,0.319
floor5,zoomdyn,oracle,39,2338,39.006,1.7271,1920,1080,1,292.23,316.22,51,85,4.276,2417.3,2415.3,,,,0.328
floor5,zoomdyn,oracle,40,2398,40.007,1.7502,1920,1080,1,291.97,310.9,58,98,4.99,2448.1,2446.6,,,,0.37
floor5,zoomdyn,oracle,41,2458,41.008,1.7725,1920,1080,1,292.14,305.57,73,103,4.579,2479.7,2478.7,,,,0.327
floor5,zoomdyn,oracle,42,2517,41.992,1.7937,1920,1080,1,292.15,300.73,73,102,4.88,2512.1,2511.6,,,,0.307
floor5,zoomdyn,oracle,43,2577,42.993,1.8145,1920,1080,1,292.03,295.77,62,84,3.88,2540.6,2536.9,,,,0.348
floor5,zoomdyn,oracle,44,2637,43.994,1.8344,1920,1080,1,292.13,290.52,57,84,3.2,2569.8,2571.4,,,,0.367
floor5,zoomdyn,oracle,45,2697,44.995,1.8535,1920,1080,1,292.35,285.41,72,94,3.811,2594.6,2597.9,,,,0.33
floor5,zoomdyn,oracle,46,2757,45.996,1.8715,1920,1080,1,292.29,280.47,65,84,3.465,2619.9,2615.9,,,,0.335
floor5,zoomdyn,oracle,47,2817,46.997,1.8885,1920,1080,1,292.11,275.43,63,95,4.436,2645.7,2643.4,,,,0.32
floor5,zoomdyn,oracle,48,2877,47.998,1.9045,1920,1080,1,291.73,270.7,72,97,4.332,2666.7,2662.0,,,,0.306
floor5,zoomdyn,oracle,49,2937,48.999,1.9193,1920,1080,1,291.52,265.68,69,96,3.915,2688.0,2690.4,,,,0.353
floor5,zoomdyn,oracle,50,2997,50.0,1.933,1920,1080,1,291.47,260.53,59,84,4.161,2704.2,2709.7,,,,0.329
floor5,zoomdyn,oracle,51,3057,51.001,1.9455,1920,1080,1,291.25,255.58,59,83,4.634,2726.2,2719.4,,,,0.338
floor5,zoomdyn,oracle,52,3117,52.002,1.9568,1920,1080,1,290.89,250.87,59,103,4.748,2737.3,2739.1,,,,0.319
floor5,zoomdyn,oracle,53,3177,53.003,1.9668,1920,1080,1,290.23,245.84,56,88,3.748,2754.1,2749.1,,,,0.308
floor5,zoomdyn,oracle,54,3237,54.004,1.9756,1920,1080,1,289.34,241.22,35,52,3.571,2765.4,2769.2,,,,0.271
floor5,zoomdyn,oracle,55,3297,55.005,1.983,1920,1080,1,287.32,236.65,20,33,4.527,2776.9,2779.4,,,,0.276
floor5,zoomdyn,oracle,56,3357,56.006,1.9891,1920,1080,1,284.64,233.5,15,26,4.299,2782.6,2789.7,,,,0.303
floor5,zoomdyn,oracle,57,3417,57.007,1.9939,1920,1080,1,280.53,230.71,32,56,2.279,2794.2,2789.7,,,,0.327
floor5,zoomdyn,oracle,58,3477,58.008,1.9973,1920,1080,1,276.49,229.06,42,67,2.945,2794.2,2800.0,,,,0.309
floor5,zoomdyn,oracle,59,3536,58.992,1.9993,1920,1080,1,272.04,228.28,30,50,3.106,2800.0,2800.0,,,,0.285
floor5,zoomdyn,oracle,60,3596,59.993,2.0,1920,1080,1,266.84,227.45,33,55,3.508,2800.0,2800.0,,,,0.333
floor5,zoomdyn,oracle,61,3656,60.994,1.9993,1920,1080,1,262.03,226.97,52,68,2.349,2800.0,2800.0,,,,0.328
floor5,zoomdyn,oracle,62,3716,61.995,1.9973,1920,1080,1,257.34,226.47,78,95,3.384,2794.2,2800.0,,,,0.305
floor5,zoomdyn,oracle,63,3776,62.996,1.9939,1920,1080,1,253.01,225.87,64,78,3.549,2794.2,2789.7,,,,0.341
floor5,zoomdyn,oracle,64,3836,63.997,1.9891,1920,1080,1,249.02,225.16,76,96,3.297,2782.6,2789.7,,,,0.32
floor5,zoomdyn,oracle,65,3896,64.998,1.983,1920,1080,1,244.54,224.53,77,96,3.496,2776.9,2779.4,,,,0.323
floor5,zoomdyn,oracle,66,3956,65.999,1.9755,1920,1080,1,239.88,223.84,50,60,3.535,2765.4,2769.2,,,,0.345
floor5,zoomdyn,oracle,67,4016,67.0,1.9668,1920,1080,1,235.27,223.34,56,70,3.1,2754.1,2749.1,,,,0.349
floor5,zoomdyn,oracle,68,4076,68.001,1.9568,1920,1080,1,230.74,222.57,53,67,3.014,2737.3,2739.1,,,,0.294
floor5,zoomdyn,oracle,69,4136,69.002,1.9455,1920,1080,1,226.18,221.65,50,70,3.604,2726.2,2719.4,,,,0.293
floor5,zoomdyn,oracle,70,4196,70.003,1.933,1920,1080,1,221.45,220.87,38,56,2.923,2704.2,2709.7,,,,0.272
floor5,zoomdyn,oracle,71,4256,71.004,1.9193,1920,1080,1,217.31,220.4,41,54,4.747,2688.0,2690.4,,,,0.263
floor5,zoomdyn,oracle,72,4316,72.005,1.9044,1920,1080,1,213.72,220.73,27,38,3.882,2666.7,2662.0,,,,0.243
floor5,zoomdyn,oracle,73,4376,73.006,1.8885,1920,1080,1,210.76,220.07,10,18,2.128,2645.7,2643.4,,,,0.25
floor5,zoomdyn,oracle,74,4436,74.007,1.8714,1920,1080,0,,,0,0,,2619.9,2615.9,,,,0.264
floor5,zoomdyn,oracle,75,4496,75.008,1.8534,1920,1080,0,,,0,0,,2594.6,2597.9,,,,0.191
floor5,zoomdyn,oracle,76,4555,75.993,1.8347,1920,1080,0,,,0,0,,2569.8,2571.4,,,,0.286
floor5,zoomdyn,oracle,77,4615,76.994,1.8148,1920,1080,1,207.67,195.45,40,69,3.769,2540.6,2536.9,,,,0.275
floor5,zoomdyn,oracle,78,4675,77.995,1.794,1920,1080,1,207.74,191.74,43,71,4.304,2512.1,2511.6,,,,0.252
floor5,zoomdyn,oracle,79,4735,78.996,1.7724,1920,1080,1,207.56,188.01,41,80,3.685,2479.7,2478.7,,,,0.264
floor5,zoomdyn,oracle,80,4795,79.997,1.7501,1920,1080,1,206.84,184.13,57,89,3.438,2448.1,2446.6,,,,0.244
floor5,zoomdyn,oracle,81,4855,80.998,1.7271,1920,1080,1,205.98,180.03,70,92,3.238,2417.3,2415.3,,,,0.241
floor5,zoomdyn,oracle,82,4915,81.999,1.7034,1920,1080,1,204.93,176.4,73,104,4.24,2383.0,2384.9,,,,0.247
floor5,zoomdyn,oracle,83,4975,83.0,1.6792,1920,1080,1,204.02,172.36,68,89,3.828,2349.7,2347.8,,,,0.243
floor5,zoomdyn,oracle,84,5035,84.001,1.6545,1920,1080,1,203.27,168.25,76,94,3.458,2317.2,2319.0,,,,0.248
floor5,zoomdyn,oracle,85,5095,85.002,1.6294,1920,1080,1,202.9,163.95,65,85,2.585,2281.8,2284.0,,,,0.233
floor5,zoomdyn,oracle,86,5155,86.003,1.6039,1920,1080,1,202.83,159.69,74,90,3.523,2243.7,2243.3,,,,0.236
floor5,zoomdyn,oracle,87,5215,87.004,1.5781,1920,1080,1,202.91,155.62,82,95,3.035,2210.5,2210.5,,,,0.25
floor5,zoomdyn,oracle,88,5275,88.005,1.5521,1920,1080,1,203.03,151.29,62,74,2.929,2174.8,2172.4,,,,0.234
floor5,zoomdyn,oracle,89,5335,89.006,1.526,1920,1080,1,203.17,146.99,76,87,2.953,2136.7,2135.6,,,,0.233
floor5,zoomdyn,oracle,90,5395,90.007,1.4998,1920,1080,1,203.13,142.68,87,112,3.381,2100.0,2100.0,,,,0.247
floor5,zoomdyn,oracle,91,5455,91.008,1.4736,1920,1080,1,203.1,137.92,83,110,3.161,2064.5,2065.6,,,,0.236
floor5,zoomdyn,oracle,92,5514,91.992,1.4479,1920,1080,1,202.87,133.88,96,121,4.139,2027.1,2026.8,,,,0.228
floor5,zoomdyn,oracle,93,5574,92.993,1.422,1920,1080,1,202.72,129.49,103,128,3.711,1991.1,1989.5,,,,0.234
floor5,zoomdyn,oracle,94,5634,93.994,1.3962,1920,1080,1,202.84,124.91,116,125,3.232,1953.5,1953.5,,,,0.242
floor5,zoomdyn,oracle,95,5694,94.995,1.3707,1920,1080,1,203.06,120.63,101,110,3.049,1920.0,1918.8,,,,0.247
floor5,zoomdyn,oracle,96,5754,95.996,1.3456,1920,1080,1,203.13,116.18,109,125,4.048,1885.0,1885.3,,,,0.254
floor5,zoomdyn,oracle,97,5814,96.997,1.3209,1920,1080,1,203.64,111.96,108,131,2.895,1848.7,1848.4,,,,0.272
floor5,zoomdyn,oracle,98,5874,97.998,1.2967,1920,1080,1,203.54,107.8,101,119,3.585,1816.2,1817.3,,,,0.26
floor5,zoomdyn,oracle,99,5934,98.999,1.273,1920,1080,1,203.21,103.39,110,132,2.98,1782.5,1783.0,,,,0.263
floor5,zoomdyn,oracle,100,5994,100.0,1.25,1920,1080,1,203.16,99.01,94,107,3.289,1750.0,1750.0,,,,0.232
floor5,zoomdyn,oracle,101,6054,101.001,1.2277,1920,1080,1,203.5,94.74,107,122,3.15,1718.7,1718.2,,,,0.263
floor5,zoomdyn,oracle,102,6114,102.002,1.2061,1920,1080,1,203.44,90.55,108,123,3.043,1688.4,1687.5,,,,0.265
floor5,zoomdyn,oracle,103,6174,103.003,1.1853,1920,1080,1,203.13,86.37,116,126,3.093,1659.3,1657.9,,,,0.257
floor5,zoomdyn,oracle,104,6234,104.004,1.1654,1920,1080,1,202.82,82.28,106,123,3.346,1631.1,1632.8,,,,0.258
floor5,zoomdyn,oracle,105,6294,105.005,1.1464,1920,1080,1,202.49,78.1,91,100,3.615,1605.7,1605.1,,,,0.268
floor5,zoomdyn,oracle,106,6354,106.006,1.1283,1920,1080,1,203.9,77.12,94,108,2.938,1579.3,1578.3,,,,0.275
floor5,zoomdyn,oracle,107,6414,107.007,1.1113,1920,1080,1,203.58,73.09,86,94,3.277,1555.6,1555.6,,,,0.265
floor5,zoomdyn,oracle,108,6474,108.008,1.0954,1920,1080,1,203.35,69.18,95,117,2.776,1534.2,1533.5,,,,0.265
floor5,zoomdyn,oracle,109,6533,108.992,1.0808,1920,1080,1,202.93,65.44,88,104,2.545,1513.5,1512.0,,,,0.255
floor5,zoomdyn,oracle,110,6593,109.993,1.0671,1920,1080,1,202.59,61.49,86,98,4.185,1493.3,1494.1,,,,0.251
floor5,zoomdyn,oracle,111,6653,110.994,1.0546,1920,1080,1,202.56,57.35,62,80,3.798,1476.9,1476.6,,,,0.26
floor5,zoomdyn,oracle,112,6713,111.995,1.0433,1920,1080,1,202.04,54.31,70,91,3.347,1460.9,1459.5,,,,0.26
floor5,zoomdyn,oracle,113,6773,112.996,1.0332,1920,1080,1,201.74,51.48,55,82,2.701,1446.7,1445.5,,,,0.264
floor5,zoomdyn,oracle,114,6833,113.997,1.0245,1920,1080,1,201.99,49.16,50,76,3.557,1434.4,1434.5,,,,0.272
floor5,zoomdyn,oracle,115,6893,114.998,1.017,1920,1080,1,203.28,46.53,17,31,4.168,1423.7,1423.7,,,,0.269
floor5,zoomdyn,oracle,116,6953,115.999,1.0109,1920,1080,1,205.24,49.6,13,32,3.568,1414.7,1415.7,,,,0.32
floor5,zoomdyn,oracle,117,7013,117.0,1.0062,1920,1080,1,207.41,45.24,29,51,3.535,1408.8,1407.8,,,,0.319
floor5,zoomdyn,oracle,118,7073,118.001,1.0027,1920,1080,1,209.37,47.16,57,86,3.153,1404.4,1402.6,,,,0.291
floor5,zoomdyn,oracle,119,7133,119.002,1.0007,1920,1080,1,210.66,50.88,81,119,2.509,1401.5,1400.0,,,,0.272
floor5,zoomdyn,oracle,120,7193,120.003,1.0,1920,1080,1,210.83,55.13,98,106,2.327,1400.0,1400.0,,,,0.27
floor5,zoomdyn,oracle,121,7253,121.004,1.0007,1920,1080,1,210.52,59.34,111,124,2.234,1401.5,1400.0,,,,0.269
floor5,zoomdyn,oracle,122,7313,122.005,1.0028,1920,1080,1,210.19,63.46,120,130,2.619,1404.4,1402.6,,,,0.263
floor5,zoomdyn,oracle,123,7373,123.006,1.0062,1920,1080,1,210.19,67.6,122,141,2.761,1408.8,1407.8,,,,0.259
floor5,zoomdyn,oracle,124,7433,124.007,1.011,1920,1080,1,209.95,71.97,118,127,3.26,1414.7,1415.7,,,,0.258
floor5,zoomdyn,oracle,125,7493,125.008,1.0171,1920,1080,1,209.9,76.42,110,135,2.846,1423.7,1423.7,,,,0.282
floor5,zoomdyn,oracle,126,7552,125.993,1.0244,1920,1080,1,209.76,80.62,121,136,2.758,1434.4,1434.5,,,,0.271
floor5,zoomdyn,oracle,127,7612,126.994,1.0331,1920,1080,1,209.64,85.04,109,122,4.929,1446.7,1445.5,,,,0.261
floor5,zoomdyn,oracle,128,7672,127.995,1.0432,1920,1080,1,209.73,89.44,108,114,2.633,1460.9,1459.5,,,,0.239
floor5,zoomdyn,oracle,129,7732,128.996,1.0544,1920,1080,1,209.68,93.94,110,118,2.909,1476.9,1476.6,,,,0.236
floor5,zoomdyn,oracle,130,7792,129.997,1.0669,1920,1080,1,209.4,97.31,100,110,2.822,1493.3,1494.1,,,,0.237
floor5,zoomdyn,oracle,131,7852,130.998,1.0806,1920,1080,1,209.26,103.16,103,114,2.292,1513.5,1512.0,,,,0.234
floor5,zoomdyn,oracle,132,7912,131.999,1.0955,1920,1080,1,208.93,109.07,120,128,3.117,1534.2,1533.5,,,,0.234
floor5,zoomdyn,oracle,133,7972,133.0,1.1114,1920,1080,1,208.65,114.99,123,142,2.747,1555.6,1555.6,,,,0.25
floor5,zoomdyn,oracle,134,8032,134.001,1.1284,1920,1080,1,208.68,120.62,127,150,2.756,1579.3,1578.3,,,,0.257
floor5,zoomdyn,oracle,135,8092,135.002,1.1465,1920,1080,1,208.84,126.12,124,144,3.091,1605.7,1605.1,,,,0.26
floor5,zoomdyn,oracle,136,8152,136.003,1.1655,1920,1080,1,209.13,131.66,99,123,2.893,1631.1,1632.8,,,,0.26
floor5,zoomdyn,oracle,137,8212,137.004,1.1854,1920,1080,1,209.24,137.5,75,88,3.52,1659.3,1657.9,,,,0.268
floor5,zoomdyn,oracle,138,8272,138.005,1.2062,1920,1080,1,209.02,142.93,82,94,4.474,1688.4,1687.5,,,,0.27
floor5,zoomdyn,oracle,139,8332,139.006,1.2278,1920,1080,1,209.06,148.25,80,97,3.398,1718.7,1718.2,,,,0.259
floor5,zoomdyn,oracle,140,8392,140.007,1.2501,1920,1080,1,209.16,153.44,81,96,3.35,1750.0,1750.0,,,,0.245
floor5,zoomdyn,oracle,141,8452,141.008,1.2732,1920,1080,1,209.07,158.82,95,113,3.848,1782.5,1783.0,,,,0.249
floor5,zoomdyn,oracle,142,8511,141.992,1.2964,1920,1080,1,208.98,164.28,72,89,3.248,1816.2,1812.9,,,,0.26
floor5,zoomdyn,oracle,143,8571,142.993,1.3206,1920,1080,1,209.05,169.77,61,74,2.983,1848.7,1848.4,,,,0.265
floor5,zoomdyn,oracle,144,8631,143.994,1.3453,1920,1080,1,208.98,174.98,86,101,3.166,1882.4,1885.3,,,,0.266
floor5,zoomdyn,oracle,145,8691,144.995,1.3705,1920,1080,1,209.03,180.5,87,108,3.269,1920.0,1918.8,,,,0.265
floor5,zoomdyn,oracle,146,8751,145.996,1.3959,1920,1080,1,209.34,185.98,83,94,4.685,1953.5,1953.5,,,,0.264
floor5,zoomdyn,oracle,147,8811,146.997,1.4217,1920,1080,1,209.22,191.4,60,80,3.828,1991.1,1989.5,,,,0.268
floor5,zoomdyn,oracle,148,8871,147.998,1.4477,1920,1080,1,208.99,196.64,53,68,3.791,2027.1,2026.8,,,,0.265
floor5,zoomdyn,oracle,149,8931,148.999,1.4738,1920,1080,1,209.11,201.67,59,79,2.903,2064.5,2065.6,,,,0.261
floor5,zoomdyn,oracle,150,8991,150.0,1.5,1920,1080,1,209.24,207.16,45,56,3.485,2100.0,2100.0,,,,0.284
floor5,zoomdyn,oracle,151,9051,151.001,1.5262,1920,1080,1,209.15,212.42,42,50,3.411,2136.7,2135.6,,,,0.271
floor5,zoomdyn,oracle,152,9111,152.002,1.5523,1920,1080,1,209.31,217.56,25,29,3.094,2174.8,2172.4,,,,0.266
floor5,zoomdyn,oracle,153,9171,153.003,1.5783,1920,1080,1,209.44,222.81,12,16,3.877,2210.5,2210.5,,,,0.273
floor5,zoomdyn,oracle,154,9231,154.004,1.6041,1920,1080,1,203.79,214.77,56,83,3.478,2247.5,2243.3,,,,0.343
floor5,zoomdyn,oracle,155,9291,155.005,1.6295,1920,1080,1,204.1,219.74,63,93,3.917,2281.8,2284.0,,,,0.349
floor5,zoomdyn,oracle,156,9351,156.006,1.6547,1920,1080,1,204.51,225.33,80,98,4.336,2317.2,2319.0,,,,0.325
floor5,zoomdyn,oracle,157,9411,157.007,1.6794,1920,1080,1,204.88,231.09,72,98,3.382,2349.7,2347.8,,,,0.327
floor5,zoomdyn,oracle,158,9471,158.008,1.7036,1920,1080,1,204.88,236.29,74,106,3.547,2383.0,2384.9,,,,0.36
floor5,zoomdyn,oracle,159,9530,158.992,1.7268,1920,1080,1,204.78,241.98,66,94,4.109,2417.3,2415.3,,,,0.33
floor5,zoomdyn,oracle,160,9590,159.993,1.7498,1920,1080,1,205.12,247.31,58,85,4.082,2448.1,2446.6,,,,0.338
floor5,zoomdyn,oracle,161,9650,160.994,1.7722,1920,1080,1,205.32,253.0,66,92,4.35,2479.7,2478.7,,,,0.333
floor5,zoomdyn,oracle,162,9710,161.995,1.7938,1920,1080,1,205.74,258.34,65,93,4.13,2512.1,2511.6,,,,0.332
floor5,zoomdyn,oracle,163,9770,162.996,1.8146,1920,1080,1,206.38,263.67,58,83,3.876,2540.6,2536.9,,,,0.308
floor5,zoomdyn,oracle,164,9830,163.997,1.8345,1920,1080,1,206.14,269.34,59,89,4.11,2569.8,2571.4,,,,0.335
floor5,zoomdyn,oracle,165,9890,164.998,1.8535,1920,1080,1,206.58,274.51,42,62,4.221,2594.6,2597.9,,,,0.288
floor5,zoomdyn,oracle,166,9950,165.999,1.8716,1920,1080,1,206.47,279.73,34,61,4.172,2619.9,2615.9,,,,0.337
floor5,zoomdyn,oracle,167,10010,167.0,1.8886,1920,1080,1,206.82,285.77,42,72,4.177,2645.7,2643.4,,,,0.356
floor5,zoomdyn,oracle,168,10070,168.001,1.9045,1920,1080,1,206.75,290.92,40,68,3.339,2666.7,2662.0,,,,0.32
floor5,zoomdyn,oracle,169,10130,169.002,1.9194,1920,1080,1,206.97,296.66,38,70,3.433,2688.0,2690.4,,,,0.357
floor5,zoomdyn,oracle,170,10190,170.003,1.9331,1920,1080,1,207.07,302.19,47,72,3.562,2704.2,2709.7,,,,0.35
floor5,zoomdyn,oracle,171,10250,171.004,1.9456,1920,1080,1,207.22,307.62,47,80,3.408,2726.2,2719.4,,,,0.329
floor5,zoomdyn,oracle,172,10310,172.005,1.9568,1920,1080,1,207.54,313.26,42,59,3.702,2737.3,2739.1,,,,0.29
floor5,zoomdyn,oracle,173,10370,173.006,1.9668,1920,1080,1,207.71,318.35,44,65,3.865,2754.1,2749.1,,,,0.279
floor5,zoomdyn,oracle,174,10430,174.007,1.9756,1920,1080,1,207.72,323.97,58,73,3.956,2765.4,2769.2,,,,0.309
floor5,zoomdyn,oracle,175,10490,175.008,1.983,1920,1080,1,207.89,329.52,52,73,3.78,2776.9,2779.4,,,,0.304
floor5,zoomdyn,oracle,176,10549,175.992,1.989,1920,1080,1,208.05,334.78,60,82,4.195,2782.6,2789.7,,,,0.287
floor5,zoomdyn,oracle,177,10609,176.993,1.9938,1920,1080,1,208.19,339.79,49,76,4.641,2794.2,2789.7,,,,0.317
floor5,zoomdyn,oracle,178,10669,177.994,1.9972,1920,1080,1,208.09,345.44,66,86,3.876,2794.2,2800.0,,,,0.347
floor5,zoomdyn,oracle,179,10729,178.995,1.9993,1920,1080,1,208.27,350.65,45,64,3.646,2800.0,2800.0,,,,0.316
floor5,zoomdyn,oracle,180,10789,179.996,2.0,1920,1080,1,208.6,355.89,42,63,4.267,2800.0,2800.0,,,,0.331
floor5,zoomdyn,oracle,181,10849,180.997,1.9993,1920,1080,1,208.78,361.22,41,66,4.216,2800.0,2800.0,,,,0.298
floor5,zoomdyn,oracle,182,10909,181.998,1.9973,1920,1080,1,209.92,349.05,90,155,3.263,2794.2,2800.0,,,,0.277
floor5,zoomdyn,oracle,183,10969,182.999,1.9938,1920,1080,1,210.08,353.08,66,88,3.305,2794.2,2789.7,,,,0.267
floor5,zoomdyn,oracle,184,11029,184.0,1.9891,1920,1080,1,210.26,357.54,73,94,3.394,2782.6,2789.7,,,,0.263
floor5,zoomdyn,oracle,185,11089,185.001,1.983,1920,1080,1,210.18,361.76,64,85,3.324,2776.9,2779.4,,,,0.262
floor5,zoomdyn,oracle,186,11149,186.002,1.9755,1920,1080,1,210.2,366.01,83,106,3.918,2765.4,2769.2,,,,0.272
floor5,zoomdyn,oracle,187,11209,187.003,1.9668,1920,1080,1,210.48,370.39,69,96,3.266,2754.1,2749.1,,,,0.267
floor5,zoomdyn,oracle,188,11269,188.004,1.9567,1920,1080,1,210.73,374.55,72,87,3.586,2737.3,2739.1,,,,0.263
floor5,zoomdyn,oracle,189,11329,189.005,1.9454,1920,1080,1,210.86,378.67,64,79,3.418,2726.2,2719.4,,,,0.262
floor5,zoomdyn,oracle,190,11389,190.006,1.9329,1920,1080,1,210.89,382.29,80,103,4.156,2704.2,2709.7,,,,0.266
floor5,zoomdyn,oracle,191,11449,191.007,1.9192,1920,1080,1,210.5,386.44,73,109,3.937,2688.0,2690.4,,,,0.246
floor5,zoomdyn,oracle,192,11508,191.992,1.9046,1920,1080,1,210.18,390.1,67,91,4.178,2666.7,2662.0,,,,0.257
floor5,zoomdyn,oracle,193,11568,192.993,1.8887,1920,1080,1,209.95,394.42,73,88,3.552,2645.7,2643.4,,,,0.249
floor5,zoomdyn,oracle,194,11628,193.994,1.8717,1920,1080,1,210.16,398.57,67,91,3.013,2619.9,2615.9,,,,0.264
floor5,zoomdyn,oracle,195,11688,194.995,1.8536,1920,1080,1,210.54,402.65,93,115,3.061,2594.6,2597.9,,,,0.258
floor5,zoomdyn,oracle,196,11748,195.996,1.8346,1920,1080,1,210.88,406.84,79,97,3.464,2569.8,2571.4,,,,0.259
floor5,zoomdyn,oracle,197,11808,196.997,1.8147,1920,1080,1,210.81,411.03,71,90,3.37,2540.6,2536.9,,,,0.26
floor5,zoomdyn,oracle,198,11868,197.998,1.7939,1920,1080,1,210.87,415.36,67,76,3.8,2512.1,2511.6,,,,0.264
floor5,zoomdyn,oracle,199,11928,198.999,1.7723,1920,1080,1,211.3,419.23,72,89,3.047,2479.7,2478.7,,,,0.262
floor5,zoomdyn,oracle,200,11988,200.0,1.75,1920,1080,1,211.73,423.07,84,108,3.811,2448.1,2446.6,,,,0.261
floor5,zoomdyn,oracle,201,12048,201.001,1.727,1920,1080,1,211.94,426.82,88,101,4.339,2417.3,2415.3,,,,0.267
floor5,zoomdyn,oracle,202,12108,202.002,1.7033,1920,1080,1,212.16,430.31,90,108,3.528,2383.0,2384.9,,,,0.265
floor5,zoomdyn,oracle,203,12168,203.003,1.6791,1920,1080,1,212.37,433.45,98,112,3.677,2349.7,2347.8,,,,0.252
floor5,zoomdyn,oracle,204,12228,204.004,1.6544,1920,1080,1,212.23,435.83,78,97,4.33,2317.2,2319.0,,,,0.257
floor5,zoomdyn,oracle,205,12288,205.005,1.6293,1920,1080,1,212.44,437.23,48,58,3.785,2281.8,2284.0,,,,0.259
floor5,zoomdyn,oracle,206,12348,206.006,1.6038,1920,1080,1,212.02,438.27,30,57,3.005,2243.7,2243.3,,,,0.264
floor5,zoomdyn,oracle,207,12408,207.007,1.578,1920,1080,1,211.8,451.61,29,59,3.212,2210.5,2210.5,,,,0.271
floor5,zoomdyn,oracle,208,12468,208.008,1.5521,1920,1080,1,293.29,464.96,30,63,2.816,2171.2,2172.4,,,,0.326
floor5,zoomdyn,oracle,209,12527,208.992,1.5264,1920,1080,0,,,0,0,,2136.7,2135.6,,,,0.302
floor5,zoomdyn,oracle,210,12587,209.993,1.5002,1920,1080,0,,,0,0,,2100.0,2100.0,,,,0.302
floor5,zoomdyn,oracle,211,12647,210.994,1.474,1920,1080,0,,,0,0,,2064.5,2065.6,,,,0.291
floor5,zoomdyn,oracle,212,12707,211.995,1.4479,1920,1080,1,206.03,437.37,24,41,3.982,2027.1,2026.8,,,,0.281
floor5,zoomdyn,oracle,213,12767,212.996,1.4219,1920,1080,1,205.45,436.85,41,73,3.849,1991.1,1989.5,,,,0.246
floor5,zoomdyn,oracle,214,12827,213.997,1.3961,1920,1080,1,205.62,434.94,72,92,3.786,1953.5,1953.5,,,,0.251
floor5,zoomdyn,oracle,215,12887,214.998,1.3706,1920,1080,1,205.85,432.67,74,83,3.048,1920.0,1918.8,,,,0.249
floor5,zoomdyn,oracle,216,12947,215.999,1.3455,1920,1080,1,206.24,429.16,62,81,3.24,1885.0,1885.3,,,,0.258
floor5,zoomdyn,oracle,217,13007,217.0,1.3208,1920,1080,1,206.59,425.28,56,68,2.409,1848.7,1848.4,,,,0.259
floor5,zoomdyn,oracle,218,13067,218.001,1.2966,1920,1080,1,206.95,420.92,62,75,3.236,1816.2,1817.3,,,,0.262
floor5,zoomdyn,oracle,219,13127,219.002,1.273,1920,1080,1,207.45,416.79,69,81,3.922,1782.5,1783.0,,,,0.272
floor5,zoomdyn,oracle,220,13187,220.003,1.2499,1920,1080,1,207.58,412.35,57,67,4.752,1750.0,1750.0,,,,0.273
floor5,zoomdyn,oracle,221,13247,221.004,1.2276,1920,1080,1,207.35,408.01,47,59,2.739,1718.7,1718.2,,,,0.272
floor5,zoomdyn,oracle,222,13307,222.005,1.206,1920,1080,1,207.23,403.44,55,64,2.663,1688.4,1687.5,,,,0.269
floor5,zoomdyn,oracle,223,13367,223.006,1.1852,1920,1080,1,207.29,399.29,62,79,2.664,1659.3,1657.9,,,,0.273
floor5,zoomdyn,oracle,224,13427,224.007,1.1653,1920,1080,1,206.99,395.3,63,79,3.247,1631.1,1632.8,,,,0.269
floor5,zoomdyn,oracle,225,13487,225.008,1.1463,1920,1080,1,206.89,391.4,47,59,3.226,1605.7,1605.1,,,,0.273
floor5,zoomdyn,oracle,226,13546,225.992,1.1286,1920,1080,1,206.65,387.64,47,68,4.002,1579.3,1581.6,,,,0.272
floor5,zoomdyn,oracle,227,13606,226.993,1.1115,1920,1080,1,206.31,383.91,36,52,4.931,1555.6,1555.6,,,,0.268
floor5,zoomdyn,oracle,228,13666,227.994,1.0956,1920,1080,1,205.46,379.65,35,53,3.663,1534.2,1533.5,,,,0.264
floor5,zoomdyn,oracle,229,13726,228.995,1.0807,1920,1080,1,205.14,375.59,63,72,3.242,1513.5,1512.0,,,,0.271
floor5,zoomdyn,oracle,230,13786,229.996,1.067,1920,1080,1,205.16,370.58,57,71,4.689,1493.3,1494.1,,,,0.277
floor5,zoomdyn,oracle,231,13846,230.997,1.0545,1920,1080,1,205.28,366.01,63,82,3.924,1476.9,1476.6,,,,0.283
floor5,zoomdyn,oracle,232,13906,231.998,1.0432,1920,1080,1,205.69,362.03,63,76,3.688,1460.9,1459.5,,,,0.265
floor5,zoomdyn,oracle,233,13966,232.999,1.0332,1920,1080,1,206.04,356.85,81,91,4.004,1446.7,1445.5,,,,0.267
floor5,zoomdyn,oracle,234,14026,234.0,1.0245,1920,1080,1,206.49,352.27,71,90,3.62,1434.4,1434.5,,,,0.271
floor5,zoomdyn,oracle,235,14086,235.001,1.017,1920,1080,1,206.72,347.63,73,90,2.932,1423.7,1423.7,,,,0.266
floor5,zoomdyn,oracle,236,14146,236.002,1.0109,1920,1080,1,206.58,343.0,81,98,3.855,1414.7,1415.7,,,,0.269
floor5,zoomdyn,oracle,237,14206,237.003,1.0061,1920,1080,1,206.68,338.7,76,102,3.842,1408.8,1407.8,,,,0.273
floor5,zoomdyn,oracle,238,14266,238.004,1.0027,1920,1080,1,206.13,334.34,72,99,4.016,1404.4,1402.6,,,,0.271
floor5,zoomdyn,oracle,239,14326,239.005,1.0007,1920,1080,1,205.97,330.41,64,93,2.641,1401.5,1400.0,,,,0.278
floor5,zoomdyn,oracle,240,14386,240.006,1.0,1920,1080,1,206.15,326.58,64,96,3.918,1400.0,1400.0,,,,0.268
floor5,zoomdyn,oracle,241,14446,241.007,1.0007,1920,1080,1,206.07,321.48,55,72,3.605,1401.5,1400.0,,,,0.267
floor5,zoomdyn,oracle,242,14505,241.992,1.0027,1920,1080,1,205.76,317.11,47,60,3.747,1404.4,1402.6,,,,0.267
floor5,zoomdyn,oracle,243,14565,242.993,1.0061,1920,1080,1,205.4,313.27,48,62,3.335,1408.8,1407.8,,,,0.267
floor5,zoomdyn,oracle,244,14625,243.994,1.0109,1920,1080,1,205.29,308.86,48,67,3.71,1414.7,1415.7,,,,0.265
floor5,zoomdyn,oracle,245,14685,244.995,1.017,1920,1080,1,205.4,304.1,59,95,2.948,1423.7,1423.7,,,,0.276
floor5,zoomdyn,oracle,246,14745,245.996,1.0244,1920,1080,1,205.18,299.22,54,89,2.804,1434.4,1434.5,,,,0.272
floor5,zoomdyn,oracle,247,14805,246.997,1.0332,1920,1080,1,204.83,294.49,60,80,3.18,1446.7,1445.5,,,,0.273
floor5,zoomdyn,oracle,248,14865,247.998,1.0432,1920,1080,1,204.4,289.71,69,80,4.034,1460.9,1459.5,,,,0.279
floor5,zoomdyn,oracle,249,14925,248.999,1.0545,1920,1080,1,204.45,284.82,73,87,4.596,1476.9,1476.6,,,,0.275
floor5,zoomdyn,oracle,250,14985,250.0,1.067,1920,1080,1,204.78,279.83,70,95,3.689,1493.3,1494.1,,,,0.272
floor5,zoomdyn,oracle,251,15045,251.001,1.0807,1920,1080,1,205.3,275.63,68,86,3.834,1513.5,1512.0,,,,0.268
floor5,zoomdyn,oracle,252,15105,252.002,1.0955,1920,1080,1,205.57,270.99,71,86,3.194,1534.2,1533.5,,,,0.279
floor5,zoomdyn,oracle,253,15165,253.003,1.1115,1920,1080,1,205.1,266.39,51,75,3.955,1555.6,1555.6,,,,0.274
floor5,zoomdyn,oracle,254,15225,254.004,1.1285,1920,1080,1,204.31,261.93,62,76,5.177,1579.3,1578.3,,,,0.272
floor5,zoomdyn,oracle,255,15285,255.005,1.1465,1920,1080,1,203.64,257.35,59,73,4.061,1605.7,1605.1,,,,0.269
floor5,zoomdyn,oracle,256,15345,256.006,1.1655,1920,1080,1,203.1,252.94,72,87,5.459,1631.1,1632.8,,,,0.266
floor5,zoomdyn,oracle,257,15405,257.007,1.1855,1920,1080,1,202.89,248.29,68,91,2.633,1659.3,1657.9,,,,0.268
floor5,zoomdyn,oracle,258,15465,258.008,1.2063,1920,1080,1,202.82,243.8,86,96,3.105,1688.4,1687.5,,,,0.26
floor5,zoomdyn,oracle,259,15524,258.992,1.2275,1920,1080,1,202.75,239.41,87,104,2.914,1718.7,1718.2,,,,0.262
floor5,zoomdyn,oracle,260,15584,259.993,1.2498,1920,1080,1,203.3,234.75,100,123,3.458,1750.0,1750.0,,,,0.268
floor5,zoomdyn,oracle,261,15644,260.994,1.2729,1920,1080,1,204.33,230.28,105,123,3.457,1782.5,1783.0,,,,0.272
floor5,zoomdyn,oracle,262,15704,261.995,1.2965,1920,1080,1,205.45,225.91,68,103,4.229,1816.2,1812.9,,,,0.271
floor5,zoomdyn,oracle,263,15764,262.996,1.3207,1920,1080,1,206.66,221.41,47,80,4.465,1848.7,1848.4,,,,0.272
floor5,zoomdyn,oracle,264,15824,263.997,1.3454,1920,1080,1,207.29,217.18,35,63,3.579,1882.4,1885.3,,,,0.278
floor5,zoomdyn,oracle,265,15884,264.998,1.3705,1920,1080,1,208.38,212.7,15,27,3.964,1920.0,1918.8,,,,0.272
floor5,zoomdyn,oracle,266,15944,265.999,1.396,1920,1080,1,211.49,240.49,17,25,2.201,1953.5,1953.5,,,,0.284
floor5,zoomdyn,oracle,267,16004,267.0,1.4218,1920,1080,1,214.74,235.9,25,40,3.177,1991.1,1989.5,,,,0.295
floor5,zoomdyn,oracle,268,16064,268.001,1.4478,1920,1080,1,218.11,233.59,37,54,4.011,2027.1,2026.8,,,,0.279
floor5,zoomdyn,oracle,269,16124,269.002,1.4739,1920,1080,1,222.32,233.14,34,51,3.105,2064.5,2065.6,,,,0.277
floor5,zoomdyn,oracle,270,16184,270.003,1.5001,1920,1080,1,226.9,233.41,55,77,3.402,2100.0,2100.0,,,,0.269
floor5,zoomdyn,oracle,271,16244,271.004,1.5263,1920,1080,1,231.96,234.34,71,96,3.288,2136.7,2135.6,,,,0.265
floor5,zoomdyn,oracle,272,16304,272.005,1.5524,1920,1080,1,236.63,235.05,86,105,3.511,2174.8,2172.4,,,,0.264
floor5,zoomdyn,oracle,273,16364,273.006,1.5784,1920,1080,1,241.51,235.85,79,102,3.267,2210.5,2210.5,,,,0.26
floor5,zoomdyn,oracle,274,16424,274.007,1.6041,1920,1080,1,246.13,236.46,58,64,3.216,2247.5,2243.3,,,,0.249
floor5,zoomdyn,oracle,275,16484,275.008,1.6296,1920,1080,1,250.44,237.34,61,74,3.339,2281.8,2284.0,,,,0.244
floor5,zoomdyn,oracle,276,16543,275.992,1.6543,1920,1080,1,255.2,238.45,74,88,3.458,2317.2,2319.0,,,,0.252
floor5,zoomdyn,oracle,277,16603,276.993,1.679,1920,1080,1,259.68,239.46,65,86,3.935,2349.7,2347.8,,,,0.256
floor5,zoomdyn,oracle,278,16663,277.994,1.7032,1920,1080,1,264.5,239.46,51,76,4.707,2383.0,2384.9,,,,0.254
floor5,zoomdyn,oracle,279,16723,278.995,1.7269,1920,1080,1,269.66,239.41,44,71,4.411,2417.3,2415.3,,,,0.251
floor5,zoomdyn,oracle,280,16783,279.996,1.7499,1920,1080,1,274.99,239.83,38,47,3.854,2448.1,2446.6,,,,0.249
floor5,zoomdyn,oracle,281,16843,280.997,1.7723,1920,1080,1,279.59,241.14,35,44,3.951,2479.7,2478.7,,,,0.246
floor5,zoomdyn,oracle,282,16903,281.998,1.7939,1920,1080,1,284.06,242.65,45,61,3.302,2512.1,2511.6,,,,0.233
floor5,zoomdyn,oracle,283,16963,282.999,1.8146,1920,1080,1,287.64,245.09,31,43,3.458,2540.6,2536.9,,,,0.25
floor5,zoomdyn,oracle,284,17023,284.0,1.8346,1920,1080,1,290.34,248.09,50,70,3.938,2569.8,2571.4,,,,0.252
floor5,zoomdyn,oracle,285,17083,285.001,1.8536,1920,1080,1,291.24,251.87,53,64,3.629,2594.6,2597.9,,,,0.246
floor5,zoomdyn,oracle,286,17143,286.002,1.8716,1920,1080,1,291.76,256.66,51,64,4.418,2619.9,2615.9,,,,0.24
floor5,zoomdyn,oracle,287,17203,287.003,1.8886,1920,1080,1,291.94,261.29,52,81,3.674,2645.7,2643.4,,,,0.257
floor5,zoomdyn,oracle,288,17263,288.004,1.9046,1920,1080,1,292.67,266.28,27,43,3.394,2666.7,2662.0,,,,0.255
floor5,zoomdyn,oracle,289,17323,289.005,1.9194,1920,1080,1,292.88,270.73,31,50,3.509,2688.0,2690.4,,,,0.266
floor5,zoomdyn,oracle,290,17383,290.006,1.9331,1920,1080,1,292.79,275.34,48,79,3.93,2704.2,2709.7,,,,0.274
floor5,zoomdyn,oracle,291,17443,291.007,1.9456,1920,1080,1,292.85,279.68,49,88,4.079,2726.2,2719.4,,,,0.276
floor5,zoomdyn,oracle,292,17502,291.992,1.9567,1920,1080,1,292.64,284.44,59,97,4.315,2737.3,2739.1,,,,0.3
floor5,zoomdyn,oracle,293,17562,292.993,1.9667,1920,1080,1,292.29,289.55,62,87,3.864,2754.1,2749.1,,,,0.301
floor5,zoomdyn,oracle,294,17622,293.994,1.9755,1920,1080,1,292.05,294.39,76,100,3.982,2765.4,2769.2,,,,0.263
floor5,zoomdyn,oracle,295,17682,294.995,1.9829,1920,1080,1,292.19,299.65,70,85,3.321,2776.9,2779.4,,,,0.256
floor5,zoomdyn,oracle,296,17742,295.996,1.9891,1920,1080,1,292.4,304.78,61,80,3.287,2782.6,2789.7,,,,0.26
floor5,zoomdyn,oracle,297,17802,296.997,1.9938,1920,1080,1,292.69,309.66,67,89,3.613,2794.2,2789.7,,,,0.262
floor5,zoomdyn,oracle,298,17862,297.998,1.9973,1920,1080,1,292.74,314.7,65,83,4.089,2794.2,2800.0,,,,0.307
floor5,zoomdyn,oracle,299,17922,298.999,1.9993,1920,1080,1,292.68,319.53,80,110,3.381,2800.0,2800.0,,,,0.266
floor5,zoomdyn,oracle,300,17982,300.0,2.0,1920,1080,1,292.49,324.29,80,107,3.899,2800.0,2800.0,,,,0.265
floor5,zoomdyn,oracle,301,18042,301.001,1.9993,1920,1080,1,292.3,329.0,71,98,4.552,2800.0,2800.0,,,,0.267
floor5,zoomdyn,oracle,302,18102,302.002,1.9973,1920,1080,1,292.43,333.95,66,97,4.376,2794.2,2800.0,,,,0.252
floor5,zoomdyn,oracle,303,18162,303.003,1.9938,1920,1080,1,292.6,339.06,55,78,3.024,2794.2,2789.7,,,,0.255
floor5,zoomdyn,oracle,304,18222,304.004,1.9891,1920,1080,1,292.68,343.89,46,63,4.424,2782.6,2789.7,,,,0.261
floor5,zoomdyn,oracle,305,18282,305.005,1.9829,1920,1080,1,292.74,349.1,31,46,3.851,2776.9,2779.4,,,,0.263
floor5,zoomdyn,oracle,306,18342,306.006,1.9755,1920,1080,1,292.71,354.16,37,46,3.868,2765.4,2769.2,,,,0.265
floor5,zoomdyn,oracle,307,18402,307.007,1.9667,1920,1080,1,292.94,359.08,50,72,3.351,2754.1,2749.1,,,,0.252
floor5,zoomdyn,oracle,308,18462,308.008,1.9567,1920,1080,1,293.52,363.75,48,77,3.993,2737.3,2739.1,,,,0.259
floor5,zoomdyn,oracle,309,18521,308.992,1.9456,1920,1080,1,293.8,368.38,49,78,3.749,2726.2,2719.4,,,,0.264
floor5,zoomdyn,oracle,310,18581,309.993,1.9331,1920,1080,1,293.9,373.37,42,67,4.033,2704.2,2709.7,,,,0.263
floor5,zoomdyn,oracle,311,18641,310.994,1.9194,1920,1080,1,294.08,378.19,32,58,4.32,2688.0,2690.4,,,,0.258
floor5,zoomdyn,oracle,312,18701,311.995,1.9046,1920,1080,1,294.13,383.83,39,68,3.29,2666.7,2662.0,,,,0.261
floor5,zoomdyn,oracle,313,18761,312.996,1.8886,1920,1080,1,294.4,388.67,56,76,2.864,2645.7,2643.4,,,,0.295
floor5,zoomdyn,oracle,314,18821,313.997,1.8716,1920,1080,1,294.73,393.78,46,67,3.279,2619.9,2615.9,,,,0.277
floor5,zoomdyn,oracle,315,18881,314.998,1.8536,1920,1080,1,295.03,398.15,38,58,3.861,2594.6,2597.9,,,,0.273
floor5,zoomdyn,oracle,316,18941,315.999,1.8346,1920,1080,1,295.2,403.22,67,86,3.806,2569.8,2571.4,,,,0.27
floor5,zoomdyn,oracle,317,19001,317.0,1.8147,1920,1080,1,295.38,407.99,67,91,3.846,2540.6,2536.9,,,,0.263
floor5,zoomdyn,oracle,318,19061,318.001,1.7939,1920,1080,1,295.45,412.95,54,69,3.643,2512.1,2511.6,,,,0.255
floor5,zoomdyn,oracle,319,19121,319.002,1.7723,1920,1080,1,295.31,417.46,47,69,4.005,2479.7,2478.7,,,,0.258
floor5,zoomdyn,oracle,320,19181,320.003,1.7499,1920,1080,1,295.37,421.57,53,73,4.222,2448.1,2446.6,,,,0.261
floor5,zoomdyn,oracle,321,19241,321.004,1.7269,1920,1080,1,295.61,425.42,44,76,3.957,2417.3,2415.3,,,,0.259
floor5,zoomdyn,oracle,322,19301,322.005,1.7032,1920,1080,1,296.41,429.47,35,59,4.082,2383.0,2384.9,,,,0.262
floor5,zoomdyn,oracle,323,19361,323.006,1.679,1920,1080,1,297.38,434.39,28,41,3.457,2349.7,2347.8,,,,0.263
floor5,zoomdyn,oracle,324,19421,324.007,1.6543,1920,1080,1,296.56,438.32,33,55,3.858,2317.2,2319.0,,,,0.255
floor5,zoomdyn,oracle,325,19481,325.008,1.6292,1920,1080,1,297.57,441.87,31,48,3.945,2281.8,2284.0,,,,0.266
floor5,zoomdyn,oracle,326,19540,325.992,1.6042,1920,1080,1,297.88,446.14,32,62,4.683,2247.5,2243.3,,,,0.267
floor5,zoomdyn,oracle,327,19600,326.993,1.5784,1920,1080,1,297.56,449.84,40,73,3.936,2210.5,2210.5,,,,0.274
floor5,zoomdyn,oracle,328,19660,327.994,1.5524,1920,1080,1,297.05,453.41,30,55,3.92,2174.8,2172.4,,,,0.276
floor5,zoomdyn,oracle,329,19720,328.995,1.5263,1920,1080,1,296.61,456.94,22,36,4.025,2136.7,2135.6,,,,0.287
floor5,zoomdyn,oracle,330,19780,329.996,1.5001,1920,1080,1,296.63,460.53,13,24,3.956,2100.0,2100.0,,,,0.304
floor5,zoomdyn,oracle,331,19840,330.997,1.4739,1920,1080,0,,,0,0,,2064.5,2065.6,,,,0.332
