frame,t,x,y,reason_shipping,reason_shipping_raw,held_shipping_s,n_shipping,visible_shipping,reason_v2,reason_v2_raw,held_v2_s,n_v2,visible_v2,instruction,turn_distance_px,pin_visible,arrived
0,0.0,,,no_fix,no_fix,,0,0,no_fix,no_fix,,0,0,GO STRAIGHT,,0,0
3,0.05,,,no_fix,no_fix,,0,0,no_fix,no_fix,,0,0,GO STRAIGHT,,0,0
6,0.1,286.0,458.9,floor_not_visible,floor_not_visible,,0,0,no_ribbon,no_ribbon,,0,0,GO STRAIGHT,,0,0
9,0.15,286.1,458.9,floor_not_visible,floor_not_visible,,0,0,no_ribbon,no_ribbon,,0,0,GO STRAIGHT,,0,0
12,0.2,286.0,458.9,floor_not_visible,floor_not_visible,,0,0,no_ribbon,no_ribbon,,0,0,GO STRAIGHT,,0,0
15,0.25,286.0,459.0,floor_not_visible,floor_not_visible,,0,0,no_ribbon,no_ribbon,,0,0,GO STRAIGHT,,0,0
18,0.3,286.0,459.0,floor_not_visible,floor_not_visible,,0,0,no_ribbon,no_ribbon,,0,0,GO STRAIGHT,,0,0
21,0.35,286.0,459.0,floor_not_visible,floor_not_visible,,0,0,no_ribbon,no_ribbon,,0,0,GO STRAIGHT,,0,0
24,0.4,286.0,459.0,floor_not_visible,floor_not_visible,,0,0,no_ribbon,no_ribbon,,0,0,GO STRAIGHT,,0,0
27,0.45,286.0,459.0,floor_not_visible,floor_not_visible,,0,0,no_ribbon,no_ribbon,,0,0,GO STRAIGHT,,0,0
30,0.5,286.0,459.0,floor_not_visible,floor_not_visible,,0,0,no_ribbon,no_ribbon,,0,0,GO STRAIGHT,,0,0
33,0.55,286.0,459.0,floor_not_visible,floor_not_visible,,0,0,no_ribbon,no_ribbon,,0,0,GO STRAIGHT,,0,0
36,0.6,286.0,459.0,floor_not_visible,floor_not_visible,,0,0,no_ribbon,no_ribbon,,0,0,GO STRAIGHT,,0,0
39,0.65,286.1,459.0,floor_not_visible,floor_not_visible,,0,0,no_ribbon,no_ribbon,,0,0,GO STRAIGHT,,0,0
42,0.7,286.1,459.0,floor_not_visible,floor_not_visible,,0,0,no_ribbon,no_ribbon,,0,0,GO STRAIGHT,,0,0
45,0.75,286.1,459.1,floor_not_visible,floor_not_visible,,0,0,no_ribbon,no_ribbon,,0,0,GO STRAIGHT,,0,0
48,0.8,286.2,459.1,floor_not_visible,floor_not_visible,,0,0,no_ribbon,no_ribbon,,0,0,GO STRAIGHT,,0,0
51,0.85,286.2,459.1,floor_not_visible,floor_not_visible,,0,0,no_ribbon,no_ribbon,,0,0,GO STRAIGHT,,0,0
54,0.9,286.3,459.1,floor_not_visible,floor_not_visible,,0,0,no_ribbon,no_ribbon,,0,0,GO STRAIGHT,,0,0
57,0.95,286.3,459.1,floor_not_visible,floor_not_visible,,0,0,no_ribbon,no_ribbon,,0,0,GO STRAIGHT,,0,0
60,1.0,286.4,459.2,floor_not_visible,floor_not_visible,,0,0,no_ribbon,no_ribbon,,0,0,GO STRAIGHT,,0,0
63,1.05,286.4,459.2,floor_not_visible,floor_not_visible,,0,0,no_ribbon,no_ribbon,,0,0,GO STRAIGHT,,0,0
66,1.1,286.5,459.2,floor_not_visible,floor_not_visible,,0,0,no_ribbon,no_ribbon,,0,0,GO STRAIGHT,,0,0
69,1.15,286.6,459.2,floor_not_visible,floor_not_visible,,0,0,no_ribbon,no_ribbon,,0,0,GO STRAIGHT,,0,0
72,1.2,286.6,459.2,floor_not_visible,floor_not_visible,,0,0,no_ribbon,no_ribbon,,0,0,GO STRAIGHT,,0,0
75,1.25,286.7,459.2,floor_not_visible,floor_not_visible,,0,0,no_ribbon,no_ribbon,,0,0,GO STRAIGHT,,0,0
78,1.3,286.8,459.2,floor_not_visible,floor_not_visible,,0,0,no_ribbon,no_ribbon,,0,0,GO STRAIGHT,,0,0
81,1.35,286.9,459.3,floor_not_visible,floor_not_visible,,0,0,no_ribbon,no_ribbon,,0,0,GO STRAIGHT,,0,0
84,1.4,287.0,459.3,floor_not_visible,floor_not_visible,,0,0,no_ribbon,no_ribbon,,0,0,GO STRAIGHT,,0,0
87,1.45,287.0,459.3,floor_not_visible,floor_not_visible,,0,0,no_ribbon,no_ribbon,,0,0,GO STRAIGHT,,0,0
90,1.5,287.2,459.3,floor_not_visible,floor_not_visible,,0,0,no_ribbon,no_ribbon,,0,0,GO STRAIGHT,,0,0
93,1.55,287.2,459.3,floor_not_visible,floor_not_visible,,0,0,no_ribbon,no_ribbon,,0,0,GO STRAIGHT,,0,0
96,1.6,287.4,459.3,floor_not_visible,floor_not_visible,,0,0,no_ribbon,no_ribbon,,0,0,GO STRAIGHT,,0,0
99,1.65,287.5,459.3,floor_not_visible,floor_not_visible,,0,0,no_ribbon,no_ribbon,,0,0,GO STRAIGHT,,0,0
102,1.7,287.6,459.3,floor_not_visible,floor_not_visible,,0,0,no_ribbon,no_ribbon,,0,0,GO STRAIGHT,,0,0
105,1.75,287.8,459.3,floor_not_visible,floor_not_visible,,0,0,no_ribbon,no_ribbon,,0,0,GO STRAIGHT,,0,0
108,1.8,287.9,459.3,floor_not_visible,floor_not_visible,,0,0,no_ribbon,no_ribbon,,0,0,GO STRAIGHT,,0,0
111,1.85,288.0,459.3,floor_not_visible,floor_not_visible,,0,0,no_ribbon,no_ribbon,,0,0,GO STRAIGHT,,0,0
114,1.9,288.2,459.3,floor_not_visible,floor_not_visible,,0,0,no_ribbon,no_ribbon,,0,0,GO STRAIGHT,,0,0
117,1.95,288.3,459.3,floor_not_visible,floor_not_visible,,0,0,no_ribbon,no_ribbon,,0,0,GO STRAIGHT,,0,0
120,2.0,288.4,459.3,floor_not_visible,floor_not_visible,,0,0,no_ribbon,no_ribbon,,0,0,GO STRAIGHT,,0,0
123,2.05,288.5,459.3,floor_not_visible,floor_not_visible,,0,0,no_ribbon,no_ribbon,,0,0,GO STRAIGHT,,0,0
126,2.1,288.7,459.4,floor_not_visible,floor_not_visible,,0,0,no_ribbon,no_ribbon,,0,0,GO STRAIGHT,,0,0
129,2.15,288.8,459.4,floor_not_visible,floor_not_visible,,0,0,no_ribbon,no_ribbon,,0,0,GO STRAIGHT,,0,0
132,2.2,288.9,459.4,floor_not_visible,floor_not_visible,,0,0,no_ribbon,no_ribbon,,0,0,GO STRAIGHT,,0,0
135,2.25,288.9,459.4,floor_not_visible,floor_not_visible,,0,0,no_ribbon,no_ribbon,,0,0,GO STRAIGHT,,0,0
138,2.3,289.0,459.4,floor_not_visible,floor_not_visible,,0,0,nothing_visible,nothing_visible,,0,0,GO STRAIGHT,,0,0
141,2.35,289.1,459.5,floor_not_visible,floor_not_visible,,0,0,nothing_visible,nothing_visible,,0,0,GO STRAIGHT,,0,0
144,2.4,289.2,459.5,floor_not_visible,floor_not_visible,,0,0,nothing_visible,nothing_visible,,0,0,GO STRAIGHT,,0,0
147,2.45,289.3,459.5,floor_not_visible,floor_not_visible,,0,0,nothing_visible,nothing_visible,,0,0,GO STRAIGHT,,0,0
150,2.5,289.3,459.6,floor_not_visible,floor_not_visible,,0,0,nothing_visible,nothing_visible,,0,0,GO STRAIGHT,,0,0
153,2.55,289.4,459.6,floor_not_visible,floor_not_visible,,0,0,nothing_visible,nothing_visible,,0,0,GO STRAIGHT,,0,0
156,2.6,289.4,459.7,floor_not_visible,floor_not_visible,,0,0,nothing_visible,nothing_visible,,0,0,GO STRAIGHT,,0,0
159,2.65,289.4,459.8,floor_not_visible,floor_not_visible,,0,0,ok,ok,0.0,0,1,GO STRAIGHT,,0,0
162,2.7,289.5,459.8,floor_not_visible,floor_not_visible,,0,0,ok,ok,0.0,0,1,GO STRAIGHT,,0,0
165,2.75,289.5,459.9,floor_not_visible,floor_not_visible,,0,0,ok,ok,0.0,0,1,GO STRAIGHT,,0,0
168,2.8,289.5,459.9,floor_not_visible,floor_not_visible,,0,0,ok,ok,0.0,0,1,GO STRAIGHT,,0,0
171,2.85,289.5,460.0,floor_not_visible,floor_not_visible,,0,0,ok,ok,0.0,0,1,GO STRAIGHT,,0,0
174,2.9,289.6,460.0,floor_not_visible,floor_not_visible,,0,0,ok,ok,0.0,0,1,GO STRAIGHT,,0,0
177,2.95,289.6,460.1,floor_not_visible,floor_not_visible,,0,0,ok,ok,0.0,0,1,GO STRAIGHT,,0,0
180,3.0,289.6,460.2,floor_not_visible,floor_not_visible,,0,0,ok,ok,0.0,0,1,GO STRAIGHT,,0,0
183,3.05,289.6,460.3,floor_not_visible,floor_not_visible,,0,0,ok,ok,0.0,0,1,GO STRAIGHT,,0,0
186,3.1,289.7,460.4,floor_not_visible,floor_not_visible,,0,0,ok,ok,0.0,0,1,GO STRAIGHT,,0,0
189,3.15,289.7,460.4,floor_not_visible,floor_not_visible,,0,0,ok,ok,0.0,0,1,GO STRAIGHT,,0,0
192,3.2,289.8,460.5,floor_not_visible,floor_not_visible,,0,0,ok,ok,0.0,0,1,GO STRAIGHT,,0,0
195,3.25,289.8,460.6,floor_not_visible,floor_not_visible,,0,0,ok,ok,0.0,0,1,GO STRAIGHT,,0,0
198,3.3,289.8,460.7,floor_not_visible,floor_not_visible,,0,0,ok,ok,0.0,0,1,GO STRAIGHT,,0,0
201,3.35,289.8,460.7,floor_not_visible,floor_not_visible,,0,0,ok,ok,0.0,0,1,GO STRAIGHT,,0,0
204,3.4,289.9,460.8,floor_not_visible,floor_not_visible,,0,0,ok,ok,0.0,0,1,GO STRAIGHT,,0,0
207,3.45,290.0,460.8,floor_not_visible,floor_not_visible,,0,0,ok,ok,0.0,0,1,GO STRAIGHT,,0,0
210,3.5,290.0,461.0,floor_not_visible,floor_not_visible,,0,0,ok,ok,0.0,0,1,GO STRAIGHT,,0,0
213,3.55,290.1,461.0,floor_not_visible,floor_not_visible,,0,0,ok,ok,0.0,0,1,GO STRAIGHT,,0,0
216,3.6,290.0,461.1,floor_not_visible,floor_not_visible,,0,0,ok,ok,0.0,0,1,GO STRAIGHT,,0,0
219,3.65,290.0,461.3,floor_not_visible,floor_not_visible,,0,0,ok,ok,0.0,0,1,GO STRAIGHT,,0,0
222,3.7,290.0,461.4,floor_not_visible,floor_not_visible,,0,0,ok,ok,0.0,0,1,GO STRAIGHT,,0,0
225,3.75,290.1,461.5,floor_not_visible,floor_not_visible,,0,0,ok,ok,0.0,0,1,GO STRAIGHT,,0,0
228,3.8,290.1,461.6,floor_not_visible,floor_not_visible,,0,0,ok,ok,0.0,0,1,GO STRAIGHT,,0,0
231,3.85,290.2,461.7,floor_not_visible,floor_not_visible,,0,0,ok,ok,0.0,0,1,GO STRAIGHT,,0,0
234,3.9,290.2,461.8,floor_not_visible,floor_not_visible,,0,0,ok,ok,0.0,0,1,GO STRAIGHT,,0,0
237,3.95,290.3,461.9,floor_not_visible,floor_not_visible,,0,0,ok,ok,0.0,0,1,GO STRAIGHT,,0,0
240,4.0,290.4,462.1,floor_not_visible,floor_not_visible,,0,0,ok,ok,0.0,0,1,GO STRAIGHT,,0,0
243,4.05,290.4,462.1,floor_not_visible,floor_not_visible,,0,0,ok,ok,0.0,0,1,GO STRAIGHT,,0,0
246,4.1,290.5,462.2,floor_not_visible,floor_not_visible,,0,0,ok,ok,0.0,0,1,GO STRAIGHT,,0,0
249,4.15,290.5,462.4,floor_not_visible,floor_not_visible,,0,0,ok,ok,0.0,0,1,GO STRAIGHT,,0,0
252,4.2,290.6,462.5,floor_not_visible,floor_not_visible,,0,0,ok,ok,0.0,0,1,GO STRAIGHT,,0,0
255,4.25,290.8,462.6,floor_not_visible,floor_not_visible,,0,0,ok,ok,0.0,0,1,GO STRAIGHT,,0,0
258,4.3,290.8,462.7,floor_not_visible,floor_not_visible,,0,0,ok,ok,0.0,0,1,GO STRAIGHT,,0,0
261,4.35,290.9,462.8,floor_not_visible,floor_not_visible,,0,0,ok,ok,0.0,0,1,GO STRAIGHT,,0,0
264,4.4,290.9,462.9,floor_not_visible,floor_not_visible,,0,0,ok,ok,0.0,0,1,GO STRAIGHT,,0,0
267,4.45,291.0,463.0,floor_not_visible,floor_not_visible,,0,0,ok,ok,0.0,0,1,GO STRAIGHT,,0,0
270,4.5,291.1,463.1,floor_not_visible,floor_not_visible,,0,0,ok,ok,0.0,0,1,GO STRAIGHT,,0,0
273,4.55,291.1,463.2,floor_not_visible,floor_not_visible,,0,0,ok,ok,0.0,0,1,GO STRAIGHT,,0,0
276,4.6,291.2,463.3,floor_not_visible,floor_not_visible,,0,0,ok,ok,0.0,0,1,GO STRAIGHT,,0,0
279,4.65,291.2,463.4,floor_not_visible,floor_not_visible,,0,0,ok,ok,0.0,0,1,GO STRAIGHT,,0,0
282,4.7,291.3,463.4,floor_not_visible,floor_not_visible,,0,0,ok,ok,0.0,0,1,GO STRAIGHT,,0,0
285,4.75,291.4,463.5,floor_not_visible,floor_not_visible,,0,0,ok,ok,0.0,0,1,GO STRAIGHT,,0,0
288,4.8,291.4,463.6,floor_not_visible,floor_not_visible,,0,0,ok,ok,0.0,0,1,GO STRAIGHT,,0,0
291,4.85,291.5,463.7,floor_not_visible,floor_not_visible,,0,0,hold_nothing_visible,nothing_visible,0.05,0,1,GO STRAIGHT,,0,0
294,4.9,291.6,463.7,floor_not_visible,floor_not_visible,,0,0,hold_nothing_visible,nothing_visible,0.1,0,1,GO STRAIGHT,,0,0
297,4.95,291.6,463.9,floor_not_visible,floor_not_visible,,0,0,hold_no_ribbon,no_ribbon,0.15,0,1,GO STRAIGHT,,0,0
300,5.01,291.7,463.8,floor_not_visible,floor_not_visible,,0,0,no_ribbon,no_ribbon,,0,0,GO STRAIGHT,,0,0
303,5.06,291.7,463.9,high_reproj_error,high_reproj_error,,0,0,high_reproj_error,high_reproj_error,,0,0,GO STRAIGHT,,0,0
306,5.11,291.8,463.9,high_reproj_error,high_reproj_error,,0,0,high_reproj_error,high_reproj_error,,0,0,GO STRAIGHT,,0,0
309,5.16,291.8,464.1,floor_not_visible,floor_not_visible,,0,0,no_ribbon,no_ribbon,,0,0,GO STRAIGHT,,0,0
312,5.21,291.8,464.2,high_reproj_error,high_reproj_error,,0,0,high_reproj_error,high_reproj_error,,0,0,GO STRAIGHT,,0,0
315,5.26,291.9,464.2,floor_not_visible,floor_not_visible,,0,0,no_ribbon,no_ribbon,,0,0,GO STRAIGHT,,0,0
318,5.31,291.9,464.3,floor_not_visible,floor_not_visible,,0,0,no_ribbon,no_ribbon,,0,0,GO STRAIGHT,,0,0
321,5.36,291.9,464.3,floor_not_visible,floor_not_visible,,0,0,no_ribbon,no_ribbon,,0,0,GO STRAIGHT,,0,0
324,5.41,292.0,464.3,floor_not_visible,floor_not_visible,,0,0,no_ribbon,no_ribbon,,0,0,GO STRAIGHT,,0,0
327,5.46,292.0,464.4,floor_not_visible,floor_not_visible,,0,0,no_ribbon,no_ribbon,,0,0,GO STRAIGHT,,0,0
330,5.51,292.1,464.6,floor_not_visible,floor_not_visible,,0,0,no_ribbon,no_ribbon,,0,0,GO STRAIGHT,,0,0
333,5.56,292.2,464.6,floor_not_visible,floor_not_visible,,0,0,ok,ok,0.0,0,1,GO STRAIGHT,,0,0
336,5.61,292.2,464.6,floor_not_visible,floor_not_visible,,0,0,ok,ok,0.0,0,1,GO STRAIGHT,,0,0
339,5.66,292.3,464.7,floor_not_visible,floor_not_visible,,0,0,ok,ok,0.0,0,1,GO STRAIGHT,,0,0
342,5.71,292.4,464.6,floor_not_visible,floor_not_visible,,0,0,ok,ok,0.0,0,1,GO STRAIGHT,,0,0
345,5.76,292.5,464.7,floor_not_visible,floor_not_visible,,0,0,ok,ok,0.0,0,1,GO STRAIGHT,,0,0
348,5.81,292.6,464.7,floor_not_visible,floor_not_visible,,0,0,ok,ok,0.0,0,1,GO STRAIGHT,,0,0
351,5.86,292.7,464.7,floor_not_visible,floor_not_visible,,0,0,ok,ok,0.0,0,1,GO STRAIGHT,,0,0
354,5.91,292.8,464.7,floor_not_visible,floor_not_visible,,0,0,ok,ok,0.0,0,1,GO STRAIGHT,,0,0
357,5.96,292.9,464.6,floor_not_visible,floor_not_visible,,0,0,ok,ok,0.0,0,1,GO STRAIGHT,,0,0
360,6.01,293.0,464.6,floor_not_visible,floor_not_visible,,0,0,ok,ok,0.0,0,1,GO STRAIGHT,,0,0
363,6.06,293.1,464.6,floor_not_visible,floor_not_visible,,0,0,ok,ok,0.0,0,1,GO STRAIGHT,,0,0
366,6.11,293.2,464.5,floor_not_visible,floor_not_visible,,0,0,ok,ok,0.0,0,1,GO STRAIGHT,,0,0
369,6.16,293.3,464.5,floor_not_visible,floor_not_visible,,0,0,ok,ok,0.0,0,1,GO STRAIGHT,,0,0
372,6.21,293.4,464.5,floor_not_visible,floor_not_visible,,0,0,ok,ok,0.0,0,1,GO STRAIGHT,,0,0
375,6.26,293.4,464.5,floor_not_visible,floor_not_visible,,0,0,ok,ok,0.0,0,1,GO STRAIGHT,,0,0
378,6.31,293.5,464.5,floor_not_visible,floor_not_visible,,0,0,ok,ok,0.0,0,1,GO STRAIGHT,,0,0
381,6.36,293.6,464.5,floor_not_visible,floor_not_visible,,0,0,ok,ok,0.0,0,1,GO STRAIGHT,,0,0
384,6.41,293.7,464.5,floor_not_visible,floor_not_visible,,0,0,ok,ok,0.0,0,1,GO STRAIGHT,,0,0
387,6.46,293.8,464.4,floor_not_visible,floor_not_visible,,0,0,ok,ok,0.0,0,1,GO STRAIGHT,,0,0
390,6.51,293.9,464.3,floor_not_visible,floor_not_visible,,0,0,ok,ok,0.0,0,1,GO STRAIGHT,,0,0
393,6.56,294.0,464.3,floor_not_visible,floor_not_visible,,0,0,ok,ok,0.0,0,1,GO STRAIGHT,,0,0
396,6.61,294.1,464.3,floor_not_visible,floor_not_visible,,0,0,ok,ok,0.0,0,1,GO STRAIGHT,,0,0
399,6.66,294.3,464.3,floor_not_visible,floor_not_visible,,0,0,ok,ok,0.0,0,1,GO STRAIGHT,,0,0
402,6.71,294.4,464.2,floor_not_visible,floor_not_visible,,0,0,ok,ok,0.0,0,1,GO STRAIGHT,,0,0
405,6.76,294.5,464.2,floor_not_visible,floor_not_visible,,0,0,ok,ok,0.0,0,1,GO STRAIGHT,,0,0
408,6.81,294.6,464.1,floor_not_visible,floor_not_visible,,0,0,ok,ok,0.0,0,1,GO STRAIGHT,,0,0
411,6.86,294.7,464.1,floor_not_visible,floor_not_visible,,0,0,ok,ok,0.0,0,1,GO STRAIGHT,,0,0
414,6.91,294.8,464.0,floor_not_visible,floor_not_visible,,0,0,ok,ok,0.0,0,1,GO STRAIGHT,,0,0
417,6.96,294.8,464.0,ok,ok,0.0,8,1,ok,ok,0.0,6,1,GO STRAIGHT,,0,0
420,7.01,295.0,463.9,ok,ok,0.0,8,1,ok,ok,0.0,6,1,GO STRAIGHT,,0,0
423,7.06,295.0,463.8,ok,ok,0.0,8,1,ok,ok,0.0,6,1,GO STRAIGHT,,0,0
426,7.11,295.1,463.8,ok,ok,0.0,8,1,ok,ok,0.0,6,1,GO STRAIGHT,,0,0
429,7.16,295.2,463.7,ok,ok,0.0,8,1,ok,ok,0.0,6,1,GO STRAIGHT,,0,0
432,7.21,295.2,463.7,ok,ok,0.0,8,1,ok,ok,0.0,6,1,GO STRAIGHT,,0,0
435,7.26,295.2,463.6,ok,ok,0.0,8,1,ok,ok,0.0,6,1,GO STRAIGHT,,0,0
438,7.31,295.2,463.4,ok,ok,0.0,8,1,ok,ok,0.0,6,1,GO STRAIGHT,,0,0
441,7.36,295.3,463.3,ok,ok,0.0,8,1,ok,ok,0.0,6,1,GO STRAIGHT,,0,0
444,7.41,295.3,463.2,ok,ok,0.0,8,1,ok,ok,0.0,6,1,GO STRAIGHT,,0,0
447,7.46,295.3,463.1,ok,ok,0.0,8,1,ok,ok,0.0,6,1,GO STRAIGHT,,0,0
450,7.51,295.3,463.0,ok,ok,0.0,8,1,ok,ok,0.0,6,1,GO STRAIGHT,,0,0
453,7.56,295.4,462.8,ok,ok,0.0,8,1,ok,ok,0.0,6,1,GO STRAIGHT,,0,0
456,7.61,295.4,462.7,ok,ok,0.0,8,1,ok,ok,0.0,6,1,GO STRAIGHT,,0,0
459,7.66,295.4,462.6,ok,ok,0.0,8,1,ok,ok,0.0,6,1,GO STRAIGHT,,0,0
462,7.71,295.4,462.4,ok,ok,0.0,8,1,ok,ok,0.0,6,1,GO STRAIGHT,,0,0
465,7.76,295.4,462.3,ok,ok,0.0,8,1,ok,ok,0.0,6,1,GO STRAIGHT,,0,0
468,7.81,295.5,462.2,ok,ok,0.0,8,1,ok,ok,0.0,6,1,GO STRAIGHT,,0,0
471,7.86,295.5,462.1,ok,ok,0.0,8,1,ok,ok,0.0,6,1,GO STRAIGHT,,0,0
474,7.91,295.5,462.0,ok,ok,0.0,8,1,ok,ok,0.0,6,1,GO STRAIGHT,,0,0
477,7.96,295.5,461.8,ok,ok,0.0,8,1,ok,ok,0.0,6,1,GO STRAIGHT,,0,0
480,8.01,295.5,461.7,ok,ok,0.0,8,1,ok,ok,0.0,6,1,GO STRAIGHT,,0,0
483,8.06,295.5,461.6,ok,ok,0.0,8,1,ok,ok,0.0,6,1,GO STRAIGHT,,0,0
486,8.11,295.5,461.4,ok,ok,0.0,8,1,ok,ok,0.0,6,1,GO STRAIGHT,,0,0
489,8.16,295.5,461.3,ok,ok,0.0,8,1,ok,ok,0.0,6,1,GO STRAIGHT,,0,0
492,8.21,295.5,461.2,ok,ok,0.0,8,1,ok,ok,0.0,6,1,GO STRAIGHT,,0,0
495,8.26,295.5,461.1,ok,ok,0.0,8,1,ok,ok,0.0,6,1,GO STRAIGHT,,0,0
498,8.31,295.5,460.9,ok,ok,0.0,8,1,ok,ok,0.0,6,1,GO STRAIGHT,,0,0
501,8.36,295.6,460.8,ok,ok,0.0,8,1,ok,ok,0.0,6,1,GO STRAIGHT,,0,0
504,8.41,295.6,460.7,ok,ok,0.0,8,1,ok,ok,0.0,6,1,GO STRAIGHT,,0,0
507,8.46,295.6,460.5,ok,ok,0.0,8,1,ok,ok,0.0,7,1,GO STRAIGHT,,0,0
510,8.51,295.6,460.4,ok,ok,0.0,8,1,ok,ok,0.0,7,1,GO STRAIGHT,,0,0
513,8.56,295.6,460.2,ok,ok,0.0,8,1,ok,ok,0.0,7,1,GO STRAIGHT,,0,0
516,8.61,295.6,460.1,ok,ok,0.0,8,1,ok,ok,0.0,7,1,GO STRAIGHT,,0,0
519,8.66,295.6,460.0,ok,ok,0.0,8,1,ok,ok,0.0,7,1,GO STRAIGHT,,0,0
522,8.71,295.6,459.8,ok,ok,0.0,8,1,ok,ok,0.0,7,1,GO STRAIGHT,,0,0
525,8.76,295.6,459.7,ok,ok,0.0,8,1,ok,ok,0.0,7,1,GO STRAIGHT,,0,0
528,8.81,295.6,459.5,ok,ok,0.0,8,1,ok,ok,0.0,7,1,GO STRAIGHT,,0,0
531,8.86,295.7,459.4,ok,ok,0.0,8,1,ok,ok,0.0,7,1,GO STRAIGHT,,0,0
534,8.91,295.7,459.2,ok,ok,0.0,8,1,ok,ok,0.0,7,1,GO STRAIGHT,,0,0
537,8.96,295.7,459.1,ok,ok,0.0,8,1,ok,ok,0.0,7,1,GO STRAIGHT,,0,0
540,9.01,295.7,459.0,ok,ok,0.0,8,1,ok,ok,0.0,7,1,GO STRAIGHT,,0,0
543,9.06,295.7,458.8,ok,ok,0.0,8,1,ok,ok,0.0,7,1,GO STRAIGHT,,0,0
546,9.11,295.7,458.7,ok,ok,0.0,8,1,ok,ok,0.0,7,1,GO STRAIGHT,,0,0
549,9.16,295.7,458.5,ok,ok,0.0,8,1,ok,ok,0.0,7,1,GO STRAIGHT,,0,0
552,9.21,295.7,458.4,ok,ok,0.0,8,1,ok,ok,0.0,7,1,GO STRAIGHT,,0,0
555,9.26,295.7,458.2,ok,ok,0.0,8,1,ok,ok,0.0,7,1,GO STRAIGHT,,0,0
558,9.31,295.7,458.1,ok,ok,0.0,8,1,ok,ok,0.0,7,1,GO STRAIGHT,,0,0
561,9.36,295.6,457.9,ok,ok,0.0,8,1,ok,ok,0.0,7,1,GO STRAIGHT,,0,0
564,9.41,295.6,457.8,ok,ok,0.0,8,1,ok,ok,0.0,7,1,GO STRAIGHT,,0,0
567,9.46,295.6,457.6,ok,ok,0.0,8,1,ok,ok,0.0,6,1,GO STRAIGHT,,0,0
570,9.51,295.6,457.5,ok,ok,0.0,8,1,ok,ok,0.0,6,1,GO STRAIGHT,,0,0
573,9.56,295.6,457.3,ok,ok,0.0,8,1,ok,ok,0.0,6,1,GO STRAIGHT,,0,0
576,9.61,295.6,457.1,ok,ok,0.0,8,1,ok,ok,0.0,6,1,GO STRAIGHT,,0,0
579,9.66,295.6,457.0,ok,ok,0.0,8,1,ok,ok,0.0,6,1,GO STRAIGHT,,0,0
582,9.71,295.6,456.8,ok,ok,0.0,8,1,ok,ok,0.0,6,1,GO STRAIGHT,,0,0
585,9.76,295.6,456.7,ok,ok,0.0,8,1,ok,ok,0.0,6,1,GO STRAIGHT,,0,0
588,9.81,295.5,456.5,ok,ok,0.0,8,1,ok,ok,0.0,6,1,GO STRAIGHT,,0,0
591,9.86,295.5,456.3,ok,ok,0.0,8,1,ok,ok,0.0,6,1,GO STRAIGHT,,0,0
594,9.91,295.5,456.2,ok,ok,0.0,8,1,ok,ok,0.0,6,1,GO STRAIGHT,,0,0
597,9.96,295.5,456.0,ok,ok,0.0,8,1,ok,ok,0.0,6,1,GO STRAIGHT,,0,0
600,10.01,295.5,455.8,ok,ok,0.0,8,1,ok,ok,0.0,6,1,GO STRAIGHT,,0,0
603,10.06,295.5,455.6,ok,ok,0.0,8,1,ok,ok,0.0,6,1,GO STRAIGHT,,0,0
606,10.11,295.5,455.5,ok,ok,0.0,8,1,ok,ok,0.0,6,1,GO STRAIGHT,,0,0
609,10.16,295.5,455.3,ok,ok,0.0,8,1,ok,ok,0.0,6,1,GO STRAIGHT,,0,0
612,10.21,295.5,455.1,ok,ok,0.0,8,1,ok,ok,0.0,6,1,GO STRAIGHT,,0,0
615,10.26,295.5,454.9,ok,ok,0.0,8,1,ok,ok,0.0,6,1,GO STRAIGHT,,0,0
618,10.31,295.5,454.7,ok,ok,0.0,8,1,ok,ok,0.0,6,1,GO STRAIGHT,,0,0
621,10.36,295.5,454.5,ok,ok,0.0,8,1,ok,ok,0.0,6,1,GO STRAIGHT,,0,0
624,10.41,295.5,454.3,ok,ok,0.0,8,1,ok,ok,0.0,6,1,GO STRAIGHT,,0,0
627,10.46,295.5,454.1,ok,ok,0.0,8,1,ok,ok,0.0,7,1,GO STRAIGHT,,0,0
630,10.51,295.5,453.9,ok,ok,0.0,8,1,ok,ok,0.0,7,1,GO STRAIGHT,,0,0
633,10.56,295.5,453.7,ok,ok,0.0,8,1,ok,ok,0.0,7,1,GO STRAIGHT,,0,0
636,10.61,295.5,453.5,ok,ok,0.0,8,1,ok,ok,0.0,7,1,GO STRAIGHT,,0,0
639,10.66,295.5,453.4,ok,ok,0.0,8,1,ok,ok,0.0,7,1,GO STRAIGHT,,0,0
642,10.71,295.5,453.2,ok,ok,0.0,8,1,ok,ok,0.0,7,1,GO STRAIGHT,,0,0
645,10.76,295.4,453.0,ok,ok,0.0,8,1,ok,ok,0.0,7,1,GO STRAIGHT,,0,0
648,10.81,295.4,452.8,ok,ok,0.0,8,1,ok,ok,0.0,7,1,GO STRAIGHT,,0,0
651,10.86,295.4,452.6,ok,ok,0.0,8,1,ok,ok,0.0,7,1,GO STRAIGHT,,0,0
654,10.91,295.4,452.4,ok,ok,0.0,8,1,ok,ok,0.0,7,1,GO STRAIGHT,,0,0
657,10.96,295.4,452.2,ok,ok,0.0,8,1,ok,ok,0.0,7,1,GO STRAIGHT,,0,0
660,11.01,295.3,452.0,ok,ok,0.0,8,1,ok,ok,0.0,7,1,GO STRAIGHT,,0,0
663,11.06,295.3,451.9,ok,ok,0.0,8,1,ok,ok,0.0,7,1,GO STRAIGHT,,0,0
666,11.11,295.3,451.7,ok,ok,0.0,8,1,ok,ok,0.0,7,1,GO STRAIGHT,,0,0
669,11.16,295.3,451.5,ok,ok,0.0,8,1,ok,ok,0.0,7,1,GO STRAIGHT,,0,0
672,11.21,295.3,451.3,ok,ok,0.0,8,1,ok,ok,0.0,7,1,GO STRAIGHT,,0,0
675,11.26,295.2,451.1,ok,ok,0.0,8,1,ok,ok,0.0,7,1,GO STRAIGHT,,0,0
678,11.31,295.2,450.9,ok,ok,0.0,8,1,ok,ok,0.0,7,1,GO STRAIGHT,,0,0
681,11.36,295.2,450.7,ok,ok,0.0,8,1,ok,ok,0.0,7,1,GO STRAIGHT,,0,0
684,11.41,295.2,450.5,ok,ok,0.0,8,1,ok,ok,0.0,7,1,GO STRAIGHT,,0,0
687,11.46,295.1,450.3,ok,ok,0.0,8,1,ok,ok,0.0,7,1,GO STRAIGHT,,0,0
690,11.51,295.1,450.1,ok,ok,0.0,8,1,ok,ok,0.0,7,1,GO STRAIGHT,,0,0
693,11.56,295.1,449.9,ok,ok,0.0,8,1,ok,ok,0.0,7,1,GO STRAIGHT,,0,0
696,11.61,295.1,449.7,ok,ok,0.0,8,1,ok,ok,0.0,7,1,GO STRAIGHT,,0,0
699,11.66,295.1,449.6,ok,ok,0.0,8,1,ok,ok,0.0,7,1,GO STRAIGHT,,0,0
702,11.71,295.1,449.4,ok,ok,0.0,8,1,ok,ok,0.0,7,1,GO STRAIGHT,,0,0
705,11.76,295.0,449.2,ok,ok,0.0,8,1,ok,ok,0.0,7,1,GO STRAIGHT,,0,0
708,11.81,295.0,449.0,ok,ok,0.0,8,1,ok,ok,0.0,7,1,GO STRAIGHT,,0,0
711,11.86,295.0,448.8,ok,ok,0.0,8,1,ok,ok,0.0,7,1,GO STRAIGHT,,0,0
714,11.91,295.0,448.5,ok,ok,0.0,8,1,ok,ok,0.0,7,1,GO STRAIGHT,,0,0
717,11.96,295.0,448.3,ok,ok,0.0,8,1,ok,ok,0.0,7,1,GO STRAIGHT,,0,0
720,12.01,295.0,448.1,ok,ok,0.0,8,1,ok,ok,0.0,7,1,GO STRAIGHT,,0,0
723,12.06,295.0,447.9,ok,ok,0.0,8,1,ok,ok,0.0,6,1,GO STRAIGHT,,0,0
726,12.11,295.0,447.7,ok,ok,0.0,8,1,ok,ok,0.0,6,1,GO STRAIGHT,,0,0
729,12.16,295.0,447.5,ok,ok,0.0,8,1,ok,ok,0.0,6,1,GO STRAIGHT,,0,0
732,12.21,295.0,447.3,ok,ok,0.0,8,1,ok,ok,0.0,6,1,GO STRAIGHT,,0,0
735,12.26,295.0,447.0,ok,ok,0.0,8,1,ok,ok,0.0,6,1,GO STRAIGHT,,0,0
738,12.31,294.9,446.8,ok,ok,0.0,8,1,ok,ok,0.0,6,1,GO STRAIGHT,,0,0
741,12.36,294.9,446.6,ok,ok,0.0,8,1,ok,ok,0.0,6,1,GO STRAIGHT,,0,0
744,12.41,294.9,446.4,ok,ok,0.0,8,1,ok,ok,0.0,6,1,GO STRAIGHT,,0,0
747,12.46,294.9,446.2,ok,ok,0.0,8,1,ok,ok,0.0,6,1,GO STRAIGHT,,0,0
750,12.51,294.9,446.0,ok,ok,0.0,8,1,ok,ok,0.0,6,1,GO STRAIGHT,,0,0
753,12.56,294.9,445.8,ok,ok,0.0,8,1,ok,ok,0.0,6,1,GO STRAIGHT,,0,0
756,12.61,294.8,445.6,ok,ok,0.0,8,1,ok,ok,0.0,6,1,GO STRAIGHT,,0,0
759,12.66,294.8,445.4,ok,ok,0.0,8,1,ok,ok,0.0,6,1,GO STRAIGHT,,0,0
762,12.71,294.8,445.2,ok,ok,0.0,8,1,ok,ok,0.0,6,1,GO STRAIGHT,,0,0
765,12.76,294.8,445.0,ok,ok,0.0,8,1,ok,ok,0.0,6,1,GO STRAIGHT,,0,0
768,12.81,294.7,444.8,ok,ok,0.0,8,1,ok,ok,0.0,6,1,GO STRAIGHT,,0,0
771,12.86,294.7,444.6,ok,ok,0.0,8,1,ok,ok,0.0,6,1,GO STRAIGHT,,0,0
774,12.91,294.7,444.4,ok,ok,0.0,8,1,ok,ok,0.0,6,1,GO STRAIGHT,,0,0
777,12.96,294.7,444.1,ok,ok,0.0,8,1,ok,ok,0.0,6,1,GO STRAIGHT,,0,0
780,13.01,294.7,443.9,ok,ok,0.0,8,1,ok,ok,0.0,6,1,GO STRAIGHT,,0,0
783,13.06,294.6,443.7,ok,ok,0.0,8,1,ok,ok,0.0,6,1,GO STRAIGHT,,0,0
786,13.11,294.6,443.5,ok,ok,0.0,8,1,ok,ok,0.0,6,1,GO STRAIGHT,,0,0
789,13.16,294.6,443.3,ok,ok,0.0,8,1,ok,ok,0.0,6,1,GO STRAIGHT,,0,0
792,13.21,294.6,443.1,ok,ok,0.0,8,1,ok,ok,0.0,6,1,GO STRAIGHT,,0,0
795,13.26,294.6,442.9,ok,ok,0.0,8,1,ok,ok,0.0,6,1,GO STRAIGHT,,0,0
798,13.31,294.6,442.7,ok,ok,0.0,8,1,ok,ok,0.0,6,1,GO STRAIGHT,,0,0
801,13.36,294.6,442.5,ok,ok,0.0,8,1,ok,ok,0.0,6,1,GO STRAIGHT,,0,0
804,13.41,294.6,442.3,ok,ok,0.0,8,1,ok,ok,0.0,6,1,GO STRAIGHT,,0,0
807,13.46,294.6,442.1,ok,ok,0.0,8,1,ok,ok,0.0,7,1,GO STRAIGHT,,0,0
810,13.51,294.6,441.8,ok,ok,0.0,8,1,ok,ok,0.0,7,1,GO STRAIGHT,,0,0
813,13.56,294.6,441.6,ok,ok,0.0,8,1,ok,ok,0.0,7,1,GO STRAIGHT,,0,0
816,13.61,294.6,441.4,ok,ok,0.0,8,1,ok,ok,0.0,7,1,GO STRAIGHT,,0,0
819,13.66,294.6,441.2,ok,ok,0.0,8,1,ok,ok,0.0,7,1,GO STRAIGHT,,0,0
822,13.71,294.6,441.0,ok,ok,0.0,8,1,ok,ok,0.0,7,1,GO STRAIGHT,,0,0
825,13.76,294.6,440.8,ok,ok,0.0,8,1,ok,ok,0.0,7,1,GO STRAIGHT,,0,0
828,13.81,294.6,440.6,ok,ok,0.0,8,1,ok,ok,0.0,7,1,GO STRAIGHT,,0,0
831,13.86,294.6,440.4,ok,ok,0.0,8,1,ok,ok,0.0,7,1,GO STRAIGHT,,0,0
834,13.91,294.6,440.1,ok,ok,0.0,8,1,ok,ok,0.0,7,1,GO STRAIGHT,,0,0
837,13.96,294.6,440.0,ok,ok,0.0,8,1,ok,ok,0.0,7,1,GO STRAIGHT,,0,0
840,14.01,294.6,439.8,ok,ok,0.0,8,1,ok,ok,0.0,7,1,GO STRAIGHT,,0,0
843,14.06,294.5,439.5,ok,ok,0.0,8,1,ok,ok,0.0,7,1,GO STRAIGHT,,0,0
846,14.11,294.5,439.3,ok,ok,0.0,8,1,ok,ok,0.0,7,1,GO STRAIGHT,,0,0
849,14.16,294.5,439.1,ok,ok,0.0,8,1,ok,ok,0.0,7,1,GO STRAIGHT,,0,0
852,14.21,294.5,438.9,ok,ok,0.0,8,1,ok,ok,0.0,7,1,GO STRAIGHT,,0,0
855,14.26,294.5,438.6,ok,ok,0.0,8,1,ok,ok,0.0,7,1,GO STRAIGHT,,0,0
858,14.31,294.5,438.4,ok,ok,0.0,8,1,ok,ok,0.0,7,1,GO STRAIGHT,,0,0
861,14.36,294.4,438.2,ok,ok,0.0,8,1,ok,ok,0.0,7,1,GO STRAIGHT,,0,0
864,14.41,294.5,438.0,ok,ok,0.0,8,1,ok,ok,0.0,7,1,GO STRAIGHT,,0,0
867,14.46,294.4,437.8,ok,ok,0.0,8,1,ok,ok,0.0,7,1,GO STRAIGHT,,0,0
870,14.51,294.5,437.6,ok,ok,0.0,8,1,ok,ok,0.0,7,1,GO STRAIGHT,,0,0
873,14.56,294.5,437.3,ok,ok,0.0,8,1,ok,ok,0.0,7,1,GO STRAIGHT,,0,0
876,14.61,294.5,437.1,ok,ok,0.0,8,1,ok,ok,0.0,7,1,GO STRAIGHT,,0,0
879,14.66,294.5,436.9,ok,ok,0.0,8,1,ok,ok,0.0,7,1,GO STRAIGHT,,0,0
882,14.71,294.5,436.7,ok,ok,0.0,8,1,ok,ok,0.0,7,1,GO STRAIGHT,,0,0
885,14.76,294.5,436.5,ok,ok,0.0,8,1,ok,ok,0.0,7,1,GO STRAIGHT,,0,0
888,14.81,294.5,436.3,ok,ok,0.0,8,1,ok,ok,0.0,7,1,GO STRAIGHT,,0,0
891,14.86,294.5,436.1,ok,ok,0.0,8,1,ok,ok,0.0,7,1,GO STRAIGHT,,0,0
894,14.91,294.5,435.9,ok,ok,0.0,8,1,ok,ok,0.0,7,1,GO STRAIGHT,,0,0
897,14.96,294.5,435.6,ok,ok,0.0,8,1,ok,ok,0.0,7,1,GO STRAIGHT,,0,0
900,15.02,294.5,435.4,ok,ok,0.0,8,1,ok,ok,0.0,7,1,GO STRAIGHT,,0,0
903,15.07,294.6,435.2,ok,ok,0.0,8,1,ok,ok,0.0,7,1,GO STRAIGHT,,0,0
906,15.12,294.6,435.0,ok,ok,0.0,8,1,ok,ok,0.0,7,1,GO STRAIGHT,,0,0
909,15.17,294.6,434.8,ok,ok,0.0,8,1,ok,ok,0.0,6,1,GO STRAIGHT,,0,0
912,15.22,294.6,434.6,ok,ok,0.0,8,1,ok,ok,0.0,6,1,GO STRAIGHT,,0,0
915,15.27,294.6,434.4,ok,ok,0.0,8,1,ok,ok,0.0,6,1,GO STRAIGHT,,0,0
918,15.32,294.7,434.2,ok,ok,0.0,8,1,ok,ok,0.0,6,1,GO STRAIGHT,,0,0
921,15.37,294.7,433.9,ok,ok,0.0,8,1,ok,ok,0.0,6,1,GO STRAIGHT,,0,0
924,15.42,294.7,433.7,ok,ok,0.0,8,1,ok,ok,0.0,6,1,GO STRAIGHT,,0,0
927,15.47,294.7,433.5,ok,ok,0.0,8,1,ok,ok,0.0,6,1,GO STRAIGHT,,0,0
930,15.52,294.7,433.3,ok,ok,0.0,8,1,ok,ok,0.0,6,1,GO STRAIGHT,,0,0
933,15.57,294.8,433.0,ok,ok,0.0,8,1,ok,ok,0.0,6,1,GO STRAIGHT,,0,0
936,15.62,294.8,432.8,ok,ok,0.0,8,1,ok,ok,0.0,6,1,GO STRAIGHT,,0,0
939,15.67,294.8,432.6,ok,ok,0.0,8,1,ok,ok,0.0,6,1,GO STRAIGHT,,0,0
942,15.72,294.8,432.4,ok,ok,0.0,8,1,ok,ok,0.0,6,1,GO STRAIGHT,,0,0
945,15.77,294.9,432.2,ok,ok,0.0,8,1,ok,ok,0.0,6,1,GO STRAIGHT,,0,0
948,15.82,294.9,432.0,ok,ok,0.0,8,1,ok,ok,0.0,6,1,GO STRAIGHT,,0,0
951,15.87,295.0,431.8,ok,ok,0.0,8,1,ok,ok,0.0,6,1,GO STRAIGHT,,0,0
954,15.92,295.0,431.6,ok,ok,0.0,8,1,ok,ok,0.0,6,1,GO STRAIGHT,,0,0
957,15.97,295.1,431.3,ok,ok,0.0,8,1,ok,ok,0.0,6,1,GO STRAIGHT,,0,0
960,16.02,295.1,431.1,ok,ok,0.0,8,1,ok,ok,0.0,6,1,GO STRAIGHT,,0,0
963,16.07,295.2,430.9,ok,ok,0.0,8,1,ok,ok,0.0,6,1,GO STRAIGHT,,0,0
966,16.12,295.2,430.7,ok,ok,0.0,8,1,ok,ok,0.0,6,1,GO STRAIGHT,,0,0
969,16.17,295.3,430.5,ok,ok,0.0,8,1,ok,ok,0.0,6,1,GO STRAIGHT,,0,0
972,16.22,295.4,430.2,ok,ok,0.0,8,1,ok,ok,0.0,7,1,GO STRAIGHT,,0,0
975,16.27,295.4,430.0,ok,ok,0.0,8,1,ok,ok,0.0,7,1,GO STRAIGHT,,0,0
978,16.32,295.5,429.8,ok,ok,0.0,8,1,ok,ok,0.0,7,1,GO STRAIGHT,,0,0
981,16.37,295.5,429.6,ok,ok,0.0,8,1,ok,ok,0.0,7,1,GO STRAIGHT,,0,0
984,16.42,295.6,429.4,ok,ok,0.0,8,1,ok,ok,0.0,7,1,GO STRAIGHT,,0,0
987,16.47,295.6,429.2,ok,ok,0.0,8,1,ok,ok,0.0,7,1,GO STRAIGHT,,0,0
990,16.52,295.6,429.0,ok,ok,0.0,8,1,ok,ok,0.0,7,1,GO STRAIGHT,,0,0
993,16.57,295.7,428.8,ok,ok,0.0,8,1,ok,ok,0.0,7,1,GO STRAIGHT,,0,0
996,16.62,295.7,428.6,ok,ok,0.0,8,1,ok,ok,0.0,7,1,GO STRAIGHT,,0,0
999,16.67,295.7,428.4,ok,ok,0.0,8,1,ok,ok,0.0,7,1,GO STRAIGHT,,0,0
1002,16.72,295.8,428.2,ok,ok,0.0,8,1,ok,ok,0.0,7,1,GO STRAIGHT,,0,0
1005,16.77,295.8,428.0,ok,ok,0.0,8,1,ok,ok,0.0,7,1,GO STRAIGHT,,0,0
1008,16.82,295.8,427.7,ok,ok,0.0,8,1,ok,ok,0.0,7,1,GO STRAIGHT,,0,0
1011,16.87,295.8,427.5,ok,ok,0.0,8,1,ok,ok,0.0,7,1,GO STRAIGHT,,0,0
1014,16.92,295.9,427.3,ok,ok,0.0,8,1,ok,ok,0.0,7,1,GO STRAIGHT,,0,0
1017,16.97,295.9,427.1,ok,ok,0.0,8,1,ok,ok,0.0,7,1,GO STRAIGHT,,0,0
1020,17.02,295.9,426.9,ok,ok,0.0,8,1,ok,ok,0.0,7,1,GO STRAIGHT,,0,0
1023,17.07,296.0,426.6,ok,ok,0.0,8,1,ok,ok,0.0,7,1,GO STRAIGHT,,0,0
1026,17.12,296.0,426.4,ok,ok,0.0,8,1,ok,ok,0.0,7,1,GO STRAIGHT,,0,0
1029,17.17,296.0,426.2,ok,ok,0.0,8,1,ok,ok,0.0,7,1,GO STRAIGHT,,0,0
1032,17.22,296.0,426.0,ok,ok,0.0,8,1,ok,ok,0.0,7,1,GO STRAIGHT,,0,0
1035,17.27,296.0,425.8,ok,ok,0.0,8,1,ok,ok,0.0,7,1,GO STRAIGHT,,0,0
1038,17.32,296.0,425.5,ok,ok,0.0,8,1,ok,ok,0.0,7,1,GO STRAIGHT,,0,0
1041,17.37,296.1,425.3,ok,ok,0.0,8,1,ok,ok,0.0,7,1,GO STRAIGHT,,0,0
1044,17.42,296.1,425.1,ok,ok,0.0,8,1,ok,ok,0.0,7,1,GO STRAIGHT,,0,0
1047,17.47,296.1,424.9,ok,ok,0.0,8,1,ok,ok,0.0,7,1,GO STRAIGHT,,0,0
1050,17.52,296.2,424.6,ok,ok,0.0,8,1,ok,ok,0.0,7,1,GO STRAIGHT,,0,0
1053,17.57,296.2,424.4,ok,ok,0.0,8,1,ok,ok,0.0,7,1,GO STRAIGHT,,0,0
1056,17.62,296.3,424.1,ok,ok,0.0,8,1,ok,ok,0.0,7,1,GO STRAIGHT,,0,0
1059,17.67,296.3,423.8,ok,ok,0.0,8,1,ok,ok,0.0,7,1,GO STRAIGHT,,0,0
1062,17.72,296.4,423.6,ok,ok,0.0,8,1,ok,ok,0.0,7,1,GO STRAIGHT,,0,0
1065,17.77,296.4,423.2,ok,ok,0.0,8,1,ok,ok,0.0,6,1,GO STRAIGHT,,0,0
1068,17.82,296.4,423.0,ok,ok,0.0,8,1,ok,ok,0.0,6,1,GO STRAIGHT,,0,0
1071,17.87,296.4,422.8,ok,ok,0.0,8,1,ok,ok,0.0,6,1,GO STRAIGHT,,0,0
1074,17.92,296.5,422.5,ok,ok,0.0,8,1,ok,ok,0.0,6,1,GO STRAIGHT,,0,0
1077,17.97,296.5,422.2,ok,ok,0.0,8,1,ok,ok,0.0,6,1,GO STRAIGHT,,0,0
1080,18.02,296.5,421.9,ok,ok,0.0,8,1,ok,ok,0.0,6,1,GO STRAIGHT,,0,0
1083,18.07,296.5,421.6,ok,ok,0.0,8,1,ok,ok,0.0,6,1,GO STRAIGHT,,0,0
1086,18.12,296.5,421.4,ok,ok,0.0,8,1,ok,ok,0.0,6,1,GO STRAIGHT,,0,0
1089,18.17,296.5,421.3,ok,ok,0.0,8,1,ok,ok,0.0,6,1,GO STRAIGHT,,0,0
1092,18.22,296.4,421.1,ok,ok,0.0,8,1,ok,ok,0.0,6,1,GO STRAIGHT,,0,0
1095,18.27,296.4,421.0,ok,ok,0.0,8,1,ok,ok,0.0,6,1,GO STRAIGHT,,0,0
1098,18.32,296.4,420.7,ok,ok,0.0,8,1,ok,ok,0.0,6,1,GO STRAIGHT,,0,0
1101,18.37,296.4,420.5,ok,ok,0.0,8,1,ok,ok,0.0,6,1,GO STRAIGHT,,0,0
1104,18.42,296.4,420.4,ok,ok,0.0,8,1,ok,ok,0.0,6,1,GO STRAIGHT,,0,0
1107,18.47,296.4,420.2,ok,ok,0.0,8,1,ok,ok,0.0,6,1,GO STRAIGHT,,0,0
1110,18.52,296.4,420.0,ok,ok,0.0,8,1,ok,ok,0.0,6,1,GO STRAIGHT,,0,0
1113,18.57,296.4,419.7,ok,ok,0.0,8,1,ok,ok,0.0,6,1,GO STRAIGHT,,0,0
1116,18.62,296.4,419.5,ok,ok,0.0,8,1,ok,ok,0.0,6,1,GO STRAIGHT,,0,0
1119,18.67,296.4,419.3,ok,ok,0.0,8,1,ok,ok,0.0,6,1,GO STRAIGHT,,0,0
1122,18.72,296.4,419.1,ok,ok,0.0,8,1,ok,ok,0.0,6,1,GO STRAIGHT,,0,0
1125,18.77,296.4,418.9,ok,ok,0.0,8,1,ok,ok,0.0,6,1,GO STRAIGHT,,0,0
1128,18.82,296.4,418.6,ok,ok,0.0,8,1,ok,ok,0.0,6,1,GO STRAIGHT,,0,0
1131,18.87,296.5,418.4,ok,ok,0.0,8,1,ok,ok,0.0,6,1,GO STRAIGHT,,0,0
1134,18.92,296.5,418.2,ok,ok,0.0,8,1,ok,ok,0.0,7,1,GO STRAIGHT,,0,0
1137,18.97,296.5,417.9,ok,ok,0.0,8,1,ok,ok,0.0,7,1,GO STRAIGHT,,0,0
1140,19.02,296.5,417.7,ok,ok,0.0,8,1,ok,ok,0.0,7,1,GO STRAIGHT,,0,0
1143,19.07,296.5,417.4,ok,ok,0.0,8,1,ok,ok,0.0,7,1,GO STRAIGHT,,0,0
1146,19.12,296.5,417.2,ok,ok,0.0,8,1,ok,ok,0.0,7,1,GO STRAIGHT,,0,0
1149,19.17,296.5,417.0,ok,ok,0.0,8,1,ok,ok,0.0,7,1,GO STRAIGHT,,0,0
1152,19.22,296.5,416.8,ok,ok,0.0,8,1,ok,ok,0.0,7,1,GO STRAIGHT,,0,0
1155,19.27,296.5,416.5,ok,ok,0.0,8,1,ok,ok,0.0,7,1,GO STRAIGHT,,0,0
1158,19.32,296.5,416.3,ok,ok,0.0,8,1,ok,ok,0.0,7,1,GO STRAIGHT,,0,0
1161,19.37,296.5,416.1,ok,ok,0.0,8,1,ok,ok,0.0,7,1,GO STRAIGHT,,0,0
1164,19.42,296.5,415.8,ok,ok,0.0,8,1,ok,ok,0.0,7,1,GO STRAIGHT,,0,0
1167,19.47,296.5,415.6,ok,ok,0.0,8,1,ok,ok,0.0,7,1,GO STRAIGHT,,0,0
1170,19.52,296.5,415.4,ok,ok,0.0,8,1,ok,ok,0.0,7,1,GO STRAIGHT,,0,0
1173,19.57,296.5,415.1,ok,ok,0.0,8,1,ok,ok,0.0,7,1,GO STRAIGHT,,0,0
1176,19.62,296.5,414.8,ok,ok,0.0,8,1,ok,ok,0.0,7,1,GO STRAIGHT,,0,0
1179,19.67,296.5,414.6,ok,ok,0.0,8,1,ok,ok,0.0,7,1,GO STRAIGHT,,0,0
1182,19.72,296.5,414.4,ok,ok,0.0,8,1,ok,ok,0.0,7,1,GO STRAIGHT,,0,0
1185,19.77,296.5,414.1,ok,ok,0.0,8,1,ok,ok,0.0,7,1,GO STRAIGHT,,0,0
1188,19.82,296.5,413.8,ok,ok,0.0,8,1,ok,ok,0.0,7,1,GO STRAIGHT,,0,0
1191,19.87,296.5,413.6,ok,ok,0.0,8,1,ok,ok,0.0,7,1,GO STRAIGHT,,0,0
1194,19.92,296.5,413.3,ok,ok,0.0,8,1,ok,ok,0.0,7,1,GO STRAIGHT,,0,0
1197,19.97,296.5,413.1,ok,ok,0.0,8,1,ok,ok,0.0,7,1,GO STRAIGHT,,0,0
1200,20.02,296.5,412.7,ok,ok,0.0,8,1,ok,ok,0.0,7,1,GO STRAIGHT,,0,0
1203,20.07,296.4,412.5,ok,ok,0.0,8,1,ok,ok,0.0,7,1,GO STRAIGHT,,0,0
1206,20.12,296.4,412.2,ok,ok,0.0,8,1,ok,ok,0.0,7,1,GO STRAIGHT,,0,0
1209,20.17,296.4,411.9,ok,ok,0.0,8,1,ok,ok,0.0,7,1,GO STRAIGHT,,0,0
1212,20.22,296.4,411.6,ok,ok,0.0,8,1,ok,ok,0.0,7,1,GO STRAIGHT,,0,0
1215,20.27,296.4,411.4,ok,ok,0.0,8,1,ok,ok,0.0,7,1,GO STRAIGHT,,0,0
1218,20.32,296.4,411.1,ok,ok,0.0,8,1,ok,ok,0.0,7,1,GO STRAIGHT,,0,0
1221,20.37,296.4,410.8,ok,ok,0.0,8,1,ok,ok,0.0,7,1,GO STRAIGHT,,0,0
1224,20.42,296.4,410.6,ok,ok,0.0,8,1,ok,ok,0.0,7,1,GO STRAIGHT,,0,0
1227,20.47,296.4,410.3,ok,ok,0.0,8,1,ok,ok,0.0,6,1,GO STRAIGHT,,0,0
1230,20.52,296.3,410.0,ok,ok,0.0,8,1,ok,ok,0.0,6,1,GO STRAIGHT,,0,0
1233,20.57,296.3,409.8,ok,ok,0.0,8,1,ok,ok,0.0,6,1,GO STRAIGHT,,0,0
1236,20.62,296.3,409.5,ok,ok,0.0,8,1,ok,ok,0.0,6,1,GO STRAIGHT,,0,0
1239,20.67,296.3,409.2,ok,ok,0.0,8,1,ok,ok,0.0,6,1,GO STRAIGHT,,0,0
1242,20.72,296.3,409.0,ok,ok,0.0,8,1,ok,ok,0.0,6,1,GO STRAIGHT,,0,0
1245,20.77,296.3,408.7,ok,ok,0.0,8,1,ok,ok,0.0,6,1,GO STRAIGHT,,0,0
1248,20.82,296.2,408.5,ok,ok,0.0,8,1,ok,ok,0.0,6,1,GO STRAIGHT,,0,0
1251,20.87,296.2,408.2,ok,ok,0.0,8,1,ok,ok,0.0,6,1,GO STRAIGHT,,0,0
1254,20.92,296.2,407.9,ok,ok,0.0,8,1,ok,ok,0.0,6,1,GO STRAIGHT,,0,0
1257,20.97,296.2,407.7,ok,ok,0.0,8,1,ok,ok,0.0,6,1,GO STRAIGHT,,0,0
1260,21.02,296.1,407.4,ok,ok,0.0,8,1,ok,ok,0.0,6,1,GO STRAIGHT,,0,0
1263,21.07,296.1,407.1,ok,ok,0.0,8,1,ok,ok,0.0,6,1,GO STRAIGHT,,0,0
1266,21.12,296.1,406.9,ok,ok,0.0,8,1,ok,ok,0.0,6,1,GO STRAIGHT,,0,0
1269,21.17,296.1,406.6,ok,ok,0.0,8,1,ok,ok,0.0,6,1,GO STRAIGHT,,0,0
1272,21.22,296.0,406.3,ok,ok,0.0,8,1,ok,ok,0.0,7,1,GO STRAIGHT,,0,0
1275,21.27,296.0,406.1,ok,ok,0.0,8,1,ok,ok,0.0,7,1,GO STRAIGHT,,0,0
1278,21.32,296.0,405.8,ok,ok,0.0,8,1,ok,ok,0.0,7,1,GO STRAIGHT,,0,0
1281,21.37,296.0,405.6,ok,ok,0.0,8,1,ok,ok,0.0,7,1,GO STRAIGHT,,0,0
1284,21.42,296.0,405.3,ok,ok,0.0,8,1,ok,ok,0.0,7,1,GO STRAIGHT,,0,0
1287,21.47,296.0,405.1,ok,ok,0.0,8,1,ok,ok,0.0,7,1,GO STRAIGHT,,0,0
1290,21.52,296.0,404.8,ok,ok,0.0,8,1,ok,ok,0.0,7,1,GO STRAIGHT,,0,0
1293,21.57,296.0,404.6,ok,ok,0.0,8,1,ok,ok,0.0,7,1,GO STRAIGHT,,0,0
1296,21.62,295.9,404.3,ok,ok,0.0,8,1,ok,ok,0.0,7,1,GO STRAIGHT,,0,0
1299,21.67,295.9,404.1,ok,ok,0.0,8,1,ok,ok,0.0,7,1,GO STRAIGHT,,0,0
1302,21.72,295.9,403.8,ok,ok,0.0,8,1,ok,ok,0.0,7,1,GO STRAIGHT,,0,0
1305,21.77,295.9,403.6,ok,ok,0.0,8,1,ok,ok,0.0,7,1,GO STRAIGHT,,0,0
1308,21.82,295.9,403.3,ok,ok,0.0,8,1,ok,ok,0.0,7,1,GO STRAIGHT,,0,0
1311,21.87,295.9,403.1,ok,ok,0.0,8,1,ok,ok,0.0,7,1,GO STRAIGHT,,0,0
1314,21.92,295.9,402.9,ok,ok,0.0,8,1,ok,ok,0.0,7,1,GO STRAIGHT,,0,0
1317,21.97,295.9,402.6,ok,ok,0.0,8,1,ok,ok,0.0,7,1,GO STRAIGHT,,0,0
1320,22.02,295.9,402.4,ok,ok,0.0,8,1,ok,ok,0.0,7,1,GO STRAIGHT,,0,0
1323,22.07,295.9,402.1,ok,ok,0.0,8,1,ok,ok,0.0,7,1,GO STRAIGHT,,0,0
1326,22.12,295.8,401.9,ok,ok,0.0,8,1,ok,ok,0.0,7,1,GO STRAIGHT,,0,0
1329,22.17,295.8,401.6,ok,ok,0.0,8,1,ok,ok,0.0,7,1,GO STRAIGHT,,0,0
1332,22.22,295.8,401.3,ok,ok,0.0,8,1,ok,ok,0.0,7,1,GO STRAIGHT,,0,0
1335,22.27,295.8,401.1,ok,ok,0.0,8,1,ok,ok,0.0,7,1,GO STRAIGHT,,0,0
1338,22.32,295.8,400.9,ok,ok,0.0,8,1,ok,ok,0.0,7,1,GO STRAIGHT,,0,0
1341,22.37,295.8,400.6,ok,ok,0.0,8,1,ok,ok,0.0,7,1,GO STRAIGHT,,0,0
1344,22.42,295.8,400.4,ok,ok,0.0,8,1,ok,ok,0.0,7,1,GO STRAIGHT,,0,0
1347,22.47,295.8,400.1,ok,ok,0.0,8,1,ok,ok,0.0,7,1,GO STRAIGHT,,0,0
1350,22.52,295.8,399.9,ok,ok,0.0,8,1,ok,ok,0.0,7,1,GO STRAIGHT,,0,0
1353,22.57,295.8,399.7,ok,ok,0.0,8,1,ok,ok,0.0,7,1,GO STRAIGHT,,0,0
1356,22.62,295.8,399.4,ok,ok,0.0,8,1,ok,ok,0.0,7,1,GO STRAIGHT,,0,0
1359,22.67,295.8,399.2,ok,ok,0.0,8,1,ok,ok,0.0,7,1,GO STRAIGHT,,0,0
1362,22.72,295.8,398.9,ok,ok,0.0,8,1,ok,ok,0.0,7,1,GO STRAIGHT,,0,0
1365,22.77,295.8,398.7,ok,ok,0.0,8,1,ok,ok,0.0,7,1,GO STRAIGHT,,0,0
1368,22.82,295.8,398.5,ok,ok,0.0,8,1,ok,ok,0.0,6,1,GO STRAIGHT,,0,0
1371,22.87,295.8,398.2,ok,ok,0.0,8,1,ok,ok,0.0,6,1,GO STRAIGHT,,0,0
1374,22.92,295.8,398.0,ok,ok,0.0,8,1,ok,ok,0.0,6,1,GO STRAIGHT,,0,0
1377,22.97,295.8,397.8,ok,ok,0.0,8,1,ok,ok,0.0,6,1,GO STRAIGHT,,0,0
1380,23.02,295.8,397.5,ok,ok,0.0,8,1,ok,ok,0.0,6,1,GO STRAIGHT,,0,0
1383,23.07,295.8,397.3,ok,ok,0.0,8,1,ok,ok,0.0,6,1,GO STRAIGHT,,0,0
1386,23.12,295.8,397.0,ok,ok,0.0,8,1,ok,ok,0.0,6,1,GO STRAIGHT,,0,0
1389,23.17,295.8,396.8,ok,ok,0.0,8,1,ok,ok,0.0,6,1,GO STRAIGHT,,0,0
1392,23.22,295.8,396.6,ok,ok,0.0,8,1,ok,ok,0.0,6,1,GO STRAIGHT,,0,0
1395,23.27,295.8,396.3,ok,ok,0.0,8,1,ok,ok,0.0,6,1,GO STRAIGHT,,0,0
1398,23.32,295.8,396.1,ok,ok,0.0,8,1,ok,ok,0.0,6,1,GO STRAIGHT,,0,0
1401,23.37,295.8,395.9,ok,ok,0.0,8,1,ok,ok,0.0,6,1,GO STRAIGHT,,0,0
1404,23.42,295.8,395.6,ok,ok,0.0,8,1,ok,ok,0.0,6,1,GO STRAIGHT,,0,0
1407,23.47,295.7,395.4,ok,ok,0.0,8,1,ok,ok,0.0,6,1,GO STRAIGHT,,0,0
1410,23.52,295.7,395.1,ok,ok,0.0,8,1,ok,ok,0.0,6,1,GO STRAIGHT,,0,0
1413,23.57,295.7,394.9,ok,ok,0.0,8,1,ok,ok,0.0,6,1,GO STRAIGHT,,0,0
1416,23.62,295.7,394.7,ok,ok,0.0,8,1,ok,ok,0.0,6,1,GO STRAIGHT,,0,0
1419,23.67,295.7,394.4,ok,ok,0.0,8,1,ok,ok,0.0,6,1,GO STRAIGHT,,0,0
1422,23.72,295.7,394.2,ok,ok,0.0,8,1,ok,ok,0.0,7,1,GO STRAIGHT,,0,0
1425,23.77,295.7,394.0,ok,ok,0.0,8,1,ok,ok,0.0,7,1,GO STRAIGHT,,0,0
1428,23.82,295.7,393.7,ok,ok,0.0,8,1,ok,ok,0.0,7,1,GO STRAIGHT,,0,0
1431,23.87,295.7,393.5,ok,ok,0.0,8,1,ok,ok,0.0,7,1,GO STRAIGHT,,0,0
1434,23.92,295.7,393.2,ok,ok,0.0,8,1,ok,ok,0.0,7,1,GO STRAIGHT,,0,0
1437,23.97,295.7,393.0,ok,ok,0.0,8,1,ok,ok,0.0,7,1,GO STRAIGHT,,0,0
1440,24.02,295.8,392.7,ok,ok,0.0,8,1,ok,ok,0.0,7,1,GO STRAIGHT,,0,0
1443,24.07,295.8,392.5,ok,ok,0.0,8,1,ok,ok,0.0,7,1,GO STRAIGHT,,0,0
1446,24.12,295.8,392.2,ok,ok,0.0,8,1,ok,ok,0.0,7,1,GO STRAIGHT,,0,0
1449,24.17,295.8,392.0,ok,ok,0.0,8,1,ok,ok,0.0,7,1,GO STRAIGHT,,0,0
1452,24.22,295.7,391.8,ok,ok,0.0,8,1,ok,ok,0.0,7,1,GO STRAIGHT,,0,0
1455,24.27,295.7,391.5,ok,ok,0.0,8,1,ok,ok,0.0,7,1,GO STRAIGHT,,0,0
1458,24.32,295.7,391.3,ok,ok,0.0,8,1,ok,ok,0.0,7,1,GO STRAIGHT,,0,0
1461,24.37,295.7,391.1,ok,ok,0.0,8,1,ok,ok,0.0,7,1,GO STRAIGHT,,0,0
1464,24.42,295.7,390.8,ok,ok,0.0,8,1,ok,ok,0.0,7,1,GO STRAIGHT,,0,0
1467,24.47,295.7,390.6,ok,ok,0.0,8,1,ok,ok,0.0,7,1,GO STRAIGHT,,0,0
1470,24.52,295.7,390.3,ok,ok,0.0,8,1,ok,ok,0.0,7,1,GO STRAIGHT,,0,0
1473,24.57,295.7,390.1,ok,ok,0.0,8,1,ok,ok,0.0,7,1,GO STRAIGHT,,0,0
1476,24.62,295.6,389.9,ok,ok,0.0,8,1,ok,ok,0.0,7,1,GO STRAIGHT,,0,0
1479,24.67,295.6,389.6,ok,ok,0.0,8,1,ok,ok,0.0,7,1,GO STRAIGHT,,0,0
1482,24.72,295.6,389.4,ok,ok,0.0,8,1,ok,ok,0.0,7,1,GO STRAIGHT,,0,0
1485,24.77,295.6,389.1,ok,ok,0.0,8,1,ok,ok,0.0,7,1,GO STRAIGHT,,0,0
1488,24.82,295.5,388.8,ok,ok,0.0,8,1,ok,ok,0.0,7,1,GO STRAIGHT,,0,0
1491,24.87,295.5,388.6,ok,ok,0.0,8,1,ok,ok,0.0,7,1,GO STRAIGHT,,0,0
1494,24.92,295.5,388.3,ok,ok,0.0,8,1,ok,ok,0.0,7,1,GO STRAIGHT,,0,0
1497,24.97,295.5,388.1,ok,ok,0.0,8,1,ok,ok,0.0,7,1,GO STRAIGHT,,0,0
1500,25.03,295.4,387.8,ok,ok,0.0,8,1,ok,ok,0.0,7,1,GO STRAIGHT,,0,0
1503,25.08,295.4,387.6,ok,ok,0.0,8,1,ok,ok,0.0,7,1,GO STRAIGHT,,0,0
1506,25.13,295.4,387.4,ok,ok,0.0,8,1,ok,ok,0.0,6,1,GO STRAIGHT,,0,0
1509,25.18,295.4,387.1,ok,ok,0.0,8,1,ok,ok,0.0,6,1,GO STRAIGHT,,0,0
1512,25.23,295.4,386.9,ok,ok,0.0,8,1,ok,ok,0.0,6,1,GO STRAIGHT,,0,0
1515,25.28,295.3,386.6,ok,ok,0.0,8,1,ok,ok,0.0,6,1,GO STRAIGHT,,0,0
1518,25.33,295.3,386.3,ok,ok,0.0,8,1,ok,ok,0.0,6,1,GO STRAIGHT,,0,0
1521,25.38,295.3,386.1,ok,ok,0.0,8,1,ok,ok,0.0,6,1,GO STRAIGHT,,0,0
1524,25.43,295.3,385.9,ok,ok,0.0,8,1,ok,ok,0.0,6,1,GO STRAIGHT,,0,0
1527,25.48,295.3,385.6,ok,ok,0.0,8,1,ok,ok,0.0,6,1,GO STRAIGHT,,0,0
1530,25.53,295.3,385.4,ok,ok,0.0,8,1,ok,ok,0.0,6,1,GO STRAIGHT,,0,0
1533,25.58,295.3,385.1,ok,ok,0.0,8,1,ok,ok,0.0,6,1,GO STRAIGHT,,0,0
1536,25.63,295.3,384.9,ok,ok,0.0,8,1,ok,ok,0.0,6,1,GO STRAIGHT,,0,0
1539,25.68,295.3,384.7,ok,ok,0.0,8,1,ok,ok,0.0,6,1,GO STRAIGHT,,0,0
1542,25.73,295.3,384.4,ok,ok,0.0,8,1,ok,ok,0.0,6,1,GO STRAIGHT,,0,0
1545,25.78,295.2,384.2,ok,ok,0.0,8,1,ok,ok,0.0,6,1,GO STRAIGHT,,0,0
1548,25.83,295.2,383.9,ok,ok,0.0,8,1,ok,ok,0.0,6,1,GO STRAIGHT,,0,0
1551,25.88,295.2,383.7,ok,ok,0.0,8,1,ok,ok,0.0,6,1,GO STRAIGHT,,0,0
1554,25.93,295.2,383.5,ok,ok,0.0,8,1,ok,ok,0.0,6,1,GO STRAIGHT,,0,0
1557,25.98,295.2,383.2,ok,ok,0.0,8,1,ok,ok,0.0,6,1,GO STRAIGHT,,0,0
1560,26.03,295.2,383.0,ok,ok,0.0,8,1,ok,ok,0.0,6,1,GO STRAIGHT,,0,0
1563,26.08,295.2,382.7,ok,ok,0.0,8,1,ok,ok,0.0,6,1,GO STRAIGHT,,0,0
1566,26.13,295.2,382.5,ok,ok,0.0,8,1,ok,ok,0.0,6,1,GO STRAIGHT,,0,0
1569,26.18,295.2,382.3,ok,ok,0.0,8,1,ok,ok,0.0,7,1,GO STRAIGHT,,0,0
1572,26.23,295.2,382.0,ok,ok,0.0,8,1,ok,ok,0.0,7,1,GO STRAIGHT,,0,0
1575,26.28,295.1,381.7,ok,ok,0.0,8,1,ok,ok,0.0,7,1,GO STRAIGHT,,0,0
1578,26.33,295.1,381.5,ok,ok,0.0,8,1,ok,ok,0.0,7,1,GO STRAIGHT,,0,0
1581,26.38,295.1,381.3,ok,ok,0.0,8,1,ok,ok,0.0,7,1,GO STRAIGHT,,0,0
1584,26.43,295.1,381.0,ok,ok,0.0,8,1,ok,ok,0.0,7,1,GO STRAIGHT,,0,0
1587,26.48,295.1,380.8,ok,ok,0.0,8,1,ok,ok,0.0,7,1,GO STRAIGHT,,0,0
1590,26.53,295.1,380.5,ok,ok,0.0,8,1,ok,ok,0.0,7,1,GO STRAIGHT,,0,0
1593,26.58,295.1,380.3,ok,ok,0.0,8,1,ok,ok,0.0,7,1,GO STRAIGHT,,0,0
1596,26.63,295.1,380.0,ok,ok,0.0,8,1,ok,ok,0.0,7,1,GO STRAIGHT,,0,0
1599,26.68,295.1,379.8,ok,ok,0.0,8,1,ok,ok,0.0,7,1,GO STRAIGHT,,0,0
1602,26.73,295.2,379.6,ok,ok,0.0,8,1,ok,ok,0.0,7,1,GO STRAIGHT,,0,0
1605,26.78,295.2,379.3,ok,ok,0.0,8,1,ok,ok,0.0,7,1,GO STRAIGHT,,0,0
1608,26.83,295.2,379.1,ok,ok,0.0,8,1,ok,ok,0.0,7,1,GO STRAIGHT,,0,0
1611,26.88,295.2,378.9,ok,ok,0.0,8,1,ok,ok,0.0,7,1,GO STRAIGHT,,0,0
1614,26.93,295.2,378.7,ok,ok,0.0,8,1,ok,ok,0.0,7,1,GO STRAIGHT,,0,0
1617,26.98,295.3,378.4,ok,ok,0.0,8,1,ok,ok,0.0,7,1,GO STRAIGHT,,0,0
1620,27.03,295.3,378.2,ok,ok,0.0,8,1,ok,ok,0.0,7,1,GO STRAIGHT,,0,0
1623,27.08,295.3,377.9,ok,ok,0.0,8,1,ok,ok,0.0,7,1,GO STRAIGHT,,0,0
1626,27.13,295.3,377.7,ok,ok,0.0,8,1,ok,ok,0.0,7,1,GO STRAIGHT,,0,0
1629,27.18,295.3,377.5,ok,ok,0.0,8,1,ok,ok,0.0,7,1,GO STRAIGHT,,0,0
1632,27.23,295.4,377.2,ok,ok,0.0,8,1,ok,ok,0.0,7,1,GO STRAIGHT,,0,0
1635,27.28,295.4,377.0,ok,ok,0.0,8,1,ok,ok,0.0,7,1,GO STRAIGHT,,0,0
1638,27.33,295.4,376.7,ok,ok,0.0,8,1,ok,ok,0.0,7,1,GO STRAIGHT,,0,0
1641,27.38,295.4,376.5,ok,ok,0.0,8,1,ok,ok,0.0,7,1,GO STRAIGHT,,0,0
1644,27.43,295.4,376.2,ok,ok,0.0,8,1,ok,ok,0.0,7,1,GO STRAIGHT,,0,0
1647,27.48,295.4,376.0,ok,ok,0.0,8,1,ok,ok,0.0,7,1,GO STRAIGHT,,0,0
1650,27.53,295.4,375.7,ok,ok,0.0,8,1,ok,ok,0.0,7,1,GO STRAIGHT,,0,0
1653,27.58,295.4,375.5,ok,ok,0.0,8,1,ok,ok,0.0,7,1,GO STRAIGHT,,0,0
1656,27.63,295.4,375.2,ok,ok,0.0,8,1,ok,ok,0.0,6,1,GO STRAIGHT,,0,0
1659,27.68,295.4,375.0,ok,ok,0.0,8,1,ok,ok,0.0,6,1,GO STRAIGHT,,0,0
1662,27.73,295.4,374.8,ok,ok,0.0,8,1,ok,ok,0.0,6,1,GO STRAIGHT,,0,0
1665,27.78,295.4,374.5,ok,ok,0.0,8,1,ok,ok,0.0,6,1,GO STRAIGHT,,0,0
1668,27.83,295.4,374.3,ok,ok,0.0,8,1,ok,ok,0.0,6,1,GO STRAIGHT,,0,0
1671,27.88,295.4,374.0,ok,ok,0.0,8,1,ok,ok,0.0,6,1,GO STRAIGHT,,0,0
1674,27.93,295.4,373.8,ok,ok,0.0,8,1,ok,ok,0.0,6,1,GO STRAIGHT,,0,0
1677,27.98,295.4,373.5,ok,ok,0.0,8,1,ok,ok,0.0,6,1,GO STRAIGHT,,0,0
1680,28.03,295.4,373.3,ok,ok,0.0,8,1,ok,ok,0.0,6,1,GO STRAIGHT,,0,0
1683,28.08,295.4,373.0,ok,ok,0.0,8,1,ok,ok,0.0,6,1,GO STRAIGHT,,0,0
1686,28.13,295.4,372.8,ok,ok,0.0,8,1,ok,ok,0.0,6,1,GO STRAIGHT,,0,0
1689,28.18,295.4,372.5,ok,ok,0.0,8,1,ok,ok,0.0,6,1,GO STRAIGHT,,0,0
1692,28.23,295.4,372.3,ok,ok,0.0,8,1,ok,ok,0.0,6,1,GO STRAIGHT,,0,0
1695,28.28,295.4,372.0,ok,ok,0.0,8,1,ok,ok,0.0,6,1,GO STRAIGHT,,0,0
1698,28.33,295.4,371.8,ok,ok,0.0,8,1,ok,ok,0.0,6,1,GO STRAIGHT,,0,0
1701,28.38,295.4,371.5,ok,ok,0.0,8,1,ok,ok,0.0,6,1,GO STRAIGHT,,0,0
1704,28.43,295.4,371.3,ok,ok,0.0,8,1,ok,ok,0.0,6,1,GO STRAIGHT,,0,0
1707,28.48,295.4,371.0,ok,ok,0.0,8,1,ok,ok,0.0,6,1,GO STRAIGHT,,0,0
1710,28.53,295.3,370.8,ok,ok,0.0,8,1,ok,ok,0.0,6,1,GO STRAIGHT,,0,0
1713,28.58,295.3,370.5,ok,ok,0.0,8,1,ok,ok,0.0,6,1,GO STRAIGHT,,0,0
1716,28.63,295.3,370.3,ok,ok,0.0,8,1,ok,ok,0.0,7,1,GO STRAIGHT,,0,0
1719,28.68,295.3,370.0,ok,ok,0.0,8,1,ok,ok,0.0,7,1,GO STRAIGHT,,0,0
1722,28.73,295.3,369.8,ok,ok,0.0,8,1,ok,ok,0.0,7,1,GO STRAIGHT,,0,0
1725,28.78,295.2,369.5,ok,ok,0.0,8,1,ok,ok,0.0,7,1,GO STRAIGHT,,0,0
1728,28.83,295.2,369.3,ok,ok,0.0,8,1,ok,ok,0.0,7,1,GO STRAIGHT,,0,0
1731,28.88,295.2,369.1,ok,ok,0.0,8,1,ok,ok,0.0,7,1,GO STRAIGHT,,0,0
1734,28.93,295.1,368.8,ok,ok,0.0,8,1,ok,ok,0.0,7,1,GO STRAIGHT,,0,0
1737,28.98,295.1,368.6,ok,ok,0.0,8,1,ok,ok,0.0,7,1,GO STRAIGHT,,0,0
1740,29.03,295.1,368.3,ok,ok,0.0,8,1,ok,ok,0.0,7,1,GO STRAIGHT,,0,0
1743,29.08,295.0,368.1,ok,ok,0.0,8,1,ok,ok,0.0,7,1,GO STRAIGHT,,0,0
1746,29.13,295.0,367.8,ok,ok,0.0,8,1,ok,ok,0.0,7,1,GO STRAIGHT,,0,0
1749,29.18,295.0,367.6,ok,ok,0.0,8,1,ok,ok,0.0,7,1,GO STRAIGHT,,0,0
1752,29.23,294.9,367.3,ok,ok,0.0,8,1,ok,ok,0.0,7,1,GO STRAIGHT,,0,0
1755,29.28,294.9,367.1,ok,ok,0.0,8,1,ok,ok,0.0,7,1,GO STRAIGHT,,0,0
1758,29.33,294.9,366.8,ok,ok,0.0,8,1,ok,ok,0.0,7,1,GO STRAIGHT,,0,0
1761,29.38,294.9,366.6,ok,ok,0.0,8,1,ok,ok,0.0,7,1,GO STRAIGHT,,0,0
1764,29.43,294.9,366.3,ok,ok,0.0,8,1,ok,ok,0.0,7,1,GO STRAIGHT,,0,0
1767,29.48,294.8,366.0,ok,ok,0.0,8,1,ok,ok,0.0,7,1,GO STRAIGHT,,0,0
1770,29.53,294.8,365.8,ok,ok,0.0,8,1,ok,ok,0.0,7,1,GO STRAIGHT,,0,0
1773,29.58,294.8,365.5,ok,ok,0.0,8,1,ok,ok,0.0,7,1,GO STRAIGHT,,0,0
1776,29.63,294.7,365.3,ok,ok,0.0,8,1,ok,ok,0.0,7,1,GO STRAIGHT,,0,0
1779,29.68,294.7,365.0,ok,ok,0.0,8,1,ok,ok,0.0,7,1,GO STRAIGHT,,0,0
1782,29.73,294.7,364.8,ok,ok,0.0,8,1,ok,ok,0.0,7,1,GO STRAIGHT,,0,0
1785,29.78,294.7,364.5,ok,ok,0.0,8,1,ok,ok,0.0,7,1,GO STRAIGHT,,0,0
1788,29.83,294.7,364.2,ok,ok,0.0,8,1,ok,ok,0.0,7,1,GO STRAIGHT,,0,0
1791,29.88,294.6,364.0,ok,ok,0.0,8,1,ok,ok,0.0,7,1,GO STRAIGHT,,0,0
1794,29.93,294.6,363.7,ok,ok,0.0,8,1,ok,ok,0.0,7,1,GO STRAIGHT,,0,0
1797,29.98,294.6,363.5,ok,ok,0.0,8,1,ok,ok,0.0,7,1,GO STRAIGHT,,0,0
1800,30.03,294.5,363.2,ok,ok,0.0,8,1,ok,ok,0.0,6,1,GO STRAIGHT,,0,0
1803,30.08,294.5,362.9,ok,ok,0.0,8,1,ok,ok,0.0,6,1,GO STRAIGHT,,0,0
1806,30.13,294.5,362.7,ok,ok,0.0,8,1,ok,ok,0.0,6,1,GO STRAIGHT,,0,0
1809,30.18,294.5,362.4,ok,ok,0.0,8,1,ok,ok,0.0,6,1,GO STRAIGHT,,0,0
1812,30.23,294.5,362.2,ok,ok,0.0,8,1,ok,ok,0.0,6,1,GO STRAIGHT,,0,0
1815,30.28,294.4,361.9,ok,ok,0.0,8,1,ok,ok,0.0,6,1,GO STRAIGHT,,0,0
1818,30.33,294.4,361.6,ok,ok,0.0,8,1,ok,ok,0.0,6,1,GO STRAIGHT,,0,0
1821,30.38,294.4,361.3,ok,ok,0.0,8,1,ok,ok,0.0,6,1,GO STRAIGHT,,0,0
1824,30.43,294.4,361.1,ok,ok,0.0,8,1,ok,ok,0.0,6,1,GO STRAIGHT,,0,0
1827,30.48,294.4,360.8,ok,ok,0.0,8,1,ok,ok,0.0,6,1,GO STRAIGHT,,0,0
1830,30.53,294.4,360.5,ok,ok,0.0,8,1,ok,ok,0.0,6,1,GO STRAIGHT,,0,0
1833,30.58,294.4,360.3,ok,ok,0.0,8,1,ok,ok,0.0,6,1,GO STRAIGHT,,0,0
1836,30.63,294.4,360.0,ok,ok,0.0,8,1,ok,ok,0.0,6,1,GO STRAIGHT,,0,0
1839,30.68,294.4,359.7,ok,ok,0.0,8,1,ok,ok,0.0,6,1,GO STRAIGHT,,0,0
1842,30.73,294.4,359.5,ok,ok,0.0,8,1,ok,ok,0.0,6,1,GO STRAIGHT,,0,0
1845,30.78,294.4,359.2,ok,ok,0.0,8,1,ok,ok,0.0,6,1,GO STRAIGHT,,0,0
1848,30.83,294.4,358.9,ok,ok,0.0,8,1,ok,ok,0.0,6,1,GO STRAIGHT,,0,0
1851,30.88,294.4,358.7,ok,ok,0.0,8,1,ok,ok,0.0,6,1,GO STRAIGHT,,0,0
1854,30.93,294.4,358.4,ok,ok,0.0,8,1,ok,ok,0.0,6,1,GO STRAIGHT,,0,0
1857,30.98,294.4,358.1,ok,ok,0.0,8,1,ok,ok,0.0,7,1,GO STRAIGHT,,0,0
1860,31.03,294.4,357.9,ok,ok,0.0,8,1,ok,ok,0.0,7,1,GO STRAIGHT,,0,0
1863,31.08,294.3,357.6,ok,ok,0.0,8,1,ok,ok,0.0,7,1,GO STRAIGHT,,0,0
1866,31.13,294.3,357.3,ok,ok,0.0,8,1,ok,ok,0.0,7,1,GO STRAIGHT,,0,0
1869,31.18,294.3,357.1,ok,ok,0.0,8,1,ok,ok,0.0,7,1,GO STRAIGHT,,0,0
1872,31.23,294.3,356.8,ok,ok,0.0,8,1,ok,ok,0.0,7,1,GO STRAIGHT,,0,0
1875,31.28,294.3,356.5,ok,ok,0.0,8,1,ok,ok,0.0,7,1,GO STRAIGHT,,0,0
1878,31.33,294.3,356.3,ok,ok,0.0,8,1,ok,ok,0.0,7,1,GO STRAIGHT,,0,0
1881,31.38,294.3,356.0,ok,ok,0.0,8,1,ok,ok,0.0,7,1,GO STRAIGHT,,0,0
1884,31.43,294.3,355.8,ok,ok,0.0,8,1,ok,ok,0.0,7,1,GO STRAIGHT,,0,0
1887,31.48,294.3,355.5,ok,ok,0.0,8,1,ok,ok,0.0,7,1,GO STRAIGHT,,0,0
1890,31.53,294.3,355.2,ok,ok,0.0,8,1,ok,ok,0.0,7,1,GO STRAIGHT,,0,0
1893,31.58,294.3,355.0,ok,ok,0.0,8,1,ok,ok,0.0,7,1,GO STRAIGHT,,0,0
1896,31.63,294.3,354.7,ok,ok,0.0,8,1,ok,ok,0.0,7,1,GO STRAIGHT,,0,0
1899,31.68,294.3,354.5,ok,ok,0.0,8,1,ok,ok,0.0,7,1,GO STRAIGHT,,0,0
1902,31.73,294.3,354.2,ok,ok,0.0,8,1,ok,ok,0.0,7,1,GO STRAIGHT,,0,0
1905,31.78,294.3,354.0,ok,ok,0.0,8,1,ok,ok,0.0,7,1,GO STRAIGHT,,0,0
1908,31.83,294.3,353.7,ok,ok,0.0,8,1,ok,ok,0.0,7,1,GO STRAIGHT,,0,0
1911,31.88,294.3,353.5,ok,ok,0.0,8,1,ok,ok,0.0,7,1,GO STRAIGHT,,0,0
1914,31.93,294.3,353.2,ok,ok,0.0,8,1,ok,ok,0.0,7,1,GO STRAIGHT,,0,0
1917,31.98,294.3,353.0,ok,ok,0.0,8,1,ok,ok,0.0,7,1,GO STRAIGHT,,0,0
1920,32.03,294.4,352.8,ok,ok,0.0,8,1,ok,ok,0.0,7,1,GO STRAIGHT,,0,0
1923,32.08,294.4,352.5,ok,ok,0.0,8,1,ok,ok,0.0,7,1,GO STRAIGHT,,0,0
1926,32.13,294.4,352.3,ok,ok,0.0,8,1,ok,ok,0.0,7,1,GO STRAIGHT,,0,0
1929,32.18,294.4,352.0,ok,ok,0.0,8,1,ok,ok,0.0,7,1,GO STRAIGHT,,0,0
1932,32.23,294.4,351.8,ok,ok,0.0,8,1,ok,ok,0.0,6,1,GO STRAIGHT,,0,0
1935,32.28,294.4,351.6,ok,ok,0.0,8,1,ok,ok,0.0,6,1,GO STRAIGHT,,0,0
1938,32.33,294.4,351.3,ok,ok,0.0,8,1,ok,ok,0.0,6,1,GO STRAIGHT,,0,0
1941,32.38,294.4,351.1,ok,ok,0.0,8,1,ok,ok,0.0,6,1,GO STRAIGHT,,0,0
1944,32.43,294.4,350.8,ok,ok,0.0,8,1,ok,ok,0.0,6,1,GO STRAIGHT,,0,0
1947,32.48,294.3,350.6,ok,ok,0.0,8,1,ok,ok,0.0,6,1,GO STRAIGHT,,0,0
1950,32.53,294.3,350.3,ok,ok,0.0,8,1,ok,ok,0.0,6,1,GO STRAIGHT,,0,0
1953,32.58,294.3,350.1,ok,ok,0.0,8,1,ok,ok,0.0,6,1,GO STRAIGHT,,0,0
1956,32.63,294.3,349.9,ok,ok,0.0,8,1,ok,ok,0.0,6,1,GO STRAIGHT,,0,0
1959,32.68,294.3,349.6,ok,ok,0.0,8,1,ok,ok,0.0,6,1,GO STRAIGHT,,0,0
1962,32.73,294.3,349.3,ok,ok,0.0,8,1,ok,ok,0.0,6,1,GO STRAIGHT,,0,0
1965,32.78,294.3,349.1,ok,ok,0.0,8,1,ok,ok,0.0,6,1,GO STRAIGHT,,0,0
1968,32.83,294.3,348.8,ok,ok,0.0,8,1,ok,ok,0.0,6,1,GO STRAIGHT,,0,0
1971,32.88,294.3,348.6,ok,ok,0.0,8,1,ok,ok,0.0,6,1,GO STRAIGHT,,0,0
1974,32.93,294.3,348.3,ok,ok,0.0,8,1,ok,ok,0.0,6,1,GO STRAIGHT,,0,0
1977,32.98,294.3,348.1,ok,ok,0.0,8,1,ok,ok,0.0,6,1,GO STRAIGHT,,0,0
1980,33.03,294.3,347.8,ok,ok,0.0,8,1,ok,ok,0.0,6,1,GO STRAIGHT,,0,0
1983,33.08,294.2,347.6,ok,ok,0.0,8,1,ok,ok,0.0,6,1,GO STRAIGHT,,0,0
1986,33.13,294.2,347.3,ok,ok,0.0,8,1,ok,ok,0.0,6,1,GO STRAIGHT,,0,0
1989,33.18,294.2,347.1,ok,ok,0.0,8,1,ok,ok,0.0,6,1,GO STRAIGHT,,0,0
1992,33.23,294.2,346.8,ok,ok,0.0,8,1,ok,ok,0.0,6,1,GO STRAIGHT,,0,0
1995,33.28,294.2,346.5,ok,ok,0.0,8,1,ok,ok,0.0,6,1,GO STRAIGHT,,0,0
1998,33.33,294.2,346.3,ok,ok,0.0,8,1,ok,ok,0.0,7,1,GO STRAIGHT,,0,0
2001,33.38,294.2,346.0,ok,ok,0.0,8,1,ok,ok,0.0,7,1,GO STRAIGHT,,0,0
2004,33.43,294.1,345.8,ok,ok,0.0,8,1,ok,ok,0.0,7,1,GO STRAIGHT,,0,0
2007,33.48,294.1,345.5,ok,ok,0.0,8,1,ok,ok,0.0,7,1,GO STRAIGHT,,0,0
2010,33.53,294.1,345.2,ok,ok,0.0,8,1,ok,ok,0.0,7,1,GO STRAIGHT,,0,0
2013,33.58,294.1,345.0,ok,ok,0.0,8,1,ok,ok,0.0,7,1,GO STRAIGHT,,0,0
2016,33.63,294.1,344.7,ok,ok,0.0,8,1,ok,ok,0.0,7,1,GO STRAIGHT,,0,0
2019,33.68,294.0,344.4,ok,ok,0.0,8,1,ok,ok,0.0,7,1,GO STRAIGHT,,0,0
2022,33.73,294.0,344.1,ok,ok,0.0,8,1,ok,ok,0.0,7,1,GO STRAIGHT,,0,0
2025,33.78,294.0,343.9,ok,ok,0.0,8,1,ok,ok,0.0,7,1,GO STRAIGHT,,0,0
2028,33.83,293.9,343.6,ok,ok,0.0,8,1,ok,ok,0.0,7,1,GO STRAIGHT,,0,0
2031,33.88,293.9,343.4,ok,ok,0.0,8,1,ok,ok,0.0,7,1,GO STRAIGHT,,0,0
2034,33.93,293.9,343.1,ok,ok,0.0,8,1,ok,ok,0.0,7,1,GO STRAIGHT,,0,0
2037,33.98,293.8,342.9,ok,ok,0.0,8,1,ok,ok,0.0,7,1,GO STRAIGHT,,0,0
2040,34.03,293.8,342.6,ok,ok,0.0,8,1,ok,ok,0.0,7,1,GO STRAIGHT,,0,0
2043,34.08,293.8,342.4,ok,ok,0.0,8,1,ok,ok,0.0,7,1,GO STRAIGHT,,0,0
2046,34.13,293.7,342.1,ok,ok,0.0,8,1,ok,ok,0.0,7,1,GO STRAIGHT,,0,0
2049,34.18,293.7,341.9,ok,ok,0.0,8,1,ok,ok,0.0,7,1,GO STRAIGHT,,0,0
2052,34.23,293.6,341.6,ok,ok,0.0,8,1,ok,ok,0.0,7,1,GO STRAIGHT,,0,0
2055,34.28,293.6,341.4,ok,ok,0.0,8,1,ok,ok,0.0,7,1,GO STRAIGHT,,0,0
2058,34.33,293.5,341.1,ok,ok,0.0,8,1,ok,ok,0.0,7,1,GO STRAIGHT,,0,0
2061,34.38,293.5,340.8,ok,ok,0.0,8,1,ok,ok,0.0,7,1,GO STRAIGHT,,0,0
2064,34.43,293.5,340.6,ok,ok,0.0,8,1,ok,ok,0.0,7,1,GO STRAIGHT,,0,0
2067,34.48,293.4,340.3,ok,ok,0.0,8,1,ok,ok,0.0,7,1,GO STRAIGHT,,0,0
2070,34.53,293.4,340.1,ok,ok,0.0,8,1,ok,ok,0.0,7,1,GO STRAIGHT,,0,0
2073,34.58,293.4,339.8,ok,ok,0.0,8,1,ok,ok,0.0,7,1,GO STRAIGHT,,0,0
2076,34.63,293.3,339.6,ok,ok,0.0,8,1,ok,ok,0.0,7,1,GO STRAIGHT,,0,0
2079,34.68,293.3,339.3,ok,ok,0.0,8,1,ok,ok,0.0,7,1,GO STRAIGHT,,0,0
2082,34.73,293.2,339.1,ok,ok,0.0,8,1,ok,ok,0.0,6,1,GO STRAIGHT,,0,0
2085,34.78,293.2,338.8,ok,ok,0.0,8,1,ok,ok,0.0,6,1,GO STRAIGHT,,0,0
2088,34.83,293.2,338.6,ok,ok,0.0,8,1,ok,ok,0.0,6,1,GO STRAIGHT,,0,0
2091,34.88,293.1,338.3,ok,ok,0.0,8,1,ok,ok,0.0,6,1,GO STRAIGHT,,0,0
2094,34.93,293.1,338.1,ok,ok,0.0,8,1,ok,ok,0.0,6,1,GO STRAIGHT,,0,0
2097,34.98,293.1,337.8,ok,ok,0.0,8,1,ok,ok,0.0,6,1,GO STRAIGHT,,0,0
2100,35.04,293.0,337.6,ok,ok,0.0,8,1,ok,ok,0.0,6,1,GO STRAIGHT,,0,0
2103,35.09,293.0,337.3,ok,ok,0.0,8,1,ok,ok,0.0,6,1,GO STRAIGHT,,0,0
2106,35.14,293.0,337.1,ok,ok,0.0,8,1,ok,ok,0.0,6,1,GO STRAIGHT,,0,0
2109,35.19,293.0,336.9,ok,ok,0.0,8,1,ok,ok,0.0,6,1,GO STRAIGHT,,0,0
2112,35.24,293.0,336.7,ok,ok,0.0,8,1,ok,ok,0.0,6,1,GO STRAIGHT,,0,0
2115,35.29,292.9,336.4,ok,ok,0.0,8,1,ok,ok,0.0,6,1,GO STRAIGHT,,0,0
2118,35.34,292.9,336.1,ok,ok,0.0,8,1,ok,ok,0.0,6,1,GO STRAIGHT,,0,0
2121,35.39,292.9,335.9,ok,ok,0.0,8,1,ok,ok,0.0,6,1,GO STRAIGHT,,0,0
2124,35.44,292.9,335.6,ok,ok,0.0,8,1,ok,ok,0.0,6,1,GO STRAIGHT,,0,0
2127,35.49,292.9,335.4,ok,ok,0.0,8,1,ok,ok,0.0,6,1,GO STRAIGHT,,0,0
2130,35.54,292.9,335.1,ok,ok,0.0,8,1,ok,ok,0.0,6,1,GO STRAIGHT,,0,0
2133,35.59,292.9,334.9,ok,ok,0.0,8,1,ok,ok,0.0,6,1,GO STRAIGHT,,0,0
2136,35.64,292.8,334.6,ok,ok,0.0,8,1,ok,ok,0.0,6,1,GO STRAIGHT,,0,0
2139,35.69,292.8,334.3,ok,ok,0.0,8,1,ok,ok,0.0,6,1,GO STRAIGHT,,0,0
2142,35.74,292.8,334.1,ok,ok,0.0,8,1,ok,ok,0.0,7,1,GO STRAIGHT,,0,0
2145,35.79,292.8,333.8,ok,ok,0.0,8,1,ok,ok,0.0,7,1,GO STRAIGHT,,0,0
2148,35.84,292.8,333.6,ok,ok,0.0,8,1,ok,ok,0.0,7,1,GO STRAIGHT,,0,0
2151,35.89,292.8,333.3,ok,ok,0.0,8,1,ok,ok,0.0,7,1,GO STRAIGHT,,0,0
2154,35.94,292.8,333.1,ok,ok,0.0,8,1,ok,ok,0.0,7,1,GO STRAIGHT,,0,0
2157,35.99,292.8,332.8,ok,ok,0.0,8,1,ok,ok,0.0,7,1,GO STRAIGHT,,0,0
2160,36.04,292.8,332.6,ok,ok,0.0,8,1,ok,ok,0.0,7,1,GO STRAIGHT,,0,0
2163,36.09,292.8,332.3,ok,ok,0.0,8,1,ok,ok,0.0,7,1,GO STRAIGHT,,0,0
2166,36.14,292.8,332.1,ok,ok,0.0,8,1,ok,ok,0.0,7,1,GO STRAIGHT,,0,0
2169,36.19,292.8,331.8,ok,ok,0.0,8,1,ok,ok,0.0,7,1,GO STRAIGHT,,0,0
2172,36.24,292.8,331.6,ok,ok,0.0,8,1,ok,ok,0.0,7,1,GO STRAIGHT,,0,0
2175,36.29,292.8,331.3,ok,ok,0.0,8,1,ok,ok,0.0,7,1,GO STRAIGHT,,0,0
2178,36.34,292.8,331.0,ok,ok,0.0,8,1,ok,ok,0.0,7,1,GO STRAIGHT,,0,0
2181,36.39,292.7,330.8,ok,ok,0.0,8,1,ok,ok,0.0,7,1,GO STRAIGHT,,0,0
2184,36.44,292.7,330.6,ok,ok,0.0,8,1,ok,ok,0.0,7,1,GO STRAIGHT,,0,0
2187,36.49,292.7,330.3,ok,ok,0.0,8,1,ok,ok,0.0,7,1,GO STRAIGHT,,0,0
2190,36.54,292.7,330.0,ok,ok,0.0,8,1,ok,ok,0.0,7,1,GO STRAIGHT,,0,0
2193,36.59,292.7,329.8,ok,ok,0.0,8,1,ok,ok,0.0,7,1,GO STRAIGHT,,0,0
2196,36.64,292.7,329.5,ok,ok,0.0,8,1,ok,ok,0.0,7,1,GO STRAIGHT,,0,0
2199,36.69,292.7,329.3,ok,ok,0.0,8,1,ok,ok,0.0,7,1,GO STRAIGHT,,0,0
2202,36.74,292.7,329.0,ok,ok,0.0,8,1,ok,ok,0.0,7,1,GO STRAIGHT,,0,0
2205,36.79,292.7,328.7,ok,ok,0.0,8,1,ok,ok,0.0,7,1,GO STRAIGHT,,0,0
2208,36.84,292.7,328.5,ok,ok,0.0,8,1,ok,ok,0.0,7,1,GO STRAIGHT,,0,0
2211,36.89,292.7,328.2,ok,ok,0.0,8,1,ok,ok,0.0,6,1,GO STRAIGHT,,0,0
2214,36.94,292.6,327.9,ok,ok,0.0,8,1,ok,ok,0.0,6,1,GO STRAIGHT,,0,0
2217,36.99,292.6,327.7,ok,ok,0.0,8,1,ok,ok,0.0,6,1,GO STRAIGHT,,0,0
2220,37.04,292.6,327.4,ok,ok,0.0,8,1,ok,ok,0.0,6,1,GO STRAIGHT,,0,0
2223,37.09,292.6,327.2,ok,ok,0.0,8,1,ok,ok,0.0,6,1,GO STRAIGHT,,0,0
2226,37.14,292.6,326.9,ok,ok,0.0,8,1,ok,ok,0.0,6,1,GO STRAIGHT,,0,0
2229,37.19,292.6,326.6,ok,ok,0.0,8,1,ok,ok,0.0,6,1,GO STRAIGHT,,0,0
2232,37.24,292.6,326.4,ok,ok,0.0,8,1,ok,ok,0.0,6,1,GO STRAIGHT,,0,0
2235,37.29,292.5,326.1,ok,ok,0.0,8,1,ok,ok,0.0,6,1,GO STRAIGHT,,0,0
2238,37.34,292.5,325.8,ok,ok,0.0,8,1,ok,ok,0.0,6,1,GO STRAIGHT,,0,0
2241,37.39,292.5,325.6,ok,ok,0.0,8,1,ok,ok,0.0,6,1,GO STRAIGHT,,0,0
2244,37.44,292.5,325.3,ok,ok,0.0,8,1,ok,ok,0.0,6,1,GO STRAIGHT,,0,0
2247,37.49,292.5,325.1,ok,ok,0.0,8,1,ok,ok,0.0,6,1,GO STRAIGHT,,0,0
2250,37.54,292.5,324.9,ok,ok,0.0,8,1,ok,ok,0.0,6,1,GO STRAIGHT,,0,0
2253,37.59,292.4,324.6,ok,ok,0.0,8,1,ok,ok,0.0,6,1,GO STRAIGHT,,0,0
2256,37.64,292.4,324.3,ok,ok,0.0,8,1,ok,ok,0.0,6,1,GO STRAIGHT,,0,0
2259,37.69,292.4,324.1,ok,ok,0.0,8,1,ok,ok,0.0,6,1,GO STRAIGHT,,0,0
2262,37.74,292.4,323.8,ok,ok,0.0,8,1,ok,ok,0.0,6,1,GO STRAIGHT,,0,0
2265,37.79,292.4,323.6,ok,ok,0.0,8,1,ok,ok,0.0,6,1,GO STRAIGHT,,0,0
2268,37.84,292.3,323.3,ok,ok,0.0,8,1,ok,ok,0.0,6,1,GO STRAIGHT,,0,0
2271,37.89,292.3,323.0,ok,ok,0.0,8,1,ok,ok,0.0,6,1,GO STRAIGHT,,0,0
2274,37.94,292.3,322.8,ok,ok,0.0,8,1,ok,ok,0.0,6,1,GO STRAIGHT,,0,0
2277,37.99,292.3,322.5,ok,ok,0.0,8,1,ok,ok,0.0,6,1,GO STRAIGHT,,0,0
2280,38.04,292.3,322.3,ok,ok,0.0,8,1,ok,ok,0.0,7,1,GO STRAIGHT,,0,0
2283,38.09,292.2,322.0,ok,ok,0.0,8,1,ok,ok,0.0,7,1,GO STRAIGHT,,0,0
2286,38.14,292.2,321.7,ok,ok,0.0,8,1,ok,ok,0.0,7,1,GO STRAIGHT,,0,0
2289,38.19,292.2,321.5,ok,ok,0.0,7,1,ok,ok,0.0,7,1,GO STRAIGHT,,0,0
2292,38.24,292.2,321.3,ok,ok,0.0,7,1,ok,ok,0.0,7,1,GO STRAIGHT,,0,0
2295,38.29,292.2,321.0,ok,ok,0.0,7,1,ok,ok,0.0,7,1,GO STRAIGHT,,0,0
2298,38.34,292.2,320.7,ok,ok,0.0,7,1,ok,ok,0.0,7,1,GO STRAIGHT,,0,0
2301,38.39,292.2,320.5,ok,ok,0.0,7,1,ok,ok,0.0,7,1,GO STRAIGHT,,0,0
2304,38.44,292.2,320.2,ok,ok,0.0,7,1,ok,ok,0.0,7,1,GO STRAIGHT,,0,0
2307,38.49,292.2,320.0,ok,ok,0.0,7,1,ok,ok,0.0,7,1,GO STRAIGHT,,0,0
2310,38.54,292.1,319.8,ok,ok,0.0,7,1,ok,ok,0.0,7,1,GO STRAIGHT,,0,0
2313,38.59,292.1,319.5,ok,ok,0.0,7,1,ok,ok,0.0,7,1,GO STRAIGHT,,0,0
2316,38.64,292.1,319.2,ok,ok,0.0,7,1,ok,ok,0.0,7,1,GO STRAIGHT,,0,0
2319,38.69,292.1,319.0,ok,ok,0.0,7,1,ok,ok,0.0,7,1,GO STRAIGHT,,0,0
2322,38.74,292.1,318.7,ok,ok,0.0,7,1,ok,ok,0.0,7,1,GO STRAIGHT,,0,0
2325,38.79,292.1,318.5,ok,ok,0.0,7,1,ok,ok,0.0,7,1,GO STRAIGHT,,0,0
2328,38.84,292.1,318.2,ok,ok,0.0,7,1,ok,ok,0.0,7,1,GO STRAIGHT,,0,0
2331,38.89,292.0,318.0,ok,ok,0.0,7,1,ok,ok,0.0,7,1,GO STRAIGHT,,0,0
2334,38.94,292.0,317.7,ok,ok,0.0,7,1,ok,ok,0.0,6,1,GO STRAIGHT,,0,0
2337,38.99,292.0,317.5,ok,ok,0.0,7,1,ok,ok,0.0,6,1,GO STRAIGHT,,0,0
2340,39.04,292.0,317.2,ok,ok,0.0,7,1,ok,ok,0.0,6,1,GO STRAIGHT,,0,0
2343,39.09,292.0,316.9,ok,ok,0.0,7,1,ok,ok,0.0,6,1,GO STRAIGHT,,0,0
2346,39.14,292.0,316.7,ok,ok,0.0,7,1,ok,ok,0.0,6,1,GO STRAIGHT,,0,0
2349,39.19,292.0,316.4,ok,ok,0.0,7,1,ok,ok,0.0,6,1,GO STRAIGHT,,0,0
2352,39.24,292.0,316.2,ok,ok,0.0,7,1,ok,ok,0.0,6,1,GO STRAIGHT,,0,0
2355,39.29,292.0,315.9,ok,ok,0.0,7,1,ok,ok,0.0,6,1,GO STRAIGHT,,0,0
2358,39.34,,,hold_no_fix,no_fix,0.05,7,1,hold_no_fix,no_fix,0.05,6,1,GO STRAIGHT,,0,0
2361,39.39,292.0,315.6,ok,ok,0.0,7,1,ok,ok,0.0,6,1,GO STRAIGHT,,0,0
2364,39.44,292.0,315.3,ok,ok,0.0,7,1,ok,ok,0.0,6,1,GO STRAIGHT,,0,0
2367,39.49,,,hold_no_fix,no_fix,0.05,7,1,hold_no_fix,no_fix,0.05,6,1,GO STRAIGHT,,0,0
2370,39.54,292.0,314.9,ok,ok,0.0,7,1,ok,ok,0.0,6,1,GO STRAIGHT,,0,0
2373,39.59,,,hold_no_fix,no_fix,0.05,7,1,hold_no_fix,no_fix,0.05,6,1,GO STRAIGHT,,0,0
2376,39.64,292.0,314.6,ok,ok,0.0,7,1,ok,ok,0.0,6,1,GO STRAIGHT,,0,0
2379,39.69,292.0,314.3,ok,ok,0.0,7,1,ok,ok,0.0,6,1,GO STRAIGHT,,0,0
2382,39.74,292.0,313.9,ok,ok,0.0,7,1,ok,ok,0.0,6,1,GO STRAIGHT,,0,0
2385,39.79,,,hold_no_fix,no_fix,0.05,7,1,hold_no_fix,no_fix,0.05,6,1,GO STRAIGHT,,0,0
2388,39.84,,,hold_no_fix,no_fix,0.1,7,1,hold_no_fix,no_fix,0.1,6,1,GO STRAIGHT,,0,0
2391,39.89,292.0,313.4,ok,ok,0.0,7,1,ok,ok,0.0,6,1,GO STRAIGHT,,0,0
2394,39.94,,,hold_no_fix,no_fix,0.05,7,1,hold_no_fix,no_fix,0.05,6,1,GO STRAIGHT,,0,0
2397,39.99,,,hold_no_fix,no_fix,0.1,7,1,hold_no_fix,no_fix,0.1,6,1,GO STRAIGHT,,0,0
2400,40.04,292.0,312.9,ok,ok,0.0,7,1,ok,ok,0.0,6,1,GO STRAIGHT,,0,0
2403,40.09,292.0,312.5,ok,ok,0.0,7,1,ok,ok,0.0,6,1,GO STRAIGHT,,0,0
2406,40.14,292.0,312.0,ok,ok,0.0,7,1,ok,ok,0.0,6,1,GO STRAIGHT,,0,0
2409,40.19,,,hold_no_fix,no_fix,0.05,7,1,hold_no_fix,no_fix,0.05,6,1,GO STRAIGHT,,0,0
2412,40.24,292.0,311.6,ok,ok,0.0,7,1,ok,ok,0.0,6,1,GO STRAIGHT,,0,0
2415,40.29,292.0,311.2,ok,ok,0.0,7,1,ok,ok,0.0,6,1,GO STRAIGHT,,0,0
2418,40.34,292.0,310.8,ok,ok,0.0,7,1,ok,ok,0.0,6,1,GO STRAIGHT,,0,0
2421,40.39,292.0,310.4,ok,ok,0.0,7,1,ok,ok,0.0,7,1,GO STRAIGHT,,0,0
2424,40.44,292.0,310.1,ok,ok,0.0,6,1,ok,ok,0.0,7,1,GO STRAIGHT,,0,0
2427,40.49,292.0,309.7,ok,ok,0.0,7,1,ok,ok,0.0,7,1,GO STRAIGHT,,0,0
2430,40.54,292.0,309.4,ok,ok,0.0,6,1,ok,ok,0.0,7,1,GO STRAIGHT,,0,0
2433,40.59,292.0,309.1,ok,ok,0.0,6,1,ok,ok,0.0,7,1,GO STRAIGHT,,0,0
2436,40.64,292.0,308.9,ok,ok,0.0,6,1,ok,ok,0.0,7,1,GO STRAIGHT,,0,0
2439,40.69,292.0,308.6,ok,ok,0.0,6,1,ok,ok,0.0,7,1,GO STRAIGHT,,0,0
2442,40.74,,,hold_no_fix,no_fix,0.05,6,1,hold_no_fix,no_fix,0.05,7,1,GO STRAIGHT,,0,0
2445,40.79,,,hold_no_fix,no_fix,0.1,6,1,hold_no_fix,no_fix,0.1,7,1,GO STRAIGHT,,0,0
2448,40.84,,,hold_no_fix,no_fix,0.15,6,1,hold_no_fix,no_fix,0.15,7,1,GO STRAIGHT,,0,0
2451,40.89,,,no_fix,no_fix,,0,0,no_fix,no_fix,,0,0,GO STRAIGHT,,0,0
2454,40.94,292.0,308.1,ok,ok,0.0,6,1,ok,ok,0.0,7,1,GO STRAIGHT,,0,0
2457,40.99,292.0,307.6,ok,ok,0.0,6,1,ok,ok,0.0,7,1,GO STRAIGHT,,0,0
2460,41.04,,,hold_no_fix,no_fix,0.05,6,1,hold_no_fix,no_fix,0.05,7,1,GO STRAIGHT,,0,0
2463,41.09,292.0,307.2,ok,ok,0.0,6,1,ok,ok,0.0,7,1,GO STRAIGHT,,0,0
2466,41.14,292.0,306.7,ok,ok,0.0,6,1,ok,ok,0.0,7,1,GO STRAIGHT,,0,0
2469,41.19,292.0,306.3,ok,ok,0.0,6,1,ok,ok,0.0,7,1,GO STRAIGHT,,0,0
2472,41.24,292.0,306.0,ok,ok,0.0,6,1,ok,ok,0.0,7,1,GO STRAIGHT,,0,0
2475,41.29,292.0,305.6,ok,ok,0.0,6,1,ok,ok,0.0,7,1,GO STRAIGHT,,0,0
2478,41.34,292.0,305.3,ok,ok,0.0,6,1,ok,ok,0.0,7,1,GO STRAIGHT,,0,0
2481,41.39,292.0,305.0,ok,ok,0.0,6,1,ok,ok,0.0,7,1,GO STRAIGHT,,0,0
2484,41.44,291.9,304.7,ok,ok,0.0,6,1,ok,ok,0.0,7,1,GO STRAIGHT,,0,0
2487,41.49,291.9,304.4,ok,ok,0.0,6,1,ok,ok,0.0,7,1,GO STRAIGHT,,0,0
2490,41.54,291.9,304.1,ok,ok,0.0,6,1,ok,ok,0.0,7,1,GO STRAIGHT,,0,0
2493,41.59,291.9,303.8,ok,ok,0.0,6,1,ok,ok,0.0,7,1,GO STRAIGHT,,0,0
2496,41.64,291.9,303.5,ok,ok,0.0,6,1,ok,ok,0.0,7,1,GO STRAIGHT,,0,0
2499,41.69,291.9,303.2,ok,ok,0.0,6,1,ok,ok,0.0,6,1,GO STRAIGHT,,0,0
2502,41.74,291.9,302.9,ok,ok,0.0,6,1,ok,ok,0.0,6,1,GO STRAIGHT,,0,0
2505,41.79,291.9,302.7,ok,ok,0.0,6,1,ok,ok,0.0,6,1,GO STRAIGHT,,0,0
2508,41.84,291.9,302.4,ok,ok,0.0,6,1,ok,ok,0.0,6,1,GO STRAIGHT,,0,0
2511,41.89,292.0,302.1,ok,ok,0.0,6,1,ok,ok,0.0,6,1,GO STRAIGHT,,0,0
2514,41.94,292.0,301.9,ok,ok,0.0,6,1,ok,ok,0.0,6,1,GO STRAIGHT,,0,0
2517,41.99,292.0,301.6,ok,ok,0.0,6,1,ok,ok,0.0,6,1,GO STRAIGHT,,0,0
2520,42.04,292.0,301.4,ok,ok,0.0,6,1,ok,ok,0.0,6,1,GO STRAIGHT,,0,0
2523,42.09,,,hold_no_fix,no_fix,0.05,6,1,hold_no_fix,no_fix,0.05,6,1,GO STRAIGHT,,0,0
2526,42.14,292.0,301.1,ok,ok,0.0,6,1,ok,ok,0.0,6,1,GO STRAIGHT,,0,0
2529,42.19,292.0,300.8,ok,ok,0.0,6,1,ok,ok,0.0,6,1,GO STRAIGHT,,0,0
2532,42.24,292.0,300.5,ok,ok,0.0,6,1,ok,ok,0.0,6,1,GO STRAIGHT,,0,0
2535,42.29,292.0,300.2,ok,ok,0.0,6,1,ok,ok,0.0,6,1,GO STRAIGHT,,0,0
2538,42.34,292.0,299.9,ok,ok,0.0,6,1,ok,ok,0.0,6,1,GO STRAIGHT,,0,0
2541,42.39,292.0,299.7,ok,ok,0.0,6,1,ok,ok,0.0,6,1,GO STRAIGHT,,0,0
2544,42.44,292.0,299.4,ok,ok,0.0,6,1,ok,ok,0.0,6,1,GO STRAIGHT,,0,0
2547,42.49,292.0,299.2,ok,ok,0.0,6,1,ok,ok,0.0,6,1,GO STRAIGHT,,0,0
2550,42.54,292.0,299.0,ok,ok,0.0,6,1,ok,ok,0.0,6,1,GO STRAIGHT,,0,0
2553,42.59,292.0,298.7,ok,ok,0.0,6,1,ok,ok,0.0,6,1,GO STRAIGHT,,0,0
2556,42.64,292.0,298.5,ok,ok,0.0,6,1,ok,ok,0.0,6,1,GO STRAIGHT,,0,0
2559,42.69,292.0,298.2,ok,ok,0.0,6,1,ok,ok,0.0,6,1,GO STRAIGHT,,0,0
2562,42.74,292.0,298.0,ok,ok,0.0,6,1,ok,ok,0.0,6,1,GO STRAIGHT,,0,0
2565,42.79,292.0,297.7,ok,ok,0.0,6,1,ok,ok,0.0,6,1,TURN LEFT,69.8117297052788,0,0
2568,42.84,292.0,297.5,ok,ok,0.0,6,1,ok,ok,0.0,6,1,TURN LEFT,69.52841116397836,0,0
2571,42.89,292.0,297.2,ok,ok,0.0,5,1,ok,ok,0.0,6,1,TURN LEFT,69.27079816328796,0,0
2574,42.94,,,hold_no_fix,no_fix,0.05,5,1,hold_no_fix,no_fix,0.05,6,1,TURN LEFT,69.27079816328796,0,0
2577,42.99,,,hold_no_fix,no_fix,0.1,5,1,hold_no_fix,no_fix,0.1,6,1,TURN LEFT,69.27079816328796,0,0
2580,43.04,292.0,296.8,ok,ok,0.0,5,1,ok,ok,0.0,6,1,TURN LEFT,68.9113378031164,0,0
2583,43.09,292.0,296.5,ok,ok,0.0,5,1,ok,ok,0.0,6,1,TURN LEFT,68.57088834102672,0,0
2586,43.14,292.0,296.2,ok,ok,0.0,5,1,ok,ok,0.0,6,1,TURN LEFT,68.25831079236964,0,0
2589,43.19,292.0,295.9,ok,ok,0.0,5,1,ok,ok,0.0,6,1,TURN LEFT,67.94287112258327,0,0
2592,43.24,292.0,295.6,ok,ok,0.0,5,1,ok,ok,0.0,6,1,TURN LEFT,67.64327438254091,0,0
2595,43.29,292.0,295.3,ok,ok,0.0,5,1,ok,ok,0.0,6,1,TURN LEFT,67.35636060164808,0,0
2598,43.34,292.0,295.0,ok,ok,0.0,5,1,ok,ok,0.0,6,1,TURN LEFT,67.08226907644689,0,0
2601,43.39,292.0,294.7,ok,ok,0.0,5,1,ok,ok,0.0,6,1,TURN LEFT,66.807029748215,0,0
2604,43.44,292.1,294.5,ok,ok,0.0,5,1,ok,ok,0.0,6,1,TURN LEFT,66.51577342938548,0,0
2607,43.49,292.1,294.2,ok,ok,0.0,5,1,ok,ok,0.0,6,1,TURN LEFT,66.24695551620603,0,0
2610,43.54,292.1,293.9,ok,ok,0.0,5,1,ok,ok,0.0,6,1,TURN LEFT,65.96343620488837,0,0
2613,43.59,292.1,293.6,ok,ok,0.0,5,1,ok,ok,0.0,6,1,TURN LEFT,65.70991578131027,0,0
2616,43.64,292.1,293.4,ok,ok,0.0,5,1,ok,ok,0.0,6,1,TURN LEFT,65.44971528419073,0,0
2619,43.69,292.1,293.1,ok,ok,0.0,5,1,ok,ok,0.0,6,1,TURN LEFT,65.16396537053068,0,0
2622,43.74,292.1,292.8,ok,ok,0.0,5,1,ok,ok,0.0,6,1,TURN LEFT,64.90724396015946,0,0
2625,43.79,,,hold_no_fix,no_fix,0.05,5,1,hold_no_fix,no_fix,0.05,6,1,TURN LEFT,64.90724396015946,0,0
2628,43.84,292.1,292.5,ok,ok,0.0,5,1,ok,ok,0.0,6,1,TURN LEFT,64.56692089937332,0,0
2631,43.89,292.1,292.2,ok,ok,0.0,5,1,ok,ok,0.0,5,1,TURN LEFT,64.24799612853062,0,0
2634,43.94,292.1,291.9,ok,ok,0.0,5,1,ok,ok,0.0,5,1,TURN LEFT,63.972812075959496,0,0
2637,43.99,292.1,291.6,ok,ok,0.0,5,1,ok,ok,0.0,5,1,TURN LEFT,63.69206341652064,0,0
2640,44.04,292.1,291.4,ok,ok,0.0,5,1,ok,ok,0.0,5,1,TURN LEFT,63.42502511350646,0,0
2643,44.09,292.1,291.1,ok,ok,0.0,5,1,ok,ok,0.0,5,1,TURN LEFT,63.14521219390081,0,0
2646,44.14,292.2,290.8,ok,ok,0.0,5,1,ok,ok,0.0,5,1,TURN LEFT,62.85522061356685,0,0
2649,44.19,292.1,290.5,ok,ok,0.0,5,1,ok,ok,0.0,5,1,TURN LEFT,62.59131716156481,0,0
2652,44.24,292.1,290.3,ok,ok,0.0,5,1,ok,ok,0.0,5,1,TURN LEFT,62.31532767040254,0,0
2655,44.29,292.2,290.0,ok,ok,0.0,5,1,ok,ok,0.0,5,1,TURN LEFT,62.057492401404446,0,0
2658,44.34,292.2,289.7,ok,ok,0.0,5,1,ok,ok,0.0,5,1,TURN LEFT,61.7915766859814,0,0
2661,44.39,292.2,289.5,ok,ok,0.0,5,1,ok,ok,0.0,5,1,TURN LEFT,61.54537823832495,0,0
2664,44.44,292.2,289.2,ok,ok,0.0,5,1,ok,ok,0.0,5,1,TURN LEFT,61.286012658757166,0,0
2667,44.49,292.2,288.9,ok,ok,0.0,5,1,ok,ok,0.0,5,1,TURN LEFT,61.00786613078117,0,0
2670,44.54,292.2,288.7,ok,ok,0.0,5,1,ok,ok,0.0,5,1,TURN LEFT,60.74962116641569,0,0
2673,44.59,292.2,288.4,ok,ok,0.0,5,1,ok,ok,0.0,5,1,TURN LEFT,60.4865447344622,0,0
2676,44.64,292.2,288.2,ok,ok,0.0,5,1,ok,ok,0.0,5,1,TURN LEFT,60.227024404990054,0,0
2679,44.69,292.2,287.9,ok,ok,0.0,4,1,ok,ok,0.0,5,1,TURN LEFT,59.9925176153857,0,0
2682,44.74,292.2,287.7,ok,ok,0.0,4,1,ok,ok,0.0,5,1,TURN LEFT,59.73411029625236,0,0
2685,44.79,292.3,287.4,ok,ok,0.0,4,1,ok,ok,0.0,5,1,TURN LEFT,59.4830879810782,0,0
2688,44.84,292.3,287.2,ok,ok,0.0,4,1,ok,ok,0.0,5,1,TURN LEFT,59.228755431180716,0,0
2691,44.89,292.3,286.9,ok,ok,0.0,4,1,ok,ok,0.0,5,1,TURN LEFT,58.964574574308706,0,0
2694,44.94,292.3,286.7,ok,ok,0.0,4,1,ok,ok,0.0,5,1,TURN LEFT,58.71263788171002,0,0
2697,44.99,292.3,286.4,ok,ok,0.0,4,1,ok,ok,0.0,5,1,TURN LEFT,58.4621420537192,0,0
2700,45.05,292.3,286.2,ok,ok,0.0,4,1,ok,ok,0.0,5,1,TURN LEFT,58.224670926575065,0,0
2703,45.1,292.3,285.9,ok,ok,0.0,4,1,ok,ok,0.0,5,1,TURN LEFT,57.975343818670765,0,0
2706,45.15,292.3,285.7,ok,ok,0.0,4,1,ok,ok,0.0,5,1,TURN LEFT,57.742516032121884,0,0
2709,45.2,292.3,285.4,ok,ok,0.0,4,1,ok,ok,0.0,5,1,TURN LEFT,57.49677479959041,0,0
2712,45.25,292.3,285.2,ok,ok,0.0,4,1,ok,ok,0.0,5,1,TURN LEFT,57.25785501101369,0,0
2715,45.3,292.3,285.0,ok,ok,0.0,4,1,ok,ok,0.0,5,1,TURN LEFT,57.01827515772625,0,0
2718,45.35,292.3,284.7,ok,ok,0.0,4,1,ok,ok,0.0,5,1,TURN LEFT,56.7657785130672,0,0
2721,45.4,292.3,284.5,ok,ok,0.0,4,1,ok,ok,0.0,5,1,TURN LEFT,56.51754644205219,0,0
2724,45.45,292.3,284.2,ok,ok,0.0,4,1,ok,ok,0.0,5,1,TURN LEFT,56.258707873566244,0,0
2727,45.5,292.3,284.0,ok,ok,0.0,4,1,ok,ok,0.0,5,1,TURN LEFT,56.01670599805697,0,0
2730,45.55,292.3,283.7,ok,ok,0.0,4,1,ok,ok,0.0,5,1,TURN LEFT,55.77178436411268,0,0
2733,45.6,292.3,283.5,ok,ok,0.0,4,1,ok,ok,0.0,5,1,TURN LEFT,55.54239415367191,0,0
2736,45.65,292.3,283.2,ok,ok,0.0,4,1,ok,ok,0.0,5,1,TURN LEFT,55.297110157812774,0,0
2739,45.7,292.3,283.0,ok,ok,0.0,4,1,ok,ok,0.0,5,1,TURN LEFT,55.06281906815425,0,0
2742,45.75,292.3,282.8,ok,ok,0.0,4,1,ok,ok,0.0,5,1,TURN LEFT,54.82371517993626,0,0
2745,45.8,292.3,282.5,ok,ok,0.0,4,1,ok,ok,0.0,5,1,TURN LEFT,54.580782309454975,0,0
2748,45.85,292.3,282.3,ok,ok,0.0,4,1,ok,ok,0.0,5,1,TURN LEFT,54.32395789881066,0,0
2751,45.9,292.3,282.0,ok,ok,0.0,4,1,ok,ok,0.0,4,1,TURN LEFT,54.08505674041145,0,0
2754,45.95,292.3,281.8,ok,ok,0.0,4,1,ok,ok,0.0,4,1,TURN LEFT,53.82464245238292,0,0
2757,46.0,292.3,281.5,ok,ok,0.0,4,1,ok,ok,0.0,4,1,TURN LEFT,53.57234131922172,0,0
2760,46.05,292.3,281.3,ok,ok,0.0,4,1,ok,ok,0.0,4,1,TURN LEFT,53.32490922129616,0,0
2763,46.1,292.3,281.0,ok,ok,0.0,4,1,ok,ok,0.0,4,1,TURN LEFT,53.07700465791979,0,0
2766,46.15,292.3,280.8,ok,ok,0.0,4,1,ok,ok,0.0,4,1,TURN LEFT,52.82482412673806,0,0
2769,46.2,292.3,280.5,ok,ok,0.0,4,1,ok,ok,0.0,4,1,TURN LEFT,52.582393492513795,0,0
2772,46.25,292.3,280.3,ok,ok,0.0,4,1,ok,ok,0.0,4,1,TURN LEFT,52.346934626304396,0,0
2775,46.3,292.3,280.1,ok,ok,0.0,4,1,ok,ok,0.0,4,1,TURN LEFT,52.12138439314757,0,0
2778,46.35,292.3,279.8,ok,ok,0.0,4,1,ok,ok,0.0,4,1,TURN LEFT,51.87649141505022,0,0
2781,46.4,292.3,279.6,ok,ok,0.0,4,1,ok,ok,0.0,4,1,TURN LEFT,51.63293421932776,0,0
2784,46.45,292.2,279.3,ok,ok,0.0,4,1,ok,ok,0.0,4,1,TURN LEFT,51.38590956503772,0,0
2787,46.5,292.2,279.1,ok,ok,0.0,4,1,ok,ok,0.0,4,1,TURN LEFT,51.12918013810822,0,0
2790,46.55,292.2,278.8,ok,ok,0.0,4,1,ok,ok,0.0,4,1,TURN LEFT,50.89431797807234,0,0
2793,46.6,292.2,278.6,ok,ok,0.0,4,1,ok,ok,0.0,4,1,TURN LEFT,50.691825894293295,0,0
2796,46.65,292.2,278.4,ok,ok,0.0,4,1,ok,ok,0.0,4,1,TURN LEFT,50.46261119334205,0,0
2799,46.7,292.2,278.2,ok,ok,0.0,4,1,ok,ok,0.0,4,1,TURN LEFT,50.24131213741744,0,0
2802,46.75,292.2,277.9,ok,ok,0.0,4,1,ok,ok,0.0,4,1,TURN LEFT,50.001033424040784,0,0
2805,46.8,292.1,277.7,ok,ok,0.0,4,1,ok,ok,0.0,4,1,TURN LEFT,49.74450446156311,0,0
2808,46.85,292.1,277.4,ok,ok,0.0,4,1,ok,ok,0.0,4,1,TURN LEFT,49.49770482118245,0,0
2811,46.9,292.1,277.1,ok,ok,0.0,4,1,ok,ok,0.0,4,1,TURN LEFT,49.22982358784551,0,0
2814,46.95,292.1,276.9,ok,ok,0.0,4,1,ok,ok,0.0,4,1,TURN LEFT,48.96941349052535,0,0
2817,47.0,292.1,276.6,ok,ok,0.0,4,1,ok,ok,0.0,4,1,TURN LEFT,48.697011004758465,0,0
2820,47.05,292.1,276.3,ok,ok,0.0,4,1,ok,ok,0.0,4,1,TURN LEFT,48.43331694396762,0,0
2823,47.1,292.1,276.1,ok,ok,0.0,4,1,ok,ok,0.0,4,1,TURN LEFT,48.171063848008664,0,0
2826,47.15,292.0,275.8,ok,ok,0.0,4,1,ok,ok,0.0,4,1,TURN LEFT,47.92068396117627,0,0
2829,47.2,292.0,275.6,ok,ok,0.0,4,1,ok,ok,0.0,4,1,TURN LEFT,47.660637784531865,0,0
2832,47.25,292.0,275.3,ok,ok,0.0,3,1,ok,ok,0.0,4,1,TURN LEFT,47.41929911623816,0,0
2835,47.3,292.0,275.1,ok,ok,0.0,3,1,ok,ok,0.0,4,1,TURN LEFT,47.164496423566476,0,0
2838,47.35,292.0,274.8,ok,ok,0.0,3,1,ok,ok,0.0,4,1,TURN LEFT,46.91197026567351,0,0
2841,47.4,292.0,274.6,ok,ok,0.0,3,1,ok,ok,0.0,4,1,TURN LEFT,46.65937143778092,0,0
2844,47.45,292.0,274.3,ok,ok,0.0,3,1,ok,ok,0.0,4,1,TURN LEFT,46.39380624777356,0,0
2847,47.5,292.0,274.1,ok,ok,0.0,3,1,ok,ok,0.0,4,1,TURN LEFT,46.157960468870606,0,0
2850,47.55,292.0,273.8,ok,ok,0.0,3,1,ok,ok,0.0,4,1,TURN LEFT,45.91096036548358,0,0
2853,47.6,292.0,273.6,ok,ok,0.0,3,1,ok,ok,0.0,4,1,TURN LEFT,45.66548161838238,0,0
2856,47.65,292.0,273.3,ok,ok,0.0,3,1,ok,ok,0.0,4,1,TURN LEFT,45.42197932277284,0,0
2859,47.7,291.9,273.1,ok,ok,0.0,3,1,ok,ok,0.0,4,1,TURN LEFT,45.15879144753492,0,0
2862,47.75,291.9,272.8,ok,ok,0.0,3,1,ok,ok,0.0,4,1,TURN LEFT,44.924560971009896,0,0
2865,47.8,291.9,272.6,ok,ok,0.0,3,1,ok,ok,0.0,4,1,TURN LEFT,44.682218585900166,0,0
2868,47.85,291.9,272.3,ok,ok,0.0,3,1,ok,ok,0.0,4,1,TURN LEFT,44.43653154727694,0,0
2871,47.9,291.9,272.1,ok,ok,0.0,3,1,ok,ok,0.0,4,1,TURN LEFT,44.197802094837336,0,0
2874,47.95,,,hold_no_fix,no_fix,0.05,3,1,hold_no_fix,no_fix,0.05,4,1,TURN LEFT,44.197802094837336,0,0
2877,48.0,291.8,271.8,ok,ok,0.0,3,1,ok,ok,0.0,4,1,TURN LEFT,43.89100789003554,0,0
2880,48.05,291.8,271.5,ok,ok,0.0,3,1,ok,ok,0.0,4,1,TURN LEFT,43.61408977253526,0,0
2883,48.1,291.7,271.2,ok,ok,0.0,3,1,ok,ok,0.0,4,1,TURN LEFT,43.32283088551203,0,0
2886,48.15,291.7,270.9,ok,ok,0.0,3,1,ok,ok,0.0,4,1,TURN LEFT,43.0493091774671,0,0
2889,48.2,291.7,270.7,ok,ok,0.0,3,1,ok,ok,0.0,4,1,TURN LEFT,42.78760358107361,0,0
2892,48.25,291.7,270.4,ok,ok,0.0,3,1,ok,ok,0.0,4,1,TURN LEFT,42.53010362786434,0,0
2895,48.3,291.6,270.1,ok,ok,0.0,3,1,ok,ok,0.0,4,1,TURN LEFT,42.26059718930986,0,0
2898,48.35,,,hold_no_fix,no_fix,0.05,3,1,hold_no_fix,no_fix,0.05,4,1,TURN LEFT,42.26059718930986,0,0
2901,48.4,,,hold_no_fix,no_fix,0.1,3,1,hold_no_fix,no_fix,0.1,4,1,TURN LEFT,42.26059718930986,0,0
2904,48.45,291.6,269.8,ok,ok,0.0,3,1,ok,ok,0.0,4,1,TURN LEFT,41.92487512849352,0,0
2907,48.5,291.6,269.4,ok,ok,0.0,3,1,ok,ok,0.0,4,1,TURN LEFT,41.56832484197466,0,0
2910,48.55,291.5,269.1,ok,ok,0.0,3,1,ok,ok,0.0,3,1,TURN LEFT,41.2590446484883,0,0
2913,48.6,291.5,268.8,ok,ok,0.0,3,1,ok,ok,0.0,3,1,TURN LEFT,40.97297632553788,0,0
2916,48.65,,,hold_no_fix,no_fix,0.05,3,1,hold_no_fix,no_fix,0.05,3,1,TURN LEFT,40.97297632553788,0,0
2919,48.7,291.5,268.5,ok,ok,0.0,3,1,ok,ok,0.0,3,1,TURN LEFT,40.62491770129826,0,0
2922,48.75,291.5,268.2,ok,ok,0.0,3,1,ok,ok,0.0,3,1,TURN LEFT,40.31983607107547,0,0
2925,48.8,291.5,267.9,ok,ok,0.0,3,1,ok,ok,0.0,3,1,TURN LEFT,40.02974644119596,0,0
2928,48.85,291.5,267.6,ok,ok,0.0,3,1,ok,ok,0.0,3,1,TURN LEFT,39.737735246602696,0,0
2931,48.9,291.5,267.3,ok,ok,0.0,3,1,ok,ok,0.0,3,1,TURN LEFT,39.44819851784826,0,0
2934,48.95,291.5,267.0,ok,ok,0.0,3,1,ok,ok,0.0,3,1,TURN LEFT,39.17332083179467,0,0
2937,49.0,291.5,266.7,ok,ok,0.0,3,1,ok,ok,0.0,3,1,TURN LEFT,38.8953955188548,0,0
2940,49.05,291.5,266.5,ok,ok,0.0,3,1,ok,ok,0.0,3,1,TURN LEFT,38.6332787514909,0,0
2943,49.1,291.5,266.2,ok,ok,0.0,3,1,ok,ok,0.0,3,1,TURN LEFT,38.3622204750229,0,0
2946,49.15,291.4,265.9,ok,ok,0.0,3,1,ok,ok,0.0,3,1,TURN LEFT,38.08626243847677,0,0
2949,49.2,291.4,265.7,ok,ok,0.0,3,1,ok,ok,0.0,3,1,TURN LEFT,37.8316921783728,0,0
2952,49.25,291.4,265.4,ok,ok,0.0,3,1,ok,ok,0.0,3,1,TURN LEFT,37.56678833788105,0,0
2955,49.3,291.4,265.1,ok,ok,0.0,3,1,ok,ok,0.0,3,1,TURN LEFT,37.31093930540171,0,0
2958,49.35,291.4,264.9,ok,ok,0.0,3,1,ok,ok,0.0,3,1,TURN LEFT,37.06228518087503,0,0
2961,49.4,291.4,264.6,ok,ok,0.0,3,1,ok,ok,0.0,3,1,TURN LEFT,36.81642008360241,0,0
2964,49.45,291.4,264.4,ok,ok,0.0,3,1,ok,ok,0.0,3,1,TURN LEFT,36.56831304093886,0,0
2967,49.5,291.4,264.1,ok,ok,0.0,3,1,ok,ok,0.0,3,1,TURN LEFT,36.315972110313254,0,0
2970,49.55,291.4,263.9,ok,ok,0.0,3,1,ok,ok,0.0,3,1,TURN LEFT,36.06307562224607,0,0
2973,49.6,291.4,263.6,ok,ok,0.0,3,1,ok,ok,0.0,3,1,TURN LEFT,35.82885872044613,0,0
2976,49.65,291.4,263.4,ok,ok,0.0,3,1,ok,ok,0.0,3,1,TURN LEFT,35.56816587949993,0,0
2979,49.7,291.4,263.1,ok,ok,0.0,3,1,ok,ok,0.0,3,1,TURN LEFT,35.3140742065322,0,0
2982,49.75,291.4,262.9,ok,ok,0.0,3,1,ok,ok,0.0,3,1,TURN LEFT,35.067356220445156,0,0
2985,49.8,291.4,262.6,ok,ok,0.0,3,1,ok,ok,0.0,3,1,TURN LEFT,34.81482678704043,0,0
2988,49.85,291.4,262.4,ok,ok,0.0,3,1,ok,ok,0.0,3,1,TURN LEFT,34.560813801084045,0,0
2991,49.9,291.4,262.1,ok,ok,0.0,2,1,ok,ok,0.0,3,1,TURN LEFT,34.311929061155745,0,0
2994,49.95,291.4,261.9,ok,ok,0.0,2,1,ok,ok,0.0,3,1,TURN LEFT,34.06038979916812,0,0
2997,50.0,291.4,261.6,ok,ok,0.0,2,1,ok,ok,0.0,3,1,TURN LEFT,33.8062009641477,0,0
3000,50.05,291.4,261.3,ok,ok,0.0,2,1,ok,ok,0.0,3,1,TURN LEFT,33.54379640866892,0,0
3003,50.1,,,hold_no_fix,no_fix,0.05,2,1,hold_no_fix,no_fix,0.05,3,1,TURN LEFT,33.54379640866892,0,0
3006,50.15,291.3,261.1,ok,ok,0.0,2,1,ok,ok,0.0,3,1,TURN LEFT,33.25599824205872,0,0
3009,50.2,291.3,260.8,ok,ok,0.0,2,1,ok,ok,0.0,3,1,TURN LEFT,32.98079922711088,0,0
3012,50.25,291.3,260.5,ok,ok,0.0,2,1,ok,ok,0.0,3,1,TURN LEFT,32.71590145836484,0,0
3015,50.3,291.3,260.2,ok,ok,0.0,2,1,ok,ok,0.0,3,1,TURN LEFT,32.44741433091966,0,0
3018,50.35,,,hold_no_fix,no_fix,0.05,2,1,hold_no_fix,no_fix,0.05,3,1,TURN LEFT,32.44741433091966,0,0
3021,50.4,,,hold_no_fix,no_fix,0.1,2,1,hold_no_fix,no_fix,0.1,3,1,TURN LEFT,32.44741433091966,0,0
3024,50.45,,,hold_no_fix,no_fix,0.15,2,1,hold_no_fix,no_fix,0.15,3,1,TURN LEFT,32.44741433091966,0,0
3027,50.5,,,no_fix,no_fix,,0,0,no_fix,no_fix,,0,0,TURN LEFT,32.44741433091966,0,0
3030,50.55,291.2,259.8,ok,ok,0.0,2,1,ok,ok,0.0,3,1,TURN LEFT,32.010618539644604,0,0
3033,50.6,,,hold_no_fix,no_fix,0.05,2,1,hold_no_fix,no_fix,0.05,3,1,TURN LEFT,32.010618539644604,0,0
3036,50.65,,,hold_no_fix,no_fix,0.1,2,1,hold_no_fix,no_fix,0.1,3,1,TURN LEFT,32.010618539644604,0,0
3039,50.7,291.2,259.3,ok,ok,0.0,2,1,ok,ok,0.0,3,1,TURN LEFT,31.521716519070463,0,0
3042,50.75,,,hold_no_fix,no_fix,0.05,2,1,hold_no_fix,no_fix,0.05,3,1,TURN LEFT,31.521716519070463,0,0
3045,50.8,,,hold_no_fix,no_fix,0.1,2,1,hold_no_fix,no_fix,0.1,3,1,TURN LEFT,31.521716519070463,0,0
3048,50.85,291.1,258.7,ok,ok,0.0,2,1,ok,ok,0.0,3,1,TURN LEFT,30.987999733913423,0,0
3051,50.9,,,hold_no_fix,no_fix,0.05,2,1,hold_no_fix,no_fix,0.05,3,1,TURN LEFT,30.987999733913423,0,0
3054,50.95,,,hold_no_fix,no_fix,0.1,2,1,hold_no_fix,no_fix,0.1,3,1,TURN LEFT,30.987999733913423,0,0
3057,51.0,,,hold_no_fix,no_fix,0.15,2,1,hold_no_fix,no_fix,0.15,3,1,TURN LEFT,30.987999733913423,0,0
3060,51.05,291.0,258.1,ok,ok,0.0,2,1,ok,ok,0.0,3,1,TURN LEFT,30.377455099778476,0,0
3063,51.1,291.0,257.6,ok,ok,0.0,2,1,ok,ok,0.0,3,1,TURN LEFT,29.831299531732824,0,0
3066,51.15,,,hold_no_fix,no_fix,0.05,2,1,hold_no_fix,no_fix,0.05,3,1,TURN LEFT,29.831299531732824,0,0
3069,51.2,291.0,257.0,ok,ok,0.0,2,1,ok,ok,0.0,2,1,TURN LEFT,29.312277386232914,0,0
3072,51.25,291.0,256.6,ok,ok,0.0,2,1,ok,ok,0.0,2,1,TURN LEFT,28.83712837417601,0,0
3075,51.3,290.9,256.1,ok,ok,0.0,2,1,ok,ok,0.0,2,1,TURN LEFT,28.41020396836949,0,0
3078,51.35,290.9,255.7,ok,ok,0.0,2,1,ok,ok,0.0,2,1,TURN LEFT,28.01013053991118,0,0
3081,51.4,290.9,255.3,ok,ok,0.0,2,1,ok,ok,0.0,2,1,TURN LEFT,27.635793239965626,0,0
3084,51.45,290.9,255.0,ok,ok,0.0,2,1,ok,ok,0.0,2,1,TURN LEFT,27.277784987335757,0,0
3087,51.5,290.9,254.6,ok,ok,0.0,2,1,ok,ok,0.0,2,1,TURN LEFT,26.958408547727863,0,0
3090,51.55,290.9,254.3,ok,ok,0.0,2,1,ok,ok,0.0,2,1,TURN LEFT,26.638457657536954,0,0
3093,51.6,290.8,254.0,ok,ok,0.0,2,1,ok,ok,0.0,2,1,TURN LEFT,26.35955753908752,0,0
3096,51.65,290.8,253.7,ok,ok,0.0,2,1,ok,ok,0.0,2,1,TURN LEFT,26.08101984777525,0,0
3099,51.7,290.8,253.5,ok,ok,0.0,2,1,ok,ok,0.0,2,1,TURN LEFT,25.812050541948135,0,0
3102,51.75,290.8,253.2,ok,ok,0.0,2,1,ok,ok,0.0,2,1,TURN LEFT,25.558386307792613,0,0
3105,51.8,290.7,253.0,ok,ok,0.0,2,1,ok,ok,0.0,2,1,TURN LEFT,25.315557382923963,0,0
3108,51.85,290.7,252.7,ok,ok,0.0,2,1,ok,ok,0.0,2,1,TURN LEFT,25.062659984926004,0,0
3111,51.9,290.7,252.4,hold_drawn_off_screen,drawn_off_screen,0.05,2,1,ok,ok,0.0,2,1,TURN LEFT,24.814073811986905,0,0
3114,51.95,290.7,252.2,ok,ok,0.0,2,1,ok,ok,0.0,2,1,TURN LEFT,24.577254162943746,0,0
3117,52.0,290.7,251.9,ok,ok,0.0,2,1,ok,ok,0.0,2,1,TURN LEFT,24.31991969377872,0,0
3120,52.05,290.6,251.7,ok,ok,0.0,2,1,ok,ok,0.0,2,1,TURN LEFT,24.084386624813703,0,0
3123,52.1,290.6,251.4,ok,ok,0.0,2,1,ok,ok,0.0,2,1,TURN LEFT,23.84196201719646,0,0
3126,52.15,290.6,251.2,ok,ok,0.0,2,1,ok,ok,0.0,2,1,TURN LEFT,23.607113510051562,0,0
3129,52.2,290.6,250.9,hold_drawn_off_screen,drawn_off_screen,0.05,2,1,ok,ok,0.0,2,1,TURN LEFT,23.360541649858092,0,0
3132,52.25,290.6,250.7,hold_drawn_off_screen,drawn_off_screen,0.1,2,1,ok,ok,0.0,2,1,TURN LEFT,23.123794785316697,0,0
3135,52.3,290.5,250.4,hold_drawn_off_screen,drawn_off_screen,0.15,2,1,ok,ok,0.0,2,1,TURN LEFT,22.878742433531535,0,0
3138,52.35,290.5,250.2,drawn_off_screen,drawn_off_screen,,0,0,ok,ok,0.0,2,1,TURN LEFT,22.65267739585764,0,0
3141,52.4,290.5,250.0,drawn_off_screen,drawn_off_screen,,0,0,ok,ok,0.0,2,1,TURN LEFT,22.408816143842817,0,0
3144,52.45,290.5,249.7,drawn_off_screen,drawn_off_screen,,0,0,ok,ok,0.0,2,1,TURN LEFT,22.156280214836052,0,0
3147,52.5,290.5,249.4,drawn_off_screen,drawn_off_screen,,0,0,ok,ok,0.0,2,1,TURN LEFT,21.900527993595993,0,0
3150,52.55,290.4,249.2,drawn_off_screen,drawn_off_screen,,0,0,ok,ok,0.0,2,1,TURN LEFT,21.657392622274415,0,0
3153,52.6,290.4,248.9,drawn_off_screen,drawn_off_screen,,0,0,ok,ok,0.0,2,1,TURN LEFT,21.425807552069095,0,0
3156,52.65,290.4,248.7,drawn_off_screen,drawn_off_screen,,0,0,ok,ok,0.0,2,1,TURN LEFT,21.186083618812546,0,0
3159,52.7,290.4,248.4,drawn_off_screen,drawn_off_screen,,0,0,ok,ok,0.0,2,1,TURN LEFT,20.948088116588785,0,0
3162,52.75,290.3,248.2,ok,ok,0.0,1,1,ok,ok,0.0,1,1,TURN LEFT,20.70389213906454,0,0
3165,52.8,290.3,247.9,ok,ok,0.0,1,1,ok,ok,0.0,1,1,TURN LEFT,20.439802954231734,0,0
3168,52.85,290.3,247.6,ok,ok,0.0,1,1,ok,ok,0.0,1,1,TURN LEFT,20.188994345780667,0,0
3171,52.9,290.2,247.4,ok,ok,0.0,1,1,ok,ok,0.0,2,1,TURN LEFT,19.949562079535372,0,0
3174,52.95,290.2,247.1,ok,ok,0.0,1,1,ok,ok,0.0,2,1,TURN LEFT,19.72801806069018,0,0
3177,53.0,290.2,246.9,ok,ok,0.0,1,1,ok,ok,0.0,2,1,TURN LEFT,19.49327463757783,0,0
3180,53.05,290.1,246.7,ok,ok,0.0,1,1,ok,ok,0.0,2,1,TURN LEFT,19.273338172236073,0,0
3183,53.1,290.1,246.4,ok,ok,0.0,1,1,ok,ok,0.0,2,1,TURN LEFT,19.059745312468408,0,0
3186,53.15,290.1,246.2,ok,ok,0.0,1,1,ok,ok,0.0,2,1,TURN LEFT,18.830142781799218,0,0
3189,53.2,290.1,245.9,ok,ok,0.0,1,1,ok,ok,0.0,2,1,TURN LEFT,18.605676936994442,0,0
3192,53.25,290.0,245.7,ok,ok,0.0,1,1,ok,ok,0.0,2,1,TURN LEFT,18.393450162042743,0,0
3195,53.3,290.0,245.5,ok,ok,0.0,1,1,ok,ok,0.0,2,1,TURN LEFT,18.167578046612668,0,0
3198,53.35,290.0,245.2,ok,ok,0.0,1,1,ok,ok,0.0,2,1,TURN LEFT,17.944087505657414,0,0
3201,53.4,289.9,245.0,ok,ok,0.0,1,1,ok,ok,0.0,1,1,TURN LEFT,17.7482925285372,0,0
3204,53.45,289.9,244.8,ok,ok,0.0,1,1,ok,ok,0.0,1,1,TURN LEFT,17.513467220016633,0,0
3207,53.5,289.9,244.5,ok,ok,0.0,1,1,ok,ok,0.0,1,1,TURN LEFT,17.310647324844336,0,0
3210,53.55,289.8,244.3,ok,ok,0.0,1,1,ok,ok,0.0,1,1,TURN LEFT,17.113235279422828,0,0
3213,53.6,289.7,244.1,ok,ok,0.0,2,1,ok,ok,0.0,1,1,TURN LEFT,16.90849857862761,0,0
3216,53.65,289.7,243.8,ok,ok,0.0,2,1,ok,ok,0.0,1,1,TURN LEFT,16.70767577015355,0,0
3219,53.7,289.6,243.6,ok,ok,0.0,2,1,ok,ok,0.0,1,1,TURN LEFT,16.47977698135906,0,0
3222,53.75,289.5,243.3,ok,ok,0.0,2,1,ok,ok,0.0,1,1,TURN LEFT,16.247664277039906,0,0
3225,53.8,289.5,243.1,ok,ok,0.0,3,1,ok,ok,0.0,1,1,TURN LEFT,16.049843896666783,0,0
3228,53.85,289.4,242.8,ok,ok,0.0,3,1,ok,ok,0.0,1,1,TURN LEFT,15.841272095831691,0,0
3231,53.9,289.4,242.6,ok,ok,0.0,3,1,ok,ok,0.0,1,1,TURN LEFT,15.65340683326833,0,0
3234,53.95,289.3,242.4,ok,ok,0.0,4,1,ok,ok,0.0,1,1,TURN LEFT,15.464004789949286,0,0
3237,54.0,289.3,242.2,ok,ok,0.0,4,1,ok,ok,0.0,2,1,TURN LEFT,15.267899472764594,0,0
3240,54.05,289.2,241.9,ok,ok,0.0,4,1,ok,ok,0.0,2,1,TURN LEFT,15.071378040111803,0,0
3243,54.1,289.1,241.7,ok,ok,0.0,4,1,ok,ok,0.0,2,1,TURN LEFT,14.875879625574258,0,0
3246,54.15,289.1,241.4,ok,ok,0.0,4,1,ok,ok,0.0,2,1,TURN LEFT,14.684452517553018,0,0
3249,54.2,289.0,241.2,ok,ok,0.0,4,1,ok,ok,0.0,2,1,TURN LEFT,14.487606571919688,0,0
3252,54.25,,,hold_no_fix,no_fix,0.05,4,1,hold_no_fix,no_fix,0.05,2,1,TURN LEFT,14.487606571919688,0,0
3255,54.3,288.9,240.9,ok,ok,0.0,5,1,ok,ok,0.0,2,1,TURN LEFT,14.286641225917837,0,0
3258,54.35,288.8,240.6,ok,ok,0.0,5,1,ok,ok,0.0,2,1,TURN LEFT,14.103494683884165,0,0
3261,54.4,288.7,240.4,ok,ok,0.0,5,1,ok,ok,0.0,2,1,TURN LEFT,13.902836433066055,0,0
3264,54.45,288.6,240.1,ok,ok,0.0,6,1,ok,ok,0.0,3,1,TURN LEFT,13.710675693306042,0,0
3267,54.5,288.5,239.9,ok,ok,0.0,6,1,ok,ok,0.0,3,1,TURN LEFT,13.537260104260488,0,0
3270,54.55,288.4,239.6,ok,ok,0.0,5,1,ok,ok,0.0,3,1,TURN LEFT,13.367967949996185,0,0
3273,54.6,288.3,239.4,ok,ok,0.0,4,1,ok,ok,0.0,3,1,TURN LEFT,13.220721211401482,0,0
3276,54.65,288.2,239.1,hold_drawn_off_screen,drawn_off_screen,0.05,4,1,ok,ok,0.0,3,1,TURN LEFT,13.053653027546964,0,0
3279,54.7,,,hold_no_fix,no_fix,0.1,4,1,hold_no_fix,no_fix,0.05,3,1,TURN LEFT,13.053653027546964,0,0
3282,54.75,288.0,238.8,ok,ok,0.0,8,1,ok,ok,0.0,4,1,TURN LEFT,12.922010458328694,0,0
3285,54.8,287.9,238.6,ok,ok,0.0,8,1,ok,ok,0.0,4,1,TURN LEFT,12.769377362649669,0,0
3288,54.85,287.8,238.3,ok,ok,0.0,8,1,ok,ok,0.0,5,1,TURN LEFT,12.591161751467212,0,0
3291,54.9,287.7,238.0,ok,ok,0.0,8,1,ok,ok,0.0,6,1,TURN LEFT,12.438446913619448,0,0
3294,54.95,287.6,237.8,ok,ok,0.0,8,1,ok,ok,0.0,6,1,TURN LEFT,12.300641066135972,0,0
3297,55.01,287.4,237.5,ok,ok,0.0,8,1,ok,ok,0.0,6,1,TURN LEFT,12.168901021567432,0,0
3300,55.06,287.3,237.3,ok,ok,0.0,8,1,ok,ok,0.0,6,1,TURN LEFT,12.063075680290016,0,0
3303,55.11,287.2,237.1,ok,ok,0.0,8,1,ok,ok,0.0,6,1,TURN LEFT,11.968679570082077,0,0
3306,55.16,287.1,236.9,ok,ok,0.0,7,1,ok,ok,0.0,6,1,TURN LEFT,11.887282367343543,0,0
3309,55.21,286.9,236.7,ok,ok,0.0,7,1,ok,ok,0.0,6,1,TURN LEFT,11.82682658689051,0,0
3312,55.26,286.8,236.5,ok,ok,0.0,7,1,ok,ok,0.0,6,1,TURN LEFT,11.766886710251093,0,0
3315,55.31,286.7,236.3,ok,ok,0.0,7,1,ok,ok,0.0,6,1,TURN LEFT,11.710819697868196,0,0
3318,55.36,286.6,236.1,ok,ok,0.0,7,1,ok,ok,0.0,6,1,TURN LEFT,11.67410886565712,0,0
3321,55.41,286.4,235.9,ok,ok,0.0,7,1,ok,ok,0.0,6,1,TURN LEFT,11.660956820849558,0,0
3324,55.46,286.3,235.7,ok,ok,0.0,7,1,ok,ok,0.0,6,1,TURN LEFT,11.63957828684623,0,0
3327,55.51,286.1,235.5,ok,ok,0.0,7,1,ok,ok,0.0,6,1,TURN LEFT,11.624477651024298,0,0
3330,55.56,286.0,235.4,ok,ok,0.0,7,1,ok,ok,0.0,6,1,TURN LEFT,11.612323484624163,0,0
3333,55.61,285.9,235.2,ok,ok,0.0,7,1,ok,ok,0.0,6,1,TURN LEFT,11.609653089660625,0,0
3336,55.66,285.7,235.0,ok,ok,0.0,7,1,ok,ok,0.0,6,1,TURN LEFT,11.629769788168348,0,0
3339,55.71,285.6,234.9,ok,ok,0.0,7,1,ok,ok,0.0,6,1,TURN LEFT,11.652628519219933,0,0
3342,55.76,285.4,234.7,ok,ok,0.0,7,1,ok,ok,0.0,6,1,TURN LEFT,11.679798074262651,0,0
3345,55.81,285.3,234.6,ok,ok,0.0,7,1,ok,ok,0.0,6,1,TURN LEFT,11.71775939741367,0,0
3348,55.86,285.2,234.4,ok,ok,0.0,7,1,ok,ok,0.0,6,1,TURN LEFT,11.729468796440248,0,0
3351,55.91,285.0,234.3,ok,ok,0.0,7,1,ok,ok,0.0,6,1,TURN LEFT,11.792740380378248,0,0
3354,55.96,284.8,234.1,ok,ok,0.0,7,1,ok,ok,0.0,6,1,TURN LEFT,11.862665299099833,0,0
3357,56.01,284.7,234.0,ok,ok,0.0,7,1,ok,ok,0.0,6,1,TURN LEFT,11.937355165302922,0,0
3360,56.06,284.5,233.8,ok,ok,0.0,7,1,ok,ok,0.0,6,1,TURN LEFT,12.028482923955549,0,0
3363,56.11,284.3,233.7,ok,ok,0.0,7,1,ok,ok,0.0,6,1,TURN LEFT,12.074509810196808,0,0
3366,56.16,284.2,233.5,ok,ok,0.0,7,1,ok,ok,0.0,6,1,TURN LEFT,12.136581021772209,0,0
3369,56.21,284.0,233.3,ok,ok,0.0,7,1,ok,ok,0.0,6,1,TURN LEFT,12.1953162290057,0,0
3372,56.26,283.9,233.2,ok,ok,0.0,7,1,ok,ok,0.0,6,1,TURN LEFT,12.264319436704678,0,0
3375,56.31,283.7,233.0,ok,ok,0.0,7,1,ok,ok,0.0,6,1,TURN LEFT,12.338545327581357,0,0
3378,56.36,283.6,232.9,ok,ok,0.0,7,1,ok,ok,0.0,6,1,TURN LEFT,12.417097303559867,0,0
3381,56.41,283.4,232.7,ok,ok,0.0,7,1,ok,ok,0.0,6,1,TURN LEFT,12.48984954237763,0,0
3384,56.46,283.3,232.6,ok,ok,0.0,7,1,ok,ok,0.0,6,1,TURN LEFT,12.583002742818753,0,0
3387,56.51,,,hold_no_fix,no_fix,0.05,7,1,hold_no_fix,no_fix,0.05,6,1,TURN LEFT,12.583002742818753,0,0
3390,56.56,,,hold_no_fix,no_fix,0.1,7,1,hold_no_fix,no_fix,0.1,6,1,TURN LEFT,12.583002742818753,0,0
3393,56.61,,,hold_no_fix,no_fix,0.15,7,1,hold_no_fix,no_fix,0.15,6,1,TURN LEFT,12.583002742818753,0,0
3396,56.66,,,no_fix,no_fix,,0,0,no_fix,no_fix,,0,0,TURN LEFT,12.583002742818753,0,0
3399,56.71,,,no_fix,no_fix,,0,0,no_fix,no_fix,,0,0,TURN LEFT,12.583002742818753,0,0
3402,56.76,,,no_fix,no_fix,,0,0,no_fix,no_fix,,0,0,TURN LEFT,12.583002742818753,0,0
3405,56.81,282.2,232.2,ok,ok,0.0,7,1,ok,ok,0.0,6,1,TURN LEFT,13.475353222760004,0,0
3408,56.86,281.9,231.9,ok,ok,0.0,7,1,ok,ok,0.0,6,1,TURN LEFT,13.639081390428268,0,0
3411,56.91,281.7,231.8,ok,ok,0.0,7,1,ok,ok,0.0,6,1,TURN LEFT,13.830225509728413,0,0
3414,56.96,,,hold_no_fix,no_fix,0.05,7,1,hold_no_fix,no_fix,0.05,6,1,TURN LEFT,13.830225509728413,0,0
3417,57.01,281.3,231.5,ok,ok,0.0,7,1,ok,ok,0.0,6,1,TURN LEFT,14.135578185558286,0,0
3420,57.06,,,hold_no_fix,no_fix,0.05,7,1,hold_no_fix,no_fix,0.05,6,1,TURN LEFT,14.135578185558286,0,0
3423,57.11,280.9,231.3,ok,ok,0.0,7,1,ok,ok,0.0,6,1,TURN LEFT,14.456543215624501,0,0
3426,57.16,,,hold_no_fix,no_fix,0.05,7,1,hold_no_fix,no_fix,0.05,6,1,TURN LEFT,14.456543215624501,0,0
3429,57.21,,,hold_no_fix,no_fix,0.1,7,1,hold_no_fix,no_fix,0.1,6,1,TURN LEFT,14.456543215624501,0,0
3432,57.26,,,hold_no_fix,no_fix,0.15,7,1,hold_no_fix,no_fix,0.15,6,1,TURN LEFT,14.456543215624501,0,0
3435,57.31,,,no_fix,no_fix,,0,0,no_fix,no_fix,,0,0,TURN LEFT,14.456543215624501,0,0
3438,57.36,,,no_fix,no_fix,,0,0,no_fix,no_fix,,0,0,TURN LEFT,14.456543215624501,0,0
3441,57.41,279.8,230.9,ok,ok,0.0,7,1,ok,ok,0.0,6,1,TURN LEFT,15.493423941831185,0,0
3444,57.46,279.5,230.7,ok,ok,0.0,7,1,ok,ok,0.0,7,1,TURN LEFT,15.753394237140038,0,0
3447,57.51,,,hold_no_fix,no_fix,0.05,7,1,hold_no_fix,no_fix,0.05,7,1,TURN LEFT,15.753394237140038,0,0
3450,57.56,,,hold_no_fix,no_fix,0.1,7,1,hold_no_fix,no_fix,0.1,7,1,TURN LEFT,15.753394237140038,0,0
3453,57.61,,,hold_no_fix,no_fix,0.15,7,1,hold_no_fix,no_fix,0.15,7,1,TURN LEFT,15.753394237140038,0,0
3456,57.66,278.6,230.4,ok,ok,0.0,6,1,ok,ok,0.0,7,1,TURN LEFT,16.541131333025923,0,0
3459,57.71,278.4,230.2,ok,ok,0.0,6,1,ok,ok,0.0,7,1,TURN LEFT,16.793959007511386,0,0
3462,57.76,278.1,230.1,ok,ok,0.0,6,1,ok,ok,0.0,7,1,TURN LEFT,17.041795739835788,0,0
3465,57.81,277.8,229.9,ok,ok,0.0,6,1,ok,ok,0.0,7,1,TURN LEFT,17.261867783923794,0,0
3468,57.86,,,hold_no_fix,no_fix,0.05,6,1,hold_no_fix,no_fix,0.05,7,1,TURN LEFT,17.261867783923794,0,0
3471,57.91,,,hold_no_fix,no_fix,0.1,6,1,hold_no_fix,no_fix,0.1,7,1,TURN LEFT,17.261867783923794,0,0
3474,57.96,277.2,229.7,ok,ok,0.0,6,1,ok,ok,0.0,7,1,TURN LEFT,17.88506168629375,0,0
3477,58.01,276.9,229.5,ok,ok,0.0,6,1,ok,ok,0.0,7,1,TURN LEFT,18.133502379773876,0,0
3480,58.06,276.7,229.4,ok,ok,0.0,6,1,ok,ok,0.0,7,1,TURN LEFT,18.39778816753198,0,0
3483,58.11,276.4,229.3,ok,ok,0.0,6,1,ok,ok,0.0,7,1,TURN LEFT,18.62318597702897,0,0
3486,58.16,276.2,229.2,ok,ok,0.0,6,1,ok,ok,0.0,7,1,TURN LEFT,18.883933116744966,0,0
3489,58.21,275.9,229.2,ok,ok,0.0,6,1,ok,ok,0.0,7,1,TURN LEFT,19.132131522854134,0,0
3492,58.26,275.6,229.1,ok,ok,0.0,6,1,ok,ok,0.0,7,1,TURN LEFT,19.384260772214866,0,0
3495,58.31,275.4,229.0,ok,ok,0.0,6,1,ok,ok,0.0,7,1,TURN LEFT,19.625841357915096,0,0
3498,58.36,275.1,229.0,ok,ok,0.0,6,1,ok,ok,0.0,7,1,TURN LEFT,19.881168484474042,0,0
3501,58.41,274.9,228.9,ok,ok,0.0,6,1,ok,ok,0.0,7,1,TURN LEFT,20.117509334954207,0,0
3504,58.46,274.6,228.8,ok,ok,0.0,6,1,ok,ok,0.0,7,1,TURN LEFT,20.373668751163784,0,0
3507,58.51,274.4,228.7,ok,ok,0.0,6,1,ok,ok,0.0,7,1,TURN LEFT,20.620039563187348,0,0
3510,58.56,274.1,228.7,ok,ok,0.0,6,1,ok,ok,0.0,6,1,TURN LEFT,20.86233855864992,0,0
3513,58.61,273.9,228.6,ok,ok,0.0,6,1,ok,ok,0.0,6,1,TURN LEFT,21.095676773284573,0,0
3516,58.66,273.7,228.5,ok,ok,0.0,6,1,ok,ok,0.0,6,1,TURN LEFT,21.332873023086485,0,0
3519,58.71,273.4,228.5,ok,ok,0.0,6,1,ok,ok,0.0,6,1,TURN LEFT,21.57682036963757,0,0
3522,58.76,273.2,228.4,ok,ok,0.0,6,1,ok,ok,0.0,6,1,TURN LEFT,21.810683395208702,0,0
3525,58.81,273.0,228.4,ok,ok,0.0,6,1,ok,ok,0.0,6,1,TURN LEFT,22.051687410464222,0,0
3528,58.86,272.7,228.3,ok,ok,0.0,6,1,ok,ok,0.0,6,1,TURN LEFT,22.29503393132998,0,0
3531,58.91,272.5,228.3,ok,ok,0.0,6,1,ok,ok,0.0,6,1,TURN LEFT,22.53119779746604,0,0
3534,58.96,272.2,228.2,ok,ok,0.0,6,1,ok,ok,0.0,6,1,TURN LEFT,22.778749620262957,0,0
3537,59.01,272.0,228.2,ok,ok,0.0,6,1,ok,ok,0.0,6,1,TURN LEFT,23.030757289779327,0,0
3540,59.06,271.7,228.1,ok,ok,0.0,6,1,ok,ok,0.0,6,1,TURN LEFT,23.278136100051352,0,0
3543,59.11,271.5,228.1,ok,ok,0.0,6,1,ok,ok,0.0,6,1,TURN LEFT,23.525683186712214,0,0
3546,59.16,271.2,228.0,ok,ok,0.0,6,1,ok,ok,0.0,6,1,TURN LEFT,23.779054264475242,0,0
3549,59.21,271.0,228.0,ok,ok,0.0,6,1,ok,ok,0.0,6,1,TURN LEFT,24.04220982135632,0,0
3552,59.26,270.7,227.9,ok,ok,0.0,6,1,ok,ok,0.0,6,1,TURN LEFT,24.291086396474803,0,0
3555,59.31,270.5,227.9,ok,ok,0.0,6,1,ok,ok,0.0,6,1,TURN LEFT,24.527753656761707,0,0
3558,59.36,270.2,227.9,ok,ok,0.0,6,1,ok,ok,0.0,6,1,TURN LEFT,24.788731970239645,0,0
3561,59.41,270.0,227.8,ok,ok,0.0,6,1,ok,ok,0.0,6,1,TURN LEFT,25.04240672672677,0,0
3564,59.46,269.7,227.8,ok,ok,0.0,6,1,ok,ok,0.0,6,1,TURN LEFT,25.298735556695398,0,0
3567,59.51,269.4,227.7,ok,ok,0.0,6,1,ok,ok,0.0,6,1,TURN LEFT,25.55590634193145,0,0
3570,59.56,269.2,227.7,ok,ok,0.0,6,1,ok,ok,0.0,6,1,TURN LEFT,25.815720864676088,0,0
3573,59.61,268.9,227.7,ok,ok,0.0,6,1,ok,ok,0.0,6,1,TURN LEFT,26.062648069567995,0,0
3576,59.66,268.7,227.6,ok,ok,0.0,6,1,ok,ok,0.0,6,1,TURN LEFT,26.321690892890206,0,0
3579,59.71,268.4,227.6,ok,ok,0.0,6,1,ok,ok,0.0,6,1,TURN LEFT,26.5828227888319,0,0
3582,59.76,268.2,227.6,ok,ok,0.0,6,1,ok,ok,0.0,6,1,TURN LEFT,26.837801278698624,0,0
3585,59.81,267.9,227.5,ok,ok,0.0,6,1,ok,ok,0.0,6,1,TURN LEFT,27.094415360774825,0,0
3588,59.86,267.7,227.5,ok,ok,0.0,6,1,ok,ok,0.0,6,1,TURN LEFT,27.352240148541554,0,0
3591,59.91,267.4,227.5,ok,ok,0.0,6,1,ok,ok,0.0,6,1,TURN LEFT,27.613542153561784,0,0
3594,59.96,267.1,227.4,ok,ok,0.0,6,1,ok,ok,0.0,6,1,TURN LEFT,27.86449463299481,0,0
3597,60.01,266.9,227.4,ok,ok,0.0,6,1,ok,ok,0.0,6,1,TURN LEFT,28.118685521297497,0,0
3600,60.06,266.6,227.4,ok,ok,0.0,6,1,ok,ok,0.0,6,1,TURN LEFT,28.37416785551702,0,0
3603,60.11,266.4,227.3,ok,ok,0.0,6,1,ok,ok,0.0,6,1,TURN LEFT,28.63483042972841,0,0
3606,60.16,266.1,227.3,ok,ok,0.0,6,1,ok,ok,0.0,6,1,TURN LEFT,28.885736189849816,0,0
3609,60.21,265.9,227.2,ok,ok,0.0,6,1,ok,ok,0.0,6,1,TURN LEFT,29.13363712804338,0,0
3612,60.26,265.6,227.2,ok,ok,0.0,5,1,ok,ok,0.0,6,1,TURN LEFT,29.36410351945702,0,0
3615,60.31,265.4,227.2,ok,ok,0.0,5,1,ok,ok,0.0,6,1,TURN LEFT,29.629731104701456,0,0
3618,60.36,265.1,227.1,ok,ok,0.0,5,1,ok,ok,0.0,6,1,TURN LEFT,29.868217948225233,0,0
3621,60.41,264.9,227.1,ok,ok,0.0,5,1,ok,ok,0.0,6,1,TURN LEFT,30.107214929259534,0,0
3624,60.46,264.7,227.1,ok,ok,0.0,5,1,ok,ok,0.0,6,1,TURN LEFT,30.35159014421683,0,0
3627,60.51,264.4,227.0,ok,ok,0.0,5,1,ok,ok,0.0,6,1,TURN LEFT,30.59988283849468,0,0
3630,60.56,,,hold_no_fix,no_fix,0.05,5,1,hold_no_fix,no_fix,0.05,6,1,TURN LEFT,30.59988283849468,0,0
3633,60.61,263.9,227.0,ok,ok,0.0,5,1,ok,ok,0.0,6,1,TURN LEFT,31.082087563711767,0,0
3636,60.66,263.7,226.9,ok,ok,0.0,5,1,ok,ok,0.0,6,1,TURN LEFT,31.331728811217573,0,0
3639,60.71,263.4,226.9,ok,ok,0.0,5,1,ok,ok,0.0,6,1,TURN LEFT,31.574904942295944,0,0
3642,60.76,263.2,226.9,ok,ok,0.0,5,1,ok,ok,0.0,6,1,TURN LEFT,31.826084165589275,0,0
3645,60.81,263.0,226.9,ok,ok,0.0,5,1,ok,ok,0.0,6,1,TURN LEFT,32.066707505510685,0,0
3648,60.86,262.7,226.9,ok,ok,0.0,5,1,ok,ok,0.0,6,1,TURN LEFT,32.2927637588476,0,0
3651,60.91,262.5,226.9,ok,ok,0.0,5,1,ok,ok,0.0,6,1,TURN LEFT,32.52727463674815,0,0
3654,60.96,262.3,226.8,ok,ok,0.0,5,1,ok,ok,0.0,6,1,TURN LEFT,32.766858678639856,0,0
3657,61.01,262.0,226.8,ok,ok,0.0,5,1,ok,ok,0.0,6,1,TURN LEFT,33.00920164608759,0,0
3660,61.06,261.8,226.8,ok,ok,0.0,5,1,ok,ok,0.0,6,1,TURN LEFT,33.24533912529496,0,0
3663,61.11,261.5,226.8,ok,ok,0.0,5,1,ok,ok,0.0,6,1,TURN LEFT,33.474820457553705,0,0
3666,61.16,261.3,226.8,ok,ok,0.0,5,1,ok,ok,0.0,6,1,TURN LEFT,33.70353806743055,0,0
3669,61.21,261.1,226.8,ok,ok,0.0,5,1,ok,ok,0.0,6,1,TURN LEFT,33.94884183684404,0,0
3672,61.26,260.8,226.7,ok,ok,0.0,5,1,ok,ok,0.0,6,1,TURN LEFT,34.20662074792443,0,0
3675,61.31,260.6,226.7,ok,ok,0.0,5,1,ok,ok,0.0,6,1,TURN LEFT,34.443953111609225,0,0
3678,61.36,260.3,226.7,ok,ok,0.0,5,1,ok,ok,0.0,5,1,TURN LEFT,34.68842463115234,0,0
3681,61.41,260.1,226.7,ok,ok,0.0,5,1,ok,ok,0.0,5,1,TURN LEFT,34.932873999611886,0,0
3684,61.46,259.9,226.6,ok,ok,0.0,5,1,ok,ok,0.0,5,1,TURN LEFT,35.1745720173425,0,0
3687,61.51,259.7,226.6,ok,ok,0.0,5,1,ok,ok,0.0,5,1,TURN LEFT,35.374031615528466,0,0
3690,61.56,259.4,226.5,ok,ok,0.0,5,1,ok,ok,0.0,5,1,TURN LEFT,35.61450004680368,0,0
3693,61.61,,,hold_no_fix,no_fix,0.05,5,1,hold_no_fix,no_fix,0.05,5,1,TURN LEFT,35.61450004680368,0,0
3696,61.66,259.0,226.5,ok,ok,0.0,5,1,ok,ok,0.0,5,1,TURN LEFT,36.08088033045908,0,0
3699,61.71,258.7,226.4,ok,ok,0.0,5,1,ok,ok,0.0,5,1,TURN LEFT,36.31187638254608,0,0
3702,61.76,258.5,226.4,ok,ok,0.0,5,1,ok,ok,0.0,5,1,TURN LEFT,36.540046633470325,0,0
3705,61.81,,,hold_no_fix,no_fix,0.05,5,1,hold_no_fix,no_fix,0.05,5,1,TURN LEFT,36.540046633470325,0,0
3708,61.86,258.0,226.3,hold_high_reproj_error,high_reproj_error,0.1,5,1,hold_high_reproj_error,high_reproj_error,0.1,5,1,TURN LEFT,37.0206156050711,0,0
3711,61.91,,,hold_no_fix,no_fix,0.15,5,1,hold_no_fix,no_fix,0.15,5,1,TURN LEFT,37.0206156050711,0,0
3714,61.96,,,no_fix,no_fix,,0,0,no_fix,no_fix,,0,0,TURN LEFT,37.0206156050711,0,0
3717,62.01,,,no_fix,no_fix,,0,0,no_fix,no_fix,,0,0,TURN LEFT,37.0206156050711,0,0
3720,62.06,,,no_fix,no_fix,,0,0,no_fix,no_fix,,0,0,TURN LEFT,37.0206156050711,0,0
3723,62.11,,,no_fix,no_fix,,0,0,no_fix,no_fix,,0,0,TURN LEFT,37.0206156050711,0,0
3726,62.16,,,no_fix,no_fix,,0,0,no_fix,no_fix,,0,0,TURN LEFT,37.0206156050711,0,0
3729,62.21,256.4,225.9,ok,ok,0.0,5,1,ok,ok,0.0,5,1,TURN LEFT,38.615652357818256,0,0
3732,62.26,256.2,226.0,ok,ok,0.0,5,1,ok,ok,0.0,5,1,TURN LEFT,38.827080118538234,0,0
3735,62.31,256.0,226.0,ok,ok,0.0,5,1,ok,ok,0.0,5,1,TURN LEFT,39.0764888397739,0,0
3738,62.36,255.7,226.0,ok,ok,0.0,5,1,ok,ok,0.0,5,1,TURN LEFT,39.31769836677631,0,0
3741,62.41,255.5,226.0,ok,ok,0.0,5,1,ok,ok,0.0,5,1,TURN LEFT,39.54525741352688,0,0
3744,62.46,255.3,226.0,ok,ok,0.0,5,1,ok,ok,0.0,5,1,TURN LEFT,39.76598419840444,0,0
3747,62.51,255.1,225.9,ok,ok,0.0,5,1,ok,ok,0.0,5,1,TURN LEFT,39.981856135974525,0,0
3750,62.56,254.8,225.9,ok,ok,0.0,5,1,ok,ok,0.0,5,1,TURN LEFT,40.208602433232315,0,0
3753,62.61,254.6,225.9,ok,ok,0.0,5,1,ok,ok,0.0,5,1,TURN LEFT,40.433881591346605,0,0
3756,62.66,254.4,225.9,ok,ok,0.0,5,1,ok,ok,0.0,5,1,TURN LEFT,40.65674829980967,0,0
3759,62.71,254.2,225.9,ok,ok,0.0,5,1,ok,ok,0.0,5,1,TURN LEFT,40.865877054005544,0,0
3762,62.76,254.0,225.8,ok,ok,0.0,5,1,ok,ok,0.0,5,1,TURN LEFT,41.08383577295454,0,0
3765,62.81,253.8,225.8,ok,ok,0.0,4,1,ok,ok,0.0,5,1,TURN LEFT,41.30813778147483,0,0
3768,62.86,253.5,225.8,ok,ok,0.0,4,1,ok,ok,0.0,5,1,TURN LEFT,41.52105049622527,0,0
3771,62.91,253.3,225.7,ok,ok,0.0,4,1,ok,ok,0.0,5,1,TURN LEFT,41.73772013831799,0,0
3774,62.96,253.1,225.7,ok,ok,0.0,4,1,ok,ok,0.0,5,1,TURN LEFT,41.96363427127383,0,0
3777,63.01,252.9,225.6,ok,ok,0.0,4,1,ok,ok,0.0,5,1,TURN LEFT,42.18947152146784,0,0
3780,63.06,252.7,225.6,ok,ok,0.0,4,1,ok,ok,0.0,5,1,TURN LEFT,42.41194724313541,0,0
3783,63.11,252.4,225.6,ok,ok,0.0,4,1,ok,ok,0.0,5,1,TURN LEFT,42.62521314133237,0,0
3786,63.16,252.2,225.5,ok,ok,0.0,4,1,ok,ok,0.0,5,1,TURN LEFT,42.830288660058365,0,0
3789,63.21,252.0,225.5,ok,ok,0.0,4,1,ok,ok,0.0,5,1,TURN LEFT,43.0390031438712,0,0
3792,63.26,251.8,225.4,ok,ok,0.0,4,1,ok,ok,0.0,5,1,TURN LEFT,43.24213001835829,0,0
3795,63.31,251.6,225.4,ok,ok,0.0,4,1,ok,ok,0.0,5,1,TURN LEFT,43.4437767020166,0,0
3798,63.36,251.4,225.3,ok,ok,0.0,4,1,ok,ok,0.0,5,1,TURN LEFT,43.64012282171991,0,0
3801,63.41,251.2,225.3,ok,ok,0.0,4,1,ok,ok,0.0,5,1,TURN LEFT,43.837384290242696,0,0
3804,63.46,251.1,225.3,ok,ok,0.0,4,1,ok,ok,0.0,5,1,TURN LEFT,44.01701069895008,0,0
3807,63.51,250.9,225.2,ok,ok,0.0,4,1,ok,ok,0.0,5,1,TURN LEFT,44.20525272435189,0,0
3810,63.56,250.7,225.2,ok,ok,0.0,4,1,ok,ok,0.0,5,1,TURN LEFT,44.41387592150637,0,0
3813,63.61,250.5,225.2,ok,ok,0.0,4,1,ok,ok,0.0,5,1,TURN LEFT,44.60311216347859,0,0
3816,63.66,250.3,225.1,ok,ok,0.0,4,1,ok,ok,0.0,5,1,TURN LEFT,44.801542609918165,0,0
3819,63.71,250.1,225.1,ok,ok,0.0,4,1,ok,ok,0.0,5,1,TURN LEFT,44.99475228086097,0,0
3822,63.76,249.9,225.1,ok,ok,0.0,4,1,ok,ok,0.0,5,1,GO STRAIGHT,,0,0
3825,63.81,249.7,225.1,ok,ok,0.0,4,1,ok,ok,0.0,5,1,GO STRAIGHT,,0,0
3828,63.86,249.5,225.0,ok,ok,0.0,4,1,ok,ok,0.0,5,1,GO STRAIGHT,,0,0
3831,63.91,249.3,225.0,ok,ok,0.0,4,1,ok,ok,0.0,5,1,GO STRAIGHT,,0,0
3834,63.96,249.1,225.0,ok,ok,0.0,4,1,ok,ok,0.0,5,1,GO STRAIGHT,,0,0
3837,64.01,248.9,224.9,ok,ok,0.0,4,1,ok,ok,0.0,5,1,GO STRAIGHT,,0,0
3840,64.06,248.7,224.9,ok,ok,0.0,4,1,ok,ok,0.0,4,1,GO STRAIGHT,,0,0
3843,64.11,248.5,224.9,ok,ok,0.0,4,1,ok,ok,0.0,4,1,GO STRAIGHT,,0,0
3846,64.16,248.3,224.8,ok,ok,0.0,4,1,ok,ok,0.0,4,1,GO STRAIGHT,,0,0
3849,64.21,248.1,224.8,ok,ok,0.0,4,1,ok,ok,0.0,4,1,GO STRAIGHT,,0,0
3852,64.26,247.8,224.8,ok,ok,0.0,4,1,ok,ok,0.0,4,1,GO STRAIGHT,,0,0
3855,64.31,247.6,224.7,ok,ok,0.0,4,1,ok,ok,0.0,4,1,GO STRAIGHT,,0,0
3858,64.36,247.4,224.7,ok,ok,0.0,4,1,ok,ok,0.0,4,1,GO STRAIGHT,,0,0
3861,64.41,247.2,224.6,ok,ok,0.0,4,1,ok,ok,0.0,4,1,GO STRAIGHT,,0,0
3864,64.46,247.0,224.6,ok,ok,0.0,4,1,ok,ok,0.0,4,1,GO STRAIGHT,,0,0
3867,64.51,246.8,224.5,ok,ok,0.0,4,1,ok,ok,0.0,4,1,GO STRAIGHT,,0,0
3870,64.56,246.6,224.5,ok,ok,0.0,4,1,ok,ok,0.0,4,1,GO STRAIGHT,,0,0
3873,64.61,246.3,224.5,ok,ok,0.0,4,1,ok,ok,0.0,4,1,GO STRAIGHT,,0,0
3876,64.66,246.1,224.4,ok,ok,0.0,4,1,ok,ok,0.0,4,1,GO STRAIGHT,,0,0
3879,64.71,245.9,224.4,ok,ok,0.0,4,1,ok,ok,0.0,4,1,GO STRAIGHT,,0,0
3882,64.76,245.7,224.4,ok,ok,0.0,4,1,ok,ok,0.0,4,1,GO STRAIGHT,,0,0
3885,64.81,245.5,224.3,ok,ok,0.0,4,1,ok,ok,0.0,4,1,GO STRAIGHT,,0,0
3888,64.86,245.3,224.3,ok,ok,0.0,4,1,ok,ok,0.0,4,1,GO STRAIGHT,,0,0
3891,64.91,245.0,224.3,ok,ok,0.0,4,1,ok,ok,0.0,4,1,GO STRAIGHT,,0,0
3894,64.96,244.8,224.3,ok,ok,0.0,4,1,ok,ok,0.0,4,1,GO STRAIGHT,,0,0
3897,65.02,244.6,224.2,ok,ok,0.0,4,1,ok,ok,0.0,4,1,GO STRAIGHT,,0,0
3900,65.07,244.4,224.2,ok,ok,0.0,4,1,ok,ok,0.0,4,1,GO STRAIGHT,,0,0
3903,65.12,244.1,224.2,ok,ok,0.0,4,1,ok,ok,0.0,4,1,GO STRAIGHT,,0,0
3906,65.17,243.9,224.2,ok,ok,0.0,4,1,ok,ok,0.0,4,1,GO STRAIGHT,,0,0
3909,65.22,243.7,224.1,ok,ok,0.0,4,1,ok,ok,0.0,4,1,GO STRAIGHT,,0,0
3912,65.27,243.4,224.1,ok,ok,0.0,4,1,ok,ok,0.0,4,1,GO STRAIGHT,,0,0
3915,65.32,243.2,224.1,ok,ok,0.0,4,1,ok,ok,0.0,4,1,GO STRAIGHT,,0,0
3918,65.37,243.0,224.1,ok,ok,0.0,4,1,ok,ok,0.0,4,1,GO STRAIGHT,,0,0
3921,65.42,242.8,224.0,ok,ok,0.0,4,1,ok,ok,0.0,4,1,GO STRAIGHT,,0,0
3924,65.47,242.5,224.0,ok,ok,0.0,4,1,ok,ok,0.0,4,1,GO STRAIGHT,,0,0
3927,65.52,242.3,224.0,ok,ok,0.0,4,1,ok,ok,0.0,4,1,GO STRAIGHT,,0,0
3930,65.57,242.1,224.0,ok,ok,0.0,4,1,ok,ok,0.0,4,1,GO STRAIGHT,,0,0
3933,65.62,241.8,223.9,ok,ok,0.0,3,1,ok,ok,0.0,4,1,GO STRAIGHT,,0,0
3936,65.67,241.6,223.9,ok,ok,0.0,3,1,ok,ok,0.0,4,1,GO STRAIGHT,,0,0
3939,65.72,241.4,223.8,ok,ok,0.0,3,1,ok,ok,0.0,4,1,GO STRAIGHT,,0,0
3942,65.77,241.1,223.8,ok,ok,0.0,3,1,ok,ok,0.0,4,1,GO STRAIGHT,,0,0
3945,65.82,240.9,223.8,ok,ok,0.0,3,1,ok,ok,0.0,4,1,GO STRAIGHT,,0,0
3948,65.87,240.7,223.7,ok,ok,0.0,3,1,ok,ok,0.0,4,1,GO STRAIGHT,,0,0
3951,65.92,240.4,223.7,ok,ok,0.0,3,1,ok,ok,0.0,4,1,GO STRAIGHT,,0,0
3954,65.97,240.2,223.7,ok,ok,0.0,3,1,ok,ok,0.0,4,1,GO STRAIGHT,,0,0
3957,66.02,240.0,223.6,ok,ok,0.0,3,1,ok,ok,0.0,4,1,GO STRAIGHT,,0,0
3960,66.07,239.7,223.6,ok,ok,0.0,3,1,ok,ok,0.0,4,1,GO STRAIGHT,,0,0
3963,66.12,239.5,223.6,ok,ok,0.0,3,1,ok,ok,0.0,4,1,GO STRAIGHT,,0,0
3966,66.17,239.3,223.5,ok,ok,0.0,3,1,ok,ok,0.0,4,1,GO STRAIGHT,,0,0
3969,66.22,239.0,223.5,ok,ok,0.0,3,1,ok,ok,0.0,4,1,GO STRAIGHT,,0,0
3972,66.27,238.8,223.5,ok,ok,0.0,3,1,ok,ok,0.0,4,1,GO STRAIGHT,,0,0
3975,66.32,238.6,223.5,ok,ok,0.0,3,1,ok,ok,0.0,4,1,GO STRAIGHT,,0,0
3978,66.37,238.3,223.5,ok,ok,0.0,3,1,ok,ok,0.0,4,1,GO STRAIGHT,,0,0
3981,66.42,238.1,223.4,ok,ok,0.0,3,1,ok,ok,0.0,4,1,GO STRAIGHT,,0,0
3984,66.47,237.8,223.4,ok,ok,0.0,3,1,ok,ok,0.0,4,1,GO STRAIGHT,,0,0
3987,66.52,237.6,223.4,ok,ok,0.0,3,1,ok,ok,0.0,3,1,GO STRAIGHT,,0,0
3990,66.57,237.4,223.4,ok,ok,0.0,3,1,ok,ok,0.0,3,1,GO STRAIGHT,,0,0
3993,66.62,237.1,223.4,ok,ok,0.0,3,1,ok,ok,0.0,3,1,GO STRAIGHT,,0,0
3996,66.67,236.9,223.3,ok,ok,0.0,3,1,ok,ok,0.0,3,1,GO STRAIGHT,,0,0
3999,66.72,236.7,223.3,ok,ok,0.0,3,1,ok,ok,0.0,3,1,GO STRAIGHT,,0,0
4002,66.77,236.4,223.3,ok,ok,0.0,3,1,ok,ok,0.0,3,1,GO STRAIGHT,,0,0
4005,66.82,236.2,223.3,ok,ok,0.0,3,1,ok,ok,0.0,3,1,GO STRAIGHT,,0,0
4008,66.87,236.0,223.2,ok,ok,0.0,3,1,ok,ok,0.0,3,1,GO STRAIGHT,,0,0
4011,66.92,235.7,223.2,ok,ok,0.0,2,1,ok,ok,0.0,3,1,GO STRAIGHT,,0,0
4014,66.97,235.5,223.2,ok,ok,0.0,2,1,ok,ok,0.0,3,1,GO STRAIGHT,,0,0
4017,67.02,235.3,223.1,ok,ok,0.0,2,1,ok,ok,0.0,2,1,GO STRAIGHT,,0,0
4020,67.07,235.0,223.1,ok,ok,0.0,2,1,ok,ok,0.0,2,1,GO STRAIGHT,,0,0
4023,67.12,234.8,223.0,ok,ok,0.0,2,1,ok,ok,0.0,2,1,GO STRAIGHT,,0,0
4026,67.17,234.6,223.0,ok,ok,0.0,2,1,ok,ok,0.0,2,1,GO STRAIGHT,,0,0
4029,67.22,234.4,222.9,ok,ok,0.0,2,1,ok,ok,0.0,2,1,GO STRAIGHT,,0,0
4032,67.27,234.1,222.9,ok,ok,0.0,2,1,ok,ok,0.0,2,1,GO STRAIGHT,,0,0
4035,67.32,,,hold_no_fix,no_fix,0.05,2,1,hold_no_fix,no_fix,0.05,2,1,GO STRAIGHT,,0,0
4038,67.37,233.7,222.8,ok,ok,0.0,2,1,ok,ok,0.0,2,1,GO STRAIGHT,,0,0
4041,67.42,233.5,222.8,ok,ok,0.0,2,1,ok,ok,0.0,2,1,GO STRAIGHT,,0,0
4044,67.47,233.3,222.7,ok,ok,0.0,2,1,ok,ok,0.0,2,1,GO STRAIGHT,,0,0
4047,67.52,233.0,222.7,ok,ok,0.0,2,1,ok,ok,0.0,2,1,GO STRAIGHT,,0,0
4050,67.57,232.8,222.6,ok,ok,0.0,2,1,ok,ok,0.0,2,1,GO STRAIGHT,,0,0
4053,67.62,232.6,222.6,ok,ok,0.0,2,1,ok,ok,0.0,2,1,GO STRAIGHT,,0,0
4056,67.67,232.4,222.6,ok,ok,0.0,2,1,ok,ok,0.0,2,1,GO STRAIGHT,,0,0
4059,67.72,232.1,222.6,ok,ok,0.0,2,1,ok,ok,0.0,2,1,GO STRAIGHT,,0,0
4062,67.77,231.9,222.5,ok,ok,0.0,2,1,ok,ok,0.0,2,1,GO STRAIGHT,,0,0
4065,67.82,231.7,222.5,ok,ok,0.0,2,1,ok,ok,0.0,2,1,GO STRAIGHT,,0,0
4068,67.87,231.4,222.5,ok,ok,0.0,2,1,ok,ok,0.0,2,1,GO STRAIGHT,,0,0
4071,67.92,231.2,222.4,ok,ok,0.0,2,1,ok,ok,0.0,2,1,GO STRAIGHT,,0,0
4074,67.97,231.0,222.4,ok,ok,0.0,2,1,ok,ok,0.0,2,1,GO STRAIGHT,,0,0
4077,68.02,230.8,222.4,ok,ok,0.0,2,1,ok,ok,0.0,2,1,GO STRAIGHT,,0,0
4080,68.07,230.5,222.3,ok,ok,0.0,2,1,ok,ok,0.0,2,1,GO STRAIGHT,,0,0
4083,68.12,230.3,222.3,ok,ok,0.0,1,1,ok,ok,0.0,2,1,GO STRAIGHT,,0,0
4086,68.17,230.1,222.2,ok,ok,0.0,1,1,ok,ok,0.0,2,1,GO STRAIGHT,,0,0
4089,68.22,229.8,222.2,ok,ok,0.0,1,1,ok,ok,0.0,2,1,GO STRAIGHT,,0,0
4092,68.27,229.6,222.1,ok,ok,0.0,1,1,ok,ok,0.0,2,1,GO STRAIGHT,,0,0
4095,68.32,229.4,222.1,ok,ok,0.0,1,1,ok,ok,0.0,2,1,GO STRAIGHT,,0,0
4098,68.37,229.1,222.0,ok,ok,0.0,1,1,ok,ok,0.0,2,1,GO STRAIGHT,,0,0
4101,68.42,228.9,222.0,ok,ok,0.0,1,1,ok,ok,0.0,2,1,GO STRAIGHT,,0,0
4104,68.47,228.7,221.9,ok,ok,0.0,1,1,ok,ok,0.0,2,1,GO STRAIGHT,,0,0
4107,68.52,228.4,221.9,hold_floor_not_visible,floor_not_visible,0.05,1,1,ok,ok,0.0,2,1,GO STRAIGHT,,0,0
4110,68.57,228.2,221.8,hold_floor_not_visible,floor_not_visible,0.1,1,1,ok,ok,0.0,2,1,GO STRAIGHT,,0,0
4113,68.62,228.0,221.8,hold_floor_not_visible,floor_not_visible,0.15,1,1,ok,ok,0.0,2,1,GO STRAIGHT,,0,0
4116,68.67,227.7,221.7,floor_not_visible,floor_not_visible,,0,0,ok,ok,0.0,2,1,GO STRAIGHT,,0,0
4119,68.72,227.5,221.7,floor_not_visible,floor_not_visible,,0,0,ok,ok,0.0,2,1,GO STRAIGHT,,0,0
4122,68.77,227.3,221.6,floor_not_visible,floor_not_visible,,0,0,ok,ok,0.0,2,1,GO STRAIGHT,,0,0
4125,68.82,227.1,221.6,floor_not_visible,floor_not_visible,,0,0,ok,ok,0.0,1,1,GO STRAIGHT,,0,0
4128,68.87,226.8,221.6,floor_not_visible,floor_not_visible,,0,0,ok,ok,0.0,0,1,GO STRAIGHT,,0,0
4131,68.92,226.6,221.5,floor_not_visible,floor_not_visible,,0,0,ok,ok,0.0,0,1,GO STRAIGHT,,0,0
4134,68.97,226.3,221.5,floor_not_visible,floor_not_visible,,0,0,ok,ok,0.0,0,1,GO STRAIGHT,,0,0
4137,69.02,226.1,221.5,floor_not_visible,floor_not_visible,,0,0,ok,ok,0.0,0,1,GO STRAIGHT,,0,0
4140,69.07,225.9,221.4,floor_not_visible,floor_not_visible,,0,0,ok,ok,0.0,0,1,GO STRAIGHT,,0,0
4143,69.12,225.6,221.4,floor_not_visible,floor_not_visible,,0,0,ok,ok,0.0,0,1,GO STRAIGHT,,0,0
4146,69.17,225.4,221.4,floor_not_visible,floor_not_visible,,0,0,ok,ok,0.0,0,1,GO STRAIGHT,,0,0
4149,69.22,225.1,221.3,floor_not_visible,floor_not_visible,,0,0,ok,ok,0.0,0,1,GO STRAIGHT,,0,0
4152,69.27,224.9,221.3,floor_not_visible,floor_not_visible,,0,0,ok,ok,0.0,0,1,GO STRAIGHT,,0,0
4155,69.32,224.7,221.2,floor_not_visible,floor_not_visible,,0,0,ok,ok,0.0,0,1,GO STRAIGHT,,0,0
4158,69.37,224.4,221.2,floor_not_visible,floor_not_visible,,0,0,ok,ok,0.0,0,1,GO STRAIGHT,,0,0
4161,69.42,224.2,221.2,floor_not_visible,floor_not_visible,,0,0,ok,ok,0.0,0,1,GO STRAIGHT,,0,0
4164,69.47,224.0,221.1,floor_not_visible,floor_not_visible,,0,0,ok,ok,0.0,0,1,GO STRAIGHT,,0,0
4167,69.52,223.8,221.1,floor_not_visible,floor_not_visible,,0,0,ok,ok,0.0,0,1,GO STRAIGHT,,0,0
4170,69.57,223.5,221.0,floor_not_visible,floor_not_visible,,0,0,ok,ok,0.0,0,1,GO STRAIGHT,,0,0
4173,69.62,223.3,221.0,floor_not_visible,floor_not_visible,,0,0,ok,ok,0.0,0,1,GO STRAIGHT,,0,0
4176,69.67,223.1,220.9,floor_not_visible,floor_not_visible,,0,0,ok,ok,0.0,0,1,GO STRAIGHT,,0,0
4179,69.72,222.8,220.9,floor_not_visible,floor_not_visible,,0,0,ok,ok,0.0,0,1,GO STRAIGHT,,0,0
4182,69.77,222.6,220.9,floor_not_visible,floor_not_visible,,0,0,ok,ok,0.0,0,1,GO STRAIGHT,,0,0
4185,69.82,222.4,220.8,floor_not_visible,floor_not_visible,,0,0,ok,ok,0.0,0,1,GO STRAIGHT,,0,0
4188,69.87,222.2,220.8,floor_not_visible,floor_not_visible,,0,0,ok,ok,0.0,0,1,TURN RIGHT,17.690406351052108,0,0
4191,69.92,221.9,220.8,floor_not_visible,floor_not_visible,,0,0,ok,ok,0.0,0,1,TURN RIGHT,17.48720367445952,0,0
4194,69.97,221.7,220.7,floor_not_visible,floor_not_visible,,0,0,ok,ok,0.0,0,1,TURN RIGHT,17.289374542201926,0,0
4197,70.02,221.5,220.7,floor_not_visible,floor_not_visible,,0,0,ok,ok,0.0,0,1,TURN RIGHT,17.097037814023906,0,0
4200,70.07,221.2,220.7,floor_not_visible,floor_not_visible,,0,0,ok,ok,0.0,0,1,TURN RIGHT,16.91077774088064,0,0
4203,70.12,221.0,220.6,floor_not_visible,floor_not_visible,,0,0,ok,ok,0.0,0,1,TURN RIGHT,16.72223121998095,0,0
4206,70.17,220.8,220.6,floor_not_visible,floor_not_visible,,0,0,ok,ok,0.0,0,1,TURN RIGHT,16.531940382325185,0,0
4209,70.22,220.6,220.6,floor_not_visible,floor_not_visible,,0,0,ok,ok,0.0,0,1,TURN RIGHT,16.35161108595193,0,0
4212,70.27,220.4,220.6,floor_not_visible,floor_not_visible,,0,0,ok,ok,0.0,0,1,TURN RIGHT,16.164904244249374,0,0
4215,70.32,220.2,220.6,floor_not_visible,floor_not_visible,,0,0,ok,ok,0.0,0,1,TURN RIGHT,15.984252748842662,0,0
4218,70.37,219.9,220.6,floor_not_visible,floor_not_visible,,0,0,ok,ok,0.0,0,1,TURN RIGHT,15.799682808155357,0,0
4221,70.42,219.7,220.6,floor_not_visible,floor_not_visible,,0,0,ok,ok,0.0,0,1,TURN RIGHT,15.61469179864538,0,0
4224,70.47,219.5,220.6,floor_not_visible,floor_not_visible,,0,0,ok,ok,0.0,0,1,TURN RIGHT,15.426381669072844,0,0
4227,70.52,219.3,220.6,floor_not_visible,floor_not_visible,,0,0,ok,ok,0.0,0,1,TURN RIGHT,15.23914960929362,0,0
4230,70.57,219.1,220.6,floor_not_visible,floor_not_visible,,0,0,ok,ok,0.0,0,1,TURN RIGHT,15.05392683480783,0,0
4233,70.62,218.9,220.6,floor_not_visible,floor_not_visible,,0,0,ok,ok,0.0,0,1,TURN RIGHT,14.872136223953996,0,0
4236,70.67,218.7,220.6,floor_not_visible,floor_not_visible,,0,0,ok,ok,0.0,0,1,TURN RIGHT,14.701669831324013,0,0
4239,70.72,218.5,220.6,floor_not_visible,floor_not_visible,,0,0,ok,ok,0.0,0,1,TURN RIGHT,14.525389265527275,0,0
4242,70.77,218.3,220.6,floor_not_visible,floor_not_visible,,0,0,ok,ok,0.0,0,1,TURN RIGHT,14.364108941405973,0,0
4245,70.82,218.1,220.6,floor_not_visible,floor_not_visible,,0,0,ok,ok,0.0,0,1,TURN RIGHT,14.205041653023725,0,0
4248,70.87,217.9,220.6,floor_not_visible,floor_not_visible,,0,0,ok,ok,0.0,0,1,TURN RIGHT,14.044019086482656,0,0
4251,70.92,217.7,220.6,floor_not_visible,floor_not_visible,,0,0,ok,ok,0.0,0,1,TURN RIGHT,13.876296559655676,0,0
4254,70.97,217.5,220.6,floor_not_visible,floor_not_visible,,0,0,ok,ok,0.0,0,1,TURN RIGHT,13.712225005440718,0,0
4257,71.02,217.3,220.6,floor_not_visible,floor_not_visible,,0,0,ok,ok,0.0,0,1,TURN RIGHT,13.550100673451295,0,0
4260,71.07,217.1,220.5,floor_not_visible,floor_not_visible,,0,0,ok,ok,0.0,0,1,TURN RIGHT,13.391332966337721,0,0
4263,71.12,216.9,220.5,floor_not_visible,floor_not_visible,,0,0,ok,ok,0.0,0,1,TURN RIGHT,13.230589071030703,0,0
4266,71.17,216.7,220.5,floor_not_visible,floor_not_visible,,0,0,ok,ok,0.0,0,1,TURN RIGHT,13.082773049300288,0,0
4269,71.22,216.5,220.5,floor_not_visible,floor_not_visible,,0,0,ok,ok,0.0,0,1,TURN RIGHT,12.930413101289375,0,0
4272,71.27,216.4,220.5,floor_not_visible,floor_not_visible,,0,0,ok,ok,0.0,0,1,TURN RIGHT,12.787347603208548,0,0
4275,71.32,216.2,220.5,floor_not_visible,floor_not_visible,,0,0,ok,ok,0.0,0,1,TURN RIGHT,12.643178777512693,0,0
4278,71.37,216.0,220.5,floor_not_visible,floor_not_visible,,0,0,ok,ok,0.0,0,1,TURN RIGHT,12.502484602566547,0,0
4281,71.42,215.8,220.5,floor_not_visible,floor_not_visible,,0,0,ok,ok,0.0,0,1,TURN RIGHT,12.36063802830091,0,0
4284,71.47,215.7,220.5,floor_not_visible,floor_not_visible,,0,0,ok,ok,0.0,0,1,TURN RIGHT,12.21910081258793,0,0
4287,71.52,215.5,220.5,floor_not_visible,floor_not_visible,,0,0,ok,ok,0.0,0,1,TURN RIGHT,12.079271565013523,0,0
4290,71.57,215.3,220.5,floor_not_visible,floor_not_visible,,0,0,ok,ok,0.0,0,1,TURN RIGHT,11.940826912860574,0,0
4293,71.62,215.1,220.5,floor_not_visible,floor_not_visible,,0,0,ok,ok,0.0,0,1,TURN RIGHT,11.787093542345692,0,0
4296,71.67,215.0,220.6,floor_not_visible,floor_not_visible,,0,0,ok,ok,0.0,0,1,TURN RIGHT,11.640168762761402,0,0
4299,71.72,214.8,220.6,floor_not_visible,floor_not_visible,,0,0,ok,ok,0.0,0,1,TURN RIGHT,11.495225323337209,0,0
4302,71.77,214.6,220.6,floor_not_visible,floor_not_visible,,0,0,ok,ok,0.0,0,1,TURN RIGHT,11.34337448546737,0,0
4305,71.82,214.4,220.6,floor_not_visible,floor_not_visible,,0,0,ok,ok,0.0,0,1,TURN RIGHT,11.197614953752637,0,0
4308,71.87,214.2,220.6,floor_not_visible,floor_not_visible,,0,0,ok,ok,0.0,0,1,TURN RIGHT,11.051879114400675,0,0
4311,71.92,214.1,220.7,floor_not_visible,floor_not_visible,,0,0,ok,ok,0.0,0,1,TURN RIGHT,10.901758400869332,0,0
4314,71.97,213.9,220.7,floor_not_visible,floor_not_visible,,0,0,ok,ok,0.0,0,1,TURN RIGHT,10.757613884427947,0,0
4317,72.02,213.7,220.7,floor_not_visible,floor_not_visible,,0,0,ok,ok,0.0,0,1,TURN RIGHT,10.607837728671818,0,0
4320,72.07,213.5,220.8,floor_not_visible,floor_not_visible,,0,0,ok,ok,0.0,0,1,TURN RIGHT,10.44787449739618,0,0
4323,72.12,213.3,220.8,floor_not_visible,floor_not_visible,,0,0,ok,ok,0.0,0,1,TURN RIGHT,10.29987500965539,0,0
4326,72.17,213.2,220.8,floor_not_visible,floor_not_visible,,0,0,ok,ok,0.0,0,1,TURN RIGHT,10.17377548233492,0,0
4329,72.22,213.0,220.8,floor_not_visible,floor_not_visible,,0,0,ok,ok,0.0,0,1,TURN RIGHT,10.039449068290576,0,0
4332,72.27,212.8,220.8,floor_not_visible,floor_not_visible,,0,0,ok,ok,0.0,0,1,TURN RIGHT,9.914635925630625,0,0
4335,72.32,212.7,220.8,floor_not_visible,floor_not_visible,,0,0,ok,ok,0.0,0,1,TURN RIGHT,9.78429034448428,0,0
4338,72.37,212.5,220.8,floor_not_visible,floor_not_visible,,0,0,ok,ok,0.0,0,1,TURN RIGHT,9.663572604629115,0,0
4341,72.42,212.3,220.8,floor_not_visible,floor_not_visible,,0,0,ok,ok,0.0,0,1,TURN RIGHT,9.529819958319464,0,0
4344,72.47,212.1,220.9,floor_not_visible,floor_not_visible,,0,0,ok,ok,0.0,0,1,TURN RIGHT,9.39312826486314,0,0
4347,72.52,211.9,220.9,floor_not_visible,floor_not_visible,,0,0,ok,ok,0.0,0,1,TURN RIGHT,9.275406946494863,0,0
4350,72.57,211.8,220.9,floor_not_visible,floor_not_visible,,0,0,ok,ok,0.0,0,1,TURN RIGHT,9.167751898252408,0,0
4353,72.62,211.6,220.9,floor_not_visible,floor_not_visible,,0,0,ok,ok,0.0,0,1,TURN RIGHT,9.06840465631836,0,0
4356,72.67,211.4,220.9,floor_not_visible,floor_not_visible,,0,0,ok,ok,0.0,0,1,TURN RIGHT,8.954157426729148,0,0
4359,72.72,211.2,220.9,floor_not_visible,floor_not_visible,,0,0,ok,ok,0.0,0,1,TURN RIGHT,8.847690877369162,0,0
4362,72.77,211.1,220.9,floor_not_visible,floor_not_visible,,0,0,ok,ok,0.0,0,1,TURN RIGHT,8.746529662633518,0,0
4365,72.82,210.9,220.9,floor_not_visible,floor_not_visible,,0,0,ok,ok,0.0,0,1,TURN RIGHT,8.602850984246324,0,0
4368,72.87,210.7,220.9,floor_not_visible,floor_not_visible,,0,0,ok,ok,0.0,0,1,TURN RIGHT,8.511216966007105,0,0
4371,72.92,210.5,220.9,floor_not_visible,floor_not_visible,,0,0,ok,ok,0.0,0,1,TURN RIGHT,8.440495055121982,0,0
4374,72.97,210.4,220.9,floor_not_visible,floor_not_visible,,0,0,ok,ok,0.0,0,1,TURN RIGHT,8.350808871519238,0,0
4377,73.02,210.2,220.9,floor_not_visible,floor_not_visible,,0,0,ok,ok,0.0,0,1,TURN RIGHT,8.266080210260235,0,0
4380,73.07,210.1,220.9,floor_not_visible,floor_not_visible,,0,0,ok,ok,0.0,0,1,TURN RIGHT,8.160544449342751,0,0
4383,73.12,209.9,220.9,floor_not_visible,floor_not_visible,,0,0,ok,ok,0.0,0,1,TURN RIGHT,8.123276731597151,0,0
4386,73.17,209.8,220.9,floor_not_visible,floor_not_visible,,0,0,ok,ok,0.0,0,1,TURN RIGHT,8.044954835912113,0,0
4389,73.22,209.6,220.9,floor_not_visible,floor_not_visible,,0,0,ok,ok,0.0,0,1,TURN RIGHT,7.971527636788133,0,0
4392,73.27,209.4,220.9,floor_not_visible,floor_not_visible,,0,0,ok,ok,0.0,0,1,TURN RIGHT,7.899759010985595,0,0
4395,73.32,209.3,220.9,floor_not_visible,floor_not_visible,,0,0,ok,ok,0.0,0,1,TURN RIGHT,7.823353578856311,0,0
4398,73.37,209.1,220.9,floor_not_visible,floor_not_visible,,0,0,ok,ok,0.0,0,1,TURN RIGHT,7.744674242773287,0,0
4401,73.42,209.0,220.9,floor_not_visible,floor_not_visible,,0,0,ok,ok,0.0,0,1,TURN RIGHT,7.694285810210179,0,0
4404,73.47,208.8,220.9,floor_not_visible,floor_not_visible,,0,0,ok,ok,0.0,0,1,TURN RIGHT,7.635170418806159,0,0
4407,73.52,208.7,220.9,floor_not_visible,floor_not_visible,,0,0,ok,ok,0.0,0,1,TURN RIGHT,7.587863719130239,0,0
4410,73.57,208.5,220.9,floor_not_visible,floor_not_visible,,0,0,ok,ok,0.0,0,1,TURN RIGHT,7.555451254144506,0,0
4413,73.62,208.4,220.9,floor_not_visible,floor_not_visible,,0,0,ok,ok,0.0,0,1,TURN RIGHT,7.53074171042718,0,0
4416,73.67,208.2,220.8,floor_not_visible,floor_not_visible,,0,0,ok,ok,0.0,0,1,TURN RIGHT,7.515369306062739,0,0
4419,73.72,208.1,220.7,floor_not_visible,floor_not_visible,,0,0,ok,ok,0.0,0,1,TURN RIGHT,7.556311349375713,0,0
4422,73.77,208.0,220.7,floor_not_visible,floor_not_visible,,0,0,ok,ok,0.0,0,1,TURN RIGHT,7.538896966951678,0,0
4425,73.82,207.9,220.6,floor_not_visible,floor_not_visible,,0,0,ok,ok,0.0,0,1,TURN RIGHT,7.608185798542369,0,0
4428,73.87,207.7,220.6,floor_not_visible,floor_not_visible,,0,0,ok,ok,0.0,0,1,TURN RIGHT,7.603062781843782,0,0
4431,73.92,207.6,220.5,floor_not_visible,floor_not_visible,,0,0,ok,ok,0.0,0,1,TURN RIGHT,7.665122734659332,0,0
4434,73.97,207.4,220.5,floor_not_visible,floor_not_visible,,0,0,ok,ok,0.0,0,1,TURN RIGHT,7.644850208965006,0,0
4437,74.02,207.2,220.4,floor_not_visible,floor_not_visible,,0,0,ok,ok,0.0,0,1,TURN RIGHT,7.665440330875118,0,0
4440,74.07,207.0,220.4,floor_not_visible,floor_not_visible,,0,0,ok,ok,0.0,0,1,TURN RIGHT,7.694474430851072,0,0
4443,74.12,207.0,220.3,floor_not_visible,floor_not_visible,,0,0,ok,ok,0.0,0,1,TURN RIGHT,7.787802571304621,0,0
4446,74.17,206.8,220.2,floor_not_visible,floor_not_visible,,0,0,ok,ok,0.0,0,1,TURN RIGHT,7.833831053782123,0,0
4449,74.22,206.6,220.1,floor_not_visible,floor_not_visible,,0,0,ok,ok,0.0,0,1,TURN RIGHT,7.87768349401299,0,0
4452,74.27,206.6,220.1,floor_not_visible,floor_not_visible,,0,0,ok,ok,0.0,0,1,TURN RIGHT,7.9620625445377975,0,0
4455,74.32,206.5,220.0,floor_not_visible,floor_not_visible,,0,0,ok,ok,0.0,0,1,TURN RIGHT,8.037284657224916,0,0
4458,74.37,206.3,219.9,floor_not_visible,floor_not_visible,,0,0,ok,ok,0.0,0,1,TURN RIGHT,8.080679045155943,0,0
4461,74.42,206.2,219.8,floor_not_visible,floor_not_visible,,0,0,ok,ok,0.0,0,1,TURN RIGHT,8.166404921540577,0,0
4464,74.47,206.1,219.8,floor_not_visible,floor_not_visible,,0,0,ok,ok,0.0,0,1,TURN RIGHT,8.225450500840472,0,0
4467,74.52,,,no_fix,no_fix,,0,0,hold_no_fix,no_fix,0.05,0,1,TURN RIGHT,8.225450500840472,0,0
4470,74.57,,,no_fix,no_fix,,0,0,hold_no_fix,no_fix,0.1,0,1,TURN RIGHT,8.225450500840472,0,0
4473,74.62,,,no_fix,no_fix,,0,0,hold_no_fix,no_fix,0.15,0,1,TURN RIGHT,8.225450500840472,0,0
4476,74.67,205.6,219.5,floor_not_visible,floor_not_visible,,0,0,ok,ok,0.0,0,1,TURN RIGHT,8.514086383317135,0,0
4479,74.72,205.5,219.4,floor_not_visible,floor_not_visible,,0,0,ok,ok,0.0,0,1,TURN RIGHT,8.582565599089504,0,0
4482,74.77,,,no_fix,no_fix,,0,0,hold_no_fix,no_fix,0.05,0,1,TURN RIGHT,8.582565599089504,0,0
4485,74.82,,,no_fix,no_fix,,0,0,hold_no_fix,no_fix,0.1,0,1,TURN RIGHT,8.582565599089504,0,0
4488,74.87,,,no_fix,no_fix,,0,0,hold_no_fix,no_fix,0.15,0,1,TURN RIGHT,8.582565599089504,0,0
4491,74.92,,,no_fix,no_fix,,0,0,no_fix,no_fix,,0,0,TURN RIGHT,8.582565599089504,0,0
4494,74.97,,,no_fix,no_fix,,0,0,no_fix,no_fix,,0,0,TURN RIGHT,8.582565599089504,0,0
4497,75.03,,,no_fix,no_fix,,0,0,no_fix,no_fix,,0,0,TURN RIGHT,8.582565599089504,0,0
4500,75.08,,,no_fix,no_fix,,0,0,no_fix,no_fix,,0,0,TURN RIGHT,8.582565599089504,0,0
4503,75.13,,,no_fix,no_fix,,0,0,no_fix,no_fix,,0,0,TURN RIGHT,8.582565599089504,0,0
4506,75.18,,,no_fix,no_fix,,0,0,no_fix,no_fix,,0,0,TURN RIGHT,8.582565599089504,0,0
4509,75.23,,,no_fix,no_fix,,0,0,no_fix,no_fix,,0,0,TURN RIGHT,8.582565599089504,0,0
4512,75.28,,,no_fix,no_fix,,0,0,no_fix,no_fix,,0,0,TURN RIGHT,8.582565599089504,0,0
4515,75.33,,,no_fix,no_fix,,0,0,no_fix,no_fix,,0,0,TURN RIGHT,8.582565599089504,0,0
4518,75.38,,,no_fix,no_fix,,0,0,no_fix,no_fix,,0,0,TURN RIGHT,8.582565599089504,0,0
4521,75.43,,,no_fix,no_fix,,0,0,no_fix,no_fix,,0,0,TURN RIGHT,8.582565599089504,0,0
4524,75.48,,,no_fix,no_fix,,0,0,no_fix,no_fix,,0,0,TURN RIGHT,8.582565599089504,0,0
4527,75.53,203.6,215.9,floor_not_visible,floor_not_visible,,0,0,ok,ok,0.0,0,1,TURN RIGHT,12.335001335686604,0,0
4530,75.58,203.8,213.6,floor_not_visible,floor_not_visible,,0,0,ok,ok,0.0,0,1,TURN RIGHT,14.565477309942157,0,0
4533,75.63,204.3,211.7,floor_not_visible,floor_not_visible,,0,0,ok,ok,0.0,0,1,TURN RIGHT,16.382640021686058,0,0
4536,75.68,204.6,210.0,ok,ok,0.0,8,1,ok,ok,0.0,6,1,TURN RIGHT,18.0994248462339,0,0
4539,75.73,204.9,208.5,hold_high_reproj_error,high_reproj_error,0.05,8,1,hold_high_reproj_error,high_reproj_error,0.05,6,1,TURN RIGHT,19.574578184999954,0,0
4542,75.78,205.1,207.1,ok,ok,0.0,8,1,ok,ok,0.0,6,1,TURN RIGHT,20.916556783410645,0,0
4545,75.83,205.4,206.0,ok,ok,0.0,8,1,ok,ok,0.0,6,1,TURN RIGHT,22.012296587874836,0,0
4548,75.88,205.7,205.0,ok,ok,0.0,8,1,ok,ok,0.0,6,1,TURN RIGHT,23.015971366031557,0,0
4551,75.93,205.9,204.0,ok,ok,0.0,8,1,ok,ok,0.0,6,1,TURN RIGHT,23.95316557665674,0,0
4554,75.98,206.0,203.2,ok,ok,0.0,8,1,ok,ok,0.0,6,1,TURN RIGHT,24.842432371169647,0,0
4557,76.03,206.1,202.4,ok,ok,0.0,8,1,ok,ok,0.0,6,1,TURN RIGHT,25.559562349694144,0,0
4560,76.08,206.3,201.8,ok,ok,0.0,8,1,ok,ok,0.0,6,1,TURN RIGHT,26.176333617518676,0,0
4563,76.13,206.5,201.2,ok,ok,0.0,8,1,ok,ok,0.0,6,1,TURN RIGHT,26.830047275088123,0,0
4566,76.18,206.7,200.3,hold_high_reproj_error,high_reproj_error,0.05,8,1,hold_high_reproj_error,high_reproj_error,0.05,6,1,TURN RIGHT,27.736034999527156,0,0
4569,76.23,207.0,199.7,ok,ok,0.0,8,1,ok,ok,0.0,6,1,TURN RIGHT,28.31751810086606,0,0
4572,76.28,207.0,199.1,ok,ok,0.0,8,1,ok,ok,0.0,6,1,TURN RIGHT,28.873168147854155,0,0
4575,76.33,207.1,198.7,ok,ok,0.0,8,1,ok,ok,0.0,6,1,TURN RIGHT,29.346745024595428,0,0
4578,76.38,207.1,198.3,ok,ok,0.0,8,1,ok,ok,0.0,7,1,TURN RIGHT,29.71965813609375,0,0
4581,76.43,207.2,197.9,ok,ok,0.0,8,1,ok,ok,0.0,7,1,TURN RIGHT,30.123677099039345,0,0
4584,76.48,207.2,197.6,ok,ok,0.0,8,1,ok,ok,0.0,7,1,TURN RIGHT,30.42414928637561,0,0
4587,76.53,207.2,197.3,ok,ok,0.0,8,1,ok,ok,0.0,7,1,TURN RIGHT,30.68473436727428,0,0
4590,76.58,207.2,197.1,ok,ok,0.0,8,1,ok,ok,0.0,7,1,TURN RIGHT,30.912242050658897,0,0
4593,76.63,207.2,196.9,ok,ok,0.0,8,1,ok,ok,0.0,7,1,TURN RIGHT,31.127206343850105,0,0
4596,76.68,207.2,196.7,ok,ok,0.0,8,1,ok,ok,0.0,7,1,TURN RIGHT,31.344199419334743,0,0
4599,76.73,207.2,196.5,ok,ok,0.0,8,1,ok,ok,0.0,7,1,TURN RIGHT,31.513373668893305,0,0
4602,76.78,207.2,196.3,ok,ok,0.0,8,1,ok,ok,0.0,7,1,TURN RIGHT,31.690870258820286,0,0
4605,76.83,207.2,196.1,ok,ok,0.0,8,1,ok,ok,0.0,7,1,TURN RIGHT,31.886733252817116,0,0
4608,76.88,207.2,195.9,ok,ok,0.0,8,1,ok,ok,0.0,7,1,TURN RIGHT,32.085353430871514,0,0
4611,76.93,207.2,195.8,ok,ok,0.0,8,1,ok,ok,0.0,7,1,TURN RIGHT,32.26258081260757,0,0
4614,76.98,207.1,195.6,ok,ok,0.0,8,1,ok,ok,0.0,7,1,TURN RIGHT,32.42414053029187,0,0
4617,77.03,207.1,195.4,ok,ok,0.0,8,1,ok,ok,0.0,6,1,TURN RIGHT,32.599220460154626,0,0
4620,77.08,207.1,195.2,ok,ok,0.0,8,1,ok,ok,0.0,6,1,TURN RIGHT,32.77417283150197,0,0
4623,77.13,207.1,195.1,ok,ok,0.0,8,1,ok,ok,0.0,6,1,TURN RIGHT,32.94085311661864,0,0
4626,77.18,207.1,194.9,ok,ok,0.0,8,1,ok,ok,0.0,6,1,TURN RIGHT,33.112011018382326,0,0
4629,77.23,207.2,194.7,ok,ok,0.0,8,1,ok,ok,0.0,6,1,TURN RIGHT,33.28901411039253,0,0
4632,77.28,207.2,194.6,ok,ok,0.0,8,1,ok,ok,0.0,6,1,TURN RIGHT,33.46181547204546,0,0
4635,77.33,207.2,194.4,ok,ok,0.0,8,1,ok,ok,0.0,6,1,TURN RIGHT,33.623675961783654,0,0
4638,77.38,207.2,194.2,ok,ok,0.0,8,1,ok,ok,0.0,7,1,TURN RIGHT,33.800214092845366,0,0
4641,77.43,207.2,194.1,ok,ok,0.0,8,1,ok,ok,0.0,7,1,TURN RIGHT,33.969629270236815,0,0
4644,77.48,207.2,193.9,ok,ok,0.0,8,1,ok,ok,0.0,7,1,TURN RIGHT,34.12973361195873,0,0
4647,77.53,207.2,193.7,ok,ok,0.0,8,1,ok,ok,0.0,7,1,TURN RIGHT,34.29577954667459,0,0
4650,77.58,207.2,193.5,ok,ok,0.0,8,1,ok,ok,0.0,7,1,TURN RIGHT,34.473057145585685,0,0
4653,77.63,207.2,193.4,ok,ok,0.0,8,1,ok,ok,0.0,7,1,TURN RIGHT,34.65106311822886,0,0
4656,77.68,207.3,193.2,ok,ok,0.0,8,1,ok,ok,0.0,7,1,TURN RIGHT,34.819434271476965,0,0
4659,77.73,207.3,193.0,ok,ok,0.0,8,1,ok,ok,0.0,7,1,TURN RIGHT,34.98585703421584,0,0
4662,77.78,207.3,192.9,ok,ok,0.0,8,1,ok,ok,0.0,7,1,TURN RIGHT,35.14786717629928,0,0
4665,77.83,207.3,192.7,ok,ok,0.0,8,1,ok,ok,0.0,7,1,TURN RIGHT,35.30196269632011,0,0
4668,77.88,207.3,192.5,ok,ok,0.0,8,1,ok,ok,0.0,7,1,TURN RIGHT,35.479052018149986,0,0
4671,77.93,207.3,192.4,ok,ok,0.0,8,1,ok,ok,0.0,7,1,TURN RIGHT,35.6589026592887,0,0
4674,77.98,207.3,192.2,ok,ok,0.0,8,1,ok,ok,0.0,7,1,TURN RIGHT,35.83095953632171,0,0
4677,78.03,207.3,192.0,ok,ok,0.0,8,1,ok,ok,0.0,7,1,TURN RIGHT,35.998260803261154,0,0
4680,78.08,207.3,191.8,ok,ok,0.0,8,1,ok,ok,0.0,7,1,TURN RIGHT,36.18198764775252,0,0
4683,78.13,207.3,191.7,ok,ok,0.0,8,1,ok,ok,0.0,7,1,TURN RIGHT,36.35617763392857,0,0
4686,78.18,207.3,191.5,ok,ok,0.0,8,1,ok,ok,0.0,7,1,TURN RIGHT,36.52522586326756,0,0
4689,78.23,207.3,191.3,ok,ok,0.0,8,1,ok,ok,0.0,7,1,TURN RIGHT,36.681198983619375,0,0
4692,78.28,207.3,191.2,ok,ok,0.0,8,1,ok,ok,0.0,7,1,TURN RIGHT,36.848137357157,0,0
4695,78.33,207.3,191.0,ok,ok,0.0,8,1,ok,ok,0.0,7,1,TURN RIGHT,37.012979142240816,0,0
4698,78.38,207.3,190.8,ok,ok,0.0,8,1,ok,ok,0.0,7,1,TURN RIGHT,37.190405949716805,0,0
4701,78.43,207.3,190.6,ok,ok,0.0,8,1,ok,ok,0.0,7,1,TURN RIGHT,37.388454595307714,0,0
4704,78.48,207.3,190.4,ok,ok,0.0,8,1,ok,ok,0.0,7,1,TURN RIGHT,37.57915582522461,0,0
4707,78.53,207.3,190.3,ok,ok,0.0,8,1,ok,ok,0.0,7,1,TURN RIGHT,37.74618562516533,0,0
4710,78.58,207.3,190.1,ok,ok,0.0,8,1,ok,ok,0.0,7,1,TURN RIGHT,37.89404899074762,0,0
4713,78.63,207.3,189.9,ok,ok,0.0,8,1,ok,ok,0.0,7,1,TURN RIGHT,38.09246838271459,0,0
4716,78.68,207.3,189.7,ok,ok,0.0,8,1,ok,ok,0.0,7,1,TURN RIGHT,38.28200870362417,0,0
4719,78.73,207.3,189.6,ok,ok,0.0,8,1,ok,ok,0.0,7,1,TURN RIGHT,38.462455649685445,0,0
4722,78.78,207.3,189.4,ok,ok,0.0,8,1,ok,ok,0.0,7,1,TURN RIGHT,38.64899436744672,0,0
4725,78.83,207.3,189.2,ok,ok,0.0,8,1,ok,ok,0.0,7,1,TURN RIGHT,38.85676533448109,0,0
4728,78.88,207.3,189.0,ok,ok,0.0,8,1,ok,ok,0.0,7,1,TURN RIGHT,39.039356552104536,0,0
4731,78.93,207.3,188.8,ok,ok,0.0,8,1,ok,ok,0.0,7,1,TURN RIGHT,39.21825385042642,0,0
4734,78.98,207.3,188.6,ok,ok,0.0,8,1,ok,ok,0.0,7,1,TURN RIGHT,39.412578421314635,0,0
4737,79.03,207.3,188.4,ok,ok,0.0,8,1,ok,ok,0.0,7,1,TURN RIGHT,39.595797208396796,0,0
4740,79.08,207.3,188.2,ok,ok,0.0,8,1,ok,ok,0.0,7,1,TURN RIGHT,39.79141104855395,0,0
4743,79.13,207.2,188.0,ok,ok,0.0,8,1,ok,ok,0.0,7,1,TURN RIGHT,39.98651652566456,0,0
4746,79.18,207.2,187.8,ok,ok,0.0,8,1,ok,ok,0.0,6,1,TURN RIGHT,40.18185447355963,0,0
4749,79.23,207.2,187.7,ok,ok,0.0,8,1,ok,ok,0.0,6,1,TURN RIGHT,40.366007316576905,0,0
4752,79.28,207.2,187.5,ok,ok,0.0,8,1,ok,ok,0.0,6,1,TURN RIGHT,40.5645108006837,0,0
4755,79.33,207.2,187.3,ok,ok,0.0,8,1,ok,ok,0.0,6,1,TURN RIGHT,40.75409558978991,0,0
4758,79.38,207.1,187.1,ok,ok,0.0,8,1,ok,ok,0.0,6,1,TURN RIGHT,40.93914016541007,0,0
4761,79.43,207.1,186.9,ok,ok,0.0,8,1,ok,ok,0.0,6,1,TURN RIGHT,41.13039722490868,0,0
4764,79.48,207.1,186.7,ok,ok,0.0,8,1,ok,ok,0.0,6,1,TURN RIGHT,41.32091133345833,0,0
4767,79.53,207.0,186.5,ok,ok,0.0,8,1,ok,ok,0.0,6,1,TURN RIGHT,41.50948585413469,0,0
4770,79.58,207.0,186.3,ok,ok,0.0,8,1,ok,ok,0.0,6,1,TURN RIGHT,41.701781776741136,0,0
4773,79.63,206.9,186.1,ok,ok,0.0,8,1,ok,ok,0.0,6,1,TURN RIGHT,41.88979369688142,0,0
4776,79.68,206.9,185.9,ok,ok,0.0,8,1,ok,ok,0.0,6,1,TURN RIGHT,42.081304680986804,0,0
4779,79.73,206.8,185.7,ok,ok,0.0,8,1,ok,ok,0.0,6,1,TURN RIGHT,42.284426905016986,0,0
4782,79.78,206.8,185.5,ok,ok,0.0,8,1,ok,ok,0.0,6,1,TURN RIGHT,42.503631627618816,0,0
4785,79.83,206.7,185.3,ok,ok,0.0,8,1,ok,ok,0.0,6,1,TURN RIGHT,42.69257845779695,0,0
4788,79.88,206.7,185.1,ok,ok,0.0,8,1,ok,ok,0.0,6,1,TURN RIGHT,42.88093615599319,0,0
4791,79.93,206.6,184.9,ok,ok,0.0,8,1,ok,ok,0.0,6,1,TURN RIGHT,43.06022697566887,0,0
4794,79.98,206.6,184.7,ok,ok,0.0,8,1,ok,ok,0.0,6,1,TURN RIGHT,43.262939771345614,0,0
4797,80.03,206.5,184.5,ok,ok,0.0,8,1,ok,ok,0.0,6,1,TURN RIGHT,43.472205156857484,0,0
4800,80.08,206.5,184.3,ok,ok,0.0,8,1,ok,ok,0.0,6,1,TURN RIGHT,43.66992634351597,0,0
4803,80.13,206.5,184.1,ok,ok,0.0,8,1,ok,ok,0.0,6,1,TURN RIGHT,43.861268486279876,0,0
4806,80.18,206.4,184.0,ok,ok,0.0,8,1,ok,ok,0.0,6,1,TURN RIGHT,44.045066527957886,0,0
4809,80.23,206.4,183.8,ok,ok,0.0,8,1,ok,ok,0.0,6,1,TURN RIGHT,44.24575440847157,0,0
4812,80.28,206.3,183.5,ok,ok,0.0,8,1,ok,ok,0.0,6,1,TURN RIGHT,44.45546296692807,0,0
4815,80.33,206.3,183.3,ok,ok,0.0,8,1,ok,ok,0.0,6,1,TURN RIGHT,44.65754795574561,0,0
4818,80.38,206.2,183.2,ok,ok,0.0,8,1,ok,ok,0.0,6,1,TURN RIGHT,44.84896098896095,0,0
4821,80.43,206.2,183.0,ok,ok,0.0,8,1,ok,ok,0.0,7,1,GO STRAIGHT,,0,0
4824,80.48,206.2,182.8,ok,ok,0.0,8,1,ok,ok,0.0,7,1,GO STRAIGHT,,0,0
4827,80.53,206.1,182.6,ok,ok,0.0,8,1,ok,ok,0.0,7,1,GO STRAIGHT,,0,0
4830,80.58,206.1,182.4,ok,ok,0.0,8,1,ok,ok,0.0,7,1,GO STRAIGHT,,0,0
4833,80.63,206.1,182.2,ok,ok,0.0,8,1,ok,ok,0.0,7,1,GO STRAIGHT,,0,0
4836,80.68,206.0,182.0,ok,ok,0.0,8,1,ok,ok,0.0,7,1,GO STRAIGHT,,0,0
4839,80.73,206.0,181.8,ok,ok,0.0,8,1,ok,ok,0.0,7,1,GO STRAIGHT,,0,0
4842,80.78,205.9,181.6,ok,ok,0.0,8,1,ok,ok,0.0,7,1,GO STRAIGHT,,0,0
4845,80.83,205.9,181.4,ok,ok,0.0,8,1,ok,ok,0.0,7,1,GO STRAIGHT,,0,0
4848,80.88,205.8,181.3,ok,ok,0.0,8,1,ok,ok,0.0,7,1,GO STRAIGHT,,0,0
4851,80.93,205.8,181.0,ok,ok,0.0,8,1,ok,ok,0.0,7,1,GO STRAIGHT,,0,0
4854,80.98,205.7,180.9,ok,ok,0.0,8,1,ok,ok,0.0,7,1,GO STRAIGHT,,0,0
4857,81.03,205.7,180.7,ok,ok,0.0,8,1,ok,ok,0.0,7,1,GO STRAIGHT,,0,0
4860,81.08,205.6,180.5,ok,ok,0.0,8,1,ok,ok,0.0,7,1,GO STRAIGHT,,0,0
4863,81.13,205.5,180.3,ok,ok,0.0,8,1,ok,ok,0.0,7,1,GO STRAIGHT,,0,0
4866,81.18,205.5,180.1,ok,ok,0.0,8,1,ok,ok,0.0,7,1,GO STRAIGHT,,0,0
4869,81.23,205.4,179.9,ok,ok,0.0,8,1,ok,ok,0.0,7,1,GO STRAIGHT,,0,0
4872,81.28,205.4,179.7,ok,ok,0.0,8,1,ok,ok,0.0,7,1,GO STRAIGHT,,0,0
4875,81.33,205.3,179.6,ok,ok,0.0,8,1,ok,ok,0.0,7,1,GO STRAIGHT,,0,0
4878,81.38,205.3,179.4,ok,ok,0.0,8,1,ok,ok,0.0,7,1,GO STRAIGHT,,0,0
4881,81.43,205.2,179.2,ok,ok,0.0,8,1,ok,ok,0.0,7,1,GO STRAIGHT,,0,0
4884,81.48,205.2,179.0,ok,ok,0.0,8,1,ok,ok,0.0,7,1,GO STRAIGHT,,0,0
4887,81.53,205.1,178.8,ok,ok,0.0,8,1,ok,ok,0.0,7,1,GO STRAIGHT,,0,0
4890,81.58,205.1,178.6,ok,ok,0.0,8,1,ok,ok,0.0,7,1,GO STRAIGHT,,0,0
4893,81.63,205.0,178.4,ok,ok,0.0,8,1,ok,ok,0.0,7,1,GO STRAIGHT,,0,0
4896,81.68,205.0,178.2,ok,ok,0.0,8,1,ok,ok,0.0,7,1,GO STRAIGHT,,0,0
4899,81.73,204.9,178.0,ok,ok,0.0,8,1,ok,ok,0.0,7,1,GO STRAIGHT,,0,0
4902,81.78,204.9,177.8,ok,ok,0.0,8,1,ok,ok,0.0,7,1,GO STRAIGHT,,0,0
4905,81.83,204.8,177.6,ok,ok,0.0,8,1,ok,ok,0.0,7,1,GO STRAIGHT,,0,0
4908,81.88,204.8,177.5,ok,ok,0.0,8,1,ok,ok,0.0,7,1,GO STRAIGHT,,0,0
4911,81.93,204.7,177.3,ok,ok,0.0,8,1,ok,ok,0.0,7,1,GO STRAIGHT,,0,0
4914,81.98,204.7,177.1,ok,ok,0.0,8,1,ok,ok,0.0,7,1,GO STRAIGHT,,0,0
4917,82.03,204.6,176.9,ok,ok,0.0,8,1,ok,ok,0.0,7,1,GO STRAIGHT,,0,0
4920,82.08,204.6,176.7,ok,ok,0.0,8,1,ok,ok,0.0,7,1,GO STRAIGHT,,0,0
4923,82.13,204.5,176.5,ok,ok,0.0,8,1,ok,ok,0.0,7,1,GO STRAIGHT,,0,0
4926,82.18,204.5,176.3,ok,ok,0.0,8,1,ok,ok,0.0,6,1,GO STRAIGHT,,0,0
4929,82.23,204.4,176.1,ok,ok,0.0,8,1,ok,ok,0.0,6,1,GO STRAIGHT,,0,0
4932,82.28,204.4,175.9,ok,ok,0.0,8,1,ok,ok,0.0,6,1,GO STRAIGHT,,0,0
4935,82.33,204.3,175.7,ok,ok,0.0,8,1,ok,ok,0.0,6,1,GO STRAIGHT,,0,0
4938,82.38,204.2,175.5,ok,ok,0.0,8,1,ok,ok,0.0,6,1,GO STRAIGHT,,0,0
4941,82.43,204.2,175.3,ok,ok,0.0,8,1,ok,ok,0.0,6,1,GO STRAIGHT,,0,0
4944,82.48,204.1,175.1,ok,ok,0.0,8,1,ok,ok,0.0,6,1,GO STRAIGHT,,0,0
4947,82.53,204.1,174.9,ok,ok,0.0,8,1,ok,ok,0.0,6,1,GO STRAIGHT,,0,0
4950,82.58,204.0,174.7,ok,ok,0.0,8,1,ok,ok,0.0,6,1,GO STRAIGHT,,0,0
4953,82.63,204.0,174.5,ok,ok,0.0,8,1,ok,ok,0.0,6,1,GO STRAIGHT,,0,0
4956,82.68,203.9,174.3,ok,ok,0.0,8,1,ok,ok,0.0,6,1,GO STRAIGHT,,0,0
4959,82.73,203.9,174.1,ok,ok,0.0,8,1,ok,ok,0.0,6,1,GO STRAIGHT,,0,0
4962,82.78,203.8,173.9,ok,ok,0.0,8,1,ok,ok,0.0,6,1,GO STRAIGHT,,0,0
4965,82.83,203.8,173.7,ok,ok,0.0,8,1,ok,ok,0.0,6,1,GO STRAIGHT,,0,0
4968,82.88,203.8,173.5,ok,ok,0.0,8,1,ok,ok,0.0,6,1,GO STRAIGHT,,0,0
4971,82.93,203.7,173.3,ok,ok,0.0,8,1,ok,ok,0.0,6,1,GO STRAIGHT,,0,0
4974,82.98,203.7,173.1,ok,ok,0.0,8,1,ok,ok,0.0,6,1,GO STRAIGHT,,0,0
4977,83.03,203.6,172.8,ok,ok,0.0,8,1,ok,ok,0.0,6,1,GO STRAIGHT,,0,0
4980,83.08,203.6,172.6,ok,ok,0.0,8,1,ok,ok,0.0,6,1,GO STRAIGHT,,0,0
4983,83.13,203.6,172.4,ok,ok,0.0,8,1,ok,ok,0.0,6,1,GO STRAIGHT,,0,0
4986,83.18,203.5,172.2,ok,ok,0.0,8,1,ok,ok,0.0,6,1,GO STRAIGHT,,0,0
4989,83.23,203.5,172.0,ok,ok,0.0,8,1,ok,ok,0.0,6,1,GO STRAIGHT,,0,0
4992,83.28,203.5,171.8,ok,ok,0.0,8,1,ok,ok,0.0,6,1,GO STRAIGHT,,0,0
4995,83.33,203.4,171.5,ok,ok,0.0,8,1,ok,ok,0.0,6,1,GO STRAIGHT,,0,0
4998,83.38,203.4,171.3,ok,ok,0.0,8,1,ok,ok,0.0,6,1,GO STRAIGHT,,0,0
5001,83.43,203.4,171.1,ok,ok,0.0,8,1,ok,ok,0.0,6,1,GO STRAIGHT,,0,0
5004,83.48,203.3,170.9,ok,ok,0.0,8,1,ok,ok,0.0,7,1,GO STRAIGHT,,0,0
5007,83.53,203.3,170.7,ok,ok,0.0,8,1,ok,ok,0.0,7,1,GO STRAIGHT,,0,0
5010,83.58,203.3,170.5,ok,ok,0.0,8,1,ok,ok,0.0,7,1,GO STRAIGHT,,0,0
5013,83.63,203.2,170.3,ok,ok,0.0,8,1,ok,ok,0.0,7,1,GO STRAIGHT,,0,0
5016,83.68,203.2,170.1,ok,ok,0.0,8,1,ok,ok,0.0,7,1,GO STRAIGHT,,0,0
5019,83.73,203.1,169.8,ok,ok,0.0,8,1,ok,ok,0.0,7,1,GO STRAIGHT,,0,0
5022,83.78,203.1,169.6,ok,ok,0.0,8,1,ok,ok,0.0,7,1,GO STRAIGHT,,0,0
5025,83.83,203.0,169.4,ok,ok,0.0,8,1,ok,ok,0.0,7,1,GO STRAIGHT,,0,0
5028,83.88,203.0,169.2,ok,ok,0.0,8,1,ok,ok,0.0,7,1,GO STRAIGHT,,0,0
5031,83.93,203.0,169.0,ok,ok,0.0,8,1,ok,ok,0.0,7,1,GO STRAIGHT,,0,0
5034,83.98,202.9,168.8,ok,ok,0.0,8,1,ok,ok,0.0,7,1,GO STRAIGHT,,0,0
5037,84.03,202.9,168.6,ok,ok,0.0,8,1,ok,ok,0.0,7,1,GO STRAIGHT,,0,0
5040,84.08,202.8,168.4,ok,ok,0.0,8,1,ok,ok,0.0,7,1,GO STRAIGHT,,0,0
5043,84.13,202.8,168.2,ok,ok,0.0,8,1,ok,ok,0.0,7,1,GO STRAIGHT,,0,0
5046,84.18,202.8,168.0,ok,ok,0.0,8,1,ok,ok,0.0,7,1,GO STRAIGHT,,0,0
5049,84.23,202.7,167.8,ok,ok,0.0,8,1,ok,ok,0.0,7,1,GO STRAIGHT,,0,0
5052,84.28,202.7,167.6,ok,ok,0.0,8,1,ok,ok,0.0,7,1,GO STRAIGHT,,0,0
5055,84.33,202.7,167.4,ok,ok,0.0,8,1,ok,ok,0.0,7,1,GO STRAIGHT,,0,0
5058,84.38,202.6,167.2,ok,ok,0.0,8,1,ok,ok,0.0,7,1,GO STRAIGHT,,0,0
5061,84.43,202.6,167.0,ok,ok,0.0,8,1,ok,ok,0.0,7,1,GO STRAIGHT,,0,0
5064,84.48,202.6,166.7,ok,ok,0.0,8,1,ok,ok,0.0,7,1,GO STRAIGHT,,0,0
5067,84.53,202.6,166.5,ok,ok,0.0,8,1,ok,ok,0.0,7,1,GO STRAIGHT,,0,0
5070,84.58,202.6,166.3,ok,ok,0.0,8,1,ok,ok,0.0,7,1,GO STRAIGHT,,0,0
5073,84.63,202.5,166.1,ok,ok,0.0,8,1,ok,ok,0.0,7,1,GO STRAIGHT,,0,0
5076,84.68,202.5,165.9,ok,ok,0.0,8,1,ok,ok,0.0,7,1,GO STRAIGHT,,0,0
5079,84.73,202.5,165.7,ok,ok,0.0,8,1,ok,ok,0.0,7,1,GO STRAIGHT,,0,0
5082,84.78,202.5,165.5,ok,ok,0.0,8,1,ok,ok,0.0,7,1,GO STRAIGHT,,0,0
5085,84.83,202.5,165.3,ok,ok,0.0,8,1,ok,ok,0.0,7,1,GO STRAIGHT,,0,0
5088,84.88,202.5,165.0,ok,ok,0.0,8,1,ok,ok,0.0,7,1,GO STRAIGHT,,0,0
5091,84.93,202.4,164.8,ok,ok,0.0,8,1,ok,ok,0.0,7,1,GO STRAIGHT,,0,0
5094,84.98,202.4,164.6,ok,ok,0.0,8,1,ok,ok,0.0,7,1,GO STRAIGHT,,0,0
5097,85.04,202.4,164.4,ok,ok,0.0,8,1,ok,ok,0.0,7,1,GO STRAIGHT,,0,0
5100,85.09,202.4,164.2,ok,ok,0.0,8,1,ok,ok,0.0,7,1,GO STRAIGHT,,0,0
5103,85.14,202.4,164.0,ok,ok,0.0,8,1,ok,ok,0.0,7,1,GO STRAIGHT,,0,0
5106,85.19,202.4,163.8,ok,ok,0.0,8,1,ok,ok,0.0,7,1,GO STRAIGHT,,0,0
5109,85.24,202.3,163.6,ok,ok,0.0,8,1,ok,ok,0.0,7,1,GO STRAIGHT,,0,0
5112,85.29,202.3,163.4,ok,ok,0.0,8,1,ok,ok,0.0,7,1,GO STRAIGHT,,0,0
5115,85.34,202.3,163.2,ok,ok,0.0,8,1,ok,ok,0.0,7,1,GO STRAIGHT,,0,0
5118,85.39,202.3,162.9,ok,ok,0.0,8,1,ok,ok,0.0,6,1,GO STRAIGHT,,0,0
5121,85.44,202.3,162.7,ok,ok,0.0,8,1,ok,ok,0.0,6,1,GO STRAIGHT,,0,0
5124,85.49,202.3,162.5,ok,ok,0.0,8,1,ok,ok,0.0,6,1,GO STRAIGHT,,0,0
5127,85.54,202.3,162.3,ok,ok,0.0,8,1,ok,ok,0.0,6,1,GO STRAIGHT,,0,0
5130,85.59,202.3,162.1,ok,ok,0.0,8,1,ok,ok,0.0,6,1,GO STRAIGHT,,0,0
5133,85.64,202.3,161.9,ok,ok,0.0,8,1,ok,ok,0.0,6,1,GO STRAIGHT,,0,0
5136,85.69,202.3,161.7,ok,ok,0.0,8,1,ok,ok,0.0,6,1,GO STRAIGHT,,0,0
5139,85.74,202.3,161.5,ok,ok,0.0,8,1,ok,ok,0.0,6,1,GO STRAIGHT,,0,0
5142,85.79,202.3,161.3,ok,ok,0.0,8,1,ok,ok,0.0,6,1,GO STRAIGHT,,0,0
5145,85.84,202.3,161.0,ok,ok,0.0,8,1,ok,ok,0.0,6,1,GO STRAIGHT,,0,0
5148,85.89,202.3,160.8,ok,ok,0.0,8,1,ok,ok,0.0,6,1,GO STRAIGHT,,0,0
5151,85.94,202.3,160.6,ok,ok,0.0,8,1,ok,ok,0.0,6,1,GO STRAIGHT,,0,0
5154,85.99,202.3,160.4,ok,ok,0.0,8,1,ok,ok,0.0,6,1,GO STRAIGHT,,0,0
5157,86.04,202.3,160.2,ok,ok,0.0,8,1,ok,ok,0.0,6,1,GO STRAIGHT,,0,0
5160,86.09,202.3,160.0,ok,ok,0.0,8,1,ok,ok,0.0,6,1,GO STRAIGHT,,0,0
5163,86.14,202.3,159.8,ok,ok,0.0,8,1,ok,ok,0.0,6,1,GO STRAIGHT,,0,0
5166,86.19,202.3,159.6,ok,ok,0.0,8,1,ok,ok,0.0,6,1,GO STRAIGHT,,0,0
5169,86.24,202.3,159.4,ok,ok,0.0,8,1,ok,ok,0.0,6,1,GO STRAIGHT,,0,0
5172,86.29,202.3,159.1,ok,ok,0.0,8,1,ok,ok,0.0,6,1,GO STRAIGHT,,0,0
5175,86.34,202.3,158.9,ok,ok,0.0,8,1,ok,ok,0.0,6,1,GO STRAIGHT,,0,0
5178,86.39,202.4,158.7,ok,ok,0.0,8,1,ok,ok,0.0,7,1,GO STRAIGHT,,0,0
5181,86.44,202.4,158.5,ok,ok,0.0,8,1,ok,ok,0.0,7,1,GO STRAIGHT,,0,0
5184,86.49,202.4,158.3,ok,ok,0.0,8,1,ok,ok,0.0,7,1,GO STRAIGHT,,0,0
5187,86.54,202.4,158.1,ok,ok,0.0,8,1,ok,ok,0.0,7,1,GO STRAIGHT,,0,0
5190,86.59,202.4,157.9,ok,ok,0.0,8,1,ok,ok,0.0,7,1,GO STRAIGHT,,0,0
5193,86.64,202.4,157.7,ok,ok,0.0,7,1,ok,ok,0.0,7,1,GO STRAIGHT,,0,0
5196,86.69,202.4,157.5,ok,ok,0.0,7,1,ok,ok,0.0,7,1,GO STRAIGHT,,0,0
5199,86.74,202.4,157.3,ok,ok,0.0,8,1,ok,ok,0.0,7,1,GO STRAIGHT,,0,0
5202,86.79,202.4,157.1,ok,ok,0.0,7,1,ok,ok,0.0,7,1,GO STRAIGHT,,0,0
5205,86.84,202.4,156.9,ok,ok,0.0,7,1,ok,ok,0.0,7,1,GO STRAIGHT,,0,0
5208,86.89,202.4,156.7,ok,ok,0.0,7,1,ok,ok,0.0,7,1,GO STRAIGHT,,0,0
5211,86.94,202.4,156.5,ok,ok,0.0,7,1,ok,ok,0.0,7,1,GO STRAIGHT,,0,0
5214,86.99,202.4,156.3,ok,ok,0.0,7,1,ok,ok,0.0,7,1,GO STRAIGHT,,0,0
5217,87.04,202.4,156.1,ok,ok,0.0,7,1,ok,ok,0.0,7,1,GO STRAIGHT,,0,0
5220,87.09,202.4,155.8,ok,ok,0.0,7,1,ok,ok,0.0,7,1,GO STRAIGHT,,0,0
5223,87.14,202.4,155.6,ok,ok,0.0,7,1,ok,ok,0.0,7,1,GO STRAIGHT,,0,0
5226,87.19,202.4,155.4,ok,ok,0.0,7,1,ok,ok,0.0,7,1,GO STRAIGHT,,0,0
5229,87.24,202.4,155.2,ok,ok,0.0,7,1,ok,ok,0.0,7,1,GO STRAIGHT,,0,0
5232,87.29,202.5,155.0,ok,ok,0.0,7,1,ok,ok,0.0,7,1,GO STRAIGHT,,0,0
5235,87.34,202.5,154.8,ok,ok,0.0,7,1,ok,ok,0.0,7,1,GO STRAIGHT,,0,0
5238,87.39,202.5,154.6,ok,ok,0.0,7,1,ok,ok,0.0,7,1,GO STRAIGHT,,0,0
5241,87.44,202.5,154.3,ok,ok,0.0,7,1,ok,ok,0.0,7,1,GO STRAIGHT,,0,0
5244,87.49,202.5,154.1,ok,ok,0.0,7,1,ok,ok,0.0,7,1,GO STRAIGHT,,0,0
5247,87.54,202.5,153.9,ok,ok,0.0,7,1,ok,ok,0.0,7,1,GO STRAIGHT,,0,0
5250,87.59,202.5,153.7,ok,ok,0.0,7,1,ok,ok,0.0,7,1,GO STRAIGHT,,0,0
5253,87.64,202.5,153.5,ok,ok,0.0,7,1,ok,ok,0.0,7,1,GO STRAIGHT,,0,0
5256,87.69,202.5,153.3,ok,ok,0.0,7,1,ok,ok,0.0,7,1,GO STRAIGHT,,0,0
5259,87.74,202.5,153.1,ok,ok,0.0,7,1,ok,ok,0.0,7,1,GO STRAIGHT,,0,0
5262,87.79,202.5,152.9,ok,ok,0.0,7,1,ok,ok,0.0,7,1,GO STRAIGHT,,0,0
5265,87.84,202.6,152.7,ok,ok,0.0,7,1,ok,ok,0.0,7,1,GO STRAIGHT,,0,0
5268,87.89,202.6,152.5,ok,ok,0.0,7,1,ok,ok,0.0,7,1,GO STRAIGHT,,0,0
5271,87.94,202.6,152.3,ok,ok,0.0,7,1,ok,ok,0.0,7,1,GO STRAIGHT,,0,0
5274,87.99,202.6,152.1,ok,ok,0.0,7,1,ok,ok,0.0,6,1,GO STRAIGHT,,0,0
5277,88.04,202.6,151.8,ok,ok,0.0,7,1,ok,ok,0.0,6,1,GO STRAIGHT,,0,0
5280,88.09,202.6,151.6,ok,ok,0.0,7,1,ok,ok,0.0,6,1,GO STRAIGHT,,0,0
5283,88.14,202.6,151.4,ok,ok,0.0,7,1,ok,ok,0.0,6,1,GO STRAIGHT,,0,0
5286,88.19,202.6,151.2,ok,ok,0.0,7,1,ok,ok,0.0,6,1,GO STRAIGHT,,0,0
5289,88.24,202.6,151.0,ok,ok,0.0,7,1,ok,ok,0.0,6,1,GO STRAIGHT,,0,0
5292,88.29,202.6,150.8,ok,ok,0.0,7,1,ok,ok,0.0,6,1,GO STRAIGHT,,0,0
5295,88.34,202.6,150.6,ok,ok,0.0,7,1,ok,ok,0.0,6,1,GO STRAIGHT,,0,0
5298,88.39,202.6,150.4,ok,ok,0.0,7,1,ok,ok,0.0,6,1,GO STRAIGHT,,0,0
5301,88.44,202.6,150.2,ok,ok,0.0,7,1,ok,ok,0.0,6,1,GO STRAIGHT,,0,0
5304,88.49,202.6,149.9,ok,ok,0.0,7,1,ok,ok,0.0,6,1,GO STRAIGHT,,0,0
5307,88.54,202.6,149.7,ok,ok,0.0,7,1,ok,ok,0.0,6,1,GO STRAIGHT,,0,0
5310,88.59,202.6,149.5,ok,ok,0.0,7,1,ok,ok,0.0,6,1,GO STRAIGHT,,0,0
5313,88.64,202.6,149.3,ok,ok,0.0,7,1,ok,ok,0.0,6,1,GO STRAIGHT,,0,0
5316,88.69,202.7,149.1,ok,ok,0.0,7,1,ok,ok,0.0,6,1,GO STRAIGHT,,0,0
5319,88.74,202.7,148.9,ok,ok,0.0,7,1,ok,ok,0.0,6,1,GO STRAIGHT,,0,0
5322,88.79,202.7,148.7,ok,ok,0.0,7,1,ok,ok,0.0,6,1,GO STRAIGHT,,0,0
5325,88.84,202.7,148.4,ok,ok,0.0,7,1,ok,ok,0.0,6,1,GO STRAIGHT,,0,0
5328,88.89,202.7,148.2,ok,ok,0.0,7,1,ok,ok,0.0,6,1,GO STRAIGHT,,0,0
5331,88.94,202.7,148.0,ok,ok,0.0,7,1,ok,ok,0.0,6,1,GO STRAIGHT,,0,0
5334,88.99,202.7,147.8,ok,ok,0.0,7,1,ok,ok,0.0,6,1,GO STRAIGHT,,0,0
5337,89.04,202.7,147.6,ok,ok,0.0,7,1,ok,ok,0.0,6,1,GO STRAIGHT,,0,0
5340,89.09,202.7,147.4,ok,ok,0.0,7,1,ok,ok,0.0,6,1,GO STRAIGHT,,0,0
5343,89.14,202.7,147.1,ok,ok,0.0,7,1,ok,ok,0.0,6,1,GO STRAIGHT,,0,0
5346,89.19,202.7,146.9,ok,ok,0.0,7,1,ok,ok,0.0,6,1,GO STRAIGHT,,0,0
5349,89.24,202.7,146.7,ok,ok,0.0,7,1,ok,ok,0.0,7,1,GO STRAIGHT,,0,0
5352,89.29,202.7,146.5,ok,ok,0.0,7,1,ok,ok,0.0,7,1,GO STRAIGHT,,0,0
5355,89.34,202.7,146.2,ok,ok,0.0,7,1,ok,ok,0.0,7,1,GO STRAIGHT,,0,0
5358,89.39,202.7,146.0,ok,ok,0.0,7,1,ok,ok,0.0,7,1,GO STRAIGHT,,0,0
5361,89.44,202.7,145.8,ok,ok,0.0,7,1,ok,ok,0.0,7,1,GO STRAIGHT,,0,0
5364,89.49,202.7,145.6,ok,ok,0.0,7,1,ok,ok,0.0,7,1,GO STRAIGHT,,0,0
5367,89.54,202.7,145.4,ok,ok,0.0,7,1,ok,ok,0.0,7,1,GO STRAIGHT,,0,0
5370,89.59,202.7,145.1,ok,ok,0.0,7,1,ok,ok,0.0,7,1,GO STRAIGHT,,0,0
5373,89.64,202.7,144.9,ok,ok,0.0,7,1,ok,ok,0.0,7,1,GO STRAIGHT,,0,0
5376,89.69,202.7,144.7,ok,ok,0.0,7,1,ok,ok,0.0,7,1,GO STRAIGHT,,0,0
5379,89.74,202.7,144.4,ok,ok,0.0,6,1,ok,ok,0.0,7,1,GO STRAIGHT,,0,0
5382,89.79,202.7,144.2,ok,ok,0.0,6,1,ok,ok,0.0,7,1,GO STRAIGHT,,0,0
5385,89.84,202.6,144.0,ok,ok,0.0,6,1,ok,ok,0.0,7,1,GO STRAIGHT,,0,0
5388,89.89,202.6,143.7,ok,ok,0.0,6,1,ok,ok,0.0,7,1,GO STRAIGHT,,0,0
5391,89.94,202.7,143.5,ok,ok,0.0,6,1,ok,ok,0.0,7,1,GO STRAIGHT,,0,0
5394,89.99,202.7,143.3,ok,ok,0.0,6,1,ok,ok,0.0,7,1,GO STRAIGHT,,0,0
5397,90.04,202.7,143.1,ok,ok,0.0,6,1,ok,ok,0.0,7,1,GO STRAIGHT,,0,0
5400,90.09,202.7,142.8,ok,ok,0.0,6,1,ok,ok,0.0,7,1,GO STRAIGHT,,0,0
5403,90.14,202.7,142.6,ok,ok,0.0,6,1,ok,ok,0.0,7,1,GO STRAIGHT,,0,0
5406,90.19,202.7,142.4,ok,ok,0.0,6,1,ok,ok,0.0,7,1,GO STRAIGHT,,0,0
5409,90.24,202.7,142.2,ok,ok,0.0,6,1,ok,ok,0.0,7,1,GO STRAIGHT,,0,0
5412,90.29,202.7,141.9,ok,ok,0.0,6,1,ok,ok,0.0,7,1,GO STRAIGHT,,0,0
5415,90.34,202.7,141.7,ok,ok,0.0,6,1,ok,ok,0.0,7,1,GO STRAIGHT,,0,0
5418,90.39,202.7,141.5,ok,ok,0.0,6,1,ok,ok,0.0,7,1,GO STRAIGHT,,0,0
5421,90.44,202.7,141.2,ok,ok,0.0,6,1,ok,ok,0.0,7,1,GO STRAIGHT,,0,0
5424,90.49,202.7,141.0,ok,ok,0.0,6,1,ok,ok,0.0,7,1,GO STRAIGHT,,0,0
5427,90.54,202.6,140.8,ok,ok,0.0,6,1,ok,ok,0.0,7,1,GO STRAIGHT,,0,0
5430,90.59,202.6,140.6,ok,ok,0.0,6,1,ok,ok,0.0,7,1,GO STRAIGHT,,0,0
5433,90.64,202.6,140.3,ok,ok,0.0,6,1,ok,ok,0.0,6,1,GO STRAIGHT,,0,0
5436,90.69,202.6,140.1,ok,ok,0.0,6,1,ok,ok,0.0,6,1,GO STRAIGHT,,0,0
5439,90.74,202.6,139.9,ok,ok,0.0,6,1,ok,ok,0.0,6,1,GO STRAIGHT,,0,0
5442,90.79,202.6,139.7,ok,ok,0.0,6,1,ok,ok,0.0,6,1,GO STRAIGHT,,0,0
5445,90.84,202.6,139.5,ok,ok,0.0,6,1,ok,ok,0.0,6,1,GO STRAIGHT,,0,0
5448,90.89,202.6,139.2,ok,ok,0.0,6,1,ok,ok,0.0,6,1,GO STRAIGHT,,0,0
5451,90.94,202.6,139.0,ok,ok,0.0,6,1,ok,ok,0.0,6,1,GO STRAIGHT,,0,0
5454,90.99,202.6,138.8,ok,ok,0.0,6,1,ok,ok,0.0,6,1,GO STRAIGHT,,0,0
5457,91.04,202.6,138.5,ok,ok,0.0,6,1,ok,ok,0.0,6,1,GO STRAIGHT,,0,0
5460,91.09,202.6,138.3,ok,ok,0.0,6,1,ok,ok,0.0,6,1,GO STRAIGHT,,0,0
5463,91.14,202.6,138.1,ok,ok,0.0,6,1,ok,ok,0.0,6,1,GO STRAIGHT,,0,0
5466,91.19,202.6,137.8,ok,ok,0.0,6,1,ok,ok,0.0,6,1,GO STRAIGHT,,0,0
5469,91.24,202.6,137.6,ok,ok,0.0,6,1,ok,ok,0.0,6,1,GO STRAIGHT,,0,0
5472,91.29,202.6,137.4,ok,ok,0.0,6,1,ok,ok,0.0,6,1,GO STRAIGHT,,0,0
5475,91.34,202.6,137.2,ok,ok,0.0,6,1,ok,ok,0.0,6,1,GO STRAIGHT,,0,0
5478,91.39,202.6,137.0,ok,ok,0.0,6,1,ok,ok,0.0,6,1,GO STRAIGHT,,0,0
5481,91.44,202.6,136.7,ok,ok,0.0,6,1,ok,ok,0.0,6,1,GO STRAIGHT,,0,0
5484,91.49,202.6,136.5,ok,ok,0.0,6,1,ok,ok,0.0,6,1,GO STRAIGHT,,0,0
5487,91.54,202.6,136.3,ok,ok,0.0,6,1,ok,ok,0.0,6,1,GO STRAIGHT,,0,0
5490,91.59,202.5,136.0,ok,ok,0.0,6,1,ok,ok,0.0,6,1,GO STRAIGHT,,0,0
5493,91.64,202.5,135.8,ok,ok,0.0,6,1,ok,ok,0.0,6,1,GO STRAIGHT,,0,0
5496,91.69,202.5,135.6,ok,ok,0.0,6,1,ok,ok,0.0,6,1,GO STRAIGHT,,0,0
5499,91.74,202.5,135.4,ok,ok,0.0,6,1,ok,ok,0.0,6,1,GO STRAIGHT,,0,0
5502,91.79,202.5,135.2,ok,ok,0.0,6,1,ok,ok,0.0,6,1,GO STRAIGHT,,0,0
5505,91.84,202.5,135.0,ok,ok,0.0,6,1,ok,ok,0.0,6,1,GO STRAIGHT,,0,0
5508,91.89,202.5,134.7,ok,ok,0.0,6,1,ok,ok,0.0,6,1,GO STRAIGHT,,0,0
5511,91.94,202.5,134.5,ok,ok,0.0,6,1,ok,ok,0.0,6,1,GO STRAIGHT,,0,0
5514,91.99,202.5,134.3,ok,ok,0.0,6,1,ok,ok,0.0,6,1,GO STRAIGHT,,0,0
5517,92.04,202.5,134.1,ok,ok,0.0,6,1,ok,ok,0.0,6,1,GO STRAIGHT,,0,0
5520,92.09,202.4,133.8,ok,ok,0.0,6,1,ok,ok,0.0,6,1,GO STRAIGHT,,0,0
5523,92.14,202.4,133.6,ok,ok,0.0,6,1,ok,ok,0.0,6,1,GO STRAIGHT,,0,0
5526,92.19,202.4,133.4,ok,ok,0.0,6,1,ok,ok,0.0,6,1,GO STRAIGHT,,0,0
5529,92.24,202.4,133.2,ok,ok,0.0,6,1,ok,ok,0.0,6,1,GO STRAIGHT,,0,0
5532,92.29,202.4,132.9,ok,ok,0.0,6,1,ok,ok,0.0,6,1,GO STRAIGHT,,0,0
5535,92.34,202.4,132.7,ok,ok,0.0,6,1,ok,ok,0.0,6,1,GO STRAIGHT,,0,0
5538,92.39,202.4,132.5,ok,ok,0.0,6,1,ok,ok,0.0,6,1,GO STRAIGHT,,0,0
5541,92.44,202.4,132.3,ok,ok,0.0,6,1,ok,ok,0.0,6,1,GO STRAIGHT,,0,0
5544,92.49,202.4,132.0,ok,ok,0.0,6,1,ok,ok,0.0,6,1,GO STRAIGHT,,0,0
5547,92.54,202.4,131.8,ok,ok,0.0,6,1,ok,ok,0.0,6,1,GO STRAIGHT,,0,0
5550,92.59,202.4,131.6,ok,ok,0.0,6,1,ok,ok,0.0,6,1,GO STRAIGHT,,0,0
5553,92.64,202.4,131.4,ok,ok,0.0,6,1,ok,ok,0.0,6,1,GO STRAIGHT,,0,0
5556,92.69,202.3,131.2,ok,ok,0.0,6,1,ok,ok,0.0,6,1,GO STRAIGHT,,0,0
5559,92.74,202.3,130.9,ok,ok,0.0,6,1,ok,ok,0.0,6,1,GO STRAIGHT,,0,0
5562,92.79,202.3,130.7,ok,ok,0.0,6,1,ok,ok,0.0,6,1,GO STRAIGHT,,0,0
5565,92.84,202.3,130.5,ok,ok,0.0,5,1,ok,ok,0.0,6,1,GO STRAIGHT,,0,0
5568,92.89,202.3,130.3,ok,ok,0.0,5,1,ok,ok,0.0,6,1,GO STRAIGHT,,0,0
5571,92.94,202.3,130.0,ok,ok,0.0,5,1,ok,ok,0.0,6,1,GO STRAIGHT,,1,0
5574,92.99,202.3,129.8,ok,ok,0.0,5,1,ok,ok,0.0,6,1,GO STRAIGHT,,1,0
5577,93.04,202.3,129.6,ok,ok,0.0,5,1,ok,ok,0.0,6,1,GO STRAIGHT,,1,0
5580,93.09,202.3,129.4,ok,ok,0.0,5,1,ok,ok,0.0,6,1,GO STRAIGHT,,1,0
5583,93.14,202.3,129.1,ok,ok,0.0,5,1,ok,ok,0.0,6,1,GO STRAIGHT,,1,0
5586,93.19,202.3,128.9,ok,ok,0.0,5,1,ok,ok,0.0,6,1,GO STRAIGHT,,1,0
5589,93.24,202.3,128.7,ok,ok,0.0,5,1,ok,ok,0.0,6,1,GO STRAIGHT,,1,0
5592,93.29,202.3,128.5,ok,ok,0.0,5,1,ok,ok,0.0,6,1,GO STRAIGHT,,1,0
5595,93.34,202.3,128.3,ok,ok,0.0,5,1,ok,ok,0.0,6,1,GO STRAIGHT,,1,0
5598,93.39,202.3,128.0,ok,ok,0.0,5,1,ok,ok,0.0,6,1,GO STRAIGHT,,1,0
5601,93.44,202.3,127.8,ok,ok,0.0,5,1,ok,ok,0.0,6,1,GO STRAIGHT,,1,0
5604,93.49,202.3,127.6,ok,ok,0.0,5,1,ok,ok,0.0,6,1,GO STRAIGHT,,1,0
5607,93.54,202.3,127.4,ok,ok,0.0,5,1,ok,ok,0.0,6,1,GO STRAIGHT,,1,0
5610,93.59,202.3,127.1,ok,ok,0.0,5,1,ok,ok,0.0,6,1,GO STRAIGHT,,1,0
5613,93.64,202.3,126.9,ok,ok,0.0,5,1,ok,ok,0.0,6,1,GO STRAIGHT,,1,0
5616,93.69,202.3,126.7,ok,ok,0.0,5,1,ok,ok,0.0,6,1,GO STRAIGHT,,1,0
5619,93.74,202.3,126.4,ok,ok,0.0,5,1,ok,ok,0.0,5,1,GO STRAIGHT,,1,0
5622,93.79,202.3,126.2,ok,ok,0.0,5,1,ok,ok,0.0,5,1,GO STRAIGHT,,1,0
5625,93.84,202.3,126.0,ok,ok,0.0,5,1,ok,ok,0.0,5,1,GO STRAIGHT,,1,0
5628,93.89,202.3,125.8,ok,ok,0.0,5,1,ok,ok,0.0,5,1,GO STRAIGHT,,1,0
5631,93.94,202.3,125.6,ok,ok,0.0,5,1,ok,ok,0.0,5,1,GO STRAIGHT,,1,0
5634,93.99,202.3,125.4,ok,ok,0.0,5,1,ok,ok,0.0,5,1,GO STRAIGHT,,1,0
5637,94.04,202.3,125.1,ok,ok,0.0,5,1,ok,ok,0.0,5,1,GO STRAIGHT,,1,0
5640,94.09,202.3,124.9,ok,ok,0.0,5,1,ok,ok,0.0,5,1,GO STRAIGHT,,1,0
5643,94.14,202.4,124.7,ok,ok,0.0,5,1,ok,ok,0.0,5,1,GO STRAIGHT,,1,0
5646,94.19,202.4,124.5,ok,ok,0.0,5,1,ok,ok,0.0,5,1,GO STRAIGHT,,1,0
5649,94.24,202.4,124.3,ok,ok,0.0,5,1,ok,ok,0.0,5,1,GO STRAIGHT,,1,0
5652,94.29,202.4,124.1,ok,ok,0.0,5,1,ok,ok,0.0,5,1,GO STRAIGHT,,1,0
5655,94.34,202.4,123.9,ok,ok,0.0,5,1,ok,ok,0.0,5,1,GO STRAIGHT,,1,0
5658,94.39,202.4,123.7,ok,ok,0.0,5,1,ok,ok,0.0,5,1,GO STRAIGHT,,1,0
5661,94.44,202.4,123.4,ok,ok,0.0,5,1,ok,ok,0.0,5,1,GO STRAIGHT,,1,0
5664,94.49,202.4,123.2,ok,ok,0.0,5,1,ok,ok,0.0,5,1,GO STRAIGHT,,1,0
5667,94.54,202.4,123.0,ok,ok,0.0,5,1,ok,ok,0.0,5,1,GO STRAIGHT,,1,0
5670,94.59,202.4,122.8,ok,ok,0.0,5,1,ok,ok,0.0,5,1,GO STRAIGHT,,1,0
5673,94.64,202.4,122.6,ok,ok,0.0,5,1,ok,ok,0.0,5,1,GO STRAIGHT,,1,0
5676,94.69,202.4,122.3,ok,ok,0.0,5,1,ok,ok,0.0,5,1,GO STRAIGHT,,1,0
5679,94.74,202.5,122.1,ok,ok,0.0,5,1,ok,ok,0.0,5,1,GO STRAIGHT,,1,0
5682,94.79,202.5,121.9,ok,ok,0.0,5,1,ok,ok,0.0,5,1,GO STRAIGHT,,1,0
5685,94.84,202.5,121.7,ok,ok,0.0,5,1,ok,ok,0.0,5,1,GO STRAIGHT,,1,0
5688,94.89,202.5,121.5,ok,ok,0.0,5,1,ok,ok,0.0,5,1,GO STRAIGHT,,1,0
5691,94.94,202.5,121.2,ok,ok,0.0,5,1,ok,ok,0.0,5,1,GO STRAIGHT,,1,0
5694,94.99,202.5,121.0,ok,ok,0.0,5,1,ok,ok,0.0,5,1,GO STRAIGHT,,1,0
5697,95.05,202.5,120.8,ok,ok,0.0,5,1,ok,ok,0.0,5,1,GO STRAIGHT,,1,0
5700,95.1,202.6,120.5,ok,ok,0.0,5,1,ok,ok,0.0,5,1,GO STRAIGHT,,1,0
5703,95.15,202.6,120.3,ok,ok,0.0,5,1,ok,ok,0.0,5,1,GO STRAIGHT,,1,0
5706,95.2,202.6,120.1,ok,ok,0.0,5,1,ok,ok,0.0,5,1,GO STRAIGHT,,1,0
5709,95.25,202.6,119.8,ok,ok,0.0,5,1,ok,ok,0.0,5,1,GO STRAIGHT,,1,0
5712,95.3,202.6,119.6,ok,ok,0.0,5,1,ok,ok,0.0,5,1,GO STRAIGHT,,1,0
5715,95.35,202.6,119.4,ok,ok,0.0,5,1,ok,ok,0.0,5,1,GO STRAIGHT,,1,0
5718,95.4,202.6,119.1,ok,ok,0.0,5,1,ok,ok,0.0,5,1,GO STRAIGHT,,1,0
5721,95.45,202.6,118.9,ok,ok,0.0,5,1,ok,ok,0.0,5,1,GO STRAIGHT,,1,0
5724,95.5,202.6,118.7,ok,ok,0.0,5,1,ok,ok,0.0,5,1,GO STRAIGHT,,1,0
5727,95.55,202.7,118.4,ok,ok,0.0,5,1,ok,ok,0.0,5,1,GO STRAIGHT,,1,0
5730,95.6,202.7,118.2,ok,ok,0.0,5,1,ok,ok,0.0,5,1,GO STRAIGHT,,1,0
5733,95.65,202.7,118.0,ok,ok,0.0,4,1,ok,ok,0.0,5,1,GO STRAIGHT,,1,0
5736,95.7,202.7,117.8,ok,ok,0.0,4,1,ok,ok,0.0,5,1,GO STRAIGHT,,1,0
5739,95.75,202.7,117.6,ok,ok,0.0,4,1,ok,ok,0.0,5,1,GO STRAIGHT,,1,0
5742,95.8,202.7,117.3,ok,ok,0.0,4,1,ok,ok,0.0,5,1,GO STRAIGHT,,1,0
5745,95.85,202.7,117.1,ok,ok,0.0,4,1,ok,ok,0.0,5,1,GO STRAIGHT,,1,0
5748,95.9,202.7,116.9,ok,ok,0.0,4,1,ok,ok,0.0,5,1,GO STRAIGHT,,1,0
5751,95.95,202.7,116.7,ok,ok,0.0,4,1,ok,ok,0.0,5,1,GO STRAIGHT,,1,0
5754,96.0,202.8,116.5,ok,ok,0.0,4,1,ok,ok,0.0,5,1,GO STRAIGHT,,1,0
5757,96.05,202.8,116.2,ok,ok,0.0,4,1,ok,ok,0.0,5,1,GO STRAIGHT,,1,0
5760,96.1,202.8,116.0,ok,ok,0.0,4,1,ok,ok,0.0,5,1,GO STRAIGHT,,1,0
5763,96.15,202.8,115.8,ok,ok,0.0,4,1,ok,ok,0.0,5,1,GO STRAIGHT,,1,0
5766,96.2,202.8,115.6,ok,ok,0.0,4,1,ok,ok,0.0,5,1,GO STRAIGHT,,1,0
5769,96.25,202.8,115.4,ok,ok,0.0,4,1,ok,ok,0.0,5,1,GO STRAIGHT,,1,0
5772,96.3,202.9,115.1,ok,ok,0.0,4,1,ok,ok,0.0,5,1,GO STRAIGHT,,1,0
5775,96.35,202.9,114.9,ok,ok,0.0,4,1,ok,ok,0.0,5,1,GO STRAIGHT,,1,0
5778,96.4,202.9,114.7,ok,ok,0.0,4,1,ok,ok,0.0,5,1,GO STRAIGHT,,1,0
5781,96.45,202.9,114.5,ok,ok,0.0,4,1,ok,ok,0.0,5,1,GO STRAIGHT,,1,0
5784,96.5,203.0,114.3,ok,ok,0.0,4,1,ok,ok,0.0,5,1,GO STRAIGHT,,1,0
5787,96.55,203.0,114.0,ok,ok,0.0,4,1,ok,ok,0.0,5,1,GO STRAIGHT,,1,0
5790,96.6,203.0,113.8,ok,ok,0.0,4,1,ok,ok,0.0,4,1,GO STRAIGHT,,1,0
5793,96.65,203.1,113.6,ok,ok,0.0,4,1,ok,ok,0.0,4,1,GO STRAIGHT,,1,0
5796,96.7,203.1,113.4,ok,ok,0.0,4,1,ok,ok,0.0,4,1,GO STRAIGHT,,1,0
5799,96.75,203.1,113.2,ok,ok,0.0,4,1,ok,ok,0.0,4,1,GO STRAIGHT,,1,0
5802,96.8,203.1,113.0,ok,ok,0.0,4,1,ok,ok,0.0,4,1,GO STRAIGHT,,1,0
5805,96.85,203.2,112.7,ok,ok,0.0,4,1,ok,ok,0.0,4,1,GO STRAIGHT,,1,0
5808,96.9,203.2,112.5,ok,ok,0.0,4,1,ok,ok,0.0,4,1,GO STRAIGHT,,1,0
5811,96.95,203.2,112.3,ok,ok,0.0,4,1,ok,ok,0.0,4,1,GO STRAIGHT,,1,0
5814,97.0,203.2,112.1,ok,ok,0.0,4,1,ok,ok,0.0,4,1,GO STRAIGHT,,1,0
5817,97.05,203.2,111.9,ok,ok,0.0,4,1,ok,ok,0.0,4,1,GO STRAIGHT,,1,0
5820,97.1,203.3,111.7,ok,ok,0.0,4,1,ok,ok,0.0,4,1,GO STRAIGHT,,1,0
5823,97.15,203.3,111.5,ok,ok,0.0,4,1,ok,ok,0.0,4,1,GO STRAIGHT,,1,0
5826,97.2,203.3,111.3,ok,ok,0.0,4,1,ok,ok,0.0,4,1,GO STRAIGHT,,1,0
5829,97.25,203.3,111.1,ok,ok,0.0,4,1,ok,ok,0.0,4,1,GO STRAIGHT,,1,0
5832,97.3,203.3,110.8,ok,ok,0.0,4,1,ok,ok,0.0,4,1,GO STRAIGHT,,1,0
5835,97.35,203.3,110.6,ok,ok,0.0,4,1,ok,ok,0.0,4,1,GO STRAIGHT,,1,0
5838,97.4,203.3,110.4,ok,ok,0.0,4,1,ok,ok,0.0,4,1,GO STRAIGHT,,1,0
5841,97.45,203.3,110.2,ok,ok,0.0,4,1,ok,ok,0.0,4,1,GO STRAIGHT,,1,0
5844,97.5,203.3,110.0,ok,ok,0.0,4,1,ok,ok,0.0,4,1,GO STRAIGHT,,1,0
5847,97.55,203.3,109.8,ok,ok,0.0,4,1,ok,ok,0.0,4,1,GO STRAIGHT,,1,0
5850,97.6,203.3,109.6,ok,ok,0.0,4,1,ok,ok,0.0,4,1,GO STRAIGHT,,1,0
5853,97.65,203.3,109.4,ok,ok,0.0,4,1,ok,ok,0.0,4,1,GO STRAIGHT,,1,0
5856,97.7,203.3,109.2,ok,ok,0.0,4,1,ok,ok,0.0,4,1,GO STRAIGHT,,1,0
5859,97.75,203.3,109.0,ok,ok,0.0,4,1,ok,ok,0.0,4,1,GO STRAIGHT,,1,0
5862,97.8,203.3,108.8,ok,ok,0.0,4,1,ok,ok,0.0,4,1,GO STRAIGHT,,1,0
5865,97.85,203.3,108.6,ok,ok,0.0,4,1,ok,ok,0.0,4,1,GO STRAIGHT,,1,0
5868,97.9,203.3,108.4,ok,ok,0.0,4,1,ok,ok,0.0,4,1,GO STRAIGHT,,1,0
5871,97.95,203.3,108.2,ok,ok,0.0,4,1,ok,ok,0.0,4,1,GO STRAIGHT,,1,0
5874,98.0,203.3,107.9,ok,ok,0.0,4,1,ok,ok,0.0,4,1,GO STRAIGHT,,1,0
5877,98.05,203.3,107.7,ok,ok,0.0,4,1,ok,ok,0.0,4,1,GO STRAIGHT,,1,0
5880,98.1,203.2,107.5,ok,ok,0.0,3,1,ok,ok,0.0,4,1,GO STRAIGHT,,1,0
5883,98.15,203.2,107.3,ok,ok,0.0,4,1,ok,ok,0.0,4,1,GO STRAIGHT,,1,0
5886,98.2,203.2,107.1,ok,ok,0.0,4,1,ok,ok,0.0,4,1,GO STRAIGHT,,1,0
5889,98.25,203.2,106.9,ok,ok,0.0,4,1,ok,ok,0.0,4,1,GO STRAIGHT,,1,0
5892,98.3,203.2,106.7,ok,ok,0.0,4,1,ok,ok,0.0,4,1,GO STRAIGHT,,1,0
5895,98.35,203.2,106.5,ok,ok,0.0,4,1,ok,ok,0.0,4,1,GO STRAIGHT,,1,0
5898,98.4,203.2,106.3,ok,ok,0.0,3,1,ok,ok,0.0,4,1,GO STRAIGHT,,1,0
5901,98.45,203.1,106.1,ok,ok,0.0,3,1,ok,ok,0.0,4,1,GO STRAIGHT,,1,0
5904,98.5,203.1,105.8,ok,ok,0.0,3,1,ok,ok,0.0,4,1,GO STRAIGHT,,1,0
5907,98.55,203.1,105.6,ok,ok,0.0,3,1,ok,ok,0.0,4,1,GO STRAIGHT,,1,0
5910,98.6,203.1,105.4,ok,ok,0.0,3,1,ok,ok,0.0,4,1,GO STRAIGHT,,1,0
5913,98.65,203.1,105.2,ok,ok,0.0,3,1,ok,ok,0.0,4,1,GO STRAIGHT,,1,0
5916,98.7,203.1,105.0,ok,ok,0.0,3,1,ok,ok,0.0,4,1,GO STRAIGHT,,1,0
5919,98.75,203.1,104.7,ok,ok,0.0,3,1,ok,ok,0.0,4,1,GO STRAIGHT,,1,0
5922,98.8,203.1,104.5,ok,ok,0.0,3,1,ok,ok,0.0,4,1,GO STRAIGHT,,1,0
5925,98.85,203.0,104.3,ok,ok,0.0,3,1,ok,ok,0.0,4,1,GO STRAIGHT,,1,0
5928,98.9,203.0,104.0,ok,ok,0.0,3,1,ok,ok,0.0,4,1,GO STRAIGHT,,1,0
5931,98.95,203.0,103.8,ok,ok,0.0,3,1,ok,ok,0.0,4,1,GO STRAIGHT,,1,0
5934,99.0,203.0,103.6,ok,ok,0.0,3,1,ok,ok,0.0,4,1,GO STRAIGHT,,1,0
5937,99.05,203.0,103.3,ok,ok,0.0,3,1,ok,ok,0.0,4,1,GO STRAIGHT,,1,0
5940,99.1,203.0,103.1,ok,ok,0.0,3,1,ok,ok,0.0,4,1,GO STRAIGHT,,1,0
5943,99.15,203.0,102.9,ok,ok,0.0,3,1,ok,ok,0.0,4,1,GO STRAIGHT,,1,0
5946,99.2,203.0,102.7,ok,ok,0.0,3,1,ok,ok,0.0,3,1,GO STRAIGHT,,1,0
5949,99.25,203.0,102.4,ok,ok,0.0,3,1,ok,ok,0.0,3,1,GO STRAIGHT,,1,0
5952,99.3,203.0,102.2,ok,ok,0.0,3,1,ok,ok,0.0,3,1,GO STRAIGHT,,1,0
5955,99.35,203.0,102.0,ok,ok,0.0,3,1,ok,ok,0.0,3,1,GO STRAIGHT,,1,0
5958,99.4,203.0,101.7,ok,ok,0.0,3,1,ok,ok,0.0,3,1,GO STRAIGHT,,1,0
5961,99.45,203.0,101.5,ok,ok,0.0,3,1,ok,ok,0.0,3,1,GO STRAIGHT,,1,0
5964,99.5,203.0,101.3,ok,ok,0.0,3,1,ok,ok,0.0,3,1,GO STRAIGHT,,1,0
5967,99.55,203.0,101.1,ok,ok,0.0,3,1,ok,ok,0.0,3,1,GO STRAIGHT,,1,0
5970,99.6,203.0,100.8,ok,ok,0.0,3,1,ok,ok,0.0,3,1,GO STRAIGHT,,1,0
5973,99.65,203.0,100.6,ok,ok,0.0,3,1,ok,ok,0.0,3,1,GO STRAIGHT,,1,0
5976,99.7,203.0,100.4,ok,ok,0.0,3,1,ok,ok,0.0,3,1,GO STRAIGHT,,1,0
5979,99.75,203.0,100.2,ok,ok,0.0,3,1,ok,ok,0.0,3,1,GO STRAIGHT,,1,0
5982,99.8,203.0,100.0,ok,ok,0.0,3,1,ok,ok,0.0,3,1,GO STRAIGHT,,1,0
5985,99.85,203.0,99.8,ok,ok,0.0,3,1,ok,ok,0.0,3,1,GO STRAIGHT,,1,0
5988,99.9,203.0,99.5,ok,ok,0.0,3,1,ok,ok,0.0,3,1,GO STRAIGHT,,1,0
5991,99.95,203.0,99.3,ok,ok,0.0,3,1,ok,ok,0.0,3,1,GO STRAIGHT,,1,0
5994,100.0,203.0,99.1,ok,ok,0.0,3,1,ok,ok,0.0,3,1,GO STRAIGHT,,1,0
5997,100.05,203.0,98.9,ok,ok,0.0,3,1,ok,ok,0.0,3,1,GO STRAIGHT,,1,0
6000,100.1,203.0,98.7,ok,ok,0.0,3,1,ok,ok,0.0,3,1,GO STRAIGHT,,1,0
6003,100.15,203.0,98.5,ok,ok,0.0,3,1,ok,ok,0.0,3,1,GO STRAIGHT,,1,0
6006,100.2,203.0,98.2,ok,ok,0.0,3,1,ok,ok,0.0,3,1,GO STRAIGHT,,1,0
6009,100.25,203.0,98.0,ok,ok,0.0,3,1,ok,ok,0.0,3,1,GO STRAIGHT,,1,0
6012,100.3,203.0,97.8,ok,ok,0.0,3,1,ok,ok,0.0,3,1,GO STRAIGHT,,1,0
6015,100.35,203.0,97.6,ok,ok,0.0,3,1,ok,ok,0.0,3,1,GO STRAIGHT,,1,0
6018,100.4,203.0,97.4,ok,ok,0.0,3,1,ok,ok,0.0,3,1,GO STRAIGHT,,1,0
6021,100.45,203.1,97.2,ok,ok,0.0,3,1,ok,ok,0.0,3,1,GO STRAIGHT,,1,0
6024,100.5,203.1,97.0,ok,ok,0.0,3,1,ok,ok,0.0,3,1,GO STRAIGHT,,1,0
6027,100.55,203.1,96.7,ok,ok,0.0,3,1,ok,ok,0.0,3,1,GO STRAIGHT,,1,0
6030,100.6,203.1,96.5,ok,ok,0.0,3,1,ok,ok,0.0,3,1,GO STRAIGHT,,1,0
6033,100.65,203.1,96.3,ok,ok,0.0,3,1,ok,ok,0.0,3,1,GO STRAIGHT,,1,0
6036,100.7,203.2,96.1,ok,ok,0.0,2,1,ok,ok,0.0,3,1,GO STRAIGHT,,1,0
6039,100.75,203.2,95.9,ok,ok,0.0,2,1,ok,ok,0.0,3,1,GO STRAIGHT,,1,0
6042,100.8,203.2,95.7,ok,ok,0.0,2,1,ok,ok,0.0,3,1,GO STRAIGHT,,1,0
6045,100.85,203.2,95.5,ok,ok,0.0,3,1,ok,ok,0.0,3,1,GO STRAIGHT,,1,0
6048,100.9,203.2,95.3,ok,ok,0.0,3,1,ok,ok,0.0,3,1,GO STRAIGHT,,1,0
6051,100.95,203.3,95.0,ok,ok,0.0,2,1,ok,ok,0.0,3,1,GO STRAIGHT,,1,0
6054,101.0,203.3,94.8,ok,ok,0.0,2,1,ok,ok,0.0,3,1,GO STRAIGHT,,1,0
6057,101.05,203.3,94.6,ok,ok,0.0,2,1,ok,ok,0.0,3,1,GO STRAIGHT,,1,0
6060,101.1,203.3,94.4,ok,ok,0.0,2,1,ok,ok,0.0,3,1,GO STRAIGHT,,1,0
6063,101.15,203.3,94.2,ok,ok,0.0,2,1,ok,ok,0.0,3,1,GO STRAIGHT,,1,0
6066,101.2,203.3,94.0,ok,ok,0.0,2,1,ok,ok,0.0,3,1,GO STRAIGHT,,1,0
6069,101.25,203.4,93.7,ok,ok,0.0,2,1,ok,ok,0.0,3,1,GO STRAIGHT,,1,0
6072,101.3,203.4,93.5,ok,ok,0.0,2,1,ok,ok,0.0,3,1,GO STRAIGHT,,1,0
6075,101.35,203.4,93.3,ok,ok,0.0,2,1,ok,ok,0.0,3,1,GO STRAIGHT,,1,0
6078,101.4,203.4,93.1,ok,ok,0.0,2,1,ok,ok,0.0,3,1,GO STRAIGHT,,1,0
6081,101.45,203.4,92.8,ok,ok,0.0,2,1,ok,ok,0.0,3,1,GO STRAIGHT,,1,0
6084,101.5,203.4,92.7,ok,ok,0.0,2,1,ok,ok,0.0,3,1,GO STRAIGHT,,1,0
6087,101.55,203.4,92.4,ok,ok,0.0,2,1,ok,ok,0.0,3,1,GO STRAIGHT,,1,0
6090,101.6,203.4,92.2,ok,ok,0.0,2,1,ok,ok,0.0,3,1,GO STRAIGHT,,1,0
6093,101.65,203.4,92.0,ok,ok,0.0,2,1,ok,ok,0.0,3,1,GO STRAIGHT,,1,0
6096,101.7,203.4,91.8,ok,ok,0.0,2,1,ok,ok,0.0,3,1,GO STRAIGHT,,1,0
6099,101.75,203.4,91.6,ok,ok,0.0,2,1,ok,ok,0.0,3,1,GO STRAIGHT,,1,0
6102,101.8,203.4,91.4,ok,ok,0.0,2,1,ok,ok,0.0,3,1,GO STRAIGHT,,1,0
6105,101.85,203.4,91.2,ok,ok,0.0,2,1,ok,ok,0.0,3,1,GO STRAIGHT,,1,0
6108,101.9,203.4,90.9,ok,ok,0.0,2,1,ok,ok,0.0,3,1,GO STRAIGHT,,1,0
6111,101.95,203.4,90.7,ok,ok,0.0,2,1,ok,ok,0.0,3,1,GO STRAIGHT,,1,0
6114,102.0,203.4,90.5,ok,ok,0.0,2,1,ok,ok,0.0,3,1,GO STRAIGHT,,1,0
6117,102.05,203.4,90.3,ok,ok,0.0,2,1,ok,ok,0.0,2,1,GO STRAIGHT,,1,0
6120,102.1,203.4,90.1,ok,ok,0.0,2,1,ok,ok,0.0,2,1,GO STRAIGHT,,1,0
6123,102.15,203.4,89.9,ok,ok,0.0,2,1,ok,ok,0.0,2,1,GO STRAIGHT,,1,0
6126,102.2,203.4,89.7,ok,ok,0.0,2,1,ok,ok,0.0,2,1,GO STRAIGHT,,1,0
6129,102.25,203.4,89.5,ok,ok,0.0,2,1,ok,ok,0.0,2,1,GO STRAIGHT,,1,0
6132,102.3,203.4,89.2,ok,ok,0.0,2,1,ok,ok,0.0,2,1,GO STRAIGHT,,1,0
6135,102.35,203.4,89.0,ok,ok,0.0,2,1,ok,ok,0.0,2,1,GO STRAIGHT,,1,0
6138,102.4,203.4,88.8,ok,ok,0.0,2,1,ok,ok,0.0,2,1,GO STRAIGHT,,1,0
6141,102.45,203.4,88.6,ok,ok,0.0,2,1,ok,ok,0.0,2,1,GO STRAIGHT,,1,0
6144,102.5,203.4,88.4,ok,ok,0.0,2,1,ok,ok,0.0,2,1,GO STRAIGHT,,1,0
6147,102.55,203.4,88.2,ok,ok,0.0,2,1,ok,ok,0.0,2,1,GO STRAIGHT,,1,0
6150,102.6,203.4,88.0,ok,ok,0.0,2,1,ok,ok,0.0,2,1,GO STRAIGHT,,1,0
6153,102.65,203.4,87.8,ok,ok,0.0,2,1,ok,ok,0.0,2,1,GO STRAIGHT,,1,0
6156,102.7,203.3,87.6,ok,ok,0.0,2,1,ok,ok,0.0,2,1,GO STRAIGHT,,1,0
6159,102.75,203.3,87.4,ok,ok,0.0,2,1,ok,ok,0.0,2,1,GO STRAIGHT,,1,0
6162,102.8,203.3,87.2,ok,ok,0.0,2,1,ok,ok,0.0,2,1,GO STRAIGHT,,1,0
6165,102.85,203.3,87.0,ok,ok,0.0,2,1,ok,ok,0.0,2,1,GO STRAIGHT,,1,0
6168,102.9,203.3,86.8,ok,ok,0.0,2,1,ok,ok,0.0,2,1,GO STRAIGHT,,1,0
6171,102.95,203.3,86.6,ok,ok,0.0,2,1,ok,ok,0.0,2,1,GO STRAIGHT,,1,0
6174,103.0,203.2,86.4,ok,ok,0.0,2,1,ok,ok,0.0,2,1,GO STRAIGHT,,1,0
6177,103.05,203.2,86.2,ok,ok,0.0,2,1,ok,ok,0.0,2,1,GO STRAIGHT,,1,0
6180,103.1,203.2,86.0,ok,ok,0.0,2,1,ok,ok,0.0,2,1,GO STRAIGHT,,1,0
6183,103.15,203.2,85.8,ok,ok,0.0,2,1,ok,ok,0.0,2,1,GO STRAIGHT,,1,0
6186,103.2,203.2,85.5,ok,ok,0.0,2,1,ok,ok,0.0,2,1,GO STRAIGHT,,1,0
6189,103.25,203.2,85.3,ok,ok,0.0,2,1,ok,ok,0.0,2,1,GO STRAIGHT,,1,0
6192,103.3,203.1,85.1,ok,ok,0.0,2,1,ok,ok,0.0,2,1,GO STRAIGHT,,1,0
6195,103.35,203.1,84.9,hold_drawn_off_screen,drawn_off_screen,0.05,2,1,ok,ok,0.0,2,1,GO STRAIGHT,,1,0
6198,103.4,203.1,84.7,hold_drawn_off_screen,drawn_off_screen,0.1,2,1,ok,ok,0.0,2,1,GO STRAIGHT,,1,0
6201,103.45,203.1,84.5,hold_drawn_off_screen,drawn_off_screen,0.15,2,1,ok,ok,0.0,2,1,GO STRAIGHT,,1,0
6204,103.5,203.1,84.3,drawn_off_screen,drawn_off_screen,,0,0,ok,ok,0.0,2,1,GO STRAIGHT,,1,0
6207,103.55,203.1,84.1,drawn_off_screen,drawn_off_screen,,0,0,ok,ok,0.0,2,1,GO STRAIGHT,,1,0
6210,103.6,203.1,83.9,drawn_off_screen,drawn_off_screen,,0,0,ok,ok,0.0,2,1,GO STRAIGHT,,1,0
6213,103.65,203.1,83.7,drawn_off_screen,drawn_off_screen,,0,0,ok,ok,0.0,2,1,GO STRAIGHT,,1,0
6216,103.7,203.1,83.4,drawn_off_screen,drawn_off_screen,,0,0,ok,ok,0.0,2,1,GO STRAIGHT,,1,0
6219,103.75,203.1,83.2,drawn_off_screen,drawn_off_screen,,0,0,ok,ok,0.0,2,1,GO STRAIGHT,,1,0
6222,103.8,203.0,83.0,drawn_off_screen,drawn_off_screen,,0,0,ok,ok,0.0,2,1,GO STRAIGHT,,1,0
6225,103.85,203.0,82.8,drawn_off_screen,drawn_off_screen,,0,0,ok,ok,0.0,2,1,GO STRAIGHT,,1,0
6228,103.9,203.0,82.6,drawn_off_screen,drawn_off_screen,,0,0,ok,ok,0.0,2,1,GO STRAIGHT,,1,0
6231,103.95,203.0,82.5,drawn_off_screen,drawn_off_screen,,0,0,ok,ok,0.0,2,1,GO STRAIGHT,,1,0
6234,104.0,203.0,82.3,drawn_off_screen,drawn_off_screen,,0,0,ok,ok,0.0,2,1,GO STRAIGHT,,1,0
6237,104.05,203.0,82.1,drawn_off_screen,drawn_off_screen,,0,0,ok,ok,0.0,2,1,GO STRAIGHT,,1,0
6240,104.1,202.9,81.9,drawn_off_screen,drawn_off_screen,,0,0,ok,ok,0.0,2,1,GO STRAIGHT,,1,0
6243,104.15,202.9,81.7,drawn_off_screen,drawn_off_screen,,0,0,ok,ok,0.0,2,1,GO STRAIGHT,,1,0
6246,104.2,202.9,81.5,drawn_off_screen,drawn_off_screen,,0,0,ok,ok,0.0,2,1,GO STRAIGHT,,1,0
6249,104.25,202.9,81.3,drawn_off_screen,drawn_off_screen,,0,0,ok,ok,0.0,2,1,GO STRAIGHT,,1,0
6252,104.3,202.9,81.1,drawn_off_screen,drawn_off_screen,,0,0,ok,ok,0.0,2,1,GO STRAIGHT,,1,0
6255,104.35,202.8,80.9,drawn_off_screen,drawn_off_screen,,0,0,ok,ok,0.0,2,1,GO STRAIGHT,,1,0
6258,104.4,202.8,80.7,drawn_off_screen,drawn_off_screen,,0,0,ok,ok,0.0,2,1,GO STRAIGHT,,1,0
6261,104.45,202.8,80.5,drawn_off_screen,drawn_off_screen,,0,0,ok,ok,0.0,2,1,GO STRAIGHT,,1,0
6264,104.5,202.8,80.3,drawn_off_screen,drawn_off_screen,,0,0,ok,ok,0.0,2,1,GO STRAIGHT,,1,0
6267,104.55,202.8,80.1,drawn_off_screen,drawn_off_screen,,0,0,ok,ok,0.0,2,1,GO STRAIGHT,,1,0
6270,104.6,202.8,79.9,drawn_off_screen,drawn_off_screen,,0,0,ok,ok,0.0,2,1,GO STRAIGHT,,1,0
6273,104.65,202.7,79.7,drawn_off_screen,drawn_off_screen,,0,0,ok,ok,0.0,2,1,GO STRAIGHT,,1,0
6276,104.7,202.7,79.4,drawn_off_screen,drawn_off_screen,,0,0,ok,ok,0.0,2,1,GO STRAIGHT,,1,0
6279,104.75,202.7,79.2,drawn_off_screen,drawn_off_screen,,0,0,ok,ok,0.0,2,1,GO STRAIGHT,,1,0
6282,104.8,202.7,79.0,drawn_off_screen,drawn_off_screen,,0,0,ok,ok,0.0,2,1,GO STRAIGHT,,1,0
6285,104.85,202.7,78.8,drawn_off_screen,drawn_off_screen,,0,0,ok,ok,0.0,2,1,GO STRAIGHT,,1,0
6288,104.9,202.7,78.6,drawn_off_screen,drawn_off_screen,,0,0,ok,ok,0.0,1,1,GO STRAIGHT,,1,0
6291,104.95,202.7,78.4,drawn_off_screen,drawn_off_screen,,0,0,ok,ok,0.0,1,1,GO STRAIGHT,,1,0
6294,105.01,202.7,78.1,drawn_off_screen,drawn_off_screen,,0,0,ok,ok,0.0,1,1,GO STRAIGHT,,1,0
6297,105.06,202.7,77.9,drawn_off_screen,drawn_off_screen,,0,0,ok,ok,0.0,1,1,GO STRAIGHT,,1,0
6300,105.11,202.7,77.7,drawn_off_screen,drawn_off_screen,,0,0,ok,ok,0.0,1,1,GO STRAIGHT,,1,0
6303,105.16,202.6,77.5,drawn_off_screen,drawn_off_screen,,0,0,ok,ok,0.0,1,1,GO STRAIGHT,,1,0
6306,105.21,202.6,77.3,drawn_off_screen,drawn_off_screen,,0,0,ok,ok,0.0,1,1,GO STRAIGHT,,1,0
6309,105.26,202.6,77.1,drawn_off_screen,drawn_off_screen,,0,0,ok,ok,0.0,1,1,GO STRAIGHT,,1,0
6312,105.31,202.6,76.9,drawn_off_screen,drawn_off_screen,,0,0,ok,ok,0.0,1,1,GO STRAIGHT,,1,0
6315,105.36,202.6,76.7,drawn_off_screen,drawn_off_screen,,0,0,ok,ok,0.0,1,1,GO STRAIGHT,,1,0
6318,105.41,202.5,76.5,drawn_off_screen,drawn_off_screen,,0,0,ok,ok,0.0,1,1,GO STRAIGHT,,1,0
6321,105.46,202.5,76.3,drawn_off_screen,drawn_off_screen,,0,0,ok,ok,0.0,1,1,GO STRAIGHT,,1,0
6324,105.51,202.5,76.1,drawn_off_screen,drawn_off_screen,,0,0,ok,ok,0.0,1,1,GO STRAIGHT,,1,0
6327,105.56,202.5,75.9,drawn_off_screen,drawn_off_screen,,0,0,ok,ok,0.0,1,1,GO STRAIGHT,,1,0
6330,105.61,202.4,75.7,drawn_off_screen,drawn_off_screen,,0,0,ok,ok,0.0,1,1,GO STRAIGHT,,1,0
6333,105.66,202.4,75.5,drawn_off_screen,drawn_off_screen,,0,0,ok,ok,0.0,1,1,GO STRAIGHT,,1,0
6336,105.71,202.4,75.3,drawn_off_screen,drawn_off_screen,,0,0,ok,ok,0.0,1,1,GO STRAIGHT,,1,0
6339,105.76,202.4,75.1,drawn_off_screen,drawn_off_screen,,0,0,ok,ok,0.0,1,1,GO STRAIGHT,,1,0
6342,105.81,202.7,75.5,drawn_off_screen,drawn_off_screen,,0,0,ok,ok,0.0,1,1,GO STRAIGHT,,1,0
6345,105.86,202.9,75.8,drawn_off_screen,drawn_off_screen,,0,0,ok,ok,0.0,1,1,GO STRAIGHT,,1,0
6348,105.91,203.1,76.0,drawn_off_screen,drawn_off_screen,,0,0,ok,ok,0.0,1,1,GO STRAIGHT,,1,0
6351,105.96,203.3,76.1,drawn_off_screen,drawn_off_screen,,0,0,ok,ok,0.0,1,1,GO STRAIGHT,,1,0
6354,106.01,203.4,76.2,drawn_off_screen,drawn_off_screen,,0,0,ok,ok,0.0,1,1,GO STRAIGHT,,1,0
6357,106.06,203.5,76.2,drawn_off_screen,drawn_off_screen,,0,0,ok,ok,0.0,2,1,GO STRAIGHT,,1,0
6360,106.11,203.6,76.2,drawn_off_screen,drawn_off_screen,,0,0,ok,ok,0.0,1,1,GO STRAIGHT,,1,0
6363,106.16,203.7,76.2,drawn_off_screen,drawn_off_screen,,0,0,ok,ok,0.0,1,1,GO STRAIGHT,,1,0
6366,106.21,203.7,76.1,drawn_off_screen,drawn_off_screen,,0,0,ok,ok,0.0,1,1,GO STRAIGHT,,1,0
6369,106.26,203.8,76.0,drawn_off_screen,drawn_off_screen,,0,0,ok,ok,0.0,1,1,GO STRAIGHT,,1,0
6372,106.31,203.8,75.9,drawn_off_screen,drawn_off_screen,,0,0,ok,ok,0.0,1,1,GO STRAIGHT,,1,0
6375,106.36,203.8,75.7,drawn_off_screen,drawn_off_screen,,0,0,ok,ok,0.0,1,1,GO STRAIGHT,,1,0
6378,106.41,203.9,75.6,drawn_off_screen,drawn_off_screen,,0,0,ok,ok,0.0,1,1,GO STRAIGHT,,1,0
6381,106.46,203.9,75.4,drawn_off_screen,drawn_off_screen,,0,0,ok,ok,0.0,1,1,GO STRAIGHT,,1,0
6384,106.51,203.9,75.3,drawn_off_screen,drawn_off_screen,,0,0,ok,ok,0.0,1,1,GO STRAIGHT,,1,0
6387,106.56,203.9,75.1,drawn_off_screen,drawn_off_screen,,0,0,ok,ok,0.0,1,1,GO STRAIGHT,,1,0
6390,106.61,203.9,74.9,drawn_off_screen,drawn_off_screen,,0,0,ok,ok,0.0,1,1,GO STRAIGHT,,1,0
6393,106.66,203.9,74.7,drawn_off_screen,drawn_off_screen,,0,0,ok,ok,0.0,1,1,GO STRAIGHT,,1,0
6396,106.71,203.9,74.5,drawn_off_screen,drawn_off_screen,,0,0,ok,ok,0.0,1,1,GO STRAIGHT,,1,0
6399,106.76,203.9,74.3,drawn_off_screen,drawn_off_screen,,0,0,ok,ok,0.0,1,1,GO STRAIGHT,,1,0
6402,106.81,203.9,74.1,drawn_off_screen,drawn_off_screen,,0,0,ok,ok,0.0,1,1,GO STRAIGHT,,1,0
6405,106.86,203.9,73.9,drawn_off_screen,drawn_off_screen,,0,0,ok,ok,0.0,1,1,GO STRAIGHT,,1,0
6408,106.91,203.9,73.7,drawn_off_screen,drawn_off_screen,,0,0,ok,ok,0.0,1,1,GO STRAIGHT,,1,0
6411,106.96,203.9,73.5,drawn_off_screen,drawn_off_screen,,0,0,ok,ok,0.0,1,1,GO STRAIGHT,,1,0
6414,107.01,203.9,73.3,drawn_off_screen,drawn_off_screen,,0,0,ok,ok,0.0,1,1,GO STRAIGHT,,1,0
6417,107.06,203.8,73.1,drawn_off_screen,drawn_off_screen,,0,0,ok,ok,0.0,1,1,GO STRAIGHT,,1,0
6420,107.11,203.8,72.9,drawn_off_screen,drawn_off_screen,,0,0,ok,ok,0.0,1,1,GO STRAIGHT,,1,0
6423,107.16,203.8,72.7,drawn_off_screen,drawn_off_screen,,0,0,ok,ok,0.0,1,1,GO STRAIGHT,,1,0
6426,107.21,203.8,72.5,drawn_off_screen,drawn_off_screen,,0,0,ok,ok,0.0,1,1,GO STRAIGHT,,1,0
6429,107.26,203.8,72.3,drawn_off_screen,drawn_off_screen,,0,0,ok,ok,0.0,1,1,GO STRAIGHT,,1,0
6432,107.31,203.8,72.1,drawn_off_screen,drawn_off_screen,,0,0,ok,ok,0.0,1,1,GO STRAIGHT,,1,0
6435,107.36,203.8,71.9,drawn_off_screen,drawn_off_screen,,0,0,ok,ok,0.0,1,1,GO STRAIGHT,,1,0
6438,107.41,203.8,71.7,drawn_off_screen,drawn_off_screen,,0,0,ok,ok,0.0,1,1,GO STRAIGHT,,1,0
6441,107.46,203.7,71.6,drawn_off_screen,drawn_off_screen,,0,0,ok,ok,0.0,1,1,GO STRAIGHT,,1,0
6444,107.51,203.7,71.4,drawn_off_screen,drawn_off_screen,,0,0,ok,ok,0.0,1,1,GO STRAIGHT,,1,0
6447,107.56,203.7,71.2,drawn_off_screen,drawn_off_screen,,0,0,ok,ok,0.0,1,1,GO STRAIGHT,,1,0
6450,107.61,203.7,71.0,drawn_off_screen,drawn_off_screen,,0,0,ok,ok,0.0,1,1,GO STRAIGHT,,1,0
6453,107.66,203.6,70.8,drawn_off_screen,drawn_off_screen,,0,0,ok,ok,0.0,1,1,GO STRAIGHT,,1,0
6456,107.71,203.6,70.6,drawn_off_screen,drawn_off_screen,,0,0,ok,ok,0.0,1,1,GO STRAIGHT,,1,0
6459,107.76,203.6,70.4,drawn_off_screen,drawn_off_screen,,0,0,ok,ok,0.0,1,1,GO STRAIGHT,,1,0
6462,107.81,203.6,70.2,drawn_off_screen,drawn_off_screen,,0,0,ok,ok,0.0,1,1,GO STRAIGHT,,1,0
6465,107.86,203.6,70.0,drawn_off_screen,drawn_off_screen,,0,0,ok,ok,0.0,1,1,GO STRAIGHT,,1,0
6468,107.91,203.6,69.8,drawn_off_screen,drawn_off_screen,,0,0,ok,ok,0.0,1,1,GO STRAIGHT,,1,0
6471,107.96,203.6,69.6,drawn_off_screen,drawn_off_screen,,0,0,ok,ok,0.0,1,1,GO STRAIGHT,,1,0
6474,108.01,,,no_fix,no_fix,,0,0,no_fix,no_fix,,0,0,GO STRAIGHT,,0,0
6477,108.06,,,no_fix,no_fix,,0,0,no_fix,no_fix,,0,0,GO STRAIGHT,,0,0
6480,108.11,203.3,69.1,no_anchors,no_anchors,,0,0,no_anchors,no_anchors,,0,0,GO STRAIGHT,,0,0
6483,108.16,203.3,68.6,no_anchors,no_anchors,,0,0,no_anchors,no_anchors,,0,0,GO STRAIGHT,,0,0
6486,108.21,203.3,68.5,no_anchors,no_anchors,,0,0,no_anchors,no_anchors,,0,0,GO STRAIGHT,,0,0
6489,108.26,203.2,68.4,no_anchors,no_anchors,,0,0,no_anchors,no_anchors,,0,0,GO STRAIGHT,,0,0
6492,108.31,203.2,68.3,no_anchors,no_anchors,,0,0,no_anchors,no_anchors,,0,0,GO STRAIGHT,,0,0
6495,108.36,203.2,68.2,no_anchors,no_anchors,,0,0,no_anchors,no_anchors,,0,0,GO STRAIGHT,,0,0
6498,108.41,203.2,68.1,no_anchors,no_anchors,,0,0,no_anchors,no_anchors,,0,0,GO STRAIGHT,,0,0
6501,108.46,203.2,68.0,no_anchors,no_anchors,,0,0,no_anchors,no_anchors,,0,0,GO STRAIGHT,,0,0
6504,108.51,203.2,67.8,no_anchors,no_anchors,,0,0,no_anchors,no_anchors,,0,0,GO STRAIGHT,,0,0
6507,108.56,203.1,67.7,no_anchors,no_anchors,,0,0,no_anchors,no_anchors,,0,0,GO STRAIGHT,,0,0
6510,108.61,203.1,67.5,no_anchors,no_anchors,,0,0,no_anchors,no_anchors,,0,0,GO STRAIGHT,,0,0
6513,108.66,203.1,67.4,no_anchors,no_anchors,,0,0,no_anchors,no_anchors,,0,0,GO STRAIGHT,,0,0
6516,108.71,203.1,67.2,no_anchors,no_anchors,,0,0,no_anchors,no_anchors,,0,0,GO STRAIGHT,,0,0
6519,108.76,203.1,67.1,no_anchors,no_anchors,,0,0,no_anchors,no_anchors,,0,0,GO STRAIGHT,,0,0
6522,108.81,203.0,66.9,no_anchors,no_anchors,,0,0,no_anchors,no_anchors,,0,0,GO STRAIGHT,,0,0
6525,108.86,203.0,66.7,no_anchors,no_anchors,,0,0,no_anchors,no_anchors,,0,0,GO STRAIGHT,,0,0
6528,108.91,203.0,66.6,no_anchors,no_anchors,,0,0,no_anchors,no_anchors,,0,0,GO STRAIGHT,,0,0
6531,108.96,203.0,66.4,no_anchors,no_anchors,,0,0,no_anchors,no_anchors,,0,0,GO STRAIGHT,,0,0
6534,109.01,202.9,66.2,no_anchors,no_anchors,,0,0,no_anchors,no_anchors,,0,0,GO STRAIGHT,,0,0
6537,109.06,202.9,66.0,no_anchors,no_anchors,,0,0,no_anchors,no_anchors,,0,0,GO STRAIGHT,,0,0
6540,109.11,202.9,65.8,no_anchors,no_anchors,,0,0,no_anchors,no_anchors,,0,0,GO STRAIGHT,,0,0
6543,109.16,202.8,65.7,no_anchors,no_anchors,,0,0,no_anchors,no_anchors,,0,0,GO STRAIGHT,,0,0
6546,109.21,202.8,65.5,no_anchors,no_anchors,,0,0,no_anchors,no_anchors,,0,0,GO STRAIGHT,,0,0
6549,109.26,202.8,65.3,no_anchors,no_anchors,,0,0,no_anchors,no_anchors,,0,0,GO STRAIGHT,,0,0
6552,109.31,202.8,65.1,no_anchors,no_anchors,,0,0,no_anchors,no_anchors,,0,0,GO STRAIGHT,,0,0
6555,109.36,202.8,64.9,no_anchors,no_anchors,,0,0,no_anchors,no_anchors,,0,0,GO STRAIGHT,,0,0
6558,109.41,202.7,64.7,no_anchors,no_anchors,,0,0,no_anchors,no_anchors,,0,0,GO STRAIGHT,,0,0
6561,109.46,202.7,64.5,no_anchors,no_anchors,,0,0,no_anchors,no_anchors,,0,0,GO STRAIGHT,,0,0
6564,109.51,202.7,64.3,no_anchors,no_anchors,,0,0,no_anchors,no_anchors,,0,0,GO STRAIGHT,,0,0
6567,109.56,202.7,64.1,no_anchors,no_anchors,,0,0,no_anchors,no_anchors,,0,0,GO STRAIGHT,,0,0
6570,109.61,202.6,63.9,no_anchors,no_anchors,,0,0,no_anchors,no_anchors,,0,0,GO STRAIGHT,,0,0
6573,109.66,202.6,63.7,no_anchors,no_anchors,,0,0,no_anchors,no_anchors,,0,0,GO STRAIGHT,,0,0
6576,109.71,202.6,63.5,no_anchors,no_anchors,,0,0,no_anchors,no_anchors,,0,0,GO STRAIGHT,,0,0
6579,109.76,202.6,63.3,no_anchors,no_anchors,,0,0,no_anchors,no_anchors,,0,0,GO STRAIGHT,,0,0
6582,109.81,202.6,63.1,no_anchors,no_anchors,,0,0,no_anchors,no_anchors,,0,0,GO STRAIGHT,,0,0
6585,109.86,202.6,62.9,no_anchors,no_anchors,,0,0,no_anchors,no_anchors,,0,0,GO STRAIGHT,,0,0
6588,109.91,202.6,62.7,no_anchors,no_anchors,,0,0,no_anchors,no_anchors,,0,0,GO STRAIGHT,,0,0
6591,109.96,202.6,62.5,no_anchors,no_anchors,,0,0,no_anchors,no_anchors,,0,0,GO STRAIGHT,,0,0
6594,110.01,202.6,62.3,no_anchors,no_anchors,,0,0,no_anchors,no_anchors,,0,0,GO STRAIGHT,,0,0
6597,110.06,202.5,62.1,no_anchors,no_anchors,,0,0,no_anchors,no_anchors,,0,0,GO STRAIGHT,,0,0
6600,110.11,202.5,61.9,no_anchors,no_anchors,,0,0,no_anchors,no_anchors,,0,0,GO STRAIGHT,,0,0
6603,110.16,202.5,61.7,no_anchors,no_anchors,,0,0,no_anchors,no_anchors,,0,0,GO STRAIGHT,,0,0
6606,110.21,202.5,61.5,no_anchors,no_anchors,,0,0,no_anchors,no_anchors,,0,0,GO STRAIGHT,,0,0
6609,110.26,202.5,61.3,no_anchors,no_anchors,,0,0,no_anchors,no_anchors,,0,0,GO STRAIGHT,,0,0
6612,110.31,202.5,61.1,no_anchors,no_anchors,,0,0,no_anchors,no_anchors,,0,0,GO STRAIGHT,,0,0
6615,110.36,202.5,60.8,no_anchors,no_anchors,,0,0,no_anchors,no_anchors,,0,0,GO STRAIGHT,,0,0
6618,110.41,202.5,60.6,no_anchors,no_anchors,,0,0,no_anchors,no_anchors,,0,0,GO STRAIGHT,,0,0
6621,110.46,202.5,60.4,no_anchors,no_anchors,,0,0,no_anchors,no_anchors,,0,0,GO STRAIGHT,,0,0
6624,110.51,202.5,60.2,no_anchors,no_anchors,,0,0,no_anchors,no_anchors,,0,0,GO STRAIGHT,,0,0
6627,110.56,202.5,60.1,no_anchors,no_anchors,,0,0,no_anchors,no_anchors,,0,0,GO STRAIGHT,,0,0
6630,110.61,202.5,59.8,no_anchors,no_anchors,,0,0,no_anchors,no_anchors,,0,0,GO STRAIGHT,,0,0
6633,110.66,202.5,59.6,no_anchors,no_anchors,,0,0,no_anchors,no_anchors,,0,0,GO STRAIGHT,,0,0
6636,110.71,202.5,59.4,no_anchors,no_anchors,,0,0,no_anchors,no_anchors,,0,0,GO STRAIGHT,,0,0
6639,110.76,202.5,59.2,no_anchors,no_anchors,,0,0,no_anchors,no_anchors,,0,0,GO STRAIGHT,,0,0
6642,110.81,202.5,59.0,no_anchors,no_anchors,,0,0,no_anchors,no_anchors,,0,0,GO STRAIGHT,,0,0
6645,110.86,202.5,58.8,no_anchors,no_anchors,,0,0,no_anchors,no_anchors,,0,0,GO STRAIGHT,,0,0
6648,110.91,202.5,58.6,no_anchors,no_anchors,,0,0,no_anchors,no_anchors,,0,0,GO STRAIGHT,,0,0
6651,110.96,202.4,58.4,no_anchors,no_anchors,,0,0,no_anchors,no_anchors,,0,0,GO STRAIGHT,,0,0
6654,111.01,202.5,58.2,no_anchors,no_anchors,,0,0,no_anchors,no_anchors,,0,0,GO STRAIGHT,,0,0
6657,111.06,202.4,58.0,no_anchors,no_anchors,,0,0,no_anchors,no_anchors,,0,0,GO STRAIGHT,,0,0
6660,111.11,202.4,57.8,no_anchors,no_anchors,,0,0,no_anchors,no_anchors,,0,0,YOU HAVE ARRIVED,0.0,1,1
