frame,source_frame,output_frame,t,source_t,output_t,x,y,reason_shipping,reason_shipping_raw,held_shipping_s,n_shipping,visible_shipping,reason_v2,reason_v2_raw,held_v2_s,n_v2,visible_v2,instruction,turn_distance_px,pin_visible,arrived,map_route_points,map_pose_visible,map_heading
0,0,0,0.0,0.0,0.0,,,no_fix,no_fix,,0,0,no_fix,no_fix,,0,0,GO STRAIGHT,,0,0,0,0,
3,3,1,0.05,0.05,0.05,,,no_fix,no_fix,,0,0,no_fix,no_fix,,0,0,GO STRAIGHT,,0,0,0,0,
6,6,2,0.1,0.1,0.1,286.0,458.9,floor_not_visible,floor_not_visible,,0,0,no_ribbon,no_ribbon,,0,0,GO STRAIGHT,,0,0,12,1,9.6
9,9,3,0.15,0.15,0.15,286.1,458.9,floor_not_visible,floor_not_visible,,0,0,no_ribbon,no_ribbon,,0,0,GO STRAIGHT,,0,0,12,1,9.7
12,12,4,0.2,0.2,0.2,286.0,458.9,floor_not_visible,floor_not_visible,,0,0,no_ribbon,no_ribbon,,0,0,GO STRAIGHT,,0,0,12,1,9.5
15,15,5,0.25,0.25,0.25,286.0,459.0,floor_not_visible,floor_not_visible,,0,0,no_ribbon,no_ribbon,,0,0,GO STRAIGHT,,0,0,12,1,9.3
18,18,6,0.3,0.3,0.3,286.0,459.0,floor_not_visible,floor_not_visible,,0,0,no_ribbon,no_ribbon,,0,0,GO STRAIGHT,,0,0,12,1,9.5
21,21,7,0.35,0.35,0.35,286.0,459.0,floor_not_visible,floor_not_visible,,0,0,no_ribbon,no_ribbon,,0,0,GO STRAIGHT,,0,0,12,1,9.6
24,24,8,0.4,0.4,0.4,286.0,459.0,floor_not_visible,floor_not_visible,,0,0,no_ribbon,no_ribbon,,0,0,GO STRAIGHT,,0,0,12,1,9.8
27,27,9,0.45,0.45,0.45,286.0,459.0,floor_not_visible,floor_not_visible,,0,0,no_ribbon,no_ribbon,,0,0,GO STRAIGHT,,0,0,12,1,10.0
30,30,10,0.5,0.501,0.5,286.0,459.0,floor_not_visible,floor_not_visible,,0,0,no_ribbon,no_ribbon,,0,0,GO STRAIGHT,,0,0,12,1,10.1
33,33,11,0.55,0.551,0.55,286.0,459.0,floor_not_visible,floor_not_visible,,0,0,no_ribbon,no_ribbon,,0,0,GO STRAIGHT,,0,0,12,1,10.0
36,36,12,0.6,0.601,0.6,286.0,459.0,floor_not_visible,floor_not_visible,,0,0,no_ribbon,no_ribbon,,0,0,GO STRAIGHT,,0,0,12,1,10.0
39,39,13,0.65,0.651,0.65,286.1,459.0,floor_not_visible,floor_not_visible,,0,0,no_ribbon,no_ribbon,,0,0,GO STRAIGHT,,0,0,12,1,10.1
42,42,14,0.7,0.701,0.7,286.1,459.0,floor_not_visible,floor_not_visible,,0,0,no_ribbon,no_ribbon,,0,0,GO STRAIGHT,,0,0,12,1,10.2
45,45,15,0.75,0.751,0.75,286.1,459.1,floor_not_visible,floor_not_visible,,0,0,no_ribbon,no_ribbon,,0,0,GO STRAIGHT,,0,0,12,1,10.3
48,48,16,0.8,0.801,0.8,286.2,459.1,floor_not_visible,floor_not_visible,,0,0,no_ribbon,no_ribbon,,0,0,GO STRAIGHT,,0,0,12,1,10.3
51,51,17,0.85,0.851,0.85,286.2,459.1,floor_not_visible,floor_not_visible,,0,0,no_ribbon,no_ribbon,,0,0,GO STRAIGHT,,0,0,12,1,10.5
54,54,18,0.9,0.901,0.9,286.3,459.1,floor_not_visible,floor_not_visible,,0,0,no_ribbon,no_ribbon,,0,0,GO STRAIGHT,,0,0,12,1,10.6
57,57,19,0.95,0.951,0.95,286.3,459.1,floor_not_visible,floor_not_visible,,0,0,no_ribbon,no_ribbon,,0,0,GO STRAIGHT,,0,0,12,1,10.1
60,60,20,1.0,1.001,1.0,286.4,459.2,floor_not_visible,floor_not_visible,,0,0,no_ribbon,no_ribbon,,0,0,GO STRAIGHT,,0,0,12,1,9.5
63,63,21,1.05,1.051,1.05,286.4,459.2,floor_not_visible,floor_not_visible,,0,0,no_ribbon,no_ribbon,,0,0,GO STRAIGHT,,0,0,12,1,9.1
66,66,22,1.1,1.101,1.1,286.5,459.2,floor_not_visible,floor_not_visible,,0,0,no_ribbon,no_ribbon,,0,0,GO STRAIGHT,,0,0,12,1,8.8
69,69,23,1.15,1.151,1.15,286.6,459.2,floor_not_visible,floor_not_visible,,0,0,no_ribbon,no_ribbon,,0,0,GO STRAIGHT,,0,0,12,1,8.6
72,72,24,1.2,1.201,1.2,286.6,459.2,floor_not_visible,floor_not_visible,,0,0,no_ribbon,no_ribbon,,0,0,GO STRAIGHT,,0,0,12,1,8.6
75,75,25,1.25,1.251,1.25,286.7,459.2,floor_not_visible,floor_not_visible,,0,0,no_ribbon,no_ribbon,,0,0,GO STRAIGHT,,0,0,12,1,8.8
78,78,26,1.3,1.301,1.3,286.8,459.2,floor_not_visible,floor_not_visible,,0,0,no_ribbon,no_ribbon,,0,0,GO STRAIGHT,,0,0,12,1,9.0
81,81,27,1.35,1.351,1.35,286.9,459.3,floor_not_visible,floor_not_visible,,0,0,no_ribbon,no_ribbon,,0,0,GO STRAIGHT,,0,0,12,1,9.3
84,84,28,1.4,1.401,1.4,287.0,459.3,floor_not_visible,floor_not_visible,,0,0,no_ribbon,no_ribbon,,0,0,GO STRAIGHT,,0,0,12,1,9.7
87,87,29,1.45,1.451,1.45,287.0,459.3,floor_not_visible,floor_not_visible,,0,0,no_ribbon,no_ribbon,,0,0,GO STRAIGHT,,0,0,12,1,10.2
90,90,30,1.5,1.502,1.5,287.2,459.3,floor_not_visible,floor_not_visible,,0,0,no_ribbon,no_ribbon,,0,0,GO STRAIGHT,,0,0,12,1,11.1
93,93,31,1.55,1.552,1.55,287.2,459.3,floor_not_visible,floor_not_visible,,0,0,no_ribbon,no_ribbon,,0,0,GO STRAIGHT,,0,0,12,1,11.9
96,96,32,1.6,1.602,1.6,287.4,459.3,floor_not_visible,floor_not_visible,,0,0,no_ribbon,no_ribbon,,0,0,GO STRAIGHT,,0,0,12,1,13.0
99,99,33,1.65,1.652,1.65,287.5,459.3,floor_not_visible,floor_not_visible,,0,0,no_ribbon,no_ribbon,,0,0,GO STRAIGHT,,0,0,12,1,14.3
102,102,34,1.7,1.702,1.7,287.6,459.3,floor_not_visible,floor_not_visible,,0,0,no_ribbon,no_ribbon,,0,0,GO STRAIGHT,,0,0,12,1,15.8
105,105,35,1.75,1.752,1.75,287.8,459.3,floor_not_visible,floor_not_visible,,0,0,no_ribbon,no_ribbon,,0,0,GO STRAIGHT,,0,0,12,1,17.5
108,108,36,1.8,1.802,1.8,287.9,459.3,floor_not_visible,floor_not_visible,,0,0,no_ribbon,no_ribbon,,0,0,GO STRAIGHT,,0,0,12,1,19.5
111,111,37,1.85,1.852,1.85,288.0,459.3,floor_not_visible,floor_not_visible,,0,0,no_ribbon,no_ribbon,,0,0,GO STRAIGHT,,0,0,12,1,21.5
114,114,38,1.9,1.902,1.9,288.2,459.3,floor_not_visible,floor_not_visible,,0,0,no_ribbon,no_ribbon,,0,0,GO STRAIGHT,,0,0,12,1,23.5
117,117,39,1.95,1.952,1.95,288.3,459.3,floor_not_visible,floor_not_visible,,0,0,no_ribbon,no_ribbon,,0,0,GO STRAIGHT,,0,0,12,1,25.5
120,120,40,2.0,2.002,2.0,288.4,459.3,floor_not_visible,floor_not_visible,,0,0,no_ribbon,no_ribbon,,0,0,GO STRAIGHT,,0,0,12,1,27.7
123,123,41,2.05,2.052,2.05,288.5,459.3,floor_not_visible,floor_not_visible,,0,0,no_ribbon,no_ribbon,,0,0,GO STRAIGHT,,0,0,12,1,29.7
126,126,42,2.1,2.102,2.1,288.7,459.4,floor_not_visible,floor_not_visible,,0,0,no_ribbon,no_ribbon,,0,0,GO STRAIGHT,,0,0,12,1,31.4
129,129,43,2.15,2.152,2.15,288.8,459.4,floor_not_visible,floor_not_visible,,0,0,no_ribbon,no_ribbon,,0,0,GO STRAIGHT,,0,0,12,1,33.2
132,132,44,2.2,2.202,2.2,288.9,459.4,floor_not_visible,floor_not_visible,,0,0,no_ribbon,no_ribbon,,0,0,GO STRAIGHT,,0,0,12,1,34.9
135,135,45,2.25,2.252,2.25,288.9,459.4,floor_not_visible,floor_not_visible,,0,0,no_ribbon,no_ribbon,,0,0,GO STRAIGHT,,0,0,12,1,36.3
138,138,46,2.3,2.302,2.3,289.0,459.4,floor_not_visible,floor_not_visible,,0,0,nothing_visible,nothing_visible,,0,0,GO STRAIGHT,,0,0,12,1,38.2
141,141,47,2.35,2.352,2.35,289.1,459.5,floor_not_visible,floor_not_visible,,0,0,nothing_visible,nothing_visible,,0,0,GO STRAIGHT,,0,0,12,1,39.8
144,144,48,2.4,2.402,2.4,289.2,459.5,floor_not_visible,floor_not_visible,,0,0,nothing_visible,nothing_visible,,0,0,GO STRAIGHT,,0,0,12,1,41.6
147,147,49,2.45,2.452,2.45,289.3,459.5,floor_not_visible,floor_not_visible,,0,0,nothing_visible,nothing_visible,,0,0,GO STRAIGHT,,0,0,12,1,43.2
150,150,50,2.5,2.503,2.5,289.3,459.6,floor_not_visible,floor_not_visible,,0,0,nothing_visible,nothing_visible,,0,0,GO STRAIGHT,,0,0,12,1,44.7
153,153,51,2.55,2.553,2.55,289.4,459.6,floor_not_visible,floor_not_visible,,0,0,nothing_visible,nothing_visible,,0,0,GO STRAIGHT,,0,0,12,1,46.5
156,156,52,2.6,2.603,2.6,289.4,459.7,floor_not_visible,floor_not_visible,,0,0,nothing_visible,nothing_visible,,0,0,GO STRAIGHT,,0,0,12,1,48.0
159,159,53,2.65,2.653,2.65,289.4,459.8,floor_not_visible,floor_not_visible,,0,0,ok,ok,0.0,0,1,GO STRAIGHT,,0,0,12,1,49.7
162,162,54,2.7,2.703,2.7,289.5,459.8,floor_not_visible,floor_not_visible,,0,0,ok,ok,0.0,0,1,GO STRAIGHT,,0,0,12,1,51.4
165,165,55,2.75,2.753,2.75,289.5,459.9,floor_not_visible,floor_not_visible,,0,0,ok,ok,0.0,0,1,GO STRAIGHT,,0,0,12,1,53.5
168,168,56,2.8,2.803,2.8,289.5,459.9,floor_not_visible,floor_not_visible,,0,0,ok,ok,0.0,0,1,GO STRAIGHT,,0,0,12,1,55.3
171,171,57,2.85,2.853,2.85,289.5,460.0,floor_not_visible,floor_not_visible,,0,0,ok,ok,0.0,0,1,GO STRAIGHT,,0,0,12,1,57.3
174,174,58,2.9,2.903,2.9,289.6,460.0,floor_not_visible,floor_not_visible,,0,0,ok,ok,0.0,0,1,GO STRAIGHT,,0,0,12,1,59.5
177,177,59,2.95,2.953,2.95,289.6,460.1,floor_not_visible,floor_not_visible,,0,0,ok,ok,0.0,0,1,GO STRAIGHT,,0,0,12,1,60.7
180,180,60,3.0,3.003,3.0,289.6,460.2,floor_not_visible,floor_not_visible,,0,0,ok,ok,0.0,0,1,GO STRAIGHT,,0,0,12,1,61.5
183,183,61,3.05,3.053,3.05,289.6,460.3,floor_not_visible,floor_not_visible,,0,0,ok,ok,0.0,0,1,GO STRAIGHT,,0,0,12,1,62.0
186,186,62,3.1,3.103,3.1,289.7,460.4,floor_not_visible,floor_not_visible,,0,0,ok,ok,0.0,0,1,GO STRAIGHT,,0,0,12,1,62.6
189,189,63,3.15,3.153,3.15,289.7,460.4,floor_not_visible,floor_not_visible,,0,0,ok,ok,0.0,0,1,GO STRAIGHT,,0,0,12,1,63.2
192,192,64,3.2,3.203,3.2,289.8,460.5,floor_not_visible,floor_not_visible,,0,0,ok,ok,0.0,0,1,GO STRAIGHT,,0,0,12,1,63.8
195,195,65,3.25,3.253,3.25,289.8,460.6,floor_not_visible,floor_not_visible,,0,0,ok,ok,0.0,0,1,GO STRAIGHT,,0,0,12,1,63.8
198,198,66,3.3,3.303,3.3,289.8,460.7,floor_not_visible,floor_not_visible,,0,0,ok,ok,0.0,0,1,GO STRAIGHT,,0,0,12,1,63.5
201,201,67,3.35,3.353,3.35,289.8,460.7,floor_not_visible,floor_not_visible,,0,0,ok,ok,0.0,0,1,GO STRAIGHT,,0,0,12,1,63.8
204,204,68,3.4,3.403,3.4,289.9,460.8,floor_not_visible,floor_not_visible,,0,0,ok,ok,0.0,0,1,GO STRAIGHT,,0,0,12,1,63.7
207,207,69,3.45,3.453,3.45,290.0,460.8,floor_not_visible,floor_not_visible,,0,0,ok,ok,0.0,0,1,GO STRAIGHT,,0,0,12,1,64.4
210,210,70,3.5,3.504,3.5,290.0,461.0,floor_not_visible,floor_not_visible,,0,0,ok,ok,0.0,0,1,GO STRAIGHT,,0,0,12,1,63.0
213,213,71,3.55,3.554,3.55,290.1,461.0,floor_not_visible,floor_not_visible,,0,0,ok,ok,0.0,0,1,GO STRAIGHT,,0,0,12,1,63.0
216,216,72,3.6,3.604,3.6,290.0,461.1,floor_not_visible,floor_not_visible,,0,0,ok,ok,0.0,0,1,GO STRAIGHT,,0,0,12,1,61.2
219,219,73,3.65,3.654,3.65,290.0,461.3,floor_not_visible,floor_not_visible,,0,0,ok,ok,0.0,0,1,GO STRAIGHT,,0,0,12,1,60.1
222,222,74,3.7,3.704,3.7,290.0,461.4,floor_not_visible,floor_not_visible,,0,0,ok,ok,0.0,0,1,GO STRAIGHT,,0,0,12,1,59.4
225,225,75,3.75,3.754,3.75,290.1,461.5,floor_not_visible,floor_not_visible,,0,0,ok,ok,0.0,0,1,GO STRAIGHT,,0,0,12,1,58.5
228,228,76,3.8,3.804,3.8,290.1,461.6,floor_not_visible,floor_not_visible,,0,0,ok,ok,0.0,0,1,GO STRAIGHT,,0,0,12,1,57.5
231,231,77,3.85,3.854,3.85,290.2,461.7,floor_not_visible,floor_not_visible,,0,0,ok,ok,0.0,0,1,GO STRAIGHT,,0,0,12,1,56.5
234,234,78,3.9,3.904,3.9,290.2,461.8,floor_not_visible,floor_not_visible,,0,0,ok,ok,0.0,0,1,GO STRAIGHT,,0,0,12,1,55.3
237,237,79,3.95,3.954,3.95,290.3,461.9,floor_not_visible,floor_not_visible,,0,0,ok,ok,0.0,0,1,GO STRAIGHT,,0,0,12,1,54.0
240,240,80,4.0,4.004,4.0,290.4,462.1,floor_not_visible,floor_not_visible,,0,0,ok,ok,0.0,0,1,GO STRAIGHT,,0,0,12,1,52.7
243,243,81,4.05,4.054,4.05,290.4,462.1,floor_not_visible,floor_not_visible,,0,0,ok,ok,0.0,0,1,GO STRAIGHT,,0,0,12,1,52.0
246,246,82,4.1,4.104,4.1,290.5,462.2,floor_not_visible,floor_not_visible,,0,0,ok,ok,0.0,0,1,GO STRAIGHT,,0,0,12,1,51.1
249,249,83,4.15,4.154,4.15,290.5,462.4,floor_not_visible,floor_not_visible,,0,0,ok,ok,0.0,0,1,GO STRAIGHT,,0,0,12,1,49.2
252,252,84,4.2,4.204,4.2,290.6,462.5,floor_not_visible,floor_not_visible,,0,0,ok,ok,0.0,0,1,GO STRAIGHT,,0,0,12,1,48.3
255,255,85,4.25,4.254,4.25,290.8,462.6,floor_not_visible,floor_not_visible,,0,0,ok,ok,0.0,0,1,GO STRAIGHT,,0,0,12,1,48.3
258,258,86,4.3,4.304,4.3,290.8,462.7,floor_not_visible,floor_not_visible,,0,0,ok,ok,0.0,0,1,GO STRAIGHT,,0,0,12,1,46.8
261,261,87,4.35,4.354,4.35,290.9,462.8,floor_not_visible,floor_not_visible,,0,0,ok,ok,0.0,0,1,GO STRAIGHT,,0,0,12,1,45.4
264,264,88,4.4,4.404,4.4,290.9,462.9,floor_not_visible,floor_not_visible,,0,0,ok,ok,0.0,0,1,GO STRAIGHT,,0,0,12,1,43.7
267,267,89,4.45,4.454,4.45,291.0,463.0,floor_not_visible,floor_not_visible,,0,0,ok,ok,0.0,0,1,GO STRAIGHT,,0,0,12,1,42.1
270,270,90,4.5,4.505,4.5,291.1,463.1,floor_not_visible,floor_not_visible,,0,0,ok,ok,0.0,0,1,GO STRAIGHT,,0,0,12,1,40.6
273,273,91,4.55,4.555,4.55,291.1,463.2,floor_not_visible,floor_not_visible,,0,0,ok,ok,0.0,0,1,GO STRAIGHT,,0,0,12,1,38.4
276,276,92,4.6,4.605,4.6,291.2,463.3,floor_not_visible,floor_not_visible,,0,0,ok,ok,0.0,0,1,GO STRAIGHT,,0,0,12,1,36.3
279,279,93,4.65,4.655,4.65,291.2,463.4,floor_not_visible,floor_not_visible,,0,0,ok,ok,0.0,0,1,GO STRAIGHT,,0,0,12,1,34.3
282,282,94,4.7,4.705,4.7,291.3,463.4,floor_not_visible,floor_not_visible,,0,0,ok,ok,0.0,0,1,GO STRAIGHT,,0,0,12,1,32.7
285,285,95,4.75,4.755,4.75,291.4,463.5,floor_not_visible,floor_not_visible,,0,0,ok,ok,0.0,0,1,GO STRAIGHT,,0,0,12,1,30.1
288,288,96,4.8,4.805,4.8,291.4,463.6,floor_not_visible,floor_not_visible,,0,0,ok,ok,0.0,0,1,GO STRAIGHT,,0,0,12,1,27.4
291,291,97,4.85,4.855,4.85,291.5,463.7,floor_not_visible,floor_not_visible,,0,0,hold_nothing_visible,nothing_visible,0.05,0,1,GO STRAIGHT,,0,0,12,1,25.3
294,294,98,4.9,4.905,4.9,291.6,463.7,floor_not_visible,floor_not_visible,,0,0,hold_nothing_visible,nothing_visible,0.1,0,1,GO STRAIGHT,,0,0,12,1,23.9
297,297,99,4.95,4.955,4.95,291.6,463.9,floor_not_visible,floor_not_visible,,0,0,hold_no_ribbon,no_ribbon,0.15,0,1,GO STRAIGHT,,0,0,12,1,21.5
300,300,100,5.01,5.005,5.0,291.7,463.8,floor_not_visible,floor_not_visible,,0,0,hold_no_ribbon,no_ribbon,0.2,0,1,GO STRAIGHT,,0,0,12,1,20.6
303,303,101,5.06,5.055,5.05,291.7,463.9,high_reproj_error,high_reproj_error,,0,0,hold_high_reproj_error,high_reproj_error,0.25,0,1,GO STRAIGHT,,0,0,12,1,19.3
306,306,102,5.11,5.105,5.1,291.8,463.9,high_reproj_error,high_reproj_error,,0,0,hold_high_reproj_error,high_reproj_error,0.3,0,1,GO STRAIGHT,,0,0,12,1,17.0
309,309,103,5.16,5.155,5.15,291.8,464.1,floor_not_visible,floor_not_visible,,0,0,hold_no_ribbon,no_ribbon,0.35,0,1,GO STRAIGHT,,0,0,12,1,14.2
312,312,104,5.21,5.205,5.2,291.8,464.2,high_reproj_error,high_reproj_error,,0,0,hold_high_reproj_error,high_reproj_error,0.4,0,1,GO STRAIGHT,,0,0,12,1,11.8
315,315,105,5.26,5.255,5.25,291.9,464.2,floor_not_visible,floor_not_visible,,0,0,hold_no_ribbon,no_ribbon,0.45,0,1,GO STRAIGHT,,0,0,12,1,10.5
318,318,106,5.31,5.305,5.3,291.9,464.3,floor_not_visible,floor_not_visible,,0,0,hold_no_ribbon,no_ribbon,0.501,0,1,GO STRAIGHT,,0,0,12,1,7.5
321,321,107,5.36,5.355,5.35,291.9,464.3,floor_not_visible,floor_not_visible,,0,0,hold_no_ribbon,no_ribbon,0.551,0,1,GO STRAIGHT,,0,0,12,1,7.0
324,324,108,5.41,5.405,5.4,292.0,464.3,floor_not_visible,floor_not_visible,,0,0,hold_no_ribbon,no_ribbon,0.601,0,1,GO STRAIGHT,,0,0,12,1,4.0
327,327,109,5.46,5.455,5.45,292.0,464.4,floor_not_visible,floor_not_visible,,0,0,hold_no_ribbon,no_ribbon,0.651,0,1,GO STRAIGHT,,0,0,12,1,1.2
330,330,110,5.51,5.506,5.5,292.1,464.6,floor_not_visible,floor_not_visible,,0,0,hold_no_ribbon,no_ribbon,0.701,0,1,GO STRAIGHT,,0,0,12,1,358.5
333,333,111,5.56,5.556,5.55,292.2,464.6,floor_not_visible,floor_not_visible,,0,0,ok,ok,0.0,0,1,GO STRAIGHT,,0,0,12,1,356.3
336,336,112,5.61,5.606,5.6,292.2,464.6,floor_not_visible,floor_not_visible,,0,0,ok,ok,0.0,0,1,GO STRAIGHT,,0,0,12,1,355.1
339,339,113,5.66,5.656,5.65,292.3,464.7,floor_not_visible,floor_not_visible,,0,0,ok,ok,0.0,0,1,GO STRAIGHT,,0,0,12,1,353.4
342,342,114,5.71,5.706,5.7,292.4,464.6,floor_not_visible,floor_not_visible,,0,0,ok,ok,0.0,0,1,GO STRAIGHT,,0,0,12,1,352.3
345,345,115,5.76,5.756,5.75,292.5,464.7,floor_not_visible,floor_not_visible,,0,0,ok,ok,0.0,0,1,GO STRAIGHT,,0,0,12,1,350.2
348,348,116,5.81,5.806,5.8,292.6,464.7,floor_not_visible,floor_not_visible,,0,0,ok,ok,0.0,0,1,GO STRAIGHT,,0,0,12,1,349.0
351,351,117,5.86,5.856,5.85,292.7,464.7,floor_not_visible,floor_not_visible,,0,0,ok,ok,0.0,0,1,GO STRAIGHT,,0,0,12,1,347.4
354,354,118,5.91,5.906,5.9,292.8,464.7,floor_not_visible,floor_not_visible,,0,0,ok,ok,0.0,0,1,GO STRAIGHT,,0,0,12,1,346.4
357,357,119,5.96,5.956,5.95,292.9,464.6,floor_not_visible,floor_not_visible,,0,0,ok,ok,0.0,0,1,GO STRAIGHT,,0,0,12,1,345.5
360,360,120,6.01,6.006,6.0,293.0,464.6,floor_not_visible,floor_not_visible,,0,0,ok,ok,0.0,0,1,GO STRAIGHT,,0,0,12,1,344.2
363,363,121,6.06,6.056,6.05,293.1,464.6,floor_not_visible,floor_not_visible,,0,0,ok,ok,0.0,0,1,GO STRAIGHT,,0,0,12,1,343.0
366,366,122,6.11,6.106,6.1,293.2,464.5,floor_not_visible,floor_not_visible,,0,0,ok,ok,0.0,0,1,GO STRAIGHT,,0,0,12,1,341.7
369,369,123,6.16,6.156,6.15,293.3,464.5,floor_not_visible,floor_not_visible,,0,0,ok,ok,0.0,0,1,GO STRAIGHT,,0,0,12,1,339.6
372,372,124,6.21,6.206,6.2,293.4,464.5,floor_not_visible,floor_not_visible,,0,0,ok,ok,0.0,0,1,GO STRAIGHT,,0,0,12,1,337.7
375,375,125,6.26,6.256,6.25,293.4,464.5,floor_not_visible,floor_not_visible,,0,0,ok,ok,0.0,0,1,GO STRAIGHT,,0,0,12,1,336.0
378,378,126,6.31,6.306,6.3,293.5,464.5,floor_not_visible,floor_not_visible,,0,0,ok,ok,0.0,0,1,GO STRAIGHT,,0,0,12,1,334.2
381,381,127,6.36,6.356,6.35,293.6,464.5,floor_not_visible,floor_not_visible,,0,0,ok,ok,0.0,0,1,GO STRAIGHT,,0,0,12,1,332.4
384,384,128,6.41,6.406,6.4,293.7,464.5,floor_not_visible,floor_not_visible,,0,0,ok,ok,0.0,0,1,GO STRAIGHT,,0,0,12,1,330.4
387,387,129,6.46,6.456,6.45,293.8,464.4,floor_not_visible,floor_not_visible,,0,0,ok,ok,0.0,0,1,GO STRAIGHT,,0,0,12,1,329.4
390,390,130,6.51,6.507,6.5,293.9,464.3,floor_not_visible,floor_not_visible,,0,0,ok,ok,0.0,0,1,GO STRAIGHT,,0,0,12,1,326.9
393,393,131,6.56,6.557,6.55,294.0,464.3,floor_not_visible,floor_not_visible,,0,0,ok,ok,0.0,0,1,GO STRAIGHT,,0,0,12,1,324.6
396,396,132,6.61,6.607,6.6,294.1,464.3,floor_not_visible,floor_not_visible,,0,0,ok,ok,0.0,0,1,GO STRAIGHT,,0,0,12,1,322.2
399,399,133,6.66,6.657,6.65,294.3,464.3,floor_not_visible,floor_not_visible,,0,0,ok,ok,0.0,0,1,GO STRAIGHT,,0,0,12,1,319.9
402,402,134,6.71,6.707,6.7,294.4,464.2,floor_not_visible,floor_not_visible,,0,0,ok,ok,0.0,0,1,GO STRAIGHT,,0,0,12,1,317.5
405,405,135,6.76,6.757,6.75,294.5,464.2,floor_not_visible,floor_not_visible,,0,0,ok,ok,0.0,0,1,GO STRAIGHT,,0,0,12,1,315.2
408,408,136,6.81,6.807,6.8,294.6,464.1,floor_not_visible,floor_not_visible,,0,0,ok,ok,0.0,0,1,GO STRAIGHT,,0,0,12,1,312.9
411,411,137,6.86,6.857,6.85,294.7,464.1,floor_not_visible,floor_not_visible,,0,0,ok,ok,0.0,0,1,GO STRAIGHT,,0,0,12,1,310.6
414,414,138,6.91,6.907,6.9,294.8,464.0,floor_not_visible,floor_not_visible,,0,0,ok,ok,0.0,0,1,GO STRAIGHT,,0,0,12,1,308.6
417,417,139,6.96,6.957,6.95,294.8,464.0,ok,ok,0.0,12,1,ok,ok,0.0,6,1,GO STRAIGHT,,0,0,12,1,306.5
420,420,140,7.01,7.007,7.0,295.0,463.9,ok,ok,0.0,12,1,ok,ok,0.0,6,1,GO STRAIGHT,,0,0,12,1,304.3
423,423,141,7.06,7.057,7.05,295.0,463.8,ok,ok,0.0,12,1,ok,ok,0.0,6,1,GO STRAIGHT,,0,0,12,1,302.4
426,426,142,7.11,7.107,7.1,295.1,463.8,ok,ok,0.0,10,1,ok,ok,0.0,6,1,GO STRAIGHT,,0,0,12,1,300.3
429,429,143,7.16,7.157,7.15,295.2,463.7,ok,ok,0.0,12,1,ok,ok,0.0,6,1,GO STRAIGHT,,0,0,12,1,298.4
432,432,144,7.21,7.207,7.2,295.2,463.7,ok,ok,0.0,12,1,ok,ok,0.0,6,1,GO STRAIGHT,,0,0,12,1,296.6
435,435,145,7.26,7.257,7.25,295.2,463.6,ok,ok,0.0,12,1,ok,ok,0.0,6,1,GO STRAIGHT,,0,0,12,1,295.0
438,438,146,7.31,7.307,7.3,295.2,463.4,ok,ok,0.0,12,1,ok,ok,0.0,6,1,GO STRAIGHT,,0,0,12,1,293.5
441,441,147,7.36,7.357,7.35,295.3,463.3,ok,ok,0.0,12,1,ok,ok,0.0,6,1,GO STRAIGHT,,0,0,12,1,292.0
444,444,148,7.41,7.407,7.4,295.3,463.2,ok,ok,0.0,12,1,ok,ok,0.0,6,1,GO STRAIGHT,,0,0,12,1,290.6
447,447,149,7.46,7.457,7.45,295.3,463.1,ok,ok,0.0,12,1,ok,ok,0.0,6,1,GO STRAIGHT,,0,0,12,1,289.1
450,450,150,7.51,7.508,7.5,295.3,463.0,ok,ok,0.0,12,1,ok,ok,0.0,6,1,GO STRAIGHT,,0,0,12,1,287.7
453,453,151,7.56,7.558,7.55,295.4,462.8,ok,ok,0.0,12,1,ok,ok,0.0,6,1,GO STRAIGHT,,0,0,12,1,286.4
456,456,152,7.61,7.608,7.6,295.4,462.7,ok,ok,0.0,12,1,ok,ok,0.0,6,1,GO STRAIGHT,,0,0,12,1,285.1
459,459,153,7.66,7.658,7.65,295.4,462.6,ok,ok,0.0,12,1,ok,ok,0.0,6,1,GO STRAIGHT,,0,0,12,1,284.1
462,462,154,7.71,7.708,7.7,295.4,462.4,ok,ok,0.0,12,1,ok,ok,0.0,6,1,GO STRAIGHT,,0,0,12,1,283.3
465,465,155,7.76,7.758,7.75,295.4,462.3,ok,ok,0.0,12,1,ok,ok,0.0,6,1,GO STRAIGHT,,0,0,12,1,282.6
468,468,156,7.81,7.808,7.8,295.5,462.2,ok,ok,0.0,12,1,ok,ok,0.0,6,1,GO STRAIGHT,,0,0,12,1,281.9
471,471,157,7.86,7.858,7.85,295.5,462.1,ok,ok,0.0,12,1,ok,ok,0.0,6,1,GO STRAIGHT,,0,0,12,1,281.3
474,474,158,7.91,7.908,7.9,295.5,462.0,ok,ok,0.0,12,1,ok,ok,0.0,6,1,GO STRAIGHT,,0,0,12,1,280.6
477,477,159,7.96,7.958,7.95,295.5,461.8,ok,ok,0.0,12,1,ok,ok,0.0,6,1,GO STRAIGHT,,0,0,12,1,279.8
480,480,160,8.01,8.008,8.0,295.5,461.7,ok,ok,0.0,12,1,ok,ok,0.0,6,1,GO STRAIGHT,,0,0,12,1,279.0
483,483,161,8.06,8.058,8.05,295.5,461.6,ok,ok,0.0,12,1,ok,ok,0.0,6,1,GO STRAIGHT,,0,0,12,1,278.2
486,486,162,8.11,8.108,8.1,295.5,461.4,ok,ok,0.0,12,1,ok,ok,0.0,6,1,GO STRAIGHT,,0,0,12,1,277.3
489,489,163,8.16,8.158,8.15,295.5,461.3,ok,ok,0.0,12,1,ok,ok,0.0,6,1,GO STRAIGHT,,0,0,12,1,276.4
492,492,164,8.21,8.208,8.2,295.5,461.2,ok,ok,0.0,12,1,ok,ok,0.0,6,1,GO STRAIGHT,,0,0,12,1,275.5
495,495,165,8.26,8.258,8.25,295.5,461.1,ok,ok,0.0,12,1,ok,ok,0.0,6,1,GO STRAIGHT,,0,0,12,1,274.9
498,498,166,8.31,8.308,8.3,295.5,460.9,ok,ok,0.0,12,1,ok,ok,0.0,6,1,GO STRAIGHT,,0,0,12,1,274.2
501,501,167,8.36,8.358,8.35,295.6,460.8,ok,ok,0.0,12,1,ok,ok,0.0,6,1,GO STRAIGHT,,0,0,12,1,273.6
504,504,168,8.41,8.408,8.4,295.6,460.7,ok,ok,0.0,12,1,ok,ok,0.0,6,1,GO STRAIGHT,,0,0,12,1,272.8
507,507,169,8.46,8.458,8.45,295.6,460.5,ok,ok,0.0,11,1,ok,ok,0.0,6,1,GO STRAIGHT,,0,0,13,1,272.1
510,510,170,8.51,8.509,8.5,295.6,460.4,ok,ok,0.0,11,1,ok,ok,0.0,6,1,GO STRAIGHT,,0,0,13,1,271.5
513,513,171,8.56,8.559,8.55,295.6,460.2,ok,ok,0.0,11,1,ok,ok,0.0,6,1,GO STRAIGHT,,0,0,13,1,271.0
516,516,172,8.61,8.609,8.6,295.6,460.1,ok,ok,0.0,11,1,ok,ok,0.0,6,1,GO STRAIGHT,,0,0,13,1,270.6
519,519,173,8.66,8.659,8.65,295.6,460.0,ok,ok,0.0,10,1,ok,ok,0.0,6,1,GO STRAIGHT,,0,0,13,1,270.0
522,522,174,8.71,8.709,8.7,295.6,459.8,ok,ok,0.0,11,1,ok,ok,0.0,6,1,GO STRAIGHT,,0,0,13,1,269.6
525,525,175,8.76,8.759,8.75,295.6,459.7,ok,ok,0.0,11,1,ok,ok,0.0,6,1,GO STRAIGHT,,0,0,13,1,269.1
528,528,176,8.81,8.809,8.8,295.6,459.5,ok,ok,0.0,11,1,ok,ok,0.0,6,1,GO STRAIGHT,,0,0,13,1,268.8
531,531,177,8.86,8.859,8.85,295.7,459.4,ok,ok,0.0,11,1,ok,ok,0.0,6,1,GO STRAIGHT,,0,0,13,1,268.6
534,534,178,8.91,8.909,8.9,295.7,459.2,ok,ok,0.0,11,1,ok,ok,0.0,6,1,GO STRAIGHT,,0,0,13,1,268.3
537,537,179,8.96,8.959,8.95,295.7,459.1,ok,ok,0.0,11,1,ok,ok,0.0,6,1,GO STRAIGHT,,0,0,13,1,267.9
540,540,180,9.01,9.009,9.0,295.7,459.0,ok,ok,0.0,10,1,ok,ok,0.0,6,1,GO STRAIGHT,,0,0,13,1,267.6
543,543,181,9.06,9.059,9.05,295.7,458.8,ok,ok,0.0,9,1,ok,ok,0.0,6,1,GO STRAIGHT,,0,0,13,1,267.4
546,546,182,9.11,9.109,9.1,295.7,458.7,ok,ok,0.0,9,1,ok,ok,0.0,6,1,GO STRAIGHT,,0,0,13,1,267.3
549,549,183,9.16,9.159,9.15,295.7,458.5,ok,ok,0.0,9,1,ok,ok,0.0,6,1,GO STRAIGHT,,0,0,13,1,267.1
552,552,184,9.21,9.209,9.2,295.7,458.4,ok,ok,0.0,9,1,ok,ok,0.0,6,1,GO STRAIGHT,,0,0,13,1,266.9
555,555,185,9.26,9.259,9.25,295.7,458.2,ok,ok,0.0,9,1,ok,ok,0.0,6,1,GO STRAIGHT,,0,0,13,1,266.8
558,558,186,9.31,9.309,9.3,295.7,458.1,ok,ok,0.0,9,1,ok,ok,0.0,6,1,GO STRAIGHT,,0,0,13,1,266.8
561,561,187,9.36,9.359,9.35,295.6,457.9,ok,ok,0.0,9,1,ok,ok,0.0,6,1,GO STRAIGHT,,0,0,13,1,266.6
564,564,188,9.41,9.409,9.4,295.6,457.8,ok,ok,0.0,9,1,ok,ok,0.0,6,1,GO STRAIGHT,,0,0,13,1,266.4
567,567,189,9.46,9.459,9.45,295.6,457.6,ok,ok,0.0,9,1,ok,ok,0.0,6,1,GO STRAIGHT,,0,0,13,1,266.3
570,570,190,9.51,9.51,9.5,295.6,457.5,ok,ok,0.0,11,1,ok,ok,0.0,6,1,GO STRAIGHT,,0,0,13,1,266.5
573,573,191,9.56,9.56,9.55,295.6,457.3,ok,ok,0.0,11,1,ok,ok,0.0,6,1,GO STRAIGHT,,0,0,13,1,266.8
576,576,192,9.61,9.61,9.6,295.6,457.1,ok,ok,0.0,11,1,ok,ok,0.0,6,1,GO STRAIGHT,,0,0,13,1,266.9
579,579,193,9.66,9.66,9.65,295.6,457.0,ok,ok,0.0,11,1,ok,ok,0.0,6,1,GO STRAIGHT,,0,0,13,1,267.0
582,582,194,9.71,9.71,9.7,295.6,456.8,ok,ok,0.0,9,1,ok,ok,0.0,6,1,GO STRAIGHT,,0,0,13,1,267.1
585,585,195,9.76,9.76,9.75,295.6,456.7,ok,ok,0.0,11,1,ok,ok,0.0,6,1,GO STRAIGHT,,0,0,13,1,267.1
588,588,196,9.81,9.81,9.8,295.5,456.5,ok,ok,0.0,11,1,ok,ok,0.0,6,1,GO STRAIGHT,,0,0,13,1,267.1
591,591,197,9.86,9.86,9.85,295.5,456.3,ok,ok,0.0,11,1,ok,ok,0.0,6,1,GO STRAIGHT,,0,0,13,1,267.1
594,594,198,9.91,9.91,9.9,295.5,456.2,ok,ok,0.0,11,1,ok,ok,0.0,6,1,GO STRAIGHT,,0,0,13,1,267.1
597,597,199,9.96,9.96,9.95,295.5,456.0,ok,ok,0.0,11,1,ok,ok,0.0,6,1,GO STRAIGHT,,0,0,13,1,267.1
600,600,200,10.01,10.01,10.0,295.5,455.8,ok,ok,0.0,11,1,ok,ok,0.0,6,1,GO STRAIGHT,,0,0,13,1,267.1
603,603,201,10.06,10.06,10.05,295.5,455.6,ok,ok,0.0,11,1,ok,ok,0.0,6,1,GO STRAIGHT,,0,0,13,1,267.2
606,606,202,10.11,10.11,10.1,295.5,455.5,ok,ok,0.0,11,1,ok,ok,0.0,6,1,GO STRAIGHT,,0,0,13,1,267.1
609,609,203,10.16,10.16,10.15,295.5,455.3,ok,ok,0.0,11,1,ok,ok,0.0,6,1,GO STRAIGHT,,0,0,13,1,266.9
612,612,204,10.21,10.21,10.2,295.5,455.1,ok,ok,0.0,11,1,ok,ok,0.0,6,1,GO STRAIGHT,,0,0,13,1,266.5
615,615,205,10.26,10.26,10.25,295.5,454.9,ok,ok,0.0,11,1,ok,ok,0.0,6,1,GO STRAIGHT,,0,0,13,1,266.1
618,618,206,10.31,10.31,10.3,295.5,454.7,ok,ok,0.0,10,1,ok,ok,0.0,6,1,GO STRAIGHT,,0,0,13,1,265.8
621,621,207,10.36,10.36,10.35,295.5,454.5,ok,ok,0.0,9,1,ok,ok,0.0,6,1,GO STRAIGHT,,0,0,13,1,265.7
624,624,208,10.41,10.41,10.4,295.5,454.3,ok,ok,0.0,9,1,ok,ok,0.0,6,1,GO STRAIGHT,,0,0,13,1,265.7
627,627,209,10.46,10.46,10.45,295.5,454.1,ok,ok,0.0,10,1,ok,ok,0.0,6,1,GO STRAIGHT,,0,0,13,1,265.6
630,630,210,10.51,10.511,10.5,295.5,453.9,ok,ok,0.0,10,1,ok,ok,0.0,6,1,GO STRAIGHT,,0,0,13,1,265.4
633,633,211,10.56,10.561,10.55,295.5,453.7,ok,ok,0.0,10,1,ok,ok,0.0,6,1,GO STRAIGHT,,0,0,13,1,265.4
636,636,212,10.61,10.611,10.6,295.5,453.5,ok,ok,0.0,10,1,ok,ok,0.0,6,1,GO STRAIGHT,,0,0,13,1,265.3
639,639,213,10.66,10.661,10.65,295.5,453.4,ok,ok,0.0,10,1,ok,ok,0.0,6,1,GO STRAIGHT,,0,0,13,1,265.2
642,642,214,10.71,10.711,10.7,295.5,453.2,ok,ok,0.0,10,1,ok,ok,0.0,6,1,GO STRAIGHT,,0,0,13,1,265.3
645,645,215,10.76,10.761,10.75,295.4,453.0,ok,ok,0.0,10,1,ok,ok,0.0,6,1,GO STRAIGHT,,0,0,13,1,265.3
648,648,216,10.81,10.811,10.8,295.4,452.8,ok,ok,0.0,10,1,ok,ok,0.0,6,1,GO STRAIGHT,,0,0,13,1,265.4
651,651,217,10.86,10.861,10.85,295.4,452.6,ok,ok,0.0,10,1,ok,ok,0.0,6,1,GO STRAIGHT,,0,0,13,1,265.4
654,654,218,10.91,10.911,10.9,295.4,452.4,ok,ok,0.0,10,1,ok,ok,0.0,6,1,GO STRAIGHT,,0,0,13,1,265.4
657,657,219,10.96,10.961,10.95,295.4,452.2,ok,ok,0.0,10,1,ok,ok,0.0,6,1,GO STRAIGHT,,0,0,13,1,265.5
660,660,220,11.01,11.011,11.0,295.3,452.0,ok,ok,0.0,10,1,ok,ok,0.0,6,1,GO STRAIGHT,,0,0,13,1,265.5
663,663,221,11.06,11.061,11.05,295.3,451.9,ok,ok,0.0,10,1,ok,ok,0.0,6,1,GO STRAIGHT,,0,0,13,1,265.7
666,666,222,11.11,11.111,11.1,295.3,451.7,ok,ok,0.0,9,1,ok,ok,0.0,6,1,GO STRAIGHT,,0,0,13,1,265.9
669,669,223,11.16,11.161,11.15,295.3,451.5,ok,ok,0.0,9,1,ok,ok,0.0,6,1,GO STRAIGHT,,0,0,13,1,266.1
672,672,224,11.21,11.211,11.2,295.3,451.3,ok,ok,0.0,9,1,ok,ok,0.0,6,1,GO STRAIGHT,,0,0,13,1,266.1
675,675,225,11.26,11.261,11.25,295.2,451.1,ok,ok,0.0,9,1,ok,ok,0.0,6,1,GO STRAIGHT,,0,0,13,1,266.2
678,678,226,11.31,11.311,11.3,295.2,450.9,ok,ok,0.0,9,1,ok,ok,0.0,6,1,GO STRAIGHT,,0,0,13,1,266.1
681,681,227,11.36,11.361,11.35,295.2,450.7,ok,ok,0.0,10,1,ok,ok,0.0,6,1,GO STRAIGHT,,0,0,13,1,265.9
684,684,228,11.41,11.411,11.4,295.2,450.5,ok,ok,0.0,10,1,ok,ok,0.0,6,1,GO STRAIGHT,,0,0,13,1,265.7
687,687,229,11.46,11.461,11.45,295.1,450.3,ok,ok,0.0,10,1,ok,ok,0.0,6,1,GO STRAIGHT,,0,0,13,1,265.6
690,690,230,11.51,11.512,11.5,295.1,450.1,ok,ok,0.0,10,1,ok,ok,0.0,6,1,GO STRAIGHT,,0,0,13,1,265.5
693,693,231,11.56,11.562,11.55,295.1,449.9,ok,ok,0.0,10,1,ok,ok,0.0,6,1,GO STRAIGHT,,0,0,13,1,265.4
696,696,232,11.61,11.612,11.6,295.1,449.7,ok,ok,0.0,10,1,ok,ok,0.0,6,1,GO STRAIGHT,,0,0,13,1,265.2
699,699,233,11.66,11.662,11.65,295.1,449.6,ok,ok,0.0,10,1,ok,ok,0.0,6,1,GO STRAIGHT,,0,0,13,1,265.0
702,702,234,11.71,11.712,11.7,295.1,449.4,ok,ok,0.0,10,1,ok,ok,0.0,6,1,GO STRAIGHT,,0,0,13,1,264.9
705,705,235,11.76,11.762,11.75,295.0,449.2,ok,ok,0.0,10,1,ok,ok,0.0,6,1,GO STRAIGHT,,0,0,13,1,264.7
708,708,236,11.81,11.812,11.8,295.0,449.0,ok,ok,0.0,10,1,ok,ok,0.0,6,1,GO STRAIGHT,,0,0,13,1,264.5
711,711,237,11.86,11.862,11.85,295.0,448.8,ok,ok,0.0,10,1,ok,ok,0.0,6,1,GO STRAIGHT,,0,0,13,1,264.4
714,714,238,11.91,11.912,11.9,295.0,448.5,ok,ok,0.0,10,1,ok,ok,0.0,6,1,GO STRAIGHT,,0,0,13,1,264.3
717,717,239,11.96,11.962,11.95,295.0,448.3,ok,ok,0.0,9,1,ok,ok,0.0,6,1,GO STRAIGHT,,0,0,13,1,264.2
720,720,240,12.01,12.012,12.0,295.0,448.1,ok,ok,0.0,9,1,ok,ok,0.0,6,1,GO STRAIGHT,,0,0,13,1,264.1
723,723,241,12.06,12.062,12.05,295.0,447.9,ok,ok,0.0,9,1,ok,ok,0.0,6,1,GO STRAIGHT,,0,0,13,1,264.1
726,726,242,12.11,12.112,12.1,295.0,447.7,ok,ok,0.0,9,1,ok,ok,0.0,6,1,GO STRAIGHT,,0,0,13,1,264.2
729,729,243,12.16,12.162,12.15,295.0,447.5,ok,ok,0.0,9,1,ok,ok,0.0,6,1,GO STRAIGHT,,0,0,13,1,264.2
732,732,244,12.21,12.212,12.2,295.0,447.3,ok,ok,0.0,9,1,ok,ok,0.0,6,1,GO STRAIGHT,,0,0,13,1,264.2
735,735,245,12.26,12.262,12.25,295.0,447.0,ok,ok,0.0,9,1,ok,ok,0.0,6,1,GO STRAIGHT,,0,0,13,1,264.2
738,738,246,12.31,12.312,12.3,294.9,446.8,ok,ok,0.0,10,1,ok,ok,0.0,6,1,GO STRAIGHT,,0,0,13,1,264.3
741,741,247,12.36,12.362,12.35,294.9,446.6,ok,ok,0.0,10,1,ok,ok,0.0,6,1,GO STRAIGHT,,0,0,13,1,264.5
744,744,248,12.41,12.412,12.4,294.9,446.4,ok,ok,0.0,10,1,ok,ok,0.0,6,1,GO STRAIGHT,,0,0,13,1,264.8
747,747,249,12.46,12.462,12.45,294.9,446.2,ok,ok,0.0,10,1,ok,ok,0.0,6,1,GO STRAIGHT,,0,0,13,1,265.0
750,750,250,12.51,12.513,12.5,294.9,446.0,ok,ok,0.0,10,1,ok,ok,0.0,6,1,GO STRAIGHT,,0,0,13,1,265.4
753,753,251,12.56,12.563,12.55,294.9,445.8,ok,ok,0.0,10,1,ok,ok,0.0,6,1,GO STRAIGHT,,0,0,13,1,265.9
756,756,252,12.61,12.613,12.6,294.8,445.6,ok,ok,0.0,10,1,ok,ok,0.0,6,1,GO STRAIGHT,,0,0,13,1,266.2
759,759,253,12.66,12.663,12.65,294.8,445.4,ok,ok,0.0,10,1,ok,ok,0.0,6,1,GO STRAIGHT,,0,0,13,1,266.2
762,762,254,12.71,12.713,12.7,294.8,445.2,ok,ok,0.0,10,1,ok,ok,0.0,6,1,GO STRAIGHT,,0,0,13,1,266.2
765,765,255,12.76,12.763,12.75,294.8,445.0,ok,ok,0.0,10,1,ok,ok,0.0,6,1,GO STRAIGHT,,0,0,13,1,266.1
768,768,256,12.81,12.813,12.8,294.7,444.8,ok,ok,0.0,10,1,ok,ok,0.0,6,1,GO STRAIGHT,,0,0,13,1,266.3
771,771,257,12.86,12.863,12.85,294.7,444.6,ok,ok,0.0,10,1,ok,ok,0.0,6,1,GO STRAIGHT,,0,0,13,1,266.3
774,774,258,12.91,12.913,12.9,294.7,444.4,ok,ok,0.0,10,1,ok,ok,0.0,6,1,GO STRAIGHT,,0,0,13,1,266.3
777,777,259,12.96,12.963,12.95,294.7,444.1,ok,ok,0.0,10,1,ok,ok,0.0,6,1,GO STRAIGHT,,0,0,13,1,266.3
780,780,260,13.01,13.013,13.0,294.7,443.9,ok,ok,0.0,10,1,ok,ok,0.0,6,1,GO STRAIGHT,,0,0,13,1,266.4
783,783,261,13.06,13.063,13.05,294.6,443.7,ok,ok,0.0,10,1,ok,ok,0.0,6,1,GO STRAIGHT,,0,0,13,1,266.5
786,786,262,13.11,13.113,13.1,294.6,443.5,ok,ok,0.0,10,1,ok,ok,0.0,6,1,GO STRAIGHT,,0,0,13,1,266.5
789,789,263,13.16,13.163,13.15,294.6,443.3,ok,ok,0.0,10,1,ok,ok,0.0,6,1,GO STRAIGHT,,0,0,13,1,266.6
792,792,264,13.21,13.213,13.2,294.6,443.1,ok,ok,0.0,10,1,ok,ok,0.0,6,1,GO STRAIGHT,,0,0,13,1,266.5
795,795,265,13.26,13.263,13.25,294.6,442.9,ok,ok,0.0,10,1,ok,ok,0.0,6,1,GO STRAIGHT,,0,0,13,1,266.2
798,798,266,13.31,13.313,13.3,294.6,442.7,ok,ok,0.0,10,1,ok,ok,0.0,6,1,GO STRAIGHT,,0,0,13,1,266.1
801,801,267,13.36,13.363,13.35,294.6,442.5,ok,ok,0.0,10,1,ok,ok,0.0,6,1,GO STRAIGHT,,0,0,13,1,266.0
804,804,268,13.41,13.413,13.4,294.6,442.3,ok,ok,0.0,9,1,ok,ok,0.0,6,1,GO STRAIGHT,,0,0,13,1,266.0
807,807,269,13.46,13.463,13.45,294.6,442.1,ok,ok,0.0,9,1,ok,ok,0.0,6,1,GO STRAIGHT,,0,0,13,1,265.9
810,810,270,13.51,13.514,13.5,294.6,441.8,ok,ok,0.0,10,1,ok,ok,0.0,6,1,GO STRAIGHT,,0,0,13,1,265.8
813,813,271,13.56,13.564,13.55,294.6,441.6,ok,ok,0.0,10,1,ok,ok,0.0,6,1,GO STRAIGHT,,0,0,13,1,265.8
816,816,272,13.61,13.614,13.6,294.6,441.4,ok,ok,0.0,10,1,ok,ok,0.0,6,1,GO STRAIGHT,,0,0,13,1,265.8
819,819,273,13.66,13.664,13.65,294.6,441.2,ok,ok,0.0,10,1,ok,ok,0.0,6,1,GO STRAIGHT,,0,0,13,1,265.8
822,822,274,13.71,13.714,13.7,294.6,441.0,ok,ok,0.0,9,1,ok,ok,0.0,6,1,GO STRAIGHT,,0,0,13,1,265.9
825,825,275,13.76,13.764,13.75,294.6,440.8,ok,ok,0.0,10,1,ok,ok,0.0,6,1,GO STRAIGHT,,0,0,13,1,266.0
828,828,276,13.81,13.814,13.8,294.6,440.6,ok,ok,0.0,10,1,ok,ok,0.0,6,1,GO STRAIGHT,,0,0,13,1,266.0
831,831,277,13.86,13.864,13.85,294.6,440.4,ok,ok,0.0,9,1,ok,ok,0.0,6,1,GO STRAIGHT,,0,0,13,1,266.1
834,834,278,13.91,13.914,13.9,294.6,440.1,ok,ok,0.0,9,1,ok,ok,0.0,6,1,GO STRAIGHT,,0,0,13,1,266.1
837,837,279,13.96,13.964,13.95,294.6,440.0,ok,ok,0.0,10,1,ok,ok,0.0,6,1,GO STRAIGHT,,0,0,13,1,266.2
840,840,280,14.01,14.014,14.0,294.6,439.8,ok,ok,0.0,9,1,ok,ok,0.0,6,1,GO STRAIGHT,,0,0,13,1,266.4
843,843,281,14.06,14.064,14.05,294.5,439.5,ok,ok,0.0,9,1,ok,ok,0.0,6,1,GO STRAIGHT,,0,0,13,1,266.4
846,846,282,14.11,14.114,14.1,294.5,439.3,ok,ok,0.0,9,1,ok,ok,0.0,6,1,GO STRAIGHT,,0,0,13,1,266.5
849,849,283,14.16,14.164,14.15,294.5,439.1,ok,ok,0.0,9,1,ok,ok,0.0,6,1,GO STRAIGHT,,0,0,13,1,266.6
852,852,284,14.21,14.214,14.2,294.5,438.9,ok,ok,0.0,10,1,ok,ok,0.0,6,1,GO STRAIGHT,,0,0,13,1,266.8
855,855,285,14.26,14.264,14.25,294.5,438.6,ok,ok,0.0,9,1,ok,ok,0.0,6,1,GO STRAIGHT,,0,0,13,1,267.1
858,858,286,14.31,14.314,14.3,294.5,438.4,ok,ok,0.0,10,1,ok,ok,0.0,6,1,GO STRAIGHT,,0,0,13,1,267.3
861,861,287,14.36,14.364,14.35,294.4,438.2,ok,ok,0.0,10,1,ok,ok,0.0,6,1,GO STRAIGHT,,0,0,13,1,267.3
864,864,288,14.41,14.414,14.4,294.5,438.0,ok,ok,0.0,10,1,ok,ok,0.0,6,1,GO STRAIGHT,,0,0,13,1,267.3
867,867,289,14.46,14.464,14.45,294.4,437.8,ok,ok,0.0,10,1,ok,ok,0.0,6,1,GO STRAIGHT,,0,0,13,1,267.3
870,870,290,14.51,14.515,14.5,294.5,437.6,ok,ok,0.0,9,1,ok,ok,0.0,6,1,GO STRAIGHT,,0,0,13,1,267.3
873,873,291,14.56,14.565,14.55,294.5,437.3,ok,ok,0.0,9,1,ok,ok,0.0,6,1,GO STRAIGHT,,0,0,13,1,267.2
876,876,292,14.61,14.615,14.6,294.5,437.1,ok,ok,0.0,9,1,ok,ok,0.0,6,1,GO STRAIGHT,,0,0,13,1,267.1
879,879,293,14.66,14.665,14.65,294.5,436.9,ok,ok,0.0,9,1,ok,ok,0.0,6,1,GO STRAIGHT,,0,0,13,1,266.7
882,882,294,14.71,14.715,14.7,294.5,436.7,ok,ok,0.0,10,1,ok,ok,0.0,6,1,GO STRAIGHT,,0,0,13,1,266.3
885,885,295,14.76,14.765,14.75,294.5,436.5,ok,ok,0.0,9,1,ok,ok,0.0,6,1,GO STRAIGHT,,0,0,13,1,266.0
888,888,296,14.81,14.815,14.8,294.5,436.3,ok,ok,0.0,10,1,ok,ok,0.0,6,1,GO STRAIGHT,,0,0,13,1,265.8
891,891,297,14.86,14.865,14.85,294.5,436.1,ok,ok,0.0,9,1,ok,ok,0.0,6,1,GO STRAIGHT,,0,0,13,1,265.7
894,894,298,14.91,14.915,14.9,294.5,435.9,ok,ok,0.0,9,1,ok,ok,0.0,6,1,GO STRAIGHT,,0,0,13,1,265.7
897,897,299,14.96,14.965,14.95,294.5,435.6,ok,ok,0.0,9,1,ok,ok,0.0,6,1,GO STRAIGHT,,0,0,13,1,265.7
900,900,300,15.02,15.015,15.0,294.5,435.4,ok,ok,0.0,9,1,ok,ok,0.0,6,1,GO STRAIGHT,,0,0,13,1,265.8
903,903,301,15.07,15.065,15.05,294.6,435.2,ok,ok,0.0,10,1,ok,ok,0.0,6,1,GO STRAIGHT,,0,0,13,1,265.9
906,906,302,15.12,15.115,15.1,294.6,435.0,ok,ok,0.0,10,1,ok,ok,0.0,6,1,GO STRAIGHT,,0,0,13,1,265.9
909,909,303,15.17,15.165,15.15,294.6,434.8,ok,ok,0.0,10,1,ok,ok,0.0,6,1,GO STRAIGHT,,0,0,13,1,265.9
912,912,304,15.22,15.215,15.2,294.6,434.6,ok,ok,0.0,9,1,ok,ok,0.0,6,1,GO STRAIGHT,,0,0,13,1,265.9
915,915,305,15.27,15.265,15.25,294.6,434.4,ok,ok,0.0,9,1,ok,ok,0.0,6,1,GO STRAIGHT,,0,0,13,1,265.8
918,918,306,15.32,15.315,15.3,294.7,434.2,ok,ok,0.0,10,1,ok,ok,0.0,6,1,GO STRAIGHT,,0,0,13,1,265.9
921,921,307,15.37,15.365,15.35,294.7,433.9,ok,ok,0.0,9,1,ok,ok,0.0,6,1,GO STRAIGHT,,0,0,13,1,266.0
924,924,308,15.42,15.415,15.4,294.7,433.7,ok,ok,0.0,10,1,ok,ok,0.0,6,1,GO STRAIGHT,,0,0,13,1,266.1
927,927,309,15.47,15.465,15.45,294.7,433.5,ok,ok,0.0,10,1,ok,ok,0.0,6,1,GO STRAIGHT,,0,0,13,1,266.2
930,930,310,15.52,15.516,15.5,294.7,433.3,ok,ok,0.0,10,1,ok,ok,0.0,6,1,GO STRAIGHT,,0,0,13,1,266.2
933,933,311,15.57,15.566,15.55,294.8,433.0,ok,ok,0.0,9,1,ok,ok,0.0,6,1,GO STRAIGHT,,0,0,13,1,266.3
936,936,312,15.62,15.616,15.6,294.8,432.8,ok,ok,0.0,10,1,ok,ok,0.0,6,1,GO STRAIGHT,,0,0,13,1,266.4
939,939,313,15.67,15.666,15.65,294.8,432.6,ok,ok,0.0,10,1,ok,ok,0.0,6,1,GO STRAIGHT,,0,0,13,1,266.5
942,942,314,15.72,15.716,15.7,294.8,432.4,ok,ok,0.0,10,1,ok,ok,0.0,6,1,GO STRAIGHT,,0,0,13,1,266.4
945,945,315,15.77,15.766,15.75,294.9,432.2,ok,ok,0.0,10,1,ok,ok,0.0,6,1,GO STRAIGHT,,0,0,13,1,266.4
948,948,316,15.82,15.816,15.8,294.9,432.0,ok,ok,0.0,10,1,ok,ok,0.0,6,1,GO STRAIGHT,,0,0,13,1,266.4
951,951,317,15.87,15.866,15.85,295.0,431.8,ok,ok,0.0,10,1,ok,ok,0.0,6,1,GO STRAIGHT,,0,0,13,1,266.3
954,954,318,15.92,15.916,15.9,295.0,431.6,ok,ok,0.0,10,1,ok,ok,0.0,6,1,GO STRAIGHT,,0,0,13,1,266.1
957,957,319,15.97,15.966,15.95,295.1,431.3,ok,ok,0.0,10,1,ok,ok,0.0,6,1,GO STRAIGHT,,0,0,13,1,265.7
960,960,320,16.02,16.016,16.0,295.1,431.1,ok,ok,0.0,10,1,ok,ok,0.0,6,1,GO STRAIGHT,,0,0,13,1,265.4
963,963,321,16.07,16.066,16.05,295.2,430.9,ok,ok,0.0,9,1,ok,ok,0.0,6,1,GO STRAIGHT,,0,0,13,1,265.1
966,966,322,16.12,16.116,16.1,295.2,430.7,ok,ok,0.0,10,1,ok,ok,0.0,6,1,GO STRAIGHT,,0,0,13,1,264.7
969,969,323,16.17,16.166,16.15,295.3,430.5,ok,ok,0.0,9,1,ok,ok,0.0,6,1,GO STRAIGHT,,0,0,13,1,264.5
972,972,324,16.22,16.216,16.2,295.4,430.2,ok,ok,0.0,10,1,ok,ok,0.0,6,1,GO STRAIGHT,,0,0,13,1,264.4
975,975,325,16.27,16.266,16.25,295.4,430.0,ok,ok,0.0,9,1,ok,ok,0.0,6,1,GO STRAIGHT,,0,0,13,1,264.2
978,978,326,16.32,16.316,16.3,295.5,429.8,ok,ok,0.0,9,1,ok,ok,0.0,6,1,GO STRAIGHT,,0,0,13,1,263.9
981,981,327,16.37,16.366,16.35,295.5,429.6,ok,ok,0.0,10,1,ok,ok,0.0,6,1,GO STRAIGHT,,0,0,13,1,263.7
984,984,328,16.42,16.416,16.4,295.6,429.4,ok,ok,0.0,10,1,ok,ok,0.0,6,1,GO STRAIGHT,,0,0,13,1,263.7
987,987,329,16.47,16.466,16.45,295.6,429.2,ok,ok,0.0,9,1,ok,ok,0.0,6,1,GO STRAIGHT,,0,0,13,1,263.7
990,990,330,16.52,16.517,16.5,295.6,429.0,ok,ok,0.0,10,1,ok,ok,0.0,6,1,GO STRAIGHT,,0,0,13,1,263.6
993,993,331,16.57,16.567,16.55,295.7,428.8,ok,ok,0.0,9,1,ok,ok,0.0,6,1,GO STRAIGHT,,0,0,13,1,263.5
996,996,332,16.62,16.617,16.6,295.7,428.6,ok,ok,0.0,9,1,ok,ok,0.0,6,1,GO STRAIGHT,,0,0,13,1,263.4
999,999,333,16.67,16.667,16.65,295.7,428.4,ok,ok,0.0,9,1,ok,ok,0.0,6,1,GO STRAIGHT,,0,0,13,1,263.5
1002,1002,334,16.72,16.717,16.7,295.8,428.2,ok,ok,0.0,9,1,ok,ok,0.0,6,1,GO STRAIGHT,,0,0,13,1,263.6
1005,1005,335,16.77,16.767,16.75,295.8,428.0,ok,ok,0.0,9,1,ok,ok,0.0,6,1,GO STRAIGHT,,0,0,13,1,263.6
1008,1008,336,16.82,16.817,16.8,295.8,427.7,ok,ok,0.0,9,1,ok,ok,0.0,6,1,GO STRAIGHT,,0,0,13,1,263.6
1011,1011,337,16.87,16.867,16.85,295.8,427.5,ok,ok,0.0,10,1,ok,ok,0.0,6,1,GO STRAIGHT,,0,0,13,1,263.3
1014,1014,338,16.92,16.917,16.9,295.9,427.3,ok,ok,0.0,10,1,ok,ok,0.0,6,1,GO STRAIGHT,,0,0,13,1,263.2
1017,1017,339,16.97,16.967,16.95,295.9,427.1,ok,ok,0.0,10,1,ok,ok,0.0,6,1,GO STRAIGHT,,0,0,13,1,263.3
1020,1020,340,17.02,17.017,17.0,295.9,426.9,ok,ok,0.0,10,1,ok,ok,0.0,6,1,GO STRAIGHT,,0,0,13,1,263.4
1023,1023,341,17.07,17.067,17.05,296.0,426.6,ok,ok,0.0,9,1,ok,ok,0.0,6,1,GO STRAIGHT,,0,0,13,1,263.6
1026,1026,342,17.12,17.117,17.1,296.0,426.4,ok,ok,0.0,9,1,ok,ok,0.0,6,1,GO STRAIGHT,,0,0,13,1,263.7
1029,1029,343,17.17,17.167,17.15,296.0,426.2,ok,ok,0.0,9,1,ok,ok,0.0,6,1,GO STRAIGHT,,0,0,13,1,264.0
1032,1032,344,17.22,17.217,17.2,296.0,426.0,ok,ok,0.0,9,1,ok,ok,0.0,6,1,GO STRAIGHT,,0,0,13,1,264.0
1035,1035,345,17.27,17.267,17.25,296.0,425.8,ok,ok,0.0,9,1,ok,ok,0.0,6,1,GO STRAIGHT,,0,0,13,1,263.8
1038,1038,346,17.32,17.317,17.3,296.0,425.5,ok,ok,0.0,9,1,ok,ok,0.0,6,1,GO STRAIGHT,,0,0,13,1,263.6
1041,1041,347,17.37,17.367,17.35,296.1,425.3,ok,ok,0.0,9,1,ok,ok,0.0,6,1,GO STRAIGHT,,0,0,13,1,263.2
1044,1044,348,17.42,17.417,17.4,296.1,425.1,ok,ok,0.0,9,1,ok,ok,0.0,6,1,GO STRAIGHT,,0,0,13,1,262.9
1047,1047,349,17.47,17.467,17.45,296.1,424.9,ok,ok,0.0,9,1,ok,ok,0.0,6,1,GO STRAIGHT,,0,0,13,1,262.5
1050,1050,350,17.52,17.518,17.5,296.2,424.6,ok,ok,0.0,9,1,ok,ok,0.0,6,1,GO STRAIGHT,,0,0,13,1,262.1
1053,1053,351,17.57,17.568,17.55,296.2,424.4,ok,ok,0.0,9,1,ok,ok,0.0,6,1,GO STRAIGHT,,0,0,13,1,261.9
1056,1056,352,17.62,17.618,17.6,296.3,424.1,ok,ok,0.0,9,1,ok,ok,0.0,6,1,GO STRAIGHT,,0,0,13,1,261.5
1059,1059,353,17.67,17.668,17.65,296.3,423.8,ok,ok,0.0,9,1,ok,ok,0.0,6,1,GO STRAIGHT,,0,0,13,1,261.1
1062,1062,354,17.72,17.718,17.7,296.4,423.6,ok,ok,0.0,9,1,ok,ok,0.0,6,1,GO STRAIGHT,,0,0,13,1,260.8
1065,1065,355,17.77,17.768,17.75,296.4,423.2,ok,ok,0.0,9,1,ok,ok,0.0,6,1,GO STRAIGHT,,0,0,13,1,260.5
1068,1068,356,17.82,17.818,17.8,296.4,423.0,ok,ok,0.0,9,1,ok,ok,0.0,6,1,GO STRAIGHT,,0,0,13,1,260.4
1071,1071,357,17.87,17.868,17.85,296.4,422.8,ok,ok,0.0,9,1,ok,ok,0.0,6,1,GO STRAIGHT,,0,0,13,1,260.4
1074,1074,358,17.92,17.918,17.9,296.5,422.5,ok,ok,0.0,9,1,ok,ok,0.0,6,1,GO STRAIGHT,,0,0,13,1,260.5
1077,1077,359,17.97,17.968,17.95,296.5,422.2,ok,ok,0.0,9,1,ok,ok,0.0,6,1,GO STRAIGHT,,0,0,13,1,260.5
1080,1080,360,18.02,18.018,18.0,296.5,421.9,ok,ok,0.0,9,1,ok,ok,0.0,6,1,GO STRAIGHT,,0,0,13,1,260.6
1083,1083,361,18.07,18.068,18.05,296.5,421.6,ok,ok,0.0,9,1,ok,ok,0.0,6,1,GO STRAIGHT,,0,0,13,1,260.8
1086,1086,362,18.12,18.118,18.1,296.5,421.4,ok,ok,0.0,9,1,ok,ok,0.0,6,1,GO STRAIGHT,,0,0,13,1,261.0
1089,1089,363,18.17,18.168,18.15,296.5,421.3,ok,ok,0.0,9,1,ok,ok,0.0,6,1,GO STRAIGHT,,0,0,13,1,261.3
1092,1092,364,18.22,18.218,18.2,296.4,421.1,ok,ok,0.0,9,1,ok,ok,0.0,6,1,GO STRAIGHT,,0,0,13,1,261.6
1095,1095,365,18.27,18.268,18.25,296.4,421.0,ok,ok,0.0,9,1,ok,ok,0.0,6,1,GO STRAIGHT,,0,0,13,1,261.6
1098,1098,366,18.32,18.318,18.3,296.4,420.7,ok,ok,0.0,9,1,ok,ok,0.0,6,1,GO STRAIGHT,,0,0,13,1,261.6
1101,1101,367,18.37,18.368,18.35,296.4,420.5,ok,ok,0.0,9,1,ok,ok,0.0,6,1,GO STRAIGHT,,0,0,13,1,261.8
1104,1104,368,18.42,18.418,18.4,296.4,420.4,ok,ok,0.0,9,1,ok,ok,0.0,6,1,GO STRAIGHT,,0,0,13,1,262.0
1107,1107,369,18.47,18.468,18.45,296.4,420.2,ok,ok,0.0,9,1,ok,ok,0.0,6,1,GO STRAIGHT,,0,0,13,1,262.3
1110,1110,370,18.52,18.519,18.5,296.4,420.0,ok,ok,0.0,9,1,ok,ok,0.0,6,1,GO STRAIGHT,,0,0,13,1,262.5
1113,1113,371,18.57,18.569,18.55,296.4,419.7,ok,ok,0.0,9,1,ok,ok,0.0,6,1,GO STRAIGHT,,0,0,13,1,262.7
1116,1116,372,18.62,18.619,18.6,296.4,419.5,ok,ok,0.0,9,1,ok,ok,0.0,6,1,GO STRAIGHT,,0,0,13,1,262.8
1119,1119,373,18.67,18.669,18.65,296.4,419.3,ok,ok,0.0,9,1,ok,ok,0.0,6,1,GO STRAIGHT,,0,0,13,1,262.8
1122,1122,374,18.72,18.719,18.7,296.4,419.1,ok,ok,0.0,9,1,ok,ok,0.0,6,1,GO STRAIGHT,,0,0,13,1,262.7
1125,1125,375,18.77,18.769,18.75,296.4,418.9,ok,ok,0.0,9,1,ok,ok,0.0,6,1,GO STRAIGHT,,0,0,13,1,262.5
1128,1128,376,18.82,18.819,18.8,296.4,418.6,ok,ok,0.0,9,1,ok,ok,0.0,6,1,GO STRAIGHT,,0,0,13,1,262.2
1131,1131,377,18.87,18.869,18.85,296.5,418.4,ok,ok,0.0,9,1,ok,ok,0.0,6,1,GO STRAIGHT,,0,0,13,1,261.8
1134,1134,378,18.92,18.919,18.9,296.5,418.2,ok,ok,0.0,9,1,ok,ok,0.0,6,1,GO STRAIGHT,,0,0,13,1,261.6
1137,1137,379,18.97,18.969,18.95,296.5,417.9,ok,ok,0.0,9,1,ok,ok,0.0,6,1,GO STRAIGHT,,0,0,13,1,261.5
1140,1140,380,19.02,19.019,19.0,296.5,417.7,ok,ok,0.0,9,1,ok,ok,0.0,6,1,GO STRAIGHT,,0,0,13,1,261.5
1143,1143,381,19.07,19.069,19.05,296.5,417.4,ok,ok,0.0,9,1,ok,ok,0.0,6,1,GO STRAIGHT,,0,0,13,1,261.4
1146,1146,382,19.12,19.119,19.1,296.5,417.2,ok,ok,0.0,9,1,ok,ok,0.0,6,1,GO STRAIGHT,,0,0,13,1,261.2
1149,1149,383,19.17,19.169,19.15,296.5,417.0,ok,ok,0.0,9,1,ok,ok,0.0,6,1,GO STRAIGHT,,0,0,13,1,261.2
1152,1152,384,19.22,19.219,19.2,296.5,416.8,ok,ok,0.0,9,1,ok,ok,0.0,6,1,GO STRAIGHT,,0,0,13,1,261.3
1155,1155,385,19.27,19.269,19.25,296.5,416.5,ok,ok,0.0,9,1,ok,ok,0.0,6,1,GO STRAIGHT,,0,0,13,1,261.4
1158,1158,386,19.32,19.319,19.3,296.5,416.3,ok,ok,0.0,9,1,ok,ok,0.0,6,1,GO STRAIGHT,,0,0,13,1,261.4
1161,1161,387,19.37,19.369,19.35,296.5,416.1,ok,ok,0.0,9,1,ok,ok,0.0,6,1,GO STRAIGHT,,0,0,13,1,261.5
1164,1164,388,19.42,19.419,19.4,296.5,415.8,ok,ok,0.0,8,1,ok,ok,0.0,6,1,GO STRAIGHT,,0,0,13,1,261.6
1167,1167,389,19.47,19.469,19.45,296.5,415.6,ok,ok,0.0,8,1,ok,ok,0.0,6,1,GO STRAIGHT,,0,0,13,1,261.8
1170,1170,390,19.52,19.52,19.5,296.5,415.4,ok,ok,0.0,8,1,ok,ok,0.0,6,1,GO STRAIGHT,,0,0,13,1,262.0
1173,1173,391,19.57,19.57,19.55,296.5,415.1,ok,ok,0.0,9,1,ok,ok,0.0,6,1,GO STRAIGHT,,0,0,13,1,262.1
1176,1176,392,19.62,19.62,19.6,296.5,414.8,ok,ok,0.0,9,1,ok,ok,0.0,6,1,GO STRAIGHT,,0,0,13,1,262.2
1179,1179,393,19.67,19.67,19.65,296.5,414.6,ok,ok,0.0,9,1,ok,ok,0.0,6,1,GO STRAIGHT,,0,0,13,1,262.3
1182,1182,394,19.72,19.72,19.7,296.5,414.4,ok,ok,0.0,9,1,ok,ok,0.0,6,1,GO STRAIGHT,,0,0,13,1,262.5
1185,1185,395,19.77,19.77,19.75,296.5,414.1,ok,ok,0.0,9,1,ok,ok,0.0,6,1,GO STRAIGHT,,0,0,13,1,262.8
1188,1188,396,19.82,19.82,19.8,296.5,413.8,ok,ok,0.0,9,1,ok,ok,0.0,6,1,GO STRAIGHT,,0,0,13,1,263.1
1191,1191,397,19.87,19.87,19.85,296.5,413.6,ok,ok,0.0,9,1,ok,ok,0.0,6,1,GO STRAIGHT,,0,0,13,1,263.4
1194,1194,398,19.92,19.92,19.9,296.5,413.3,ok,ok,0.0,9,1,ok,ok,0.0,6,1,GO STRAIGHT,,0,0,13,1,263.5
1197,1197,399,19.97,19.97,19.95,296.5,413.1,ok,ok,0.0,9,1,ok,ok,0.0,6,1,GO STRAIGHT,,0,0,13,1,263.5
1200,1200,400,20.02,20.02,20.0,296.5,412.7,ok,ok,0.0,9,1,ok,ok,0.0,6,1,GO STRAIGHT,,0,0,13,1,263.4
1203,1203,401,20.07,20.07,20.05,296.4,412.5,ok,ok,0.0,9,1,ok,ok,0.0,6,1,GO STRAIGHT,,0,0,13,1,263.4
1206,1206,402,20.12,20.12,20.1,296.4,412.2,ok,ok,0.0,9,1,ok,ok,0.0,6,1,GO STRAIGHT,,0,0,13,1,263.1
1209,1209,403,20.17,20.17,20.15,296.4,411.9,ok,ok,0.0,9,1,ok,ok,0.0,6,1,GO STRAIGHT,,0,0,13,1,262.7
1212,1212,404,20.22,20.22,20.2,296.4,411.6,ok,ok,0.0,9,1,ok,ok,0.0,6,1,GO STRAIGHT,,0,0,13,1,262.3
1215,1215,405,20.27,20.27,20.25,296.4,411.4,ok,ok,0.0,9,1,ok,ok,0.0,6,1,GO STRAIGHT,,0,0,13,1,261.9
1218,1218,406,20.32,20.32,20.3,296.4,411.1,ok,ok,0.0,9,1,ok,ok,0.0,6,1,GO STRAIGHT,,0,0,13,1,261.8
1221,1221,407,20.37,20.37,20.35,296.4,410.8,ok,ok,0.0,9,1,ok,ok,0.0,6,1,GO STRAIGHT,,0,0,13,1,261.7
1224,1224,408,20.42,20.42,20.4,296.4,410.6,ok,ok,0.0,9,1,ok,ok,0.0,6,1,GO STRAIGHT,,0,0,13,1,261.7
1227,1227,409,20.47,20.47,20.45,296.4,410.3,ok,ok,0.0,9,1,ok,ok,0.0,6,1,GO STRAIGHT,,0,0,13,1,261.7
1230,1230,410,20.52,20.521,20.5,296.3,410.0,ok,ok,0.0,9,1,ok,ok,0.0,6,1,GO STRAIGHT,,0,0,13,1,261.8
1233,1233,411,20.57,20.571,20.55,296.3,409.8,ok,ok,0.0,9,1,ok,ok,0.0,6,1,GO STRAIGHT,,0,0,13,1,261.8
1236,1236,412,20.62,20.621,20.6,296.3,409.5,ok,ok,0.0,9,1,ok,ok,0.0,6,1,GO STRAIGHT,,0,0,13,1,261.9
1239,1239,413,20.67,20.671,20.65,296.3,409.2,ok,ok,0.0,9,1,ok,ok,0.0,6,1,GO STRAIGHT,,0,0,13,1,262.1
1242,1242,414,20.72,20.721,20.7,296.3,409.0,ok,ok,0.0,9,1,ok,ok,0.0,6,1,GO STRAIGHT,,0,0,13,1,262.1
1245,1245,415,20.77,20.771,20.75,296.3,408.7,ok,ok,0.0,9,1,ok,ok,0.0,6,1,GO STRAIGHT,,0,0,13,1,262.3
1248,1248,416,20.82,20.821,20.8,296.2,408.5,ok,ok,0.0,9,1,ok,ok,0.0,6,1,GO STRAIGHT,,0,0,13,1,262.6
1251,1251,417,20.87,20.871,20.85,296.2,408.2,ok,ok,0.0,9,1,ok,ok,0.0,6,1,GO STRAIGHT,,0,0,13,1,262.8
1254,1254,418,20.92,20.921,20.9,296.2,407.9,ok,ok,0.0,9,1,ok,ok,0.0,6,1,GO STRAIGHT,,0,0,13,1,262.9
1257,1257,419,20.97,20.971,20.95,296.2,407.7,ok,ok,0.0,9,1,ok,ok,0.0,6,1,GO STRAIGHT,,0,0,13,1,263.0
1260,1260,420,21.02,21.021,21.0,296.1,407.4,ok,ok,0.0,9,1,ok,ok,0.0,6,1,GO STRAIGHT,,0,0,13,1,263.2
1263,1263,421,21.07,21.071,21.05,296.1,407.1,ok,ok,0.0,9,1,ok,ok,0.0,6,1,GO STRAIGHT,,0,0,13,1,263.3
1266,1266,422,21.12,21.121,21.1,296.1,406.9,ok,ok,0.0,9,1,ok,ok,0.0,6,1,GO STRAIGHT,,0,0,13,1,263.3
1269,1269,423,21.17,21.171,21.15,296.1,406.6,ok,ok,0.0,9,1,ok,ok,0.0,6,1,GO STRAIGHT,,0,0,13,1,263.2
1272,1272,424,21.22,21.221,21.2,296.0,406.3,ok,ok,0.0,9,1,ok,ok,0.0,6,1,GO STRAIGHT,,0,0,13,1,263.3
1275,1275,425,21.27,21.271,21.25,296.0,406.1,ok,ok,0.0,9,1,ok,ok,0.0,6,1,GO STRAIGHT,,0,0,13,1,263.3
1278,1278,426,21.32,21.321,21.3,296.0,405.8,ok,ok,0.0,9,1,ok,ok,0.0,6,1,GO STRAIGHT,,0,0,13,1,263.2
1281,1281,427,21.37,21.371,21.35,296.0,405.6,ok,ok,0.0,9,1,ok,ok,0.0,6,1,GO STRAIGHT,,0,0,13,1,263.2
1284,1284,428,21.42,21.421,21.4,296.0,405.3,ok,ok,0.0,9,1,ok,ok,0.0,6,1,GO STRAIGHT,,0,0,13,1,263.0
1287,1287,429,21.47,21.471,21.45,296.0,405.1,ok,ok,0.0,9,1,ok,ok,0.0,6,1,GO STRAIGHT,,0,0,13,1,262.7
1290,1290,430,21.52,21.522,21.5,296.0,404.8,ok,ok,0.0,9,1,ok,ok,0.0,6,1,GO STRAIGHT,,0,0,13,1,262.4
1293,1293,431,21.57,21.572,21.55,296.0,404.6,ok,ok,0.0,9,1,ok,ok,0.0,6,1,GO STRAIGHT,,0,0,13,1,262.2
1296,1296,432,21.62,21.622,21.6,295.9,404.3,ok,ok,0.0,9,1,ok,ok,0.0,6,1,GO STRAIGHT,,0,0,13,1,262.4
1299,1299,433,21.67,21.672,21.65,295.9,404.1,ok,ok,0.0,9,1,ok,ok,0.0,6,1,GO STRAIGHT,,0,0,13,1,262.5
1302,1302,434,21.72,21.722,21.7,295.9,403.8,ok,ok,0.0,9,1,ok,ok,0.0,6,1,GO STRAIGHT,,0,0,13,1,262.6
1305,1305,435,21.77,21.772,21.75,295.9,403.6,ok,ok,0.0,9,1,ok,ok,0.0,6,1,GO STRAIGHT,,0,0,13,1,262.6
1308,1308,436,21.82,21.822,21.8,295.9,403.3,ok,ok,0.0,9,1,ok,ok,0.0,6,1,GO STRAIGHT,,0,0,13,1,262.5
1311,1311,437,21.87,21.872,21.85,295.9,403.1,ok,ok,0.0,9,1,ok,ok,0.0,6,1,GO STRAIGHT,,0,0,13,1,262.4
1314,1314,438,21.92,21.922,21.9,295.9,402.9,ok,ok,0.0,9,1,ok,ok,0.0,6,1,GO STRAIGHT,,0,0,13,1,262.3
1317,1317,439,21.97,21.972,21.95,295.9,402.6,ok,ok,0.0,9,1,ok,ok,0.0,6,1,GO STRAIGHT,,0,0,13,1,262.1
1320,1320,440,22.02,22.022,22.0,295.9,402.4,ok,ok,0.0,9,1,ok,ok,0.0,6,1,GO STRAIGHT,,0,0,13,1,261.9
1323,1323,441,22.07,22.072,22.05,295.9,402.1,ok,ok,0.0,9,1,ok,ok,0.0,6,1,GO STRAIGHT,,0,0,13,1,262.0
1326,1326,442,22.12,22.122,22.1,295.8,401.9,ok,ok,0.0,8,1,ok,ok,0.0,6,1,GO STRAIGHT,,0,0,13,1,262.0
1329,1329,443,22.17,22.172,22.15,295.8,401.6,ok,ok,0.0,8,1,ok,ok,0.0,6,1,GO STRAIGHT,,0,0,13,1,262.0
1332,1332,444,22.22,22.222,22.2,295.8,401.3,ok,ok,0.0,8,1,ok,ok,0.0,6,1,GO STRAIGHT,,0,0,13,1,262.2
1335,1335,445,22.27,22.272,22.25,295.8,401.1,ok,ok,0.0,8,1,ok,ok,0.0,6,1,GO STRAIGHT,,0,0,13,1,262.5
1338,1338,446,22.32,22.322,22.3,295.8,400.9,ok,ok,0.0,8,1,ok,ok,0.0,6,1,GO STRAIGHT,,0,0,13,1,262.8
1341,1341,447,22.37,22.372,22.35,295.8,400.6,ok,ok,0.0,8,1,ok,ok,0.0,6,1,GO STRAIGHT,,0,0,13,1,263.0
1344,1344,448,22.42,22.422,22.4,295.8,400.4,ok,ok,0.0,8,1,ok,ok,0.0,6,1,GO STRAIGHT,,0,0,13,1,263.0
1347,1347,449,22.47,22.472,22.45,295.8,400.1,ok,ok,0.0,8,1,ok,ok,0.0,6,1,GO STRAIGHT,,0,0,13,1,262.9
1350,1350,450,22.52,22.523,22.5,295.8,399.9,ok,ok,0.0,8,1,ok,ok,0.0,6,1,GO STRAIGHT,,0,0,13,1,262.8
1353,1353,451,22.57,22.573,22.55,295.8,399.7,ok,ok,0.0,8,1,ok,ok,0.0,6,1,GO STRAIGHT,,0,0,13,1,262.6
1356,1356,452,22.62,22.623,22.6,295.8,399.4,ok,ok,0.0,8,1,ok,ok,0.0,6,1,GO STRAIGHT,,0,0,13,1,262.4
1359,1359,453,22.67,22.673,22.65,295.8,399.2,ok,ok,0.0,8,1,ok,ok,0.0,6,1,GO STRAIGHT,,0,0,13,1,262.2
1362,1362,454,22.72,22.723,22.7,295.8,398.9,ok,ok,0.0,8,1,ok,ok,0.0,6,1,GO STRAIGHT,,0,0,13,1,261.8
1365,1365,455,22.77,22.773,22.75,295.8,398.7,ok,ok,0.0,8,1,ok,ok,0.0,6,1,GO STRAIGHT,,0,0,13,1,261.5
1368,1368,456,22.82,22.823,22.8,295.8,398.5,ok,ok,0.0,8,1,ok,ok,0.0,6,1,GO STRAIGHT,,0,0,13,1,261.1
1371,1371,457,22.87,22.873,22.85,295.8,398.2,ok,ok,0.0,8,1,ok,ok,0.0,6,1,GO STRAIGHT,,0,0,13,1,260.9
1374,1374,458,22.92,22.923,22.9,295.8,398.0,ok,ok,0.0,8,1,ok,ok,0.0,6,1,GO STRAIGHT,,0,0,13,1,260.6
1377,1377,459,22.97,22.973,22.95,295.8,397.8,ok,ok,0.0,8,1,ok,ok,0.0,6,1,GO STRAIGHT,,0,0,13,1,260.4
1380,1380,460,23.02,23.023,23.0,295.8,397.5,ok,ok,0.0,8,1,ok,ok,0.0,6,1,GO STRAIGHT,,0,0,13,1,260.3
1383,1383,461,23.07,23.073,23.05,295.8,397.3,ok,ok,0.0,8,1,ok,ok,0.0,6,1,GO STRAIGHT,,0,0,13,1,260.3
1386,1386,462,23.12,23.123,23.1,295.8,397.0,ok,ok,0.0,8,1,ok,ok,0.0,6,1,GO STRAIGHT,,0,0,13,1,260.4
1389,1389,463,23.17,23.173,23.15,295.8,396.8,ok,ok,0.0,8,1,ok,ok,0.0,6,1,GO STRAIGHT,,0,0,13,1,260.4
1392,1392,464,23.22,23.223,23.2,295.8,396.6,ok,ok,0.0,8,1,ok,ok,0.0,6,1,GO STRAIGHT,,0,0,13,1,260.5
1395,1395,465,23.27,23.273,23.25,295.8,396.3,ok,ok,0.0,8,1,ok,ok,0.0,6,1,GO STRAIGHT,,0,0,13,1,260.7
1398,1398,466,23.32,23.323,23.3,295.8,396.1,ok,ok,0.0,8,1,ok,ok,0.0,6,1,GO STRAIGHT,,0,0,13,1,260.9
1401,1401,467,23.37,23.373,23.35,295.8,395.9,ok,ok,0.0,8,1,ok,ok,0.0,6,1,GO STRAIGHT,,0,0,13,1,261.1
1404,1404,468,23.42,23.423,23.4,295.8,395.6,ok,ok,0.0,8,1,ok,ok,0.0,6,1,GO STRAIGHT,,0,0,13,1,261.3
1407,1407,469,23.47,23.473,23.45,295.7,395.4,ok,ok,0.0,8,1,ok,ok,0.0,6,1,GO STRAIGHT,,0,0,13,1,261.5
1410,1410,470,23.52,23.524,23.5,295.7,395.1,ok,ok,0.0,8,1,ok,ok,0.0,6,1,GO STRAIGHT,,0,0,13,1,261.7
1413,1413,471,23.57,23.574,23.55,295.7,394.9,ok,ok,0.0,8,1,ok,ok,0.0,6,1,GO STRAIGHT,,0,0,13,1,261.9
1416,1416,472,23.62,23.624,23.6,295.7,394.7,ok,ok,0.0,8,1,ok,ok,0.0,6,1,GO STRAIGHT,,0,0,13,1,262.3
1419,1419,473,23.67,23.674,23.65,295.7,394.4,ok,ok,0.0,8,1,ok,ok,0.0,6,1,GO STRAIGHT,,0,0,13,1,262.7
1422,1422,474,23.72,23.724,23.7,295.7,394.2,ok,ok,0.0,8,1,ok,ok,0.0,6,1,GO STRAIGHT,,0,0,13,1,263.0
1425,1425,475,23.77,23.774,23.75,295.7,394.0,ok,ok,0.0,8,1,ok,ok,0.0,6,1,GO STRAIGHT,,0,0,13,1,263.1
1428,1428,476,23.82,23.824,23.8,295.7,393.7,ok,ok,0.0,8,1,ok,ok,0.0,6,1,GO STRAIGHT,,0,0,13,1,263.1
1431,1431,477,23.87,23.874,23.85,295.7,393.5,ok,ok,0.0,8,1,ok,ok,0.0,6,1,GO STRAIGHT,,0,0,13,1,262.9
1434,1434,478,23.92,23.924,23.9,295.7,393.2,ok,ok,0.0,8,1,ok,ok,0.0,6,1,GO STRAIGHT,,0,0,13,1,262.8
1437,1437,479,23.97,23.974,23.95,295.7,393.0,ok,ok,0.0,8,1,ok,ok,0.0,6,1,GO STRAIGHT,,0,0,13,1,262.5
1440,1440,480,24.02,24.024,24.0,295.8,392.7,ok,ok,0.0,8,1,ok,ok,0.0,6,1,GO STRAIGHT,,0,0,13,1,262.1
1443,1443,481,24.07,24.074,24.05,295.8,392.5,ok,ok,0.0,8,1,ok,ok,0.0,6,1,GO STRAIGHT,,0,0,13,1,261.7
1446,1446,482,24.12,24.124,24.1,295.8,392.2,ok,ok,0.0,8,1,ok,ok,0.0,6,1,GO STRAIGHT,,0,0,13,1,261.4
1449,1449,483,24.17,24.174,24.15,295.8,392.0,ok,ok,0.0,7,1,ok,ok,0.0,6,1,GO STRAIGHT,,0,0,13,1,261.2
1452,1452,484,24.22,24.224,24.2,295.7,391.8,ok,ok,0.0,8,1,ok,ok,0.0,6,1,GO STRAIGHT,,0,0,13,1,261.1
1455,1455,485,24.27,24.274,24.25,295.7,391.5,ok,ok,0.0,7,1,ok,ok,0.0,6,1,GO STRAIGHT,,0,0,13,1,261.1
1458,1458,486,24.32,24.324,24.3,295.7,391.3,ok,ok,0.0,8,1,ok,ok,0.0,6,1,GO STRAIGHT,,0,0,13,1,261.0
1461,1461,487,24.37,24.374,24.35,295.7,391.1,ok,ok,0.0,8,1,ok,ok,0.0,6,1,GO STRAIGHT,,0,0,13,1,261.0
1464,1464,488,24.42,24.424,24.4,295.7,390.8,ok,ok,0.0,8,1,ok,ok,0.0,6,1,GO STRAIGHT,,0,0,13,1,261.0
1467,1467,489,24.47,24.474,24.45,295.7,390.6,ok,ok,0.0,8,1,ok,ok,0.0,6,1,GO STRAIGHT,,0,0,13,1,261.0
1470,1470,490,24.52,24.525,24.5,295.7,390.3,ok,ok,0.0,8,1,ok,ok,0.0,6,1,GO STRAIGHT,,0,0,13,1,261.0
1473,1473,491,24.57,24.575,24.55,295.7,390.1,ok,ok,0.0,8,1,ok,ok,0.0,6,1,GO STRAIGHT,,0,0,13,1,261.1
1476,1476,492,24.62,24.625,24.6,295.6,389.9,ok,ok,0.0,8,1,ok,ok,0.0,6,1,GO STRAIGHT,,0,0,13,1,261.1
1479,1479,493,24.67,24.675,24.65,295.6,389.6,ok,ok,0.0,8,1,ok,ok,0.0,6,1,GO STRAIGHT,,0,0,13,1,261.2
1482,1482,494,24.72,24.725,24.7,295.6,389.4,ok,ok,0.0,8,1,ok,ok,0.0,6,1,GO STRAIGHT,,0,0,13,1,261.5
1485,1485,495,24.77,24.775,24.75,295.6,389.1,ok,ok,0.0,8,1,ok,ok,0.0,6,1,GO STRAIGHT,,0,0,13,1,261.8
1488,1488,496,24.82,24.825,24.8,295.5,388.8,ok,ok,0.0,8,1,ok,ok,0.0,6,1,GO STRAIGHT,,0,0,13,1,262.1
1491,1491,497,24.87,24.875,24.85,295.5,388.6,ok,ok,0.0,8,1,ok,ok,0.0,6,1,GO STRAIGHT,,0,0,13,1,262.1
1494,1494,498,24.92,24.925,24.9,295.5,388.3,ok,ok,0.0,8,1,ok,ok,0.0,6,1,GO STRAIGHT,,0,0,13,1,262.4
1497,1497,499,24.97,24.975,24.95,295.5,388.1,ok,ok,0.0,8,1,ok,ok,0.0,6,1,GO STRAIGHT,,0,0,13,1,262.7
1500,1500,500,25.03,25.025,25.0,295.4,387.8,ok,ok,0.0,8,1,ok,ok,0.0,6,1,GO STRAIGHT,,0,0,13,1,262.9
1503,1503,501,25.08,25.075,25.05,295.4,387.6,ok,ok,0.0,8,1,ok,ok,0.0,6,1,GO STRAIGHT,,0,0,13,1,262.9
1506,1506,502,25.13,25.125,25.1,295.4,387.4,ok,ok,0.0,8,1,ok,ok,0.0,6,1,GO STRAIGHT,,0,0,13,1,262.9
1509,1509,503,25.18,25.175,25.15,295.4,387.1,ok,ok,0.0,8,1,ok,ok,0.0,6,1,GO STRAIGHT,,0,0,13,1,262.8
1512,1512,504,25.23,25.225,25.2,295.4,386.9,ok,ok,0.0,8,1,ok,ok,0.0,6,1,GO STRAIGHT,,0,0,13,1,262.7
1515,1515,505,25.28,25.275,25.25,295.3,386.6,ok,ok,0.0,8,1,ok,ok,0.0,6,1,GO STRAIGHT,,0,0,13,1,262.6
1518,1518,506,25.33,25.325,25.3,295.3,386.3,ok,ok,0.0,8,1,ok,ok,0.0,6,1,GO STRAIGHT,,0,0,13,1,262.4
1521,1521,507,25.38,25.375,25.35,295.3,386.1,ok,ok,0.0,8,1,ok,ok,0.0,6,1,GO STRAIGHT,,0,0,13,1,262.0
1524,1524,508,25.43,25.425,25.4,295.3,385.9,ok,ok,0.0,8,1,ok,ok,0.0,6,1,GO STRAIGHT,,0,0,13,1,261.8
1527,1527,509,25.48,25.475,25.45,295.3,385.6,ok,ok,0.0,8,1,ok,ok,0.0,6,1,GO STRAIGHT,,0,0,13,1,261.7
1530,1530,510,25.53,25.526,25.5,295.3,385.4,ok,ok,0.0,8,1,ok,ok,0.0,6,1,GO STRAIGHT,,0,0,13,1,261.6
1533,1533,511,25.58,25.576,25.55,295.3,385.1,ok,ok,0.0,8,1,ok,ok,0.0,6,1,GO STRAIGHT,,0,0,13,1,261.4
1536,1536,512,25.63,25.626,25.6,295.3,384.9,ok,ok,0.0,8,1,ok,ok,0.0,6,1,GO STRAIGHT,,0,0,13,1,261.2
1539,1539,513,25.68,25.676,25.65,295.3,384.7,ok,ok,0.0,8,1,ok,ok,0.0,6,1,GO STRAIGHT,,0,0,13,1,261.2
1542,1542,514,25.73,25.726,25.7,295.3,384.4,ok,ok,0.0,8,1,ok,ok,0.0,6,1,GO STRAIGHT,,0,0,13,1,261.4
1545,1545,515,25.78,25.776,25.75,295.2,384.2,ok,ok,0.0,8,1,ok,ok,0.0,6,1,GO STRAIGHT,,0,0,13,1,261.6
1548,1548,516,25.83,25.826,25.8,295.2,383.9,ok,ok,0.0,8,1,ok,ok,0.0,6,1,GO STRAIGHT,,0,0,13,1,261.7
1551,1551,517,25.88,25.876,25.85,295.2,383.7,ok,ok,0.0,8,1,ok,ok,0.0,6,1,GO STRAIGHT,,0,0,13,1,261.8
1554,1554,518,25.93,25.926,25.9,295.2,383.5,ok,ok,0.0,8,1,ok,ok,0.0,6,1,GO STRAIGHT,,0,0,13,1,261.9
1557,1557,519,25.98,25.976,25.95,295.2,383.2,ok,ok,0.0,8,1,ok,ok,0.0,6,1,GO STRAIGHT,,0,0,13,1,262.0
1560,1560,520,26.03,26.026,26.0,295.2,383.0,ok,ok,0.0,8,1,ok,ok,0.0,6,1,GO STRAIGHT,,0,0,13,1,262.1
1563,1563,521,26.08,26.076,26.05,295.2,382.7,ok,ok,0.0,8,1,ok,ok,0.0,6,1,GO STRAIGHT,,0,0,13,1,262.3
1566,1566,522,26.13,26.126,26.1,295.2,382.5,ok,ok,0.0,8,1,ok,ok,0.0,6,1,GO STRAIGHT,,0,0,13,1,262.4
1569,1569,523,26.18,26.176,26.15,295.2,382.3,ok,ok,0.0,8,1,ok,ok,0.0,6,1,GO STRAIGHT,,0,0,13,1,262.6
1572,1572,524,26.23,26.226,26.2,295.2,382.0,ok,ok,0.0,8,1,ok,ok,0.0,6,1,GO STRAIGHT,,0,0,13,1,262.7
1575,1575,525,26.28,26.276,26.25,295.1,381.7,ok,ok,0.0,8,1,ok,ok,0.0,6,1,GO STRAIGHT,,0,0,13,1,262.7
1578,1578,526,26.33,26.326,26.3,295.1,381.5,ok,ok,0.0,8,1,ok,ok,0.0,6,1,GO STRAIGHT,,0,0,13,1,263.0
1581,1581,527,26.38,26.376,26.35,295.1,381.3,ok,ok,0.0,8,1,ok,ok,0.0,6,1,GO STRAIGHT,,0,0,13,1,263.2
1584,1584,528,26.43,26.426,26.4,295.1,381.0,ok,ok,0.0,8,1,ok,ok,0.0,6,1,GO STRAIGHT,,0,0,13,1,263.3
1587,1587,529,26.48,26.476,26.45,295.1,380.8,ok,ok,0.0,8,1,ok,ok,0.0,6,1,GO STRAIGHT,,0,0,13,1,263.3
1590,1590,530,26.53,26.527,26.5,295.1,380.5,ok,ok,0.0,7,1,ok,ok,0.0,6,1,GO STRAIGHT,,0,0,13,1,263.2
1593,1593,531,26.58,26.577,26.55,295.1,380.3,ok,ok,0.0,7,1,ok,ok,0.0,6,1,GO STRAIGHT,,0,0,13,1,262.9
1596,1596,532,26.63,26.627,26.6,295.1,380.0,ok,ok,0.0,7,1,ok,ok,0.0,6,1,GO STRAIGHT,,0,0,13,1,262.6
1599,1599,533,26.68,26.677,26.65,295.1,379.8,ok,ok,0.0,7,1,ok,ok,0.0,6,1,GO STRAIGHT,,0,0,13,1,262.3
1602,1602,534,26.73,26.727,26.7,295.2,379.6,ok,ok,0.0,7,1,ok,ok,0.0,6,1,GO STRAIGHT,,0,0,13,1,262.1
1605,1605,535,26.78,26.777,26.75,295.2,379.3,ok,ok,0.0,7,1,ok,ok,0.0,6,1,GO STRAIGHT,,0,0,13,1,262.1
1608,1608,536,26.83,26.827,26.8,295.2,379.1,ok,ok,0.0,7,1,ok,ok,0.0,6,1,GO STRAIGHT,,0,0,13,1,262.1
1611,1611,537,26.88,26.877,26.85,295.2,378.9,ok,ok,0.0,7,1,ok,ok,0.0,6,1,GO STRAIGHT,,0,0,13,1,261.9
1614,1614,538,26.93,26.927,26.9,295.2,378.7,ok,ok,0.0,7,1,ok,ok,0.0,6,1,GO STRAIGHT,,0,0,13,1,261.7
1617,1617,539,26.98,26.977,26.95,295.3,378.4,ok,ok,0.0,7,1,ok,ok,0.0,6,1,GO STRAIGHT,,0,0,13,1,261.5
1620,1620,540,27.03,27.027,27.0,295.3,378.2,ok,ok,0.0,7,1,ok,ok,0.0,6,1,GO STRAIGHT,,0,0,13,1,261.3
1623,1623,541,27.08,27.077,27.05,295.3,377.9,ok,ok,0.0,7,1,ok,ok,0.0,6,1,GO STRAIGHT,,0,0,13,1,261.2
1626,1626,542,27.13,27.127,27.1,295.3,377.7,ok,ok,0.0,7,1,ok,ok,0.0,6,1,GO STRAIGHT,,0,0,13,1,261.1
1629,1629,543,27.18,27.177,27.15,295.3,377.5,ok,ok,0.0,7,1,ok,ok,0.0,6,1,GO STRAIGHT,,0,0,13,1,261.0
1632,1632,544,27.23,27.227,27.2,295.4,377.2,ok,ok,0.0,7,1,ok,ok,0.0,6,1,GO STRAIGHT,,0,0,13,1,261.0
1635,1635,545,27.28,27.277,27.25,295.4,377.0,ok,ok,0.0,7,1,ok,ok,0.0,6,1,GO STRAIGHT,,0,0,13,1,261.0
1638,1638,546,27.33,27.327,27.3,295.4,376.7,ok,ok,0.0,7,1,ok,ok,0.0,6,1,GO STRAIGHT,,0,0,13,1,261.1
1641,1641,547,27.38,27.377,27.35,295.4,376.5,ok,ok,0.0,7,1,ok,ok,0.0,6,1,GO STRAIGHT,,0,0,13,1,261.3
1644,1644,548,27.43,27.427,27.4,295.4,376.2,ok,ok,0.0,7,1,ok,ok,0.0,6,1,GO STRAIGHT,,0,0,13,1,261.4
1647,1647,549,27.48,27.477,27.45,295.4,376.0,ok,ok,0.0,7,1,ok,ok,0.0,6,1,GO STRAIGHT,,0,0,13,1,261.4
1650,1650,550,27.53,27.528,27.5,295.4,375.7,ok,ok,0.0,7,1,ok,ok,0.0,6,1,GO STRAIGHT,,0,0,13,1,261.5
1653,1653,551,27.58,27.578,27.55,295.4,375.5,ok,ok,0.0,7,1,ok,ok,0.0,6,1,GO STRAIGHT,,0,0,13,1,261.6
1656,1656,552,27.63,27.628,27.6,295.4,375.2,ok,ok,0.0,7,1,ok,ok,0.0,6,1,GO STRAIGHT,,0,0,13,1,261.8
1659,1659,553,27.68,27.678,27.65,295.4,375.0,ok,ok,0.0,7,1,ok,ok,0.0,6,1,GO STRAIGHT,,0,0,13,1,262.1
1662,1662,554,27.73,27.728,27.7,295.4,374.8,ok,ok,0.0,7,1,ok,ok,0.0,6,1,GO STRAIGHT,,0,0,13,1,262.2
1665,1665,555,27.78,27.778,27.75,295.4,374.5,ok,ok,0.0,7,1,ok,ok,0.0,6,1,GO STRAIGHT,,0,0,13,1,262.2
1668,1668,556,27.83,27.828,27.8,295.4,374.3,ok,ok,0.0,7,1,ok,ok,0.0,6,1,GO STRAIGHT,,0,0,13,1,262.1
1671,1671,557,27.88,27.878,27.85,295.4,374.0,ok,ok,0.0,7,1,ok,ok,0.0,6,1,GO STRAIGHT,,0,0,13,1,262.0
1674,1674,558,27.93,27.928,27.9,295.4,373.8,ok,ok,0.0,7,1,ok,ok,0.0,6,1,GO STRAIGHT,,0,0,13,1,261.8
1677,1677,559,27.98,27.978,27.95,295.4,373.5,ok,ok,0.0,7,1,ok,ok,0.0,6,1,GO STRAIGHT,,0,0,13,1,261.6
1680,1680,560,28.03,28.028,28.0,295.4,373.3,ok,ok,0.0,7,1,ok,ok,0.0,6,1,GO STRAIGHT,,0,0,13,1,261.1
1683,1683,561,28.08,28.078,28.05,295.4,373.0,ok,ok,0.0,7,1,ok,ok,0.0,6,1,GO STRAIGHT,,0,0,13,1,260.7
1686,1686,562,28.13,28.128,28.1,295.4,372.8,ok,ok,0.0,7,1,ok,ok,0.0,6,1,GO STRAIGHT,,0,0,13,1,260.4
1689,1689,563,28.18,28.178,28.15,295.4,372.5,ok,ok,0.0,7,1,ok,ok,0.0,6,1,GO STRAIGHT,,0,0,13,1,260.4
1692,1692,564,28.23,28.228,28.2,295.4,372.3,ok,ok,0.0,7,1,ok,ok,0.0,6,1,GO STRAIGHT,,0,0,13,1,260.4
1695,1695,565,28.28,28.278,28.25,295.4,372.0,ok,ok,0.0,7,1,ok,ok,0.0,6,1,GO STRAIGHT,,0,0,13,1,260.5
1698,1698,566,28.33,28.328,28.3,295.4,371.8,ok,ok,0.0,7,1,ok,ok,0.0,6,1,GO STRAIGHT,,0,0,13,1,260.5
1701,1701,567,28.38,28.378,28.35,295.4,371.5,ok,ok,0.0,7,1,ok,ok,0.0,6,1,GO STRAIGHT,,0,0,13,1,260.6
1704,1704,568,28.43,28.428,28.4,295.4,371.3,ok,ok,0.0,7,1,ok,ok,0.0,6,1,GO STRAIGHT,,0,0,13,1,260.5
1707,1707,569,28.48,28.478,28.45,295.4,371.0,ok,ok,0.0,7,1,ok,ok,0.0,6,1,GO STRAIGHT,,0,0,13,1,260.5
1710,1710,570,28.53,28.529,28.5,295.3,370.8,ok,ok,0.0,7,1,ok,ok,0.0,6,1,GO STRAIGHT,,0,0,13,1,260.5
1713,1713,571,28.58,28.579,28.55,295.3,370.5,ok,ok,0.0,7,1,ok,ok,0.0,6,1,GO STRAIGHT,,0,0,13,1,260.8
1716,1716,572,28.63,28.629,28.6,295.3,370.3,ok,ok,0.0,7,1,ok,ok,0.0,6,1,GO STRAIGHT,,0,0,13,1,261.0
1719,1719,573,28.68,28.679,28.65,295.3,370.0,ok,ok,0.0,7,1,ok,ok,0.0,6,1,GO STRAIGHT,,0,0,13,1,261.3
1722,1722,574,28.73,28.729,28.7,295.3,369.8,ok,ok,0.0,7,1,ok,ok,0.0,6,1,GO STRAIGHT,,0,0,13,1,261.5
1725,1725,575,28.78,28.779,28.75,295.2,369.5,ok,ok,0.0,7,1,ok,ok,0.0,6,1,GO STRAIGHT,,0,0,13,1,261.5
1728,1728,576,28.83,28.829,28.8,295.2,369.3,ok,ok,0.0,7,1,ok,ok,0.0,6,1,GO STRAIGHT,,0,0,13,1,261.5
1731,1731,577,28.88,28.879,28.85,295.2,369.1,ok,ok,0.0,7,1,ok,ok,0.0,6,1,GO STRAIGHT,,0,0,13,1,261.7
1734,1734,578,28.93,28.929,28.9,295.1,368.8,ok,ok,0.0,7,1,ok,ok,0.0,6,1,GO STRAIGHT,,0,0,13,1,261.9
1737,1737,579,28.98,28.979,28.95,295.1,368.6,ok,ok,0.0,7,1,ok,ok,0.0,6,1,GO STRAIGHT,,0,0,13,1,262.3
1740,1740,580,29.03,29.029,29.0,295.1,368.3,ok,ok,0.0,7,1,ok,ok,0.0,6,1,GO STRAIGHT,,0,0,13,1,262.5
1743,1743,581,29.08,29.079,29.05,295.0,368.1,ok,ok,0.0,7,1,ok,ok,0.0,6,1,GO STRAIGHT,,0,0,13,1,262.6
1746,1746,582,29.13,29.129,29.1,295.0,367.8,ok,ok,0.0,6,1,ok,ok,0.0,6,1,GO STRAIGHT,,0,0,13,1,262.7
1749,1749,583,29.18,29.179,29.15,295.0,367.6,ok,ok,0.0,6,1,ok,ok,0.0,6,1,GO STRAIGHT,,0,0,13,1,262.6
1752,1752,584,29.23,29.229,29.2,294.9,367.3,ok,ok,0.0,6,1,ok,ok,0.0,6,1,GO STRAIGHT,,0,0,13,1,262.5
1755,1755,585,29.28,29.279,29.25,294.9,367.1,ok,ok,0.0,7,1,ok,ok,0.0,6,1,GO STRAIGHT,,0,0,13,1,262.5
1758,1758,586,29.33,29.329,29.3,294.9,366.8,ok,ok,0.0,7,1,ok,ok,0.0,6,1,GO STRAIGHT,,0,0,13,1,262.2
1761,1761,587,29.38,29.379,29.35,294.9,366.6,ok,ok,0.0,7,1,ok,ok,0.0,6,1,GO STRAIGHT,,0,0,13,1,262.1
1764,1764,588,29.43,29.429,29.4,294.9,366.3,ok,ok,0.0,7,1,ok,ok,0.0,6,1,GO STRAIGHT,,0,0,13,1,262.2
1767,1767,589,29.48,29.479,29.45,294.8,366.0,ok,ok,0.0,7,1,ok,ok,0.0,6,1,GO STRAIGHT,,0,0,13,1,262.2
1770,1770,590,29.53,29.53,29.5,294.8,365.8,ok,ok,0.0,7,1,ok,ok,0.0,6,1,GO STRAIGHT,,0,0,13,1,262.1
1773,1773,591,29.58,29.58,29.55,294.8,365.5,ok,ok,0.0,7,1,ok,ok,0.0,6,1,GO STRAIGHT,,0,0,13,1,262.0
1776,1776,592,29.63,29.63,29.6,294.7,365.3,ok,ok,0.0,7,1,ok,ok,0.0,6,1,GO STRAIGHT,,0,0,13,1,261.8
1779,1779,593,29.68,29.68,29.65,294.7,365.0,ok,ok,0.0,7,1,ok,ok,0.0,6,1,GO STRAIGHT,,0,0,13,1,261.9
1782,1782,594,29.73,29.73,29.7,294.7,364.8,ok,ok,0.0,7,1,ok,ok,0.0,6,1,GO STRAIGHT,,0,0,13,1,262.1
1785,1785,595,29.78,29.78,29.75,294.7,364.5,ok,ok,0.0,7,1,ok,ok,0.0,6,1,GO STRAIGHT,,0,0,13,1,262.1
1788,1788,596,29.83,29.83,29.8,294.7,364.2,ok,ok,0.0,7,1,ok,ok,0.0,6,1,GO STRAIGHT,,0,0,13,1,262.2
1791,1791,597,29.88,29.88,29.85,294.6,364.0,ok,ok,0.0,7,1,ok,ok,0.0,6,1,GO STRAIGHT,,0,0,13,1,262.5
1794,1794,598,29.93,29.93,29.9,294.6,363.7,ok,ok,0.0,7,1,ok,ok,0.0,6,1,GO STRAIGHT,,0,0,13,1,262.8
1797,1797,599,29.98,29.98,29.95,294.6,363.5,ok,ok,0.0,7,1,ok,ok,0.0,6,1,GO STRAIGHT,,0,0,13,1,263.3
1800,1800,600,30.03,30.03,30.0,294.5,363.2,ok,ok,0.0,7,1,ok,ok,0.0,6,1,GO STRAIGHT,,0,0,13,1,263.8
1803,1803,601,30.08,30.08,30.05,294.5,362.9,ok,ok,0.0,7,1,ok,ok,0.0,6,1,GO STRAIGHT,,0,0,13,1,264.1
1806,1806,602,30.13,30.13,30.1,294.5,362.7,ok,ok,0.0,7,1,ok,ok,0.0,6,1,GO STRAIGHT,,0,0,13,1,264.3
1809,1809,603,30.18,30.18,30.15,294.5,362.4,ok,ok,0.0,7,1,ok,ok,0.0,6,1,GO STRAIGHT,,0,0,13,1,264.5
1812,1812,604,30.23,30.23,30.2,294.5,362.2,ok,ok,0.0,7,1,ok,ok,0.0,6,1,GO STRAIGHT,,0,0,13,1,264.8
1815,1815,605,30.28,30.28,30.25,294.4,361.9,ok,ok,0.0,7,1,ok,ok,0.0,6,1,GO STRAIGHT,,0,0,13,1,265.0
1818,1818,606,30.33,30.33,30.3,294.4,361.6,ok,ok,0.0,7,1,ok,ok,0.0,6,1,GO STRAIGHT,,0,0,13,1,265.2
1821,1821,607,30.38,30.38,30.35,294.4,361.3,ok,ok,0.0,7,1,ok,ok,0.0,6,1,GO STRAIGHT,,0,0,13,1,265.3
1824,1824,608,30.43,30.43,30.4,294.4,361.1,ok,ok,0.0,7,1,ok,ok,0.0,6,1,GO STRAIGHT,,0,0,13,1,265.5
1827,1827,609,30.48,30.48,30.45,294.4,360.8,ok,ok,0.0,7,1,ok,ok,0.0,6,1,GO STRAIGHT,,0,0,13,1,265.7
1830,1830,610,30.53,30.531,30.5,294.4,360.5,ok,ok,0.0,7,1,ok,ok,0.0,6,1,GO STRAIGHT,,0,0,13,1,265.8
1833,1833,611,30.58,30.581,30.55,294.4,360.3,ok,ok,0.0,7,1,ok,ok,0.0,6,1,GO STRAIGHT,,0,0,13,1,265.7
1836,1836,612,30.63,30.631,30.6,294.4,360.0,ok,ok,0.0,7,1,ok,ok,0.0,6,1,GO STRAIGHT,,0,0,13,1,265.3
1839,1839,613,30.68,30.681,30.65,294.4,359.7,ok,ok,0.0,7,1,ok,ok,0.0,6,1,GO STRAIGHT,,0,0,13,1,265.0
1842,1842,614,30.73,30.731,30.7,294.4,359.5,ok,ok,0.0,7,1,ok,ok,0.0,6,1,GO STRAIGHT,,0,0,13,1,264.9
1845,1845,615,30.78,30.781,30.75,294.4,359.2,ok,ok,0.0,7,1,ok,ok,0.0,6,1,GO STRAIGHT,,0,0,13,1,264.5
1848,1848,616,30.83,30.831,30.8,294.4,358.9,ok,ok,0.0,7,1,ok,ok,0.0,6,1,GO STRAIGHT,,0,0,13,1,264.4
1851,1851,617,30.88,30.881,30.85,294.4,358.7,ok,ok,0.0,7,1,ok,ok,0.0,6,1,GO STRAIGHT,,0,0,13,1,264.6
1854,1854,618,30.93,30.931,30.9,294.4,358.4,ok,ok,0.0,7,1,ok,ok,0.0,6,1,GO STRAIGHT,,0,0,13,1,264.6
1857,1857,619,30.98,30.981,30.95,294.4,358.1,ok,ok,0.0,7,1,ok,ok,0.0,6,1,GO STRAIGHT,,0,0,13,1,264.4
1860,1860,620,31.03,31.031,31.0,294.4,357.9,ok,ok,0.0,7,1,ok,ok,0.0,6,1,GO STRAIGHT,,0,0,13,1,264.6
1863,1863,621,31.08,31.081,31.05,294.3,357.6,ok,ok,0.0,6,1,ok,ok,0.0,6,1,GO STRAIGHT,,0,0,13,1,264.8
1866,1866,622,31.13,31.131,31.1,294.3,357.3,ok,ok,0.0,6,1,ok,ok,0.0,6,1,GO STRAIGHT,,0,0,13,1,264.9
1869,1869,623,31.18,31.181,31.15,294.3,357.1,ok,ok,0.0,6,1,ok,ok,0.0,6,1,GO STRAIGHT,,0,0,13,1,264.9
1872,1872,624,31.23,31.231,31.2,294.3,356.8,ok,ok,0.0,6,1,ok,ok,0.0,6,1,GO STRAIGHT,,0,0,13,1,265.1
1875,1875,625,31.28,31.281,31.25,294.3,356.5,ok,ok,0.0,6,1,ok,ok,0.0,6,1,GO STRAIGHT,,0,0,13,1,265.3
1878,1878,626,31.33,31.331,31.3,294.3,356.3,ok,ok,0.0,6,1,ok,ok,0.0,6,1,GO STRAIGHT,,0,0,13,1,265.4
1881,1881,627,31.38,31.381,31.35,294.3,356.0,ok,ok,0.0,6,1,ok,ok,0.0,6,1,GO STRAIGHT,,0,0,13,1,265.6
1884,1884,628,31.43,31.431,31.4,294.3,355.8,ok,ok,0.0,6,1,ok,ok,0.0,6,1,GO STRAIGHT,,0,0,13,1,266.0
1887,1887,629,31.48,31.481,31.45,294.3,355.5,ok,ok,0.0,6,1,ok,ok,0.0,6,1,GO STRAIGHT,,0,0,13,1,266.4
1890,1890,630,31.53,31.532,31.5,294.3,355.2,ok,ok,0.0,6,1,ok,ok,0.0,6,1,GO STRAIGHT,,0,0,13,1,266.6
1893,1893,631,31.58,31.582,31.55,294.3,355.0,ok,ok,0.0,6,1,ok,ok,0.0,6,1,GO STRAIGHT,,0,0,13,1,266.8
1896,1896,632,31.63,31.632,31.6,294.3,354.7,ok,ok,0.0,6,1,ok,ok,0.0,6,1,GO STRAIGHT,,0,0,13,1,266.9
1899,1899,633,31.68,31.682,31.65,294.3,354.5,ok,ok,0.0,6,1,ok,ok,0.0,6,1,GO STRAIGHT,,0,0,13,1,266.7
1902,1902,634,31.73,31.732,31.7,294.3,354.2,ok,ok,0.0,6,1,ok,ok,0.0,6,1,GO STRAIGHT,,0,0,13,1,266.4
1905,1905,635,31.78,31.782,31.75,294.3,354.0,ok,ok,0.0,6,1,ok,ok,0.0,6,1,GO STRAIGHT,,0,0,13,1,266.1
1908,1908,636,31.83,31.832,31.8,294.3,353.7,ok,ok,0.0,6,1,ok,ok,0.0,6,1,GO STRAIGHT,,0,0,13,1,265.5
1911,1911,637,31.88,31.882,31.85,294.3,353.5,ok,ok,0.0,6,1,ok,ok,0.0,6,1,GO STRAIGHT,,0,0,13,1,265.1
1914,1914,638,31.93,31.932,31.9,294.3,353.2,ok,ok,0.0,6,1,ok,ok,0.0,6,1,GO STRAIGHT,,0,0,13,1,264.7
1917,1917,639,31.98,31.982,31.95,294.3,353.0,ok,ok,0.0,6,1,ok,ok,0.0,6,1,GO STRAIGHT,,0,0,13,1,264.6
1920,1920,640,32.03,32.032,32.0,294.4,352.8,ok,ok,0.0,6,1,ok,ok,0.0,6,1,GO STRAIGHT,,0,0,13,1,264.7
1923,1923,641,32.08,32.082,32.05,294.4,352.5,ok,ok,0.0,6,1,ok,ok,0.0,6,1,GO STRAIGHT,,0,0,13,1,264.9
1926,1926,642,32.13,32.132,32.1,294.4,352.3,ok,ok,0.0,6,1,ok,ok,0.0,6,1,GO STRAIGHT,,0,0,13,1,265.0
1929,1929,643,32.18,32.182,32.15,294.4,352.0,ok,ok,0.0,6,1,ok,ok,0.0,6,1,GO STRAIGHT,,0,0,13,1,265.0
1932,1932,644,32.23,32.232,32.2,294.4,351.8,ok,ok,0.0,6,1,ok,ok,0.0,6,1,GO STRAIGHT,,0,0,13,1,265.0
1935,1935,645,32.28,32.282,32.25,294.4,351.6,ok,ok,0.0,6,1,ok,ok,0.0,6,1,GO STRAIGHT,,0,0,13,1,264.9
1938,1938,646,32.33,32.332,32.3,294.4,351.3,ok,ok,0.0,6,1,ok,ok,0.0,6,1,GO STRAIGHT,,0,0,13,1,265.0
1941,1941,647,32.38,32.382,32.35,294.4,351.1,ok,ok,0.0,6,1,ok,ok,0.0,6,1,GO STRAIGHT,,0,0,13,1,264.9
1944,1944,648,32.43,32.432,32.4,294.4,350.8,ok,ok,0.0,6,1,ok,ok,0.0,6,1,GO STRAIGHT,,0,0,13,1,264.9
1947,1947,649,32.48,32.482,32.45,294.3,350.6,ok,ok,0.0,6,1,ok,ok,0.0,6,1,GO STRAIGHT,,0,0,13,1,264.7
1950,1950,650,32.53,32.533,32.5,294.3,350.3,ok,ok,0.0,6,1,ok,ok,0.0,6,1,GO STRAIGHT,,0,0,13,1,264.7
1953,1953,651,32.58,32.583,32.55,294.3,350.1,ok,ok,0.0,6,1,ok,ok,0.0,6,1,GO STRAIGHT,,0,0,13,1,264.9
1956,1956,652,32.63,32.633,32.6,294.3,349.9,ok,ok,0.0,6,1,ok,ok,0.0,6,1,GO STRAIGHT,,0,0,13,1,265.3
1959,1959,653,32.68,32.683,32.65,294.3,349.6,ok,ok,0.0,6,1,ok,ok,0.0,6,1,GO STRAIGHT,,0,0,13,1,265.7
1962,1962,654,32.73,32.733,32.7,294.3,349.3,ok,ok,0.0,6,1,ok,ok,0.0,6,1,GO STRAIGHT,,0,0,13,1,266.1
1965,1965,655,32.78,32.783,32.75,294.3,349.1,ok,ok,0.0,6,1,ok,ok,0.0,6,1,GO STRAIGHT,,0,0,13,1,266.4
1968,1968,656,32.83,32.833,32.8,294.3,348.8,ok,ok,0.0,6,1,ok,ok,0.0,6,1,GO STRAIGHT,,0,0,13,1,266.6
1971,1971,657,32.88,32.883,32.85,294.3,348.6,ok,ok,0.0,6,1,ok,ok,0.0,6,1,GO STRAIGHT,,0,0,13,1,266.8
1974,1974,658,32.93,32.933,32.9,294.3,348.3,ok,ok,0.0,6,1,ok,ok,0.0,6,1,GO STRAIGHT,,0,0,13,1,266.7
1977,1977,659,32.98,32.983,32.95,294.3,348.1,ok,ok,0.0,6,1,ok,ok,0.0,6,1,GO STRAIGHT,,0,0,13,1,266.5
1980,1980,660,33.03,33.033,33.0,294.3,347.8,ok,ok,0.0,6,1,ok,ok,0.0,6,1,GO STRAIGHT,,0,0,13,1,266.2
1983,1983,661,33.08,33.083,33.05,294.2,347.6,ok,ok,0.0,6,1,ok,ok,0.0,6,1,GO STRAIGHT,,0,0,13,1,266.1
1986,1986,662,33.13,33.133,33.1,294.2,347.3,ok,ok,0.0,6,1,ok,ok,0.0,6,1,GO STRAIGHT,,0,0,13,1,266.1
1989,1989,663,33.18,33.183,33.15,294.2,347.1,ok,ok,0.0,6,1,ok,ok,0.0,6,1,GO STRAIGHT,,0,0,13,1,265.9
1992,1992,664,33.23,33.233,33.2,294.2,346.8,ok,ok,0.0,6,1,ok,ok,0.0,6,1,GO STRAIGHT,,0,0,13,1,265.8
1995,1995,665,33.28,33.283,33.25,294.2,346.5,ok,ok,0.0,6,1,ok,ok,0.0,6,1,GO STRAIGHT,,0,0,13,1,265.5
1998,1998,666,33.33,33.333,33.3,294.2,346.3,ok,ok,0.0,6,1,ok,ok,0.0,6,1,GO STRAIGHT,,0,0,13,1,265.2
2001,2001,667,33.38,33.383,33.35,294.2,346.0,ok,ok,0.0,6,1,ok,ok,0.0,6,1,GO STRAIGHT,,0,0,13,1,264.9
2004,2004,668,33.43,33.433,33.4,294.1,345.8,ok,ok,0.0,6,1,ok,ok,0.0,6,1,GO STRAIGHT,,0,0,13,1,264.6
2007,2007,669,33.48,33.483,33.45,294.1,345.5,ok,ok,0.0,6,1,ok,ok,0.0,6,1,GO STRAIGHT,,0,0,13,1,264.3
2010,2010,670,33.53,33.534,33.5,294.1,345.2,ok,ok,0.0,6,1,ok,ok,0.0,6,1,GO STRAIGHT,,0,0,13,1,264.1
2013,2013,671,33.58,33.584,33.55,294.1,345.0,ok,ok,0.0,6,1,ok,ok,0.0,6,1,GO STRAIGHT,,0,0,13,1,264.0
2016,2016,672,33.63,33.634,33.6,294.1,344.7,ok,ok,0.0,6,1,ok,ok,0.0,6,1,GO STRAIGHT,,0,0,13,1,263.9
2019,2019,673,33.68,33.684,33.65,294.0,344.4,ok,ok,0.0,6,1,ok,ok,0.0,6,1,GO STRAIGHT,,0,0,13,1,263.7
2022,2022,674,33.73,33.734,33.7,294.0,344.1,ok,ok,0.0,6,1,ok,ok,0.0,6,1,GO STRAIGHT,,0,0,13,1,263.6
2025,2025,675,33.78,33.784,33.75,294.0,343.9,ok,ok,0.0,6,1,ok,ok,0.0,6,1,GO STRAIGHT,,0,0,13,1,263.6
2028,2028,676,33.83,33.834,33.8,293.9,343.6,ok,ok,0.0,5,1,ok,ok,0.0,6,1,GO STRAIGHT,,0,0,13,1,263.7
2031,2031,677,33.88,33.884,33.85,293.9,343.4,ok,ok,0.0,5,1,ok,ok,0.0,6,1,GO STRAIGHT,,0,0,13,1,263.8
2034,2034,678,33.93,33.934,33.9,293.9,343.1,ok,ok,0.0,5,1,ok,ok,0.0,6,1,GO STRAIGHT,,0,0,13,1,263.9
2037,2037,679,33.98,33.984,33.95,293.8,342.9,ok,ok,0.0,6,1,ok,ok,0.0,6,1,GO STRAIGHT,,0,0,13,1,264.1
2040,2040,680,34.03,34.034,34.0,293.8,342.6,ok,ok,0.0,6,1,ok,ok,0.0,6,1,GO STRAIGHT,,0,0,13,1,264.1
2043,2043,681,34.08,34.084,34.05,293.8,342.4,ok,ok,0.0,6,1,ok,ok,0.0,6,1,GO STRAIGHT,,0,0,13,1,264.1
2046,2046,682,34.13,34.134,34.1,293.7,342.1,ok,ok,0.0,6,1,ok,ok,0.0,6,1,GO STRAIGHT,,0,0,13,1,264.0
2049,2049,683,34.18,34.184,34.15,293.7,341.9,ok,ok,0.0,6,1,ok,ok,0.0,6,1,GO STRAIGHT,,0,0,13,1,263.8
2052,2052,684,34.23,34.234,34.2,293.6,341.6,ok,ok,0.0,6,1,ok,ok,0.0,6,1,GO STRAIGHT,,0,0,13,1,263.4
2055,2055,685,34.28,34.284,34.25,293.6,341.4,ok,ok,0.0,6,1,ok,ok,0.0,6,1,GO STRAIGHT,,0,0,13,1,263.1
2058,2058,686,34.33,34.334,34.3,293.5,341.1,ok,ok,0.0,6,1,ok,ok,0.0,6,1,GO STRAIGHT,,0,0,13,1,262.8
2061,2061,687,34.38,34.384,34.35,293.5,340.8,ok,ok,0.0,6,1,ok,ok,0.0,6,1,GO STRAIGHT,,0,0,13,1,262.6
2064,2064,688,34.43,34.434,34.4,293.5,340.6,ok,ok,0.0,6,1,ok,ok,0.0,6,1,GO STRAIGHT,,0,0,13,1,262.3
2067,2067,689,34.48,34.484,34.45,293.4,340.3,ok,ok,0.0,6,1,ok,ok,0.0,6,1,GO STRAIGHT,,0,0,13,1,262.1
2070,2070,690,34.53,34.535,34.5,293.4,340.1,ok,ok,0.0,6,1,ok,ok,0.0,6,1,GO STRAIGHT,,0,0,13,1,261.9
2073,2073,691,34.58,34.585,34.55,293.4,339.8,ok,ok,0.0,6,1,ok,ok,0.0,6,1,GO STRAIGHT,,0,0,13,1,261.8
2076,2076,692,34.63,34.635,34.6,293.3,339.6,ok,ok,0.0,6,1,ok,ok,0.0,6,1,GO STRAIGHT,,0,0,13,1,261.7
2079,2079,693,34.68,34.685,34.65,293.3,339.3,ok,ok,0.0,6,1,ok,ok,0.0,6,1,GO STRAIGHT,,0,0,13,1,261.5
2082,2082,694,34.73,34.735,34.7,293.2,339.1,ok,ok,0.0,6,1,ok,ok,0.0,6,1,GO STRAIGHT,,0,0,13,1,261.5
2085,2085,695,34.78,34.785,34.75,293.2,338.8,ok,ok,0.0,6,1,ok,ok,0.0,6,1,GO STRAIGHT,,0,0,13,1,261.5
2088,2088,696,34.83,34.835,34.8,293.2,338.6,ok,ok,0.0,6,1,ok,ok,0.0,6,1,GO STRAIGHT,,0,0,13,1,261.5
2091,2091,697,34.88,34.885,34.85,293.1,338.3,ok,ok,0.0,6,1,ok,ok,0.0,6,1,GO STRAIGHT,,0,0,13,1,261.5
2094,2094,698,34.93,34.935,34.9,293.1,338.1,ok,ok,0.0,6,1,ok,ok,0.0,6,1,GO STRAIGHT,,0,0,13,1,261.5
2097,2097,699,34.98,34.985,34.95,293.1,337.8,ok,ok,0.0,6,1,ok,ok,0.0,6,1,GO STRAIGHT,,0,0,13,1,261.4
2100,2100,700,35.04,35.035,35.0,293.0,337.6,ok,ok,0.0,6,1,ok,ok,0.0,6,1,GO STRAIGHT,,0,0,13,1,261.3
2103,2103,701,35.09,35.085,35.05,293.0,337.3,ok,ok,0.0,6,1,ok,ok,0.0,6,1,GO STRAIGHT,,0,0,13,1,261.4
2106,2106,702,35.14,35.135,35.1,293.0,337.1,ok,ok,0.0,6,1,ok,ok,0.0,6,1,GO STRAIGHT,,0,0,13,1,261.4
2109,2109,703,35.19,35.185,35.15,293.0,336.9,ok,ok,0.0,6,1,ok,ok,0.0,6,1,GO STRAIGHT,,0,0,13,1,261.4
2112,2112,704,35.24,35.235,35.2,293.0,336.7,ok,ok,0.0,6,1,ok,ok,0.0,6,1,GO STRAIGHT,,0,0,13,1,261.4
2115,2115,705,35.29,35.285,35.25,292.9,336.4,ok,ok,0.0,6,1,ok,ok,0.0,6,1,GO STRAIGHT,,0,0,13,1,261.6
2118,2118,706,35.34,35.335,35.3,292.9,336.1,ok,ok,0.0,6,1,ok,ok,0.0,6,1,GO STRAIGHT,,0,0,13,1,261.8
2121,2121,707,35.39,35.385,35.35,292.9,335.9,ok,ok,0.0,6,1,ok,ok,0.0,6,1,GO STRAIGHT,,0,0,13,1,262.0
2124,2124,708,35.44,35.435,35.4,292.9,335.6,ok,ok,0.0,6,1,ok,ok,0.0,6,1,GO STRAIGHT,,0,0,13,1,262.2
2127,2127,709,35.49,35.485,35.45,292.9,335.4,ok,ok,0.0,6,1,ok,ok,0.0,6,1,GO STRAIGHT,,0,0,13,1,262.2
2130,2130,710,35.54,35.536,35.5,292.9,335.1,ok,ok,0.0,6,1,ok,ok,0.0,6,1,GO STRAIGHT,,0,0,13,1,262.2
2133,2133,711,35.59,35.586,35.55,292.9,334.9,ok,ok,0.0,6,1,ok,ok,0.0,6,1,GO STRAIGHT,,0,0,13,1,262.1
2136,2136,712,35.64,35.636,35.6,292.8,334.6,ok,ok,0.0,6,1,ok,ok,0.0,6,1,GO STRAIGHT,,0,0,13,1,261.9
2139,2139,713,35.69,35.686,35.65,292.8,334.3,ok,ok,0.0,6,1,ok,ok,0.0,6,1,GO STRAIGHT,,0,0,13,1,261.4
2142,2142,714,35.74,35.736,35.7,292.8,334.1,ok,ok,0.0,5,1,ok,ok,0.0,6,1,GO STRAIGHT,,0,0,13,1,260.9
2145,2145,715,35.79,35.786,35.75,292.8,333.8,ok,ok,0.0,5,1,ok,ok,0.0,6,1,GO STRAIGHT,,0,0,13,1,260.5
2148,2148,716,35.84,35.836,35.8,292.8,333.6,ok,ok,0.0,5,1,ok,ok,0.0,6,1,GO STRAIGHT,,0,0,13,1,260.5
2151,2151,717,35.89,35.886,35.85,292.8,333.3,ok,ok,0.0,5,1,ok,ok,0.0,6,1,GO STRAIGHT,,0,0,13,1,260.4
2154,2154,718,35.94,35.936,35.9,292.8,333.1,ok,ok,0.0,5,1,ok,ok,0.0,6,1,GO STRAIGHT,,0,0,13,1,260.3
2157,2157,719,35.99,35.986,35.95,292.8,332.8,ok,ok,0.0,5,1,ok,ok,0.0,6,1,GO STRAIGHT,,0,0,13,1,260.0
2160,2160,720,36.04,36.036,36.0,292.8,332.6,ok,ok,0.0,5,1,ok,ok,0.0,6,1,GO STRAIGHT,,0,0,13,1,260.1
2163,2163,721,36.09,36.086,36.05,292.8,332.3,ok,ok,0.0,5,1,ok,ok,0.0,6,1,GO STRAIGHT,,0,0,13,1,260.1
2166,2166,722,36.14,36.136,36.1,292.8,332.1,ok,ok,0.0,5,1,ok,ok,0.0,6,1,GO STRAIGHT,,0,0,13,1,260.2
2169,2169,723,36.19,36.186,36.15,292.8,331.8,ok,ok,0.0,5,1,ok,ok,0.0,6,1,GO STRAIGHT,,0,0,13,1,260.3
2172,2172,724,36.24,36.236,36.2,292.8,331.6,ok,ok,0.0,5,1,ok,ok,0.0,6,1,GO STRAIGHT,,0,0,13,1,260.5
2175,2175,725,36.29,36.286,36.25,292.8,331.3,ok,ok,0.0,5,1,ok,ok,0.0,6,1,GO STRAIGHT,,0,0,13,1,260.8
2178,2178,726,36.34,36.336,36.3,292.8,331.0,ok,ok,0.0,5,1,ok,ok,0.0,6,1,GO STRAIGHT,,0,0,13,1,261.1
2181,2181,727,36.39,36.386,36.35,292.7,330.8,ok,ok,0.0,5,1,ok,ok,0.0,6,1,GO STRAIGHT,,0,0,13,1,261.4
2184,2184,728,36.44,36.436,36.4,292.7,330.6,ok,ok,0.0,5,1,ok,ok,0.0,6,1,GO STRAIGHT,,0,0,13,1,261.5
2187,2187,729,36.49,36.486,36.45,292.7,330.3,ok,ok,0.0,5,1,ok,ok,0.0,6,1,GO STRAIGHT,,0,0,13,1,261.6
2190,2190,730,36.54,36.537,36.5,292.7,330.0,ok,ok,0.0,5,1,ok,ok,0.0,6,1,GO STRAIGHT,,0,0,13,1,261.8
2193,2193,731,36.59,36.587,36.55,292.7,329.8,ok,ok,0.0,5,1,ok,ok,0.0,6,1,GO STRAIGHT,,0,0,13,1,262.1
2196,2196,732,36.64,36.637,36.6,292.7,329.5,ok,ok,0.0,5,1,ok,ok,0.0,6,1,GO STRAIGHT,,0,0,13,1,262.2
2199,2199,733,36.69,36.687,36.65,292.7,329.3,ok,ok,0.0,5,1,ok,ok,0.0,6,1,GO STRAIGHT,,0,0,13,1,262.2
2202,2202,734,36.74,36.737,36.7,292.7,329.0,ok,ok,0.0,5,1,ok,ok,0.0,6,1,GO STRAIGHT,,0,0,13,1,262.2
2205,2205,735,36.79,36.787,36.75,292.7,328.7,ok,ok,0.0,5,1,ok,ok,0.0,6,1,GO STRAIGHT,,0,0,13,1,262.1
2208,2208,736,36.84,36.837,36.8,292.7,328.5,ok,ok,0.0,5,1,ok,ok,0.0,6,1,GO STRAIGHT,,0,0,13,1,262.1
2211,2211,737,36.89,36.887,36.85,292.7,328.2,ok,ok,0.0,5,1,ok,ok,0.0,5,1,GO STRAIGHT,,0,0,13,1,262.0
2214,2214,738,36.94,36.937,36.9,292.6,327.9,ok,ok,0.0,5,1,ok,ok,0.0,5,1,GO STRAIGHT,,0,0,13,1,261.7
2217,2217,739,36.99,36.987,36.95,292.6,327.7,ok,ok,0.0,5,1,ok,ok,0.0,5,1,GO STRAIGHT,,0,0,13,1,261.3
2220,2220,740,37.04,37.037,37.0,292.6,327.4,ok,ok,0.0,5,1,ok,ok,0.0,5,1,GO STRAIGHT,,0,0,13,1,261.1
2223,2223,741,37.09,37.087,37.05,292.6,327.2,ok,ok,0.0,5,1,ok,ok,0.0,5,1,GO STRAIGHT,,0,0,13,1,261.0
2226,2226,742,37.14,37.137,37.1,292.6,326.9,ok,ok,0.0,5,1,ok,ok,0.0,5,1,GO STRAIGHT,,0,0,13,1,261.0
2229,2229,743,37.19,37.187,37.15,292.6,326.6,ok,ok,0.0,5,1,ok,ok,0.0,5,1,GO STRAIGHT,,0,0,13,1,261.1
2232,2232,744,37.24,37.237,37.2,292.6,326.4,ok,ok,0.0,5,1,ok,ok,0.0,5,1,GO STRAIGHT,,0,0,13,1,261.1
2235,2235,745,37.29,37.287,37.25,292.5,326.1,ok,ok,0.0,5,1,ok,ok,0.0,5,1,GO STRAIGHT,,0,0,13,1,261.2
2238,2238,746,37.34,37.337,37.3,292.5,325.8,ok,ok,0.0,5,1,ok,ok,0.0,5,1,GO STRAIGHT,,0,0,13,1,261.3
2241,2241,747,37.39,37.387,37.35,292.5,325.6,ok,ok,0.0,5,1,ok,ok,0.0,5,1,GO STRAIGHT,,0,0,13,1,261.4
2244,2244,748,37.44,37.437,37.4,292.5,325.3,ok,ok,0.0,5,1,ok,ok,0.0,5,1,GO STRAIGHT,,0,0,13,1,261.5
2247,2247,749,37.49,37.487,37.45,292.5,325.1,ok,ok,0.0,5,1,ok,ok,0.0,5,1,GO STRAIGHT,,0,0,13,1,261.4
2250,2250,750,37.54,37.538,37.5,292.5,324.9,ok,ok,0.0,5,1,ok,ok,0.0,5,1,GO STRAIGHT,,0,0,13,1,261.5
2253,2253,751,37.59,37.588,37.55,292.4,324.6,ok,ok,0.0,5,1,ok,ok,0.0,5,1,GO STRAIGHT,,0,0,13,1,261.8
2256,2256,752,37.64,37.638,37.6,292.4,324.3,ok,ok,0.0,5,1,ok,ok,0.0,5,1,GO STRAIGHT,,0,0,13,1,262.1
2259,2259,753,37.69,37.688,37.65,292.4,324.1,ok,ok,0.0,5,1,ok,ok,0.0,5,1,GO STRAIGHT,,0,0,13,1,262.4
2262,2262,754,37.74,37.738,37.7,292.4,323.8,ok,ok,0.0,5,1,ok,ok,0.0,5,1,GO STRAIGHT,,0,0,13,1,262.5
2265,2265,755,37.79,37.788,37.75,292.4,323.6,ok,ok,0.0,5,1,ok,ok,0.0,5,1,GO STRAIGHT,,0,0,13,1,262.7
2268,2268,756,37.84,37.838,37.8,292.3,323.3,ok,ok,0.0,5,1,ok,ok,0.0,5,1,GO STRAIGHT,,0,0,13,1,262.9
2271,2271,757,37.89,37.888,37.85,292.3,323.0,ok,ok,0.0,5,1,ok,ok,0.0,5,1,GO STRAIGHT,,0,0,13,1,263.3
2274,2274,758,37.94,37.938,37.9,292.3,322.8,ok,ok,0.0,5,1,ok,ok,0.0,5,1,GO STRAIGHT,,0,0,13,1,263.5
2277,2277,759,37.99,37.988,37.95,292.3,322.5,ok,ok,0.0,5,1,ok,ok,0.0,5,1,GO STRAIGHT,,0,0,13,1,263.6
2280,2280,760,38.04,38.038,38.0,292.3,322.3,ok,ok,0.0,5,1,ok,ok,0.0,5,1,GO STRAIGHT,,0,0,13,1,263.7
2283,2283,761,38.09,38.088,38.05,292.2,322.0,ok,ok,0.0,5,1,ok,ok,0.0,5,1,GO STRAIGHT,,0,0,13,1,263.9
2286,2286,762,38.14,38.138,38.1,292.2,321.7,ok,ok,0.0,5,1,ok,ok,0.0,5,1,GO STRAIGHT,,0,0,13,1,264.0
2289,2289,763,38.19,38.188,38.15,292.2,321.5,ok,ok,0.0,4,1,ok,ok,0.0,5,1,GO STRAIGHT,,0,0,13,1,264.0
2292,2292,764,38.24,38.238,38.2,292.2,321.3,ok,ok,0.0,4,1,ok,ok,0.0,5,1,GO STRAIGHT,,0,0,13,1,263.7
2295,2295,765,38.29,38.288,38.25,292.2,321.0,ok,ok,0.0,4,1,ok,ok,0.0,5,1,GO STRAIGHT,,0,0,13,1,263.4
2298,2298,766,38.34,38.338,38.3,292.2,320.7,ok,ok,0.0,4,1,ok,ok,0.0,5,1,GO STRAIGHT,,0,0,13,1,263.1
2301,2301,767,38.39,38.388,38.35,292.2,320.5,ok,ok,0.0,4,1,ok,ok,0.0,5,1,GO STRAIGHT,,0,0,13,1,262.8
2304,2304,768,38.44,38.438,38.4,292.2,320.2,ok,ok,0.0,4,1,ok,ok,0.0,5,1,GO STRAIGHT,,0,0,13,1,262.6
2307,2307,769,38.49,38.488,38.45,292.2,320.0,ok,ok,0.0,4,1,ok,ok,0.0,5,1,GO STRAIGHT,,0,0,13,1,262.3
2310,2310,770,38.54,38.539,38.5,292.1,319.8,ok,ok,0.0,4,1,ok,ok,0.0,5,1,GO STRAIGHT,,0,0,13,1,262.0
2313,2313,771,38.59,38.589,38.55,292.1,319.5,ok,ok,0.0,4,1,ok,ok,0.0,5,1,GO STRAIGHT,,0,0,13,1,261.9
2316,2316,772,38.64,38.639,38.6,292.1,319.2,ok,ok,0.0,5,1,ok,ok,0.0,5,1,GO STRAIGHT,,0,0,13,1,262.0
2319,2319,773,38.69,38.689,38.65,292.1,319.0,ok,ok,0.0,5,1,ok,ok,0.0,5,1,GO STRAIGHT,,0,0,13,1,262.2
2322,2322,774,38.74,38.739,38.7,292.1,318.7,ok,ok,0.0,5,1,ok,ok,0.0,5,1,GO STRAIGHT,,0,0,13,1,262.4
2325,2325,775,38.79,38.789,38.75,292.1,318.5,ok,ok,0.0,5,1,ok,ok,0.0,6,1,GO STRAIGHT,,0,0,13,1,262.7
2328,2328,776,38.84,38.839,38.8,292.1,318.2,ok,ok,0.0,5,1,ok,ok,0.0,6,1,GO STRAIGHT,,0,0,13,1,262.8
2331,2331,777,38.89,38.889,38.85,292.0,318.0,ok,ok,0.0,5,1,ok,ok,0.0,6,1,GO STRAIGHT,,0,0,13,1,263.2
2334,2334,778,38.94,38.939,38.9,292.0,317.7,ok,ok,0.0,5,1,ok,ok,0.0,5,1,GO STRAIGHT,,0,0,13,1,263.5
2337,2337,779,38.99,38.989,38.95,292.0,317.5,ok,ok,0.0,5,1,ok,ok,0.0,5,1,GO STRAIGHT,,0,0,13,1,263.7
2340,2340,780,39.04,39.039,39.0,292.0,317.2,ok,ok,0.0,5,1,ok,ok,0.0,5,1,GO STRAIGHT,,0,0,13,1,263.9
2343,2343,781,39.09,39.089,39.05,292.0,316.9,ok,ok,0.0,5,1,ok,ok,0.0,5,1,GO STRAIGHT,,0,0,13,1,264.0
2346,2346,782,39.14,39.139,39.1,292.0,316.7,ok,ok,0.0,5,1,ok,ok,0.0,5,1,GO STRAIGHT,,0,0,13,1,264.4
2349,2349,783,39.19,39.189,39.15,292.0,316.4,ok,ok,0.0,5,1,ok,ok,0.0,5,1,GO STRAIGHT,,0,0,13,1,264.8
2352,2352,784,39.24,39.239,39.2,292.0,316.2,ok,ok,0.0,5,1,ok,ok,0.0,5,1,GO STRAIGHT,,0,0,13,1,264.9
2355,2355,785,39.29,39.289,39.25,292.0,315.9,ok,ok,0.0,5,1,ok,ok,0.0,5,1,GO STRAIGHT,,0,0,13,1,264.9
2358,2358,786,39.34,39.339,39.3,,,hold_no_fix,no_fix,0.05,5,1,hold_no_fix,no_fix,0.05,5,1,GO STRAIGHT,,0,0,13,1,264.9
2361,2361,787,39.39,39.389,39.35,292.0,315.6,ok,ok,0.0,5,1,ok,ok,0.0,5,1,GO STRAIGHT,,0,0,13,1,264.8
2364,2364,788,39.44,39.439,39.4,292.0,315.3,ok,ok,0.0,5,1,ok,ok,0.0,5,1,GO STRAIGHT,,0,0,13,1,264.6
2367,2367,789,39.49,39.489,39.45,,,hold_no_fix,no_fix,0.05,5,1,hold_no_fix,no_fix,0.05,5,1,GO STRAIGHT,,0,0,13,1,264.6
2370,2370,790,39.54,39.54,39.5,292.0,314.9,ok,ok,0.0,5,1,ok,ok,0.0,5,1,GO STRAIGHT,,0,0,13,1,264.3
2373,2373,791,39.59,39.59,39.55,,,hold_no_fix,no_fix,0.05,5,1,hold_no_fix,no_fix,0.05,5,1,GO STRAIGHT,,0,0,13,1,264.3
2376,2376,792,39.64,39.64,39.6,292.0,314.6,ok,ok,0.0,5,1,ok,ok,0.0,5,1,GO STRAIGHT,,0,0,13,1,263.8
2379,2379,793,39.69,39.69,39.65,292.0,314.3,ok,ok,0.0,5,1,ok,ok,0.0,5,1,GO STRAIGHT,,0,0,13,1,263.5
2382,2382,794,39.74,39.74,39.7,292.0,313.9,ok,ok,0.0,5,1,ok,ok,0.0,5,1,GO STRAIGHT,,0,0,13,1,263.0
2385,2385,795,39.79,39.79,39.75,,,hold_no_fix,no_fix,0.05,5,1,hold_no_fix,no_fix,0.05,5,1,GO STRAIGHT,,0,0,13,1,263.0
2388,2388,796,39.84,39.84,39.8,,,hold_no_fix,no_fix,0.1,5,1,hold_no_fix,no_fix,0.1,5,1,GO STRAIGHT,,0,0,13,1,263.0
2391,2391,797,39.89,39.89,39.85,292.0,313.4,ok,ok,0.0,5,1,ok,ok,0.0,5,1,GO STRAIGHT,,0,0,13,1,262.8
2394,2394,798,39.94,39.94,39.9,,,hold_no_fix,no_fix,0.05,5,1,hold_no_fix,no_fix,0.05,5,1,GO STRAIGHT,,0,0,13,1,262.8
2397,2397,799,39.99,39.99,39.95,,,hold_no_fix,no_fix,0.1,5,1,hold_no_fix,no_fix,0.1,5,1,GO STRAIGHT,,0,0,13,1,262.8
2400,2400,800,40.04,40.04,40.0,292.0,312.9,ok,ok,0.0,5,1,ok,ok,0.0,5,1,GO STRAIGHT,,0,0,13,1,263.1
2403,2403,801,40.09,40.09,40.05,292.0,312.5,ok,ok,0.0,5,1,ok,ok,0.0,5,1,GO STRAIGHT,,0,0,13,1,263.3
2406,2406,802,40.14,40.14,40.1,292.0,312.0,ok,ok,0.0,5,1,ok,ok,0.0,5,1,GO STRAIGHT,,0,0,13,1,263.6
2409,2409,803,40.19,40.19,40.15,,,hold_no_fix,no_fix,0.05,5,1,hold_no_fix,no_fix,0.05,5,1,GO STRAIGHT,,0,0,13,1,263.6
2412,2412,804,40.24,40.24,40.2,292.0,311.6,ok,ok,0.0,5,1,ok,ok,0.0,5,1,GO STRAIGHT,,0,0,13,1,263.8
2415,2415,805,40.29,40.29,40.25,292.0,311.2,ok,ok,0.0,5,1,ok,ok,0.0,5,1,GO STRAIGHT,,0,0,13,1,264.1
2418,2418,806,40.34,40.34,40.3,292.0,310.8,ok,ok,0.0,5,1,ok,ok,0.0,5,1,GO STRAIGHT,,0,0,13,1,264.4
2421,2421,807,40.39,40.39,40.35,292.0,310.4,ok,ok,0.0,5,1,ok,ok,0.0,5,1,GO STRAIGHT,,0,0,13,1,264.6
2424,2424,808,40.44,40.44,40.4,292.0,310.1,ok,ok,0.0,4,1,ok,ok,0.0,5,1,GO STRAIGHT,,0,0,13,1,264.6
2427,2427,809,40.49,40.49,40.45,292.0,309.7,ok,ok,0.0,5,1,ok,ok,0.0,5,1,GO STRAIGHT,,0,0,13,1,264.6
2430,2430,810,40.54,40.541,40.5,292.0,309.4,ok,ok,0.0,4,1,ok,ok,0.0,5,1,GO STRAIGHT,,0,0,13,1,264.4
2433,2433,811,40.59,40.591,40.55,292.0,309.1,ok,ok,0.0,4,1,ok,ok,0.0,5,1,GO STRAIGHT,,0,0,13,1,264.4
2436,2436,812,40.64,40.641,40.6,292.0,308.9,ok,ok,0.0,4,1,ok,ok,0.0,5,1,GO STRAIGHT,,0,0,13,1,264.3
2439,2439,813,40.69,40.691,40.65,292.0,308.6,ok,ok,0.0,4,1,ok,ok,0.0,5,1,GO STRAIGHT,,0,0,13,1,264.3
2442,2442,814,40.74,40.741,40.7,,,hold_no_fix,no_fix,0.05,4,1,hold_no_fix,no_fix,0.05,5,1,GO STRAIGHT,,0,0,13,1,264.3
2445,2445,815,40.79,40.791,40.75,,,hold_no_fix,no_fix,0.1,4,1,hold_no_fix,no_fix,0.1,5,1,GO STRAIGHT,,0,0,13,1,264.3
2448,2448,816,40.84,40.841,40.8,,,hold_no_fix,no_fix,0.15,4,1,hold_no_fix,no_fix,0.15,5,1,GO STRAIGHT,,0,0,13,1,264.3
2451,2451,817,40.89,40.891,40.85,,,hold_no_fix,no_fix,0.2,4,1,hold_no_fix,no_fix,0.2,5,1,GO STRAIGHT,,0,0,13,1,264.3
2454,2454,818,40.94,40.941,40.9,292.0,308.1,ok,ok,0.0,4,1,ok,ok,0.0,5,1,GO STRAIGHT,,0,0,13,1,263.9
2457,2457,819,40.99,40.991,40.95,292.0,307.6,ok,ok,0.0,4,1,ok,ok,0.0,5,1,GO STRAIGHT,,0,0,13,1,263.5
2460,2460,820,41.04,41.041,41.0,,,hold_no_fix,no_fix,0.05,4,1,hold_no_fix,no_fix,0.05,5,1,GO STRAIGHT,,0,0,13,1,263.5
2463,2463,821,41.09,41.091,41.05,292.0,307.2,ok,ok,0.0,4,1,ok,ok,0.0,5,1,GO STRAIGHT,,0,0,13,1,263.3
2466,2466,822,41.14,41.141,41.1,292.0,306.7,ok,ok,0.0,4,1,ok,ok,0.0,5,1,GO STRAIGHT,,0,0,13,1,263.3
2469,2469,823,41.19,41.191,41.15,292.0,306.3,ok,ok,0.0,4,1,ok,ok,0.0,5,1,GO STRAIGHT,,0,0,13,1,263.3
2472,2472,824,41.24,41.241,41.2,292.0,306.0,ok,ok,0.0,4,1,ok,ok,0.0,5,1,GO STRAIGHT,,0,0,13,1,263.3
2475,2475,825,41.29,41.291,41.25,292.0,305.6,ok,ok,0.0,4,1,ok,ok,0.0,5,1,GO STRAIGHT,,0,0,13,1,263.4
2478,2478,826,41.34,41.341,41.3,292.0,305.3,ok,ok,0.0,4,1,ok,ok,0.0,5,1,GO STRAIGHT,,0,0,13,1,263.6
2481,2481,827,41.39,41.391,41.35,292.0,305.0,ok,ok,0.0,4,1,ok,ok,0.0,5,1,GO STRAIGHT,,0,0,13,1,263.7
2484,2484,828,41.44,41.441,41.4,291.9,304.7,ok,ok,0.0,4,1,ok,ok,0.0,5,1,GO STRAIGHT,,0,0,13,1,263.9
2487,2487,829,41.49,41.491,41.45,291.9,304.4,ok,ok,0.0,4,1,ok,ok,0.0,5,1,GO STRAIGHT,,0,0,13,1,263.9
2490,2490,830,41.54,41.542,41.5,291.9,304.1,ok,ok,0.0,4,1,ok,ok,0.0,5,1,GO STRAIGHT,,0,0,13,1,263.7
2493,2493,831,41.59,41.592,41.55,291.9,303.8,ok,ok,0.0,4,1,ok,ok,0.0,5,1,GO STRAIGHT,,0,0,13,1,263.8
2496,2496,832,41.64,41.642,41.6,291.9,303.5,ok,ok,0.0,4,1,ok,ok,0.0,5,1,GO STRAIGHT,,0,0,13,1,264.1
2499,2499,833,41.69,41.692,41.65,291.9,303.2,ok,ok,0.0,4,1,ok,ok,0.0,4,1,GO STRAIGHT,,0,0,13,1,264.3
2502,2502,834,41.74,41.742,41.7,291.9,302.9,ok,ok,0.0,4,1,ok,ok,0.0,4,1,GO STRAIGHT,,0,0,13,1,264.4
2505,2505,835,41.79,41.792,41.75,291.9,302.7,ok,ok,0.0,4,1,ok,ok,0.0,4,1,GO STRAIGHT,,0,0,13,1,264.5
2508,2508,836,41.84,41.842,41.8,291.9,302.4,ok,ok,0.0,4,1,ok,ok,0.0,4,1,GO STRAIGHT,,0,0,13,1,264.6
2511,2511,837,41.89,41.892,41.85,292.0,302.1,ok,ok,0.0,4,1,ok,ok,0.0,4,1,GO STRAIGHT,,0,0,13,1,264.6
2514,2514,838,41.94,41.942,41.9,292.0,301.9,ok,ok,0.0,4,1,ok,ok,0.0,4,1,GO STRAIGHT,,0,0,13,1,264.5
2517,2517,839,41.99,41.992,41.95,292.0,301.6,ok,ok,0.0,4,1,ok,ok,0.0,4,1,GO STRAIGHT,,0,0,13,1,264.5
2520,2520,840,42.04,42.042,42.0,292.0,301.4,ok,ok,0.0,4,1,ok,ok,0.0,4,1,GO STRAIGHT,,0,0,13,1,264.4
2523,2523,841,42.09,42.092,42.05,,,hold_no_fix,no_fix,0.05,4,1,hold_no_fix,no_fix,0.05,4,1,GO STRAIGHT,,0,0,13,1,264.4
2526,2526,842,42.14,42.142,42.1,292.0,301.1,ok,ok,0.0,4,1,ok,ok,0.0,4,1,GO STRAIGHT,,0,0,13,1,264.3
2529,2529,843,42.19,42.192,42.15,292.0,300.8,ok,ok,0.0,4,1,ok,ok,0.0,4,1,GO STRAIGHT,,0,0,13,1,264.0
2532,2532,844,42.24,42.242,42.2,292.0,300.5,ok,ok,0.0,4,1,ok,ok,0.0,4,1,GO STRAIGHT,,0,0,13,1,263.6
2535,2535,845,42.29,42.292,42.25,292.0,300.2,ok,ok,0.0,4,1,ok,ok,0.0,4,1,GO STRAIGHT,,0,0,13,1,263.1
2538,2538,846,42.34,42.342,42.3,292.0,299.9,ok,ok,0.0,4,1,ok,ok,0.0,4,1,GO STRAIGHT,,0,0,13,1,262.6
2541,2541,847,42.39,42.392,42.35,292.0,299.7,ok,ok,0.0,4,1,ok,ok,0.0,4,1,GO STRAIGHT,,0,0,13,1,262.5
2544,2544,848,42.44,42.442,42.4,292.0,299.4,ok,ok,0.0,4,1,ok,ok,0.0,4,1,GO STRAIGHT,,0,0,13,1,262.5
2547,2547,849,42.49,42.492,42.45,292.0,299.2,ok,ok,0.0,4,1,ok,ok,0.0,4,1,GO STRAIGHT,,0,0,13,1,262.5
2550,2550,850,42.54,42.543,42.5,292.0,299.0,ok,ok,0.0,4,1,ok,ok,0.0,4,1,GO STRAIGHT,,0,0,13,1,262.6
2553,2553,851,42.59,42.593,42.55,292.0,298.7,ok,ok,0.0,4,1,ok,ok,0.0,4,1,GO STRAIGHT,,0,0,13,1,262.8
2556,2556,852,42.64,42.643,42.6,292.0,298.5,ok,ok,0.0,4,1,ok,ok,0.0,4,1,GO STRAIGHT,,0,0,13,1,263.0
2559,2559,853,42.69,42.693,42.65,292.0,298.2,ok,ok,0.0,4,1,ok,ok,0.0,4,1,GO STRAIGHT,,0,0,13,1,263.4
2562,2562,854,42.74,42.743,42.7,292.0,298.0,ok,ok,0.0,4,1,ok,ok,0.0,4,1,GO STRAIGHT,,0,0,13,1,264.0
2565,2565,855,42.79,42.793,42.75,292.0,297.7,ok,ok,0.0,4,1,ok,ok,0.0,4,1,TURN LEFT,69.8117297052788,0,0,13,1,264.2
2568,2568,856,42.84,42.843,42.8,292.0,297.5,ok,ok,0.0,4,1,ok,ok,0.0,4,1,TURN LEFT,69.52841116397836,0,0,13,1,264.1
2571,2571,857,42.89,42.893,42.85,292.0,297.2,ok,ok,0.0,3,1,ok,ok,0.0,4,1,TURN LEFT,69.27079816328796,0,0,13,1,264.3
2574,2574,858,42.94,42.943,42.9,,,hold_no_fix,no_fix,0.05,3,1,hold_no_fix,no_fix,0.05,4,1,TURN LEFT,69.27079816328796,0,0,13,1,264.3
2577,2577,859,42.99,42.993,42.95,,,hold_no_fix,no_fix,0.1,3,1,hold_no_fix,no_fix,0.1,4,1,TURN LEFT,69.27079816328796,0,0,13,1,264.3
2580,2580,860,43.04,43.043,43.0,292.0,296.8,ok,ok,0.0,3,1,ok,ok,0.0,4,1,TURN LEFT,68.9113378031164,0,0,13,1,264.6
2583,2583,861,43.09,43.093,43.05,292.0,296.5,ok,ok,0.0,3,1,ok,ok,0.0,4,1,TURN LEFT,68.57088834102672,0,0,13,1,264.8
2586,2586,862,43.14,43.143,43.1,292.0,296.2,ok,ok,0.0,3,1,ok,ok,0.0,4,1,TURN LEFT,68.25831079236964,0,0,13,1,264.9
2589,2589,863,43.19,43.193,43.15,292.0,295.9,ok,ok,0.0,3,1,ok,ok,0.0,4,1,TURN LEFT,67.94287112258327,0,0,13,1,265.0
2592,2592,864,43.24,43.243,43.2,292.0,295.6,ok,ok,0.0,3,1,ok,ok,0.0,4,1,TURN LEFT,67.64327438254091,0,0,13,1,264.9
2595,2595,865,43.29,43.293,43.25,292.0,295.3,ok,ok,0.0,4,1,ok,ok,0.0,4,1,TURN LEFT,67.35636060164808,0,0,13,1,264.8
2598,2598,866,43.34,43.343,43.3,292.0,295.0,ok,ok,0.0,4,1,ok,ok,0.0,4,1,TURN LEFT,67.08226907644689,0,0,13,1,264.5
2601,2601,867,43.39,43.393,43.35,292.0,294.7,ok,ok,0.0,4,1,ok,ok,0.0,4,1,TURN LEFT,66.807029748215,0,0,13,1,264.2
2604,2604,868,43.44,43.443,43.4,292.1,294.5,ok,ok,0.0,4,1,ok,ok,0.0,4,1,TURN LEFT,66.51577342938548,0,0,13,1,264.0
2607,2607,869,43.49,43.493,43.45,292.1,294.2,ok,ok,0.0,4,1,ok,ok,0.0,5,1,TURN LEFT,66.24695551620603,0,0,13,1,263.6
2610,2610,870,43.54,43.544,43.5,292.1,293.9,ok,ok,0.0,4,1,ok,ok,0.0,5,1,TURN LEFT,65.96343620488837,0,0,13,1,263.1
2613,2613,871,43.59,43.594,43.55,292.1,293.6,ok,ok,0.0,4,1,ok,ok,0.0,5,1,TURN LEFT,65.70991578131027,0,0,13,1,262.7
2616,2616,872,43.64,43.644,43.6,292.1,293.4,ok,ok,0.0,4,1,ok,ok,0.0,5,1,TURN LEFT,65.44971528419073,0,0,13,1,262.5
2619,2619,873,43.69,43.694,43.65,292.1,293.1,ok,ok,0.0,4,1,ok,ok,0.0,5,1,TURN LEFT,65.16396537053068,0,0,13,1,262.4
2622,2622,874,43.74,43.744,43.7,292.1,292.8,ok,ok,0.0,4,1,ok,ok,0.0,5,1,TURN LEFT,64.90724396015946,0,0,13,1,262.3
2625,2625,875,43.79,43.794,43.75,,,hold_no_fix,no_fix,0.05,4,1,hold_no_fix,no_fix,0.05,5,1,TURN LEFT,64.90724396015946,0,0,13,1,262.3
2628,2628,876,43.84,43.844,43.8,292.1,292.5,ok,ok,0.0,4,1,ok,ok,0.0,5,1,TURN LEFT,64.56692089937332,0,0,13,1,262.5
2631,2631,877,43.89,43.894,43.85,292.1,292.2,ok,ok,0.0,4,1,ok,ok,0.0,4,1,TURN LEFT,64.24799612853062,0,0,13,1,262.7
2634,2634,878,43.94,43.944,43.9,292.1,291.9,ok,ok,0.0,4,1,ok,ok,0.0,4,1,TURN LEFT,63.972812075959496,0,0,13,1,262.9
2637,2637,879,43.99,43.994,43.95,292.1,291.6,ok,ok,0.0,4,1,ok,ok,0.0,4,1,TURN LEFT,63.69206341652064,0,0,13,1,263.1
2640,2640,880,44.04,44.044,44.0,292.1,291.4,ok,ok,0.0,4,1,ok,ok,0.0,4,1,TURN LEFT,63.42502511350646,0,0,13,1,263.4
2643,2643,881,44.09,44.094,44.05,292.1,291.1,ok,ok,0.0,4,1,ok,ok,0.0,4,1,TURN LEFT,63.14521219390081,0,0,13,1,263.4
2646,2646,882,44.14,44.144,44.1,292.2,290.8,ok,ok,0.0,4,1,ok,ok,0.0,4,1,TURN LEFT,62.85522061356685,0,0,13,1,263.4
2649,2649,883,44.19,44.194,44.15,292.1,290.5,ok,ok,0.0,4,1,ok,ok,0.0,4,1,TURN LEFT,62.59131716156481,0,0,13,1,263.5
2652,2652,884,44.24,44.244,44.2,292.1,290.3,ok,ok,0.0,4,1,ok,ok,0.0,4,1,TURN LEFT,62.31532767040254,0,0,13,1,263.7
2655,2655,885,44.29,44.294,44.25,292.2,290.0,ok,ok,0.0,4,1,ok,ok,0.0,4,1,TURN LEFT,62.057492401404446,0,0,13,1,263.8
2658,2658,886,44.34,44.344,44.3,292.2,289.7,ok,ok,0.0,4,1,ok,ok,0.0,4,1,TURN LEFT,61.7915766859814,0,0,13,1,263.8
2661,2661,887,44.39,44.394,44.35,292.2,289.5,ok,ok,0.0,4,1,ok,ok,0.0,4,1,TURN LEFT,61.54537823832495,0,0,13,1,263.9
2664,2664,888,44.44,44.444,44.4,292.2,289.2,ok,ok,0.0,4,1,ok,ok,0.0,4,1,TURN LEFT,61.286012658757166,0,0,13,1,263.9
2667,2667,889,44.49,44.494,44.45,292.2,288.9,ok,ok,0.0,4,1,ok,ok,0.0,4,1,TURN LEFT,61.00786613078117,0,0,13,1,263.6
2670,2670,890,44.54,44.545,44.5,292.2,288.7,ok,ok,0.0,4,1,ok,ok,0.0,4,1,TURN LEFT,60.74962116641569,0,0,13,1,263.0
2673,2673,891,44.59,44.595,44.55,292.2,288.4,ok,ok,0.0,4,1,ok,ok,0.0,4,1,TURN LEFT,60.4865447344622,0,0,13,1,262.0
2676,2676,892,44.64,44.645,44.6,292.2,288.2,ok,ok,0.0,4,1,ok,ok,0.0,4,1,TURN LEFT,60.227024404990054,0,0,13,1,261.2
2679,2679,893,44.69,44.695,44.65,292.2,287.9,ok,ok,0.0,3,1,ok,ok,0.0,4,1,TURN LEFT,59.9925176153857,0,0,13,1,260.9
2682,2682,894,44.74,44.745,44.7,292.2,287.7,ok,ok,0.0,3,1,ok,ok,0.0,4,1,TURN LEFT,59.73411029625236,0,0,13,1,260.9
2685,2685,895,44.79,44.795,44.75,292.3,287.4,ok,ok,0.0,3,1,ok,ok,0.0,4,1,TURN LEFT,59.4830879810782,0,0,13,1,260.9
2688,2688,896,44.84,44.845,44.8,292.3,287.2,ok,ok,0.0,3,1,ok,ok,0.0,4,1,TURN LEFT,59.228755431180716,0,0,13,1,260.6
2691,2691,897,44.89,44.895,44.85,292.3,286.9,ok,ok,0.0,3,1,ok,ok,0.0,4,1,TURN LEFT,58.964574574308706,0,0,13,1,260.2
2694,2694,898,44.94,44.945,44.9,292.3,286.7,ok,ok,0.0,3,1,ok,ok,0.0,4,1,TURN LEFT,58.71263788171002,0,0,13,1,260.0
2697,2697,899,44.99,44.995,44.95,292.3,286.4,ok,ok,0.0,3,1,ok,ok,0.0,4,1,TURN LEFT,58.4621420537192,0,0,13,1,260.0
2700,2700,900,45.05,45.045,45.0,292.3,286.2,ok,ok,0.0,3,1,ok,ok,0.0,4,1,TURN LEFT,58.224670926575065,0,0,13,1,260.1
2703,2703,901,45.1,45.095,45.05,292.3,285.9,ok,ok,0.0,3,1,ok,ok,0.0,4,1,TURN LEFT,57.975343818670765,0,0,13,1,260.0
2706,2706,902,45.15,45.145,45.1,292.3,285.7,ok,ok,0.0,3,1,ok,ok,0.0,4,1,TURN LEFT,57.742516032121884,0,0,13,1,260.0
2709,2709,903,45.2,45.195,45.15,292.3,285.4,ok,ok,0.0,3,1,ok,ok,0.0,4,1,TURN LEFT,57.49677479959041,0,0,13,1,260.1
2712,2712,904,45.25,45.245,45.2,292.3,285.2,ok,ok,0.0,3,1,ok,ok,0.0,4,1,TURN LEFT,57.25785501101369,0,0,13,1,260.1
2715,2715,905,45.3,45.295,45.25,292.3,285.0,ok,ok,0.0,3,1,ok,ok,0.0,4,1,TURN LEFT,57.01827515772625,0,0,13,1,260.1
2718,2718,906,45.35,45.345,45.3,292.3,284.7,ok,ok,0.0,3,1,ok,ok,0.0,4,1,TURN LEFT,56.7657785130672,0,0,13,1,260.2
2721,2721,907,45.4,45.395,45.35,292.3,284.5,ok,ok,0.0,3,1,ok,ok,0.0,4,1,TURN LEFT,56.51754644205219,0,0,13,1,260.1
2724,2724,908,45.45,45.445,45.4,292.3,284.2,ok,ok,0.0,3,1,ok,ok,0.0,4,1,TURN LEFT,56.258707873566244,0,0,13,1,260.1
2727,2727,909,45.5,45.495,45.45,292.3,284.0,ok,ok,0.0,3,1,ok,ok,0.0,4,1,TURN LEFT,56.01670599805697,0,0,13,1,260.3
2730,2730,910,45.55,45.546,45.5,292.3,283.7,ok,ok,0.0,3,1,ok,ok,0.0,4,1,TURN LEFT,55.77178436411268,0,0,13,1,260.5
2733,2733,911,45.6,45.596,45.55,292.3,283.5,ok,ok,0.0,3,1,ok,ok,0.0,4,1,TURN LEFT,55.54239415367191,0,0,13,1,260.7
2736,2736,912,45.65,45.646,45.6,292.3,283.2,ok,ok,0.0,3,1,ok,ok,0.0,4,1,TURN LEFT,55.297110157812774,0,0,13,1,260.8
2739,2739,913,45.7,45.696,45.65,292.3,283.0,ok,ok,0.0,3,1,ok,ok,0.0,4,1,TURN LEFT,55.06281906815425,0,0,13,1,260.9
2742,2742,914,45.75,45.746,45.7,292.3,282.8,ok,ok,0.0,3,1,ok,ok,0.0,4,1,TURN LEFT,54.82371517993626,0,0,13,1,260.8
2745,2745,915,45.8,45.796,45.75,292.3,282.5,ok,ok,0.0,3,1,ok,ok,0.0,4,1,TURN LEFT,54.580782309454975,0,0,13,1,260.5
2748,2748,916,45.85,45.846,45.8,292.3,282.3,ok,ok,0.0,3,1,ok,ok,0.0,4,1,TURN LEFT,54.32395789881066,0,0,13,1,260.3
2751,2751,917,45.9,45.896,45.85,292.3,282.0,ok,ok,0.0,3,1,ok,ok,0.0,3,1,TURN LEFT,54.08505674041145,0,0,13,1,260.2
2754,2754,918,45.95,45.946,45.9,292.3,281.8,ok,ok,0.0,3,1,ok,ok,0.0,3,1,TURN LEFT,53.82464245238292,0,0,13,1,260.0
2757,2757,919,46.0,45.996,45.95,292.3,281.5,ok,ok,0.0,3,1,ok,ok,0.0,3,1,TURN LEFT,53.57234131922172,0,0,13,1,259.7
2760,2760,920,46.05,46.046,46.0,292.3,281.3,ok,ok,0.0,3,1,ok,ok,0.0,3,1,TURN LEFT,53.32490922129616,0,0,13,1,259.3
2763,2763,921,46.1,46.096,46.05,292.3,281.0,ok,ok,0.0,3,1,ok,ok,0.0,3,1,TURN LEFT,53.07700465791979,0,0,13,1,259.0
2766,2766,922,46.15,46.146,46.1,292.3,280.8,ok,ok,0.0,3,1,ok,ok,0.0,3,1,TURN LEFT,52.82482412673806,0,0,13,1,258.7
2769,2769,923,46.2,46.196,46.15,292.3,280.5,ok,ok,0.0,3,1,ok,ok,0.0,3,1,TURN LEFT,52.582393492513795,0,0,13,1,258.5
2772,2772,924,46.25,46.246,46.2,292.3,280.3,ok,ok,0.0,3,1,ok,ok,0.0,3,1,TURN LEFT,52.346934626304396,0,0,13,1,258.3
2775,2775,925,46.3,46.296,46.25,292.3,280.1,ok,ok,0.0,3,1,ok,ok,0.0,3,1,TURN LEFT,52.12138439314757,0,0,13,1,258.1
2778,2778,926,46.35,46.346,46.3,292.3,279.8,ok,ok,0.0,3,1,ok,ok,0.0,3,1,TURN LEFT,51.87649141505022,0,0,13,1,258.1
2781,2781,927,46.4,46.396,46.35,292.3,279.6,ok,ok,0.0,3,1,ok,ok,0.0,3,1,TURN LEFT,51.63293421932776,0,0,13,1,258.2
2784,2784,928,46.45,46.446,46.4,292.2,279.3,ok,ok,0.0,3,1,ok,ok,0.0,3,1,TURN LEFT,51.38590956503772,0,0,13,1,258.3
2787,2787,929,46.5,46.496,46.45,292.2,279.1,ok,ok,0.0,3,1,ok,ok,0.0,3,1,TURN LEFT,51.12918013810822,0,0,13,1,258.5
2790,2790,930,46.55,46.547,46.5,292.2,278.8,ok,ok,0.0,3,1,ok,ok,0.0,3,1,TURN LEFT,50.89431797807234,0,0,13,1,258.8
2793,2793,931,46.6,46.597,46.55,292.2,278.6,ok,ok,0.0,3,1,ok,ok,0.0,3,1,TURN LEFT,50.691825894293295,0,0,13,1,258.9
2796,2796,932,46.65,46.647,46.6,292.2,278.4,ok,ok,0.0,3,1,ok,ok,0.0,3,1,TURN LEFT,50.46261119334205,0,0,13,1,259.2
2799,2799,933,46.7,46.697,46.65,292.2,278.2,ok,ok,0.0,3,1,ok,ok,0.0,3,1,TURN LEFT,50.24131213741744,0,0,13,1,259.5
2802,2802,934,46.75,46.747,46.7,292.2,277.9,ok,ok,0.0,3,1,ok,ok,0.0,3,1,TURN LEFT,50.001033424040784,0,0,13,1,259.7
2805,2805,935,46.8,46.797,46.75,292.1,277.7,ok,ok,0.0,3,1,ok,ok,0.0,3,1,TURN LEFT,49.74450446156311,0,0,13,1,260.1
2808,2808,936,46.85,46.847,46.8,292.1,277.4,ok,ok,0.0,3,1,ok,ok,0.0,3,1,TURN LEFT,49.49770482118245,0,0,13,1,260.5
2811,2811,937,46.9,46.897,46.85,292.1,277.1,ok,ok,0.0,3,1,ok,ok,0.0,3,1,TURN LEFT,49.22982358784551,0,0,13,1,260.9
2814,2814,938,46.95,46.947,46.9,292.1,276.9,ok,ok,0.0,3,1,ok,ok,0.0,3,1,TURN LEFT,48.96941349052535,0,0,13,1,261.2
2817,2817,939,47.0,46.997,46.95,292.1,276.6,ok,ok,0.0,3,1,ok,ok,0.0,3,1,TURN LEFT,48.697011004758465,0,0,13,1,261.4
2820,2820,940,47.05,47.047,47.0,292.1,276.3,ok,ok,0.0,3,1,ok,ok,0.0,3,1,TURN LEFT,48.43331694396762,0,0,13,1,261.5
2823,2823,941,47.1,47.097,47.05,292.1,276.1,ok,ok,0.0,3,1,ok,ok,0.0,3,1,TURN LEFT,48.171063848008664,0,0,13,1,261.5
2826,2826,942,47.15,47.147,47.1,292.0,275.8,ok,ok,0.0,3,1,ok,ok,0.0,3,1,TURN LEFT,47.92068396117627,0,0,13,1,261.5
2829,2829,943,47.2,47.197,47.15,292.0,275.6,ok,ok,0.0,3,1,ok,ok,0.0,3,1,TURN LEFT,47.660637784531865,0,0,13,1,261.4
2832,2832,944,47.25,47.247,47.2,292.0,275.3,ok,ok,0.0,2,1,ok,ok,0.0,3,1,TURN LEFT,47.41929911623816,0,0,13,1,261.2
2835,2835,945,47.3,47.297,47.25,292.0,275.1,ok,ok,0.0,2,1,ok,ok,0.0,3,1,TURN LEFT,47.164496423566476,0,0,13,1,261.0
2838,2838,946,47.35,47.347,47.3,292.0,274.8,ok,ok,0.0,2,1,ok,ok,0.0,3,1,TURN LEFT,46.91197026567351,0,0,13,1,261.0
2841,2841,947,47.4,47.397,47.35,292.0,274.6,ok,ok,0.0,2,1,ok,ok,0.0,3,1,TURN LEFT,46.65937143778092,0,0,13,1,261.0
2844,2844,948,47.45,47.447,47.4,292.0,274.3,ok,ok,0.0,2,1,ok,ok,0.0,3,1,TURN LEFT,46.39380624777356,0,0,13,1,261.1
2847,2847,949,47.5,47.497,47.45,292.0,274.1,ok,ok,0.0,2,1,ok,ok,0.0,3,1,TURN LEFT,46.157960468870606,0,0,13,1,261.2
2850,2850,950,47.55,47.548,47.5,292.0,273.8,ok,ok,0.0,2,1,ok,ok,0.0,3,1,TURN LEFT,45.91096036548358,0,0,13,1,261.2
2853,2853,951,47.6,47.598,47.55,292.0,273.6,ok,ok,0.0,2,1,ok,ok,0.0,3,1,TURN LEFT,45.66548161838238,0,0,13,1,261.1
2856,2856,952,47.65,47.648,47.6,292.0,273.3,ok,ok,0.0,2,1,ok,ok,0.0,3,1,TURN LEFT,45.42197932277284,0,0,13,1,261.2
2859,2859,953,47.7,47.698,47.65,291.9,273.1,ok,ok,0.0,3,1,ok,ok,0.0,3,1,TURN LEFT,45.15879144753492,0,0,13,1,261.3
2862,2862,954,47.75,47.748,47.7,291.9,272.8,ok,ok,0.0,3,1,ok,ok,0.0,3,1,TURN LEFT,44.924560971009896,0,0,13,1,261.3
2865,2865,955,47.8,47.798,47.75,291.9,272.6,ok,ok,0.0,3,1,ok,ok,0.0,3,1,TURN LEFT,44.682218585900166,0,0,13,1,261.5
2868,2868,956,47.85,47.848,47.8,291.9,272.3,ok,ok,0.0,3,1,ok,ok,0.0,4,1,TURN LEFT,44.43653154727694,0,0,13,1,261.6
2871,2871,957,47.9,47.898,47.85,291.9,272.1,ok,ok,0.0,3,1,ok,ok,0.0,4,1,TURN LEFT,44.197802094837336,0,0,13,1,261.8
2874,2874,958,47.95,47.948,47.9,,,hold_no_fix,no_fix,0.05,3,1,hold_no_fix,no_fix,0.05,4,1,TURN LEFT,44.197802094837336,0,0,13,1,261.8
2877,2877,959,48.0,47.998,47.95,291.8,271.8,ok,ok,0.0,3,1,ok,ok,0.0,4,1,TURN LEFT,43.89100789003554,0,0,13,1,262.2
2880,2880,960,48.05,48.048,48.0,291.8,271.5,ok,ok,0.0,3,1,ok,ok,0.0,4,1,TURN LEFT,43.61408977253526,0,0,13,1,262.3
2883,2883,961,48.1,48.098,48.05,291.7,271.2,ok,ok,0.0,3,1,ok,ok,0.0,4,1,TURN LEFT,43.32283088551203,0,0,13,1,262.4
2886,2886,962,48.15,48.148,48.1,291.7,270.9,ok,ok,0.0,3,1,ok,ok,0.0,4,1,TURN LEFT,43.0493091774671,0,0,13,1,262.5
2889,2889,963,48.2,48.198,48.15,291.7,270.7,ok,ok,0.0,3,1,ok,ok,0.0,4,1,TURN LEFT,42.78760358107361,0,0,13,1,262.6
2892,2892,964,48.25,48.248,48.2,291.7,270.4,ok,ok,0.0,3,1,ok,ok,0.0,4,1,TURN LEFT,42.53010362786434,0,0,13,1,262.7
2895,2895,965,48.3,48.298,48.25,291.6,270.1,ok,ok,0.0,3,1,ok,ok,0.0,4,1,TURN LEFT,42.26059718930986,0,0,13,1,262.6
2898,2898,966,48.35,48.348,48.3,,,hold_no_fix,no_fix,0.05,3,1,hold_no_fix,no_fix,0.05,4,1,TURN LEFT,42.26059718930986,0,0,13,1,262.6
2901,2901,967,48.4,48.398,48.35,,,hold_no_fix,no_fix,0.1,3,1,hold_no_fix,no_fix,0.1,4,1,TURN LEFT,42.26059718930986,0,0,13,1,262.6
2904,2904,968,48.45,48.448,48.4,291.6,269.8,ok,ok,0.0,3,1,ok,ok,0.0,4,1,TURN LEFT,41.92487512849352,0,0,13,1,262.6
2907,2907,969,48.5,48.498,48.45,291.6,269.4,ok,ok,0.0,3,1,ok,ok,0.0,4,1,TURN LEFT,41.56832484197466,0,0,13,1,262.5
2910,2910,970,48.55,48.549,48.5,291.5,269.1,ok,ok,0.0,3,1,ok,ok,0.0,3,1,TURN LEFT,41.2590446484883,0,0,13,1,262.3
2913,2913,971,48.6,48.599,48.55,291.5,268.8,ok,ok,0.0,3,1,ok,ok,0.0,3,1,TURN LEFT,40.97297632553788,0,0,13,1,262.2
2916,2916,972,48.65,48.649,48.6,,,hold_no_fix,no_fix,0.05,3,1,hold_no_fix,no_fix,0.05,3,1,TURN LEFT,40.97297632553788,0,0,13,1,262.2
2919,2919,973,48.7,48.699,48.65,291.5,268.5,ok,ok,0.0,3,1,ok,ok,0.0,3,1,TURN LEFT,40.62491770129826,0,0,13,1,262.0
2922,2922,974,48.75,48.749,48.7,291.5,268.2,ok,ok,0.0,3,1,ok,ok,0.0,3,1,TURN LEFT,40.31983607107547,0,0,13,1,262.0
2925,2925,975,48.8,48.799,48.75,291.5,267.9,ok,ok,0.0,3,1,ok,ok,0.0,3,1,TURN LEFT,40.02974644119596,0,0,13,1,261.9
2928,2928,976,48.85,48.849,48.8,291.5,267.6,ok,ok,0.0,3,1,ok,ok,0.0,3,1,TURN LEFT,39.737735246602696,0,0,13,1,261.9
2931,2931,977,48.9,48.899,48.85,291.5,267.3,ok,ok,0.0,3,1,ok,ok,0.0,3,1,TURN LEFT,39.44819851784826,0,0,13,1,262.0
2934,2934,978,48.95,48.949,48.9,291.5,267.0,ok,ok,0.0,3,1,ok,ok,0.0,3,1,TURN LEFT,39.17332083179467,0,0,13,1,262.0
2937,2937,979,49.0,48.999,48.95,291.5,266.7,ok,ok,0.0,3,1,ok,ok,0.0,3,1,TURN LEFT,38.8953955188548,0,0,13,1,262.0
2940,2940,980,49.05,49.049,49.0,291.5,266.5,ok,ok,0.0,3,1,ok,ok,0.0,3,1,TURN LEFT,38.6332787514909,0,0,13,1,261.8
2943,2943,981,49.1,49.099,49.05,291.5,266.2,ok,ok,0.0,3,1,ok,ok,0.0,3,1,TURN LEFT,38.3622204750229,0,0,13,1,261.6
2946,2946,982,49.15,49.149,49.1,291.4,265.9,ok,ok,0.0,3,1,ok,ok,0.0,3,1,TURN LEFT,38.08626243847677,0,0,13,1,261.4
2949,2949,983,49.2,49.199,49.15,291.4,265.7,ok,ok,0.0,3,1,ok,ok,0.0,3,1,TURN LEFT,37.8316921783728,0,0,13,1,261.6
2952,2952,984,49.25,49.249,49.2,291.4,265.4,ok,ok,0.0,3,1,ok,ok,0.0,3,1,TURN LEFT,37.56678833788105,0,0,13,1,261.8
2955,2955,985,49.3,49.299,49.25,291.4,265.1,ok,ok,0.0,3,1,ok,ok,0.0,3,1,TURN LEFT,37.31093930540171,0,0,13,1,261.8
2958,2958,986,49.35,49.349,49.3,291.4,264.9,ok,ok,0.0,3,1,ok,ok,0.0,3,1,TURN LEFT,37.06228518087503,0,0,13,1,261.7
2961,2961,987,49.4,49.399,49.35,291.4,264.6,ok,ok,0.0,3,1,ok,ok,0.0,3,1,TURN LEFT,36.81642008360241,0,0,13,1,261.8
2964,2964,988,49.45,49.449,49.4,291.4,264.4,ok,ok,0.0,3,1,ok,ok,0.0,3,1,TURN LEFT,36.56831304093886,0,0,13,1,261.7
2967,2967,989,49.5,49.499,49.45,291.4,264.1,ok,ok,0.0,3,1,ok,ok,0.0,3,1,TURN LEFT,36.315972110313254,0,0,13,1,261.7
2970,2970,990,49.55,49.55,49.5,291.4,263.9,ok,ok,0.0,3,1,ok,ok,0.0,3,1,TURN LEFT,36.06307562224607,0,0,13,1,261.6
2973,2973,991,49.6,49.6,49.55,291.4,263.6,ok,ok,0.0,3,1,ok,ok,0.0,3,1,TURN LEFT,35.82885872044613,0,0,13,1,261.5
2976,2976,992,49.65,49.65,49.6,291.4,263.4,ok,ok,0.0,3,1,ok,ok,0.0,3,1,TURN LEFT,35.56816587949993,0,0,13,1,261.4
2979,2979,993,49.7,49.7,49.65,291.4,263.1,ok,ok,0.0,3,1,ok,ok,0.0,3,1,TURN LEFT,35.3140742065322,0,0,13,1,261.2
2982,2982,994,49.75,49.75,49.7,291.4,262.9,ok,ok,0.0,3,1,ok,ok,0.0,3,1,TURN LEFT,35.067356220445156,0,0,13,1,261.0
2985,2985,995,49.8,49.8,49.75,291.4,262.6,ok,ok,0.0,3,1,ok,ok,0.0,3,1,TURN LEFT,34.81482678704043,0,0,13,1,260.8
2988,2988,996,49.85,49.85,49.8,291.4,262.4,ok,ok,0.0,3,1,ok,ok,0.0,3,1,TURN LEFT,34.560813801084045,0,0,13,1,260.3
2991,2991,997,49.9,49.9,49.85,291.4,262.1,ok,ok,0.0,2,1,ok,ok,0.0,3,1,TURN LEFT,34.311929061155745,0,0,13,1,260.0
2994,2994,998,49.95,49.95,49.9,291.4,261.9,ok,ok,0.0,2,1,ok,ok,0.0,3,1,TURN LEFT,34.06038979916812,0,0,13,1,259.6
2997,2997,999,50.0,50.0,49.95,291.4,261.6,ok,ok,0.0,2,1,ok,ok,0.0,3,1,TURN LEFT,33.8062009641477,0,0,13,1,259.4
3000,3000,1000,50.05,50.05,50.0,291.4,261.3,ok,ok,0.0,2,1,ok,ok,0.0,3,1,TURN LEFT,33.54379640866892,0,0,13,1,259.2
3003,3003,1001,50.1,50.1,50.05,,,hold_no_fix,no_fix,0.05,2,1,hold_no_fix,no_fix,0.05,3,1,TURN LEFT,33.54379640866892,0,0,13,1,259.2
3006,3006,1002,50.15,50.15,50.1,291.3,261.1,ok,ok,0.0,2,1,ok,ok,0.0,3,1,TURN LEFT,33.25599824205872,0,0,13,1,259.1
3009,3009,1003,50.2,50.2,50.15,291.3,260.8,ok,ok,0.0,2,1,ok,ok,0.0,3,1,TURN LEFT,32.98079922711088,0,0,13,1,259.2
3012,3012,1004,50.25,50.25,50.2,291.3,260.5,ok,ok,0.0,2,1,ok,ok,0.0,3,1,TURN LEFT,32.71590145836484,0,0,13,1,259.0
3015,3015,1005,50.3,50.3,50.25,291.3,260.2,ok,ok,0.0,2,1,ok,ok,0.0,3,1,TURN LEFT,32.44741433091966,0,0,13,1,259.0
3018,3018,1006,50.35,50.35,50.3,,,hold_no_fix,no_fix,0.05,2,1,hold_no_fix,no_fix,0.05,3,1,TURN LEFT,32.44741433091966,0,0,13,1,259.0
3021,3021,1007,50.4,50.4,50.35,,,hold_no_fix,no_fix,0.1,2,1,hold_no_fix,no_fix,0.1,3,1,TURN LEFT,32.44741433091966,0,0,13,1,259.0
3024,3024,1008,50.45,50.45,50.4,,,hold_no_fix,no_fix,0.15,2,1,hold_no_fix,no_fix,0.15,3,1,TURN LEFT,32.44741433091966,0,0,13,1,259.0
3027,3027,1009,50.5,50.501,50.45,,,hold_no_fix,no_fix,0.2,2,1,hold_no_fix,no_fix,0.2,3,1,TURN LEFT,32.44741433091966,0,0,13,1,259.0
3030,3030,1010,50.55,50.551,50.5,291.2,259.8,ok,ok,0.0,2,1,ok,ok,0.0,3,1,TURN LEFT,32.010618539644604,0,0,13,1,259.2
3033,3033,1011,50.6,50.601,50.55,,,hold_no_fix,no_fix,0.05,2,1,hold_no_fix,no_fix,0.05,3,1,TURN LEFT,32.010618539644604,0,0,13,1,259.2
3036,3036,1012,50.65,50.651,50.6,,,hold_no_fix,no_fix,0.1,2,1,hold_no_fix,no_fix,0.1,3,1,TURN LEFT,32.010618539644604,0,0,13,1,259.2
3039,3039,1013,50.7,50.701,50.65,291.2,259.3,ok,ok,0.0,2,1,ok,ok,0.0,3,1,TURN LEFT,31.521716519070463,0,0,13,1,259.4
3042,3042,1014,50.75,50.751,50.7,,,hold_no_fix,no_fix,0.05,2,1,hold_no_fix,no_fix,0.05,3,1,TURN LEFT,31.521716519070463,0,0,13,1,259.4
3045,3045,1015,50.8,50.801,50.75,,,hold_no_fix,no_fix,0.1,2,1,hold_no_fix,no_fix,0.1,3,1,TURN LEFT,31.521716519070463,0,0,13,1,259.4
3048,3048,1016,50.85,50.851,50.8,291.1,258.7,ok,ok,0.0,2,1,ok,ok,0.0,3,1,TURN LEFT,30.987999733913423,0,0,13,1,259.1
3051,3051,1017,50.9,50.901,50.85,,,hold_no_fix,no_fix,0.05,2,1,hold_no_fix,no_fix,0.05,3,1,TURN LEFT,30.987999733913423,0,0,13,1,259.1
3054,3054,1018,50.95,50.951,50.9,,,hold_no_fix,no_fix,0.1,2,1,hold_no_fix,no_fix,0.1,3,1,TURN LEFT,30.987999733913423,0,0,13,1,259.1
3057,3057,1019,51.0,51.001,50.95,,,hold_no_fix,no_fix,0.15,2,1,hold_no_fix,no_fix,0.15,3,1,TURN LEFT,30.987999733913423,0,0,13,1,259.1
3060,3060,1020,51.05,51.051,51.0,291.0,258.1,ok,ok,0.0,2,1,ok,ok,0.0,3,1,TURN LEFT,30.377455099778476,0,0,13,1,258.3
3063,3063,1021,51.1,51.101,51.05,291.0,257.6,ok,ok,0.0,2,1,ok,ok,0.0,3,1,TURN LEFT,29.831299531732824,0,0,13,1,257.4
3066,3066,1022,51.15,51.151,51.1,,,hold_no_fix,no_fix,0.05,2,1,hold_no_fix,no_fix,0.05,3,1,TURN LEFT,29.831299531732824,0,0,13,1,257.4
3069,3069,1023,51.2,51.201,51.15,291.0,257.0,ok,ok,0.0,2,1,ok,ok,0.0,2,1,TURN LEFT,29.312277386232914,0,0,13,1,256.5
3072,3072,1024,51.25,51.251,51.2,291.0,256.6,ok,ok,0.0,2,1,ok,ok,0.0,2,1,TURN LEFT,28.83712837417601,0,0,13,1,255.6
3075,3075,1025,51.3,51.301,51.25,290.9,256.1,ok,ok,0.0,2,1,ok,ok,0.0,2,1,TURN LEFT,28.41020396836949,0,0,13,1,255.0
3078,3078,1026,51.35,51.351,51.3,290.9,255.7,ok,ok,0.0,2,1,ok,ok,0.0,2,1,TURN LEFT,28.01013053991118,0,0,13,1,254.4
3081,3081,1027,51.4,51.401,51.35,290.9,255.3,ok,ok,0.0,2,1,ok,ok,0.0,2,1,TURN LEFT,27.635793239965626,0,0,13,1,253.9
3084,3084,1028,51.45,51.451,51.4,290.9,255.0,ok,ok,0.0,2,1,ok,ok,0.0,2,1,TURN LEFT,27.277784987335757,0,0,13,1,253.5
3087,3087,1029,51.5,51.502,51.45,290.9,254.6,ok,ok,0.0,2,1,ok,ok,0.0,2,1,TURN LEFT,26.958408547727863,0,0,13,1,253.2
3090,3090,1030,51.55,51.552,51.5,290.9,254.3,ok,ok,0.0,2,1,ok,ok,0.0,2,1,TURN LEFT,26.638457657536954,0,0,13,1,252.9
3093,3093,1031,51.6,51.602,51.55,290.8,254.0,ok,ok,0.0,2,1,ok,ok,0.0,2,1,TURN LEFT,26.35955753908752,0,0,13,1,252.8
3096,3096,1032,51.65,51.652,51.6,290.8,253.7,ok,ok,0.0,2,1,ok,ok,0.0,2,1,TURN LEFT,26.08101984777525,0,0,13,1,252.7
3099,3099,1033,51.7,51.702,51.65,290.8,253.5,ok,ok,0.0,2,1,ok,ok,0.0,2,1,TURN LEFT,25.812050541948135,0,0,13,1,252.5
3102,3102,1034,51.75,51.752,51.7,290.8,253.2,ok,ok,0.0,2,1,ok,ok,0.0,2,1,TURN LEFT,25.558386307792613,0,0,13,1,252.4
3105,3105,1035,51.8,51.802,51.75,290.7,253.0,ok,ok,0.0,2,1,ok,ok,0.0,2,1,TURN LEFT,25.315557382923963,0,0,13,1,252.6
3108,3108,1036,51.85,51.852,51.8,290.7,252.7,ok,ok,0.0,2,1,ok,ok,0.0,2,1,TURN LEFT,25.062659984926004,0,0,13,1,252.8
3111,3111,1037,51.9,51.902,51.85,290.7,252.4,hold_drawn_off_screen,drawn_off_screen,0.05,2,1,ok,ok,0.0,2,1,TURN LEFT,24.814073811986905,0,0,13,1,253.0
3114,3114,1038,51.95,51.952,51.9,290.7,252.2,ok,ok,0.0,2,1,ok,ok,0.0,2,1,TURN LEFT,24.577254162943746,0,0,13,1,253.1
3117,3117,1039,52.0,52.002,51.95,290.7,251.9,ok,ok,0.0,2,1,ok,ok,0.0,2,1,TURN LEFT,24.31991969377872,0,0,13,1,253.1
3120,3120,1040,52.05,52.052,52.0,290.6,251.7,ok,ok,0.0,2,1,ok,ok,0.0,2,1,TURN LEFT,24.084386624813703,0,0,13,1,253.1
3123,3123,1041,52.1,52.102,52.05,290.6,251.4,ok,ok,0.0,2,1,ok,ok,0.0,2,1,TURN LEFT,23.84196201719646,0,0,13,1,252.9
3126,3126,1042,52.15,52.152,52.1,290.6,251.2,ok,ok,0.0,2,1,ok,ok,0.0,2,1,TURN LEFT,23.607113510051562,0,0,13,1,252.6
3129,3129,1043,52.2,52.202,52.15,290.6,250.9,hold_drawn_off_screen,drawn_off_screen,0.05,2,1,ok,ok,0.0,2,1,TURN LEFT,23.360541649858092,0,0,13,1,252.2
3132,3132,1044,52.25,52.252,52.2,290.6,250.7,hold_drawn_off_screen,drawn_off_screen,0.1,2,1,ok,ok,0.0,2,1,TURN LEFT,23.123794785316697,0,0,13,1,251.7
3135,3135,1045,52.3,52.302,52.25,290.5,250.4,hold_drawn_off_screen,drawn_off_screen,0.15,2,1,ok,ok,0.0,2,1,TURN LEFT,22.878742433531535,0,0,13,1,251.1
3138,3138,1046,52.35,52.352,52.3,290.5,250.2,hold_drawn_off_screen,drawn_off_screen,0.2,2,1,ok,ok,0.0,2,1,TURN LEFT,22.65267739585764,0,0,13,1,250.3
3141,3141,1047,52.4,52.402,52.35,290.5,250.0,hold_drawn_off_screen,drawn_off_screen,0.25,2,1,ok,ok,0.0,2,1,TURN LEFT,22.408816143842817,0,0,13,1,249.5
3144,3144,1048,52.45,52.452,52.4,290.5,249.7,hold_drawn_off_screen,drawn_off_screen,0.3,2,1,ok,ok,0.0,2,1,TURN LEFT,22.156280214836052,0,0,13,1,248.8
3147,3147,1049,52.5,52.503,52.45,290.5,249.4,hold_drawn_off_screen,drawn_off_screen,0.35,2,1,ok,ok,0.0,2,1,TURN LEFT,21.900527993595993,0,0,13,1,248.2
3150,3150,1050,52.55,52.553,52.5,290.4,249.2,hold_drawn_off_screen,drawn_off_screen,0.4,2,1,ok,ok,0.0,2,1,TURN LEFT,21.657392622274415,0,0,13,1,247.8
3153,3153,1051,52.6,52.603,52.55,290.4,248.9,hold_drawn_off_screen,drawn_off_screen,0.45,2,1,ok,ok,0.0,2,1,TURN LEFT,21.425807552069095,0,0,13,1,247.5
3156,3156,1052,52.65,52.653,52.6,290.4,248.7,hold_drawn_off_screen,drawn_off_screen,0.501,2,1,ok,ok,0.0,2,1,TURN LEFT,21.186083618812546,0,0,13,1,247.0
3159,3159,1053,52.7,52.703,52.65,290.4,248.4,hold_drawn_off_screen,drawn_off_screen,0.551,2,1,ok,ok,0.0,2,1,TURN LEFT,20.948088116588785,0,0,13,1,246.5
3162,3162,1054,52.75,52.753,52.7,290.3,248.2,ok,ok,0.0,6,1,ok,ok,0.0,1,1,TURN LEFT,20.70389213906454,0,0,13,1,246.2
3165,3165,1055,52.8,52.803,52.75,290.3,247.9,ok,ok,0.0,6,1,ok,ok,0.0,1,1,TURN LEFT,20.439802954231734,0,0,13,1,246.0
3168,3168,1056,52.85,52.853,52.8,290.3,247.6,ok,ok,0.0,6,1,ok,ok,0.0,1,1,TURN LEFT,20.188994345780667,0,0,13,1,245.5
3171,3171,1057,52.9,52.903,52.85,290.2,247.4,ok,ok,0.0,7,1,ok,ok,0.0,2,1,TURN LEFT,19.949562079535372,0,0,13,1,245.2
3174,3174,1058,52.95,52.953,52.9,290.2,247.1,ok,ok,0.0,7,1,ok,ok,0.0,3,1,TURN LEFT,19.72801806069018,0,0,13,1,244.8
3177,3177,1059,53.0,53.003,52.95,290.2,246.9,ok,ok,0.0,7,1,ok,ok,0.0,4,1,TURN LEFT,19.49327463757783,0,0,13,1,244.2
3180,3180,1060,53.05,53.053,53.0,290.1,246.7,ok,ok,0.0,7,1,ok,ok,0.0,5,1,TURN LEFT,19.273338172236073,0,0,13,1,243.7
3183,3183,1061,53.1,53.103,53.05,290.1,246.4,ok,ok,0.0,7,1,ok,ok,0.0,6,1,TURN LEFT,19.059745312468408,0,0,13,1,243.4
3186,3186,1062,53.15,53.153,53.1,290.1,246.2,ok,ok,0.0,7,1,ok,ok,0.0,6,1,TURN LEFT,18.830142781799218,0,0,13,1,243.1
3189,3189,1063,53.2,53.203,53.15,290.1,245.9,ok,ok,0.0,7,1,ok,ok,0.0,6,1,TURN LEFT,18.605676936994442,0,0,13,1,242.8
3192,3192,1064,53.25,53.253,53.2,290.0,245.7,ok,ok,0.0,7,1,ok,ok,0.0,6,1,TURN LEFT,18.393450162042743,0,0,13,1,242.3
3195,3195,1065,53.3,53.303,53.25,290.0,245.5,ok,ok,0.0,7,1,ok,ok,0.0,6,1,TURN LEFT,18.167578046612668,0,0,13,1,241.9
3198,3198,1066,53.35,53.353,53.3,290.0,245.2,ok,ok,0.0,7,1,ok,ok,0.0,6,1,TURN LEFT,17.944087505657414,0,0,13,1,241.4
3201,3201,1067,53.4,53.403,53.35,289.9,245.0,ok,ok,0.0,7,1,ok,ok,0.0,6,1,TURN LEFT,17.7482925285372,0,0,13,1,240.9
3204,3204,1068,53.45,53.453,53.4,289.9,244.8,ok,ok,0.0,7,1,ok,ok,0.0,6,1,TURN LEFT,17.513467220016633,0,0,13,1,240.1
3207,3207,1069,53.5,53.504,53.45,289.9,244.5,ok,ok,0.0,7,1,ok,ok,0.0,6,1,TURN LEFT,17.310647324844336,0,0,13,1,239.3
3210,3210,1070,53.55,53.554,53.5,289.8,244.3,ok,ok,0.0,7,1,ok,ok,0.0,6,1,TURN LEFT,17.113235279422828,0,0,13,1,238.5
3213,3213,1071,53.6,53.604,53.55,289.7,244.1,ok,ok,0.0,8,1,ok,ok,0.0,6,1,TURN LEFT,16.90849857862761,0,0,13,1,237.5
3216,3216,1072,53.65,53.654,53.6,289.7,243.8,ok,ok,0.0,8,1,ok,ok,0.0,6,1,TURN LEFT,16.70767577015355,0,0,13,1,236.3
3219,3219,1073,53.7,53.704,53.65,289.6,243.6,ok,ok,0.0,8,1,ok,ok,0.0,6,1,TURN LEFT,16.47977698135906,0,0,13,1,234.8
3222,3222,1074,53.75,53.754,53.7,289.5,243.3,ok,ok,0.0,8,1,ok,ok,0.0,6,1,TURN LEFT,16.247664277039906,0,0,13,1,233.5
3225,3225,1075,53.8,53.804,53.75,289.5,243.1,ok,ok,0.0,9,1,ok,ok,0.0,6,1,TURN LEFT,16.049843896666783,0,0,13,1,232.2
3228,3228,1076,53.85,53.854,53.8,289.4,242.8,ok,ok,0.0,9,1,ok,ok,0.0,6,1,TURN LEFT,15.841272095831691,0,0,13,1,231.3
3231,3231,1077,53.9,53.904,53.85,289.4,242.6,ok,ok,0.0,9,1,ok,ok,0.0,6,1,TURN LEFT,15.65340683326833,0,0,13,1,230.4
3234,3234,1078,53.95,53.954,53.9,289.3,242.4,ok,ok,0.0,9,1,ok,ok,0.0,6,1,TURN LEFT,15.464004789949286,0,0,13,1,229.4
3237,3237,1079,54.0,54.004,53.95,289.3,242.2,ok,ok,0.0,9,1,ok,ok,0.0,6,1,TURN LEFT,15.267899472764594,0,0,13,1,228.6
3240,3240,1080,54.05,54.054,54.0,289.2,241.9,ok,ok,0.0,9,1,ok,ok,0.0,6,1,TURN LEFT,15.071378040111803,0,0,13,1,228.1
3243,3243,1081,54.1,54.104,54.05,289.1,241.7,ok,ok,0.0,9,1,ok,ok,0.0,6,1,TURN LEFT,14.875879625574258,0,0,13,1,227.5
3246,3246,1082,54.15,54.154,54.1,289.1,241.4,ok,ok,0.0,9,1,ok,ok,0.0,6,1,TURN LEFT,14.684452517553018,0,0,13,1,226.8
3249,3249,1083,54.2,54.204,54.15,289.0,241.2,ok,ok,0.0,9,1,ok,ok,0.0,6,1,TURN LEFT,14.487606571919688,0,0,13,1,226.2
3252,3252,1084,54.25,54.254,54.2,,,hold_no_fix,no_fix,0.05,9,1,hold_no_fix,no_fix,0.05,6,1,TURN LEFT,14.487606571919688,0,0,13,1,226.2
3255,3255,1085,54.3,54.304,54.25,288.9,240.9,ok,ok,0.0,10,1,ok,ok,0.0,6,1,TURN LEFT,14.286641225917837,0,0,13,1,225.3
3258,3258,1086,54.35,54.354,54.3,288.8,240.6,ok,ok,0.0,10,1,ok,ok,0.0,6,1,TURN LEFT,14.103494683884165,0,0,13,1,224.7
3261,3261,1087,54.4,54.404,54.35,288.7,240.4,ok,ok,0.0,10,1,ok,ok,0.0,6,1,TURN LEFT,13.902836433066055,0,0,13,1,223.7
3264,3264,1088,54.45,54.454,54.4,288.6,240.1,ok,ok,0.0,11,1,ok,ok,0.0,6,1,TURN LEFT,13.710675693306042,0,0,13,1,222.9
3267,3267,1089,54.5,54.505,54.45,288.5,239.9,ok,ok,0.0,11,1,ok,ok,0.0,6,1,TURN LEFT,13.537260104260488,0,0,13,1,222.4
3270,3270,1090,54.55,54.555,54.5,288.4,239.6,ok,ok,0.0,10,1,ok,ok,0.0,6,1,TURN LEFT,13.367967949996185,0,0,13,1,222.1
3273,3273,1091,54.6,54.605,54.55,288.3,239.4,ok,ok,0.0,9,1,ok,ok,0.0,6,1,TURN LEFT,13.220721211401482,0,0,13,1,221.8
3276,3276,1092,54.65,54.655,54.6,288.2,239.1,hold_drawn_off_screen,drawn_off_screen,0.05,9,1,ok,ok,0.0,6,1,TURN LEFT,13.053653027546964,0,0,13,1,221.4
3279,3279,1093,54.7,54.705,54.65,,,hold_no_fix,no_fix,0.1,9,1,hold_no_fix,no_fix,0.05,6,1,TURN LEFT,13.053653027546964,0,0,13,1,221.4
3282,3282,1094,54.75,54.755,54.7,288.0,238.8,ok,ok,0.0,11,1,ok,ok,0.0,6,1,TURN LEFT,12.922010458328694,0,0,13,1,220.4
3285,3285,1095,54.8,54.805,54.75,287.9,238.6,ok,ok,0.0,11,1,ok,ok,0.0,6,1,TURN LEFT,12.769377362649669,0,0,13,1,219.5
3288,3288,1096,54.85,54.855,54.8,287.8,238.3,ok,ok,0.0,11,1,ok,ok,0.0,6,1,TURN LEFT,12.591161751467212,0,0,13,1,218.5
3291,3291,1097,54.9,54.905,54.85,287.7,238.0,ok,ok,0.0,11,1,ok,ok,0.0,6,1,TURN LEFT,12.438446913619448,0,0,13,1,217.4
3294,3294,1098,54.95,54.955,54.9,287.6,237.8,ok,ok,0.0,11,1,ok,ok,0.0,6,1,TURN LEFT,12.300641066135972,0,0,13,1,216.3
3297,3297,1099,55.01,55.005,54.95,287.4,237.5,ok,ok,0.0,11,1,ok,ok,0.0,6,1,TURN LEFT,12.168901021567432,0,0,13,1,215.3
3300,3300,1100,55.06,55.055,55.0,287.3,237.3,ok,ok,0.0,11,1,ok,ok,0.0,6,1,TURN LEFT,12.063075680290016,0,0,13,1,214.5
3303,3303,1101,55.11,55.105,55.05,287.2,237.1,ok,ok,0.0,11,1,ok,ok,0.0,6,1,TURN LEFT,11.968679570082077,0,0,13,1,213.7
3306,3306,1102,55.16,55.155,55.1,287.1,236.9,ok,ok,0.0,5,1,ok,ok,0.0,6,1,TURN LEFT,11.887282367343543,0,0,13,1,212.9
3309,3309,1103,55.21,55.205,55.15,286.9,236.7,ok,ok,0.0,5,1,ok,ok,0.0,6,1,TURN LEFT,11.82682658689051,0,0,13,1,212.1
3312,3312,1104,55.26,55.255,55.2,286.8,236.5,ok,ok,0.0,5,1,ok,ok,0.0,6,1,TURN LEFT,11.766886710251093,0,0,13,1,211.5
3315,3315,1105,55.31,55.305,55.25,286.7,236.3,ok,ok,0.0,5,1,ok,ok,0.0,6,1,TURN LEFT,11.710819697868196,0,0,13,1,211.0
3318,3318,1106,55.36,55.355,55.3,286.6,236.1,ok,ok,0.0,5,1,ok,ok,0.0,5,1,TURN LEFT,11.67410886565712,0,0,13,1,210.5
3321,3321,1107,55.41,55.405,55.35,286.4,235.9,ok,ok,0.0,5,1,ok,ok,0.0,5,1,TURN LEFT,11.660956820849558,0,0,13,1,210.1
3324,3324,1108,55.46,55.455,55.4,286.3,235.7,ok,ok,0.0,5,1,ok,ok,0.0,5,1,TURN LEFT,11.63957828684623,0,0,13,1,209.6
3327,3327,1109,55.51,55.506,55.45,286.1,235.5,ok,ok,0.0,5,1,ok,ok,0.0,5,1,TURN LEFT,11.624477651024298,0,0,13,1,209.0
3330,3330,1110,55.56,55.556,55.5,286.0,235.4,ok,ok,0.0,5,1,ok,ok,0.0,5,1,TURN LEFT,11.612323484624163,0,0,13,1,208.5
3333,3333,1111,55.61,55.606,55.55,285.9,235.2,ok,ok,0.0,5,1,ok,ok,0.0,5,1,TURN LEFT,11.609653089660625,0,0,13,1,207.8
3336,3336,1112,55.66,55.656,55.6,285.7,235.0,ok,ok,0.0,5,1,ok,ok,0.0,5,1,TURN LEFT,11.629769788168348,0,0,13,1,207.0
3339,3339,1113,55.71,55.706,55.65,285.6,234.9,ok,ok,0.0,5,1,ok,ok,0.0,5,1,TURN LEFT,11.652628519219933,0,0,13,1,206.4
3342,3342,1114,55.76,55.756,55.7,285.4,234.7,ok,ok,0.0,5,1,ok,ok,0.0,5,1,TURN LEFT,11.679798074262651,0,0,13,1,205.7
3345,3345,1115,55.81,55.806,55.75,285.3,234.6,ok,ok,0.0,5,1,ok,ok,0.0,5,1,TURN LEFT,11.71775939741367,0,0,13,1,205.1
3348,3348,1116,55.86,55.856,55.8,285.2,234.4,ok,ok,0.0,5,1,ok,ok,0.0,5,1,TURN LEFT,11.729468796440248,0,0,13,1,204.4
3351,3351,1117,55.91,55.906,55.85,285.0,234.3,ok,ok,0.0,5,1,ok,ok,0.0,5,1,TURN LEFT,11.792740380378248,0,0,13,1,203.8
3354,3354,1118,55.96,55.956,55.9,284.8,234.1,ok,ok,0.0,5,1,ok,ok,0.0,5,1,TURN LEFT,11.862665299099833,0,0,13,1,203.4
3357,3357,1119,56.01,56.006,55.95,284.7,234.0,ok,ok,0.0,5,1,ok,ok,0.0,5,1,TURN LEFT,11.937355165302922,0,0,13,1,202.9
3360,3360,1120,56.06,56.056,56.0,284.5,233.8,ok,ok,0.0,5,1,ok,ok,0.0,5,1,TURN LEFT,12.028482923955549,0,0,13,1,202.5
3363,3363,1121,56.11,56.106,56.05,284.3,233.7,ok,ok,0.0,5,1,ok,ok,0.0,5,1,TURN LEFT,12.074509810196808,0,0,13,1,201.9
3366,3366,1122,56.16,56.156,56.1,284.2,233.5,ok,ok,0.0,5,1,ok,ok,0.0,5,1,TURN LEFT,12.136581021772209,0,0,13,1,201.2
3369,3369,1123,56.21,56.206,56.15,284.0,233.3,ok,ok,0.0,5,1,ok,ok,0.0,5,1,TURN LEFT,12.1953162290057,0,0,13,1,200.3
3372,3372,1124,56.26,56.256,56.2,283.9,233.2,ok,ok,0.0,5,1,ok,ok,0.0,5,1,TURN LEFT,12.264319436704678,0,0,13,1,199.5
3375,3375,1125,56.31,56.306,56.25,283.7,233.0,ok,ok,0.0,5,1,ok,ok,0.0,5,1,TURN LEFT,12.338545327581357,0,0,13,1,198.4
3378,3378,1126,56.36,56.356,56.3,283.6,232.9,ok,ok,0.0,5,1,ok,ok,0.0,5,1,TURN LEFT,12.417097303559867,0,0,13,1,197.3
3381,3381,1127,56.41,56.406,56.35,283.4,232.7,ok,ok,0.0,5,1,ok,ok,0.0,5,1,TURN LEFT,12.48984954237763,0,0,13,1,196.2
3384,3384,1128,56.46,56.456,56.4,283.3,232.6,ok,ok,0.0,5,1,ok,ok,0.0,5,1,TURN LEFT,12.583002742818753,0,0,13,1,195.3
3387,3387,1129,56.51,56.507,56.45,,,hold_no_fix,no_fix,0.05,5,1,hold_no_fix,no_fix,0.05,5,1,TURN LEFT,12.583002742818753,0,0,13,1,195.3
3390,3390,1130,56.56,56.557,56.5,,,hold_no_fix,no_fix,0.1,5,1,hold_no_fix,no_fix,0.1,5,1,TURN LEFT,12.583002742818753,0,0,13,1,195.3
3393,3393,1131,56.61,56.607,56.55,,,hold_no_fix,no_fix,0.15,5,1,hold_no_fix,no_fix,0.15,5,1,TURN LEFT,12.583002742818753,0,0,13,1,195.3
3396,3396,1132,56.66,56.657,56.6,,,hold_no_fix,no_fix,0.2,5,1,hold_no_fix,no_fix,0.2,5,1,TURN LEFT,12.583002742818753,0,0,13,1,195.3
3399,3399,1133,56.71,56.707,56.65,,,hold_no_fix,no_fix,0.25,5,1,hold_no_fix,no_fix,0.25,5,1,TURN LEFT,12.583002742818753,0,0,13,1,195.3
3402,3402,1134,56.76,56.757,56.7,,,hold_no_fix,no_fix,0.3,5,1,hold_no_fix,no_fix,0.3,5,1,TURN LEFT,12.583002742818753,0,0,13,1,195.3
3405,3405,1135,56.81,56.807,56.75,282.2,232.2,ok,ok,0.0,5,1,ok,ok,0.0,5,1,TURN LEFT,13.475353222760004,0,0,13,1,193.6
3408,3408,1136,56.86,56.857,56.8,281.9,231.9,ok,ok,0.0,5,1,ok,ok,0.0,5,1,TURN LEFT,13.639081390428268,0,0,13,1,192.6
3411,3411,1137,56.91,56.907,56.85,281.7,231.8,ok,ok,0.0,5,1,ok,ok,0.0,5,1,TURN LEFT,13.830225509728413,0,0,13,1,191.9
3414,3414,1138,56.96,56.957,56.9,,,hold_no_fix,no_fix,0.05,5,1,hold_no_fix,no_fix,0.05,5,1,TURN LEFT,13.830225509728413,0,0,13,1,191.9
3417,3417,1139,57.01,57.007,56.95,281.3,231.5,ok,ok,0.0,5,1,ok,ok,0.0,5,1,TURN LEFT,14.135578185558286,0,0,13,1,190.9
3420,3420,1140,57.06,57.057,57.0,,,hold_no_fix,no_fix,0.05,5,1,hold_no_fix,no_fix,0.05,5,1,TURN LEFT,14.135578185558286,0,0,13,1,190.9
3423,3423,1141,57.11,57.107,57.05,280.9,231.3,ok,ok,0.0,5,1,ok,ok,0.0,5,1,TURN LEFT,14.456543215624501,0,0,13,1,189.8
3426,3426,1142,57.16,57.157,57.1,,,hold_no_fix,no_fix,0.05,5,1,hold_no_fix,no_fix,0.05,5,1,TURN LEFT,14.456543215624501,0,0,13,1,189.8
3429,3429,1143,57.21,57.207,57.15,,,hold_no_fix,no_fix,0.1,5,1,hold_no_fix,no_fix,0.1,5,1,TURN LEFT,14.456543215624501,0,0,13,1,189.8
3432,3432,1144,57.26,57.257,57.2,,,hold_no_fix,no_fix,0.15,5,1,hold_no_fix,no_fix,0.15,5,1,TURN LEFT,14.456543215624501,0,0,13,1,189.8
3435,3435,1145,57.31,57.307,57.25,,,hold_no_fix,no_fix,0.2,5,1,hold_no_fix,no_fix,0.2,5,1,TURN LEFT,14.456543215624501,0,0,13,1,189.8
3438,3438,1146,57.36,57.357,57.3,,,hold_no_fix,no_fix,0.25,5,1,hold_no_fix,no_fix,0.25,5,1,TURN LEFT,14.456543215624501,0,0,13,1,189.8
3441,3441,1147,57.41,57.407,57.35,279.8,230.9,ok,ok,0.0,5,1,ok,ok,0.0,5,1,TURN LEFT,15.493423941831185,0,0,13,1,188.4
3444,3444,1148,57.46,57.457,57.4,279.5,230.7,ok,ok,0.0,5,1,ok,ok,0.0,5,1,TURN LEFT,15.753394237140038,0,0,13,1,187.4
3447,3447,1149,57.51,57.508,57.45,,,hold_no_fix,no_fix,0.05,5,1,hold_no_fix,no_fix,0.05,5,1,TURN LEFT,15.753394237140038,0,0,13,1,187.4
3450,3450,1150,57.56,57.558,57.5,,,hold_no_fix,no_fix,0.1,5,1,hold_no_fix,no_fix,0.1,5,1,TURN LEFT,15.753394237140038,0,0,13,1,187.4
3453,3453,1151,57.61,57.608,57.55,,,hold_no_fix,no_fix,0.15,5,1,hold_no_fix,no_fix,0.15,5,1,TURN LEFT,15.753394237140038,0,0,13,1,187.4
3456,3456,1152,57.66,57.658,57.6,278.6,230.4,ok,ok,0.0,4,1,ok,ok,0.0,5,1,TURN LEFT,16.541131333025923,0,0,13,1,185.4
3459,3459,1153,57.71,57.708,57.65,278.4,230.2,ok,ok,0.0,4,1,ok,ok,0.0,5,1,TURN LEFT,16.793959007511386,0,0,13,1,184.0
3462,3462,1154,57.76,57.758,57.7,278.1,230.1,ok,ok,0.0,4,1,ok,ok,0.0,5,1,TURN LEFT,17.041795739835788,0,0,13,1,183.1
3465,3465,1155,57.81,57.808,57.75,277.8,229.9,ok,ok,0.0,4,1,ok,ok,0.0,5,1,TURN LEFT,17.261867783923794,0,0,13,1,182.1
3468,3468,1156,57.86,57.858,57.8,,,hold_no_fix,no_fix,0.05,4,1,hold_no_fix,no_fix,0.05,5,1,TURN LEFT,17.261867783923794,0,0,13,1,182.1
3471,3471,1157,57.91,57.908,57.85,,,hold_no_fix,no_fix,0.1,4,1,hold_no_fix,no_fix,0.1,5,1,TURN LEFT,17.261867783923794,0,0,13,1,182.1
3474,3474,1158,57.96,57.958,57.9,277.2,229.7,ok,ok,0.0,4,1,ok,ok,0.0,5,1,TURN LEFT,17.88506168629375,0,0,13,1,181.1
3477,3477,1159,58.01,58.008,57.95,276.9,229.5,ok,ok,0.0,4,1,ok,ok,0.0,5,1,TURN LEFT,18.133502379773876,0,0,13,1,180.4
3480,3480,1160,58.06,58.058,58.0,276.7,229.4,ok,ok,0.0,4,1,ok,ok,0.0,5,1,TURN LEFT,18.39778816753198,0,0,13,1,180.0
3483,3483,1161,58.11,58.108,58.05,276.4,229.3,ok,ok,0.0,4,1,ok,ok,0.0,5,1,TURN LEFT,18.62318597702897,0,0,13,1,179.6
3486,3486,1162,58.16,58.158,58.1,276.2,229.2,ok,ok,0.0,4,1,ok,ok,0.0,5,1,TURN LEFT,18.883933116744966,0,0,13,1,179.5
3489,3489,1163,58.21,58.208,58.15,275.9,229.2,ok,ok,0.0,4,1,ok,ok,0.0,5,1,TURN LEFT,19.132131522854134,0,0,13,1,179.4
3492,3492,1164,58.26,58.258,58.2,275.6,229.1,ok,ok,0.0,4,1,ok,ok,0.0,5,1,TURN LEFT,19.384260772214866,0,0,13,1,179.3
3495,3495,1165,58.31,58.308,58.25,275.4,229.0,ok,ok,0.0,4,1,ok,ok,0.0,5,1,TURN LEFT,19.625841357915096,0,0,13,1,179.2
3498,3498,1166,58.36,58.358,58.3,275.1,229.0,ok,ok,0.0,4,1,ok,ok,0.0,5,1,TURN LEFT,19.881168484474042,0,0,13,1,179.3
3501,3501,1167,58.41,58.408,58.35,274.9,228.9,ok,ok,0.0,4,1,ok,ok,0.0,5,1,TURN LEFT,20.117509334954207,0,0,13,1,179.2
3504,3504,1168,58.46,58.458,58.4,274.6,228.8,ok,ok,0.0,4,1,ok,ok,0.0,5,1,TURN LEFT,20.373668751163784,0,0,13,1,179.2
3507,3507,1169,58.51,58.509,58.45,274.4,228.7,ok,ok,0.0,4,1,ok,ok,0.0,5,1,TURN LEFT,20.620039563187348,0,0,13,1,179.1
3510,3510,1170,58.56,58.559,58.5,274.1,228.7,ok,ok,0.0,4,1,ok,ok,0.0,4,1,TURN LEFT,20.86233855864992,0,0,13,1,179.3
3513,3513,1171,58.61,58.609,58.55,273.9,228.6,ok,ok,0.0,4,1,ok,ok,0.0,4,1,TURN LEFT,21.095676773284573,0,0,13,1,179.5
3516,3516,1172,58.66,58.659,58.6,273.7,228.5,ok,ok,0.0,4,1,ok,ok,0.0,4,1,TURN LEFT,21.332873023086485,0,0,13,1,179.5
3519,3519,1173,58.71,58.709,58.65,273.4,228.5,ok,ok,0.0,4,1,ok,ok,0.0,4,1,TURN LEFT,21.57682036963757,0,0,13,1,179.5
3522,3522,1174,58.76,58.759,58.7,273.2,228.4,ok,ok,0.0,4,1,ok,ok,0.0,4,1,TURN LEFT,21.810683395208702,0,0,13,1,179.4
3525,3525,1175,58.81,58.809,58.75,273.0,228.4,ok,ok,0.0,4,1,ok,ok,0.0,4,1,TURN LEFT,22.051687410464222,0,0,13,1,179.2
3528,3528,1176,58.86,58.859,58.8,272.7,228.3,ok,ok,0.0,4,1,ok,ok,0.0,4,1,TURN LEFT,22.29503393132998,0,0,13,1,179.0
3531,3531,1177,58.91,58.909,58.85,272.5,228.3,ok,ok,0.0,4,1,ok,ok,0.0,4,1,TURN LEFT,22.53119779746604,0,0,13,1,178.6
3534,3534,1178,58.96,58.959,58.9,272.2,228.2,ok,ok,0.0,4,1,ok,ok,0.0,4,1,TURN LEFT,22.778749620262957,0,0,13,1,178.1
3537,3537,1179,59.01,59.009,58.95,272.0,228.2,ok,ok,0.0,4,1,ok,ok,0.0,4,1,TURN LEFT,23.030757289779327,0,0,13,1,177.9
3540,3540,1180,59.06,59.059,59.0,271.7,228.1,ok,ok,0.0,4,1,ok,ok,0.0,4,1,TURN LEFT,23.278136100051352,0,0,13,1,177.7
3543,3543,1181,59.11,59.109,59.05,271.5,228.1,ok,ok,0.0,4,1,ok,ok,0.0,4,1,TURN LEFT,23.525683186712214,0,0,13,1,177.7
3546,3546,1182,59.16,59.159,59.1,271.2,228.0,ok,ok,0.0,4,1,ok,ok,0.0,4,1,TURN LEFT,23.779054264475242,0,0,13,1,177.5
3549,3549,1183,59.21,59.209,59.15,271.0,228.0,ok,ok,0.0,4,1,ok,ok,0.0,4,1,TURN LEFT,24.04220982135632,0,0,13,1,177.5
3552,3552,1184,59.26,59.259,59.2,270.7,227.9,ok,ok,0.0,4,1,ok,ok,0.0,4,1,TURN LEFT,24.291086396474803,0,0,13,1,177.5
3555,3555,1185,59.31,59.309,59.25,270.5,227.9,ok,ok,0.0,4,1,ok,ok,0.0,4,1,TURN LEFT,24.527753656761707,0,0,13,1,177.6
3558,3558,1186,59.36,59.359,59.3,270.2,227.9,ok,ok,0.0,4,1,ok,ok,0.0,4,1,TURN LEFT,24.788731970239645,0,0,13,1,177.6
3561,3561,1187,59.41,59.409,59.35,270.0,227.8,ok,ok,0.0,4,1,ok,ok,0.0,4,1,TURN LEFT,25.04240672672677,0,0,13,1,177.6
3564,3564,1188,59.46,59.459,59.4,269.7,227.8,ok,ok,0.0,4,1,ok,ok,0.0,4,1,TURN LEFT,25.298735556695398,0,0,13,1,177.6
3567,3567,1189,59.51,59.51,59.45,269.4,227.7,ok,ok,0.0,4,1,ok,ok,0.0,4,1,TURN LEFT,25.55590634193145,0,0,13,1,177.6
3570,3570,1190,59.56,59.56,59.5,269.2,227.7,ok,ok,0.0,4,1,ok,ok,0.0,4,1,TURN LEFT,25.815720864676088,0,0,13,1,177.7
3573,3573,1191,59.61,59.61,59.55,268.9,227.7,ok,ok,0.0,4,1,ok,ok,0.0,4,1,TURN LEFT,26.062648069567995,0,0,13,1,178.0
3576,3576,1192,59.66,59.66,59.6,268.7,227.6,ok,ok,0.0,4,1,ok,ok,0.0,4,1,TURN LEFT,26.321690892890206,0,0,13,1,178.2
3579,3579,1193,59.71,59.71,59.65,268.4,227.6,ok,ok,0.0,4,1,ok,ok,0.0,4,1,TURN LEFT,26.5828227888319,0,0,13,1,178.5
3582,3582,1194,59.76,59.76,59.7,268.2,227.6,ok,ok,0.0,4,1,ok,ok,0.0,4,1,TURN LEFT,26.837801278698624,0,0,13,1,178.8
3585,3585,1195,59.81,59.81,59.75,267.9,227.5,ok,ok,0.0,4,1,ok,ok,0.0,4,1,TURN LEFT,27.094415360774825,0,0,13,1,179.0
3588,3588,1196,59.86,59.86,59.8,267.7,227.5,ok,ok,0.0,4,1,ok,ok,0.0,4,1,TURN LEFT,27.352240148541554,0,0,13,1,179.4
3591,3591,1197,59.91,59.91,59.85,267.4,227.5,ok,ok,0.0,4,1,ok,ok,0.0,4,1,TURN LEFT,27.613542153561784,0,0,13,1,179.7
3594,3594,1198,59.96,59.96,59.9,267.1,227.4,ok,ok,0.0,4,1,ok,ok,0.0,4,1,TURN LEFT,27.86449463299481,0,0,13,1,179.8
3597,3597,1199,60.01,60.01,59.95,266.9,227.4,ok,ok,0.0,4,1,ok,ok,0.0,4,1,TURN LEFT,28.118685521297497,0,0,13,1,179.8
3600,3600,1200,60.06,60.06,60.0,266.6,227.4,ok,ok,0.0,4,1,ok,ok,0.0,4,1,TURN LEFT,28.37416785551702,0,0,13,1,179.6
3603,3603,1201,60.11,60.11,60.05,266.4,227.3,ok,ok,0.0,4,1,ok,ok,0.0,4,1,TURN LEFT,28.63483042972841,0,0,13,1,179.3
3606,3606,1202,60.16,60.16,60.1,266.1,227.3,ok,ok,0.0,4,1,ok,ok,0.0,4,1,TURN LEFT,28.885736189849816,0,0,13,1,179.0
3609,3609,1203,60.21,60.21,60.15,265.9,227.2,ok,ok,0.0,4,1,ok,ok,0.0,4,1,TURN LEFT,29.13363712804338,0,0,13,1,178.6
3612,3612,1204,60.26,60.26,60.2,265.6,227.2,ok,ok,0.0,3,1,ok,ok,0.0,4,1,TURN LEFT,29.36410351945702,0,0,13,1,178.2
3615,3615,1205,60.31,60.31,60.25,265.4,227.2,ok,ok,0.0,3,1,ok,ok,0.0,4,1,TURN LEFT,29.629731104701456,0,0,13,1,177.9
3618,3618,1206,60.36,60.36,60.3,265.1,227.1,ok,ok,0.0,3,1,ok,ok,0.0,4,1,TURN LEFT,29.868217948225233,0,0,13,1,177.8
3621,3621,1207,60.41,60.41,60.35,264.9,227.1,ok,ok,0.0,3,1,ok,ok,0.0,4,1,TURN LEFT,30.107214929259534,0,0,13,1,177.8
3624,3624,1208,60.46,60.46,60.4,264.7,227.1,ok,ok,0.0,4,1,ok,ok,0.0,4,1,TURN LEFT,30.35159014421683,0,0,13,1,177.7
3627,3627,1209,60.51,60.511,60.45,264.4,227.0,ok,ok,0.0,4,1,ok,ok,0.0,4,1,TURN LEFT,30.59988283849468,0,0,13,1,177.8
3630,3630,1210,60.56,60.561,60.5,,,hold_no_fix,no_fix,0.05,4,1,hold_no_fix,no_fix,0.05,4,1,TURN LEFT,30.59988283849468,0,0,13,1,177.8
3633,3633,1211,60.61,60.611,60.55,263.9,227.0,ok,ok,0.0,4,1,ok,ok,0.0,4,1,TURN LEFT,31.082087563711767,0,0,13,1,177.9
3636,3636,1212,60.66,60.661,60.6,263.7,226.9,ok,ok,0.0,4,1,ok,ok,0.0,5,1,TURN LEFT,31.331728811217573,0,0,13,1,178.0
3639,3639,1213,60.71,60.711,60.65,263.4,226.9,ok,ok,0.0,4,1,ok,ok,0.0,5,1,TURN LEFT,31.574904942295944,0,0,13,1,178.1
3642,3642,1214,60.76,60.761,60.7,263.2,226.9,ok,ok,0.0,4,1,ok,ok,0.0,5,1,TURN LEFT,31.826084165589275,0,0,13,1,178.2
3645,3645,1215,60.81,60.811,60.75,263.0,226.9,ok,ok,0.0,4,1,ok,ok,0.0,5,1,TURN LEFT,32.066707505510685,0,0,13,1,178.5
3648,3648,1216,60.86,60.861,60.8,262.7,226.9,ok,ok,0.0,4,1,ok,ok,0.0,5,1,TURN LEFT,32.2927637588476,0,0,13,1,178.9
3651,3651,1217,60.91,60.911,60.85,262.5,226.9,ok,ok,0.0,4,1,ok,ok,0.0,5,1,TURN LEFT,32.52727463674815,0,0,13,1,179.2
3654,3654,1218,60.96,60.961,60.9,262.3,226.8,ok,ok,0.0,4,1,ok,ok,0.0,5,1,TURN LEFT,32.766858678639856,0,0,13,1,179.3
3657,3657,1219,61.01,61.011,60.95,262.0,226.8,ok,ok,0.0,4,1,ok,ok,0.0,5,1,TURN LEFT,33.00920164608759,0,0,13,1,179.3
3660,3660,1220,61.06,61.061,61.0,261.8,226.8,ok,ok,0.0,4,1,ok,ok,0.0,5,1,TURN LEFT,33.24533912529496,0,0,13,1,179.4
3663,3663,1221,61.11,61.111,61.05,261.5,226.8,ok,ok,0.0,4,1,ok,ok,0.0,5,1,TURN LEFT,33.474820457553705,0,0,13,1,179.5
3666,3666,1222,61.16,61.161,61.1,261.3,226.8,ok,ok,0.0,4,1,ok,ok,0.0,5,1,TURN LEFT,33.70353806743055,0,0,13,1,179.6
3669,3669,1223,61.21,61.211,61.15,261.1,226.8,ok,ok,0.0,4,1,ok,ok,0.0,5,1,TURN LEFT,33.94884183684404,0,0,13,1,179.6
3672,3672,1224,61.26,61.261,61.2,260.8,226.7,ok,ok,0.0,4,1,ok,ok,0.0,5,1,TURN LEFT,34.20662074792443,0,0,13,1,179.6
3675,3675,1225,61.31,61.311,61.25,260.6,226.7,ok,ok,0.0,4,1,ok,ok,0.0,5,1,TURN LEFT,34.443953111609225,0,0,13,1,179.6
3678,3678,1226,61.36,61.361,61.3,260.3,226.7,ok,ok,0.0,4,1,ok,ok,0.0,4,1,TURN LEFT,34.68842463115234,0,0,13,1,179.5
3681,3681,1227,61.41,61.411,61.35,260.1,226.7,ok,ok,0.0,4,1,ok,ok,0.0,4,1,TURN LEFT,34.932873999611886,0,0,13,1,179.4
3684,3684,1228,61.46,61.461,61.4,259.9,226.6,ok,ok,0.0,4,1,ok,ok,0.0,4,1,TURN LEFT,35.1745720173425,0,0,13,1,179.3
3687,3687,1229,61.51,61.512,61.45,259.7,226.6,ok,ok,0.0,4,1,ok,ok,0.0,4,1,TURN LEFT,35.374031615528466,0,0,13,1,178.9
3690,3690,1230,61.56,61.562,61.5,259.4,226.5,ok,ok,0.0,4,1,ok,ok,0.0,4,1,TURN LEFT,35.61450004680368,0,0,13,1,178.7
3693,3693,1231,61.61,61.612,61.55,,,hold_no_fix,no_fix,0.05,4,1,hold_no_fix,no_fix,0.05,4,1,TURN LEFT,35.61450004680368,0,0,13,1,178.7
3696,3696,1232,61.66,61.662,61.6,259.0,226.5,ok,ok,0.0,4,1,ok,ok,0.0,4,1,TURN LEFT,36.08088033045908,0,0,13,1,178.7
3699,3699,1233,61.71,61.712,61.65,258.7,226.4,ok,ok,0.0,4,1,ok,ok,0.0,4,1,TURN LEFT,36.31187638254608,0,0,13,1,178.8
3702,3702,1234,61.76,61.762,61.7,258.5,226.4,ok,ok,0.0,4,1,ok,ok,0.0,4,1,TURN LEFT,36.540046633470325,0,0,13,1,178.9
3705,3705,1235,61.81,61.812,61.75,,,hold_no_fix,no_fix,0.05,4,1,hold_no_fix,no_fix,0.05,4,1,TURN LEFT,36.540046633470325,0,0,13,1,178.9
3708,3708,1236,61.86,61.862,61.8,258.0,226.3,hold_high_reproj_error,high_reproj_error,0.1,4,1,hold_high_reproj_error,high_reproj_error,0.1,4,1,TURN LEFT,37.0206156050711,0,0,13,1,179.1
3711,3711,1237,61.91,61.912,61.85,,,hold_no_fix,no_fix,0.15,4,1,hold_no_fix,no_fix,0.15,4,1,TURN LEFT,37.0206156050711,0,0,13,1,179.1
3714,3714,1238,61.96,61.962,61.9,,,hold_no_fix,no_fix,0.2,4,1,hold_no_fix,no_fix,0.2,4,1,TURN LEFT,37.0206156050711,0,0,13,1,179.1
3717,3717,1239,62.01,62.012,61.95,,,hold_no_fix,no_fix,0.25,4,1,hold_no_fix,no_fix,0.25,4,1,TURN LEFT,37.0206156050711,0,0,13,1,179.1
3720,3720,1240,62.06,62.062,62.0,,,hold_no_fix,no_fix,0.3,4,1,hold_no_fix,no_fix,0.3,4,1,TURN LEFT,37.0206156050711,0,0,13,1,179.1
3723,3723,1241,62.11,62.112,62.05,,,hold_no_fix,no_fix,0.35,4,1,hold_no_fix,no_fix,0.35,4,1,TURN LEFT,37.0206156050711,0,0,13,1,179.1
3726,3726,1242,62.16,62.162,62.1,,,hold_no_fix,no_fix,0.4,4,1,hold_no_fix,no_fix,0.4,4,1,TURN LEFT,37.0206156050711,0,0,13,1,179.1
3729,3729,1243,62.21,62.212,62.15,256.4,225.9,ok,ok,0.0,4,1,ok,ok,0.0,4,1,TURN LEFT,38.615652357818256,0,0,13,1,180.2
3732,3732,1244,62.26,62.262,62.2,256.2,226.0,ok,ok,0.0,4,1,ok,ok,0.0,4,1,TURN LEFT,38.827080118538234,0,0,13,1,180.9
3735,3735,1245,62.31,62.312,62.25,256.0,226.0,ok,ok,0.0,4,1,ok,ok,0.0,4,1,TURN LEFT,39.0764888397739,0,0,13,1,181.2
3738,3738,1246,62.36,62.362,62.3,255.7,226.0,ok,ok,0.0,4,1,ok,ok,0.0,4,1,TURN LEFT,39.31769836677631,0,0,13,1,181.4
3741,3741,1247,62.41,62.412,62.35,255.5,226.0,ok,ok,0.0,4,1,ok,ok,0.0,4,1,TURN LEFT,39.54525741352688,0,0,13,1,181.8
3744,3744,1248,62.46,62.462,62.4,255.3,226.0,ok,ok,0.0,4,1,ok,ok,0.0,4,1,TURN LEFT,39.76598419840444,0,0,13,1,182.0
3747,3747,1249,62.51,62.513,62.45,255.1,225.9,ok,ok,0.0,4,1,ok,ok,0.0,4,1,TURN LEFT,39.981856135974525,0,0,13,1,182.2
3750,3750,1250,62.56,62.563,62.5,254.8,225.9,ok,ok,0.0,4,1,ok,ok,0.0,4,1,TURN LEFT,40.208602433232315,0,0,13,1,182.2
3753,3753,1251,62.61,62.613,62.55,254.6,225.9,ok,ok,0.0,4,1,ok,ok,0.0,4,1,TURN LEFT,40.433881591346605,0,0,13,1,182.3
3756,3756,1252,62.66,62.663,62.6,254.4,225.9,ok,ok,0.0,4,1,ok,ok,0.0,4,1,TURN LEFT,40.65674829980967,0,0,13,1,182.4
3759,3759,1253,62.71,62.713,62.65,254.2,225.9,ok,ok,0.0,4,1,ok,ok,0.0,4,1,TURN LEFT,40.865877054005544,0,0,13,1,182.5
3762,3762,1254,62.76,62.763,62.7,254.0,225.8,ok,ok,0.0,4,1,ok,ok,0.0,4,1,TURN LEFT,41.08383577295454,0,0,13,1,182.5
3765,3765,1255,62.81,62.813,62.75,253.8,225.8,ok,ok,0.0,3,1,ok,ok,0.0,4,1,TURN LEFT,41.30813778147483,0,0,13,1,182.5
3768,3768,1256,62.86,62.863,62.8,253.5,225.8,ok,ok,0.0,3,1,ok,ok,0.0,4,1,TURN LEFT,41.52105049622527,0,0,13,1,182.1
3771,3771,1257,62.91,62.913,62.85,253.3,225.7,ok,ok,0.0,3,1,ok,ok,0.0,4,1,TURN LEFT,41.73772013831799,0,0,13,1,181.8
3774,3774,1258,62.96,62.963,62.9,253.1,225.7,ok,ok,0.0,3,1,ok,ok,0.0,4,1,TURN LEFT,41.96363427127383,0,0,13,1,181.7
3777,3777,1259,63.01,63.013,62.95,252.9,225.6,ok,ok,0.0,3,1,ok,ok,0.0,4,1,TURN LEFT,42.18947152146784,0,0,13,1,181.5
3780,3780,1260,63.06,63.063,63.0,252.7,225.6,ok,ok,0.0,3,1,ok,ok,0.0,4,1,TURN LEFT,42.41194724313541,0,0,13,1,181.5
3783,3783,1261,63.11,63.113,63.05,252.4,225.6,ok,ok,0.0,3,1,ok,ok,0.0,4,1,TURN LEFT,42.62521314133237,0,0,13,1,181.6
3786,3786,1262,63.16,63.163,63.1,252.2,225.5,ok,ok,0.0,3,1,ok,ok,0.0,4,1,TURN LEFT,42.830288660058365,0,0,13,1,181.6
3789,3789,1263,63.21,63.213,63.15,252.0,225.5,ok,ok,0.0,3,1,ok,ok,0.0,4,1,TURN LEFT,43.0390031438712,0,0,13,1,181.6
3792,3792,1264,63.26,63.263,63.2,251.8,225.4,ok,ok,0.0,3,1,ok,ok,0.0,4,1,TURN LEFT,43.24213001835829,0,0,13,1,181.6
3795,3795,1265,63.31,63.313,63.25,251.6,225.4,ok,ok,0.0,3,1,ok,ok,0.0,4,1,TURN LEFT,43.4437767020166,0,0,13,1,181.6
3798,3798,1266,63.36,63.363,63.3,251.4,225.3,ok,ok,0.0,3,1,ok,ok,0.0,4,1,TURN LEFT,43.64012282171991,0,0,13,1,181.6
3801,3801,1267,63.41,63.413,63.35,251.2,225.3,ok,ok,0.0,3,1,ok,ok,0.0,4,1,TURN LEFT,43.837384290242696,0,0,13,1,181.5
3804,3804,1268,63.46,63.463,63.4,251.1,225.3,ok,ok,0.0,3,1,ok,ok,0.0,4,1,TURN LEFT,44.01701069895008,0,0,13,1,181.6
3807,3807,1269,63.51,63.514,63.45,250.9,225.2,ok,ok,0.0,3,1,ok,ok,0.0,4,1,TURN LEFT,44.20525272435189,0,0,13,1,181.5
3810,3810,1270,63.56,63.564,63.5,250.7,225.2,ok,ok,0.0,3,1,ok,ok,0.0,4,1,TURN LEFT,44.41387592150637,0,0,13,1,181.4
3813,3813,1271,63.61,63.614,63.55,250.5,225.2,ok,ok,0.0,3,1,ok,ok,0.0,4,1,TURN LEFT,44.60311216347859,0,0,13,1,181.5
3816,3816,1272,63.66,63.664,63.6,250.3,225.1,ok,ok,0.0,3,1,ok,ok,0.0,4,1,TURN LEFT,44.801542609918165,0,0,13,1,181.7
3819,3819,1273,63.71,63.714,63.65,250.1,225.1,ok,ok,0.0,3,1,ok,ok,0.0,4,1,TURN LEFT,44.99475228086097,0,0,13,1,181.9
3822,3822,1274,63.76,63.764,63.7,249.9,225.1,ok,ok,0.0,3,1,ok,ok,0.0,4,1,GO STRAIGHT,,0,0,13,1,182.1
3825,3825,1275,63.81,63.814,63.75,249.7,225.1,ok,ok,0.0,3,1,ok,ok,0.0,4,1,GO STRAIGHT,,0,0,13,1,182.4
3828,3828,1276,63.86,63.864,63.8,249.5,225.0,ok,ok,0.0,3,1,ok,ok,0.0,4,1,GO STRAIGHT,,0,0,13,1,182.6
3831,3831,1277,63.91,63.914,63.85,249.3,225.0,ok,ok,0.0,4,1,ok,ok,0.0,4,1,GO STRAIGHT,,0,0,13,1,182.7
3834,3834,1278,63.96,63.964,63.9,249.1,225.0,ok,ok,0.0,4,1,ok,ok,0.0,4,1,GO STRAIGHT,,0,0,13,1,182.6
3837,3837,1279,64.01,64.014,63.95,248.9,224.9,ok,ok,0.0,4,1,ok,ok,0.0,4,1,GO STRAIGHT,,0,0,13,1,182.5
3840,3840,1280,64.06,64.064,64.0,248.7,224.9,ok,ok,0.0,4,1,ok,ok,0.0,4,1,GO STRAIGHT,,0,0,13,1,182.4
3843,3843,1281,64.11,64.114,64.05,248.5,224.9,ok,ok,0.0,4,1,ok,ok,0.0,4,1,GO STRAIGHT,,0,0,13,1,182.3
3846,3846,1282,64.16,64.164,64.1,248.3,224.8,ok,ok,0.0,4,1,ok,ok,0.0,4,1,GO STRAIGHT,,0,0,13,1,182.1
3849,3849,1283,64.21,64.214,64.15,248.1,224.8,ok,ok,0.0,4,1,ok,ok,0.0,4,1,GO STRAIGHT,,0,0,13,1,181.9
3852,3852,1284,64.26,64.264,64.2,247.8,224.8,ok,ok,0.0,4,1,ok,ok,0.0,4,1,GO STRAIGHT,,0,0,13,1,181.7
3855,3855,1285,64.31,64.314,64.25,247.6,224.7,ok,ok,0.0,4,1,ok,ok,0.0,4,1,GO STRAIGHT,,0,0,13,1,181.3
3858,3858,1286,64.36,64.364,64.3,247.4,224.7,ok,ok,0.0,4,1,ok,ok,0.0,4,1,GO STRAIGHT,,0,0,13,1,181.0
3861,3861,1287,64.41,64.414,64.35,247.2,224.6,ok,ok,0.0,4,1,ok,ok,0.0,4,1,GO STRAIGHT,,0,0,13,1,180.7
3864,3864,1288,64.46,64.464,64.4,247.0,224.6,ok,ok,0.0,4,1,ok,ok,0.0,4,1,GO STRAIGHT,,0,0,13,1,180.5
3867,3867,1289,64.51,64.515,64.45,246.8,224.5,ok,ok,0.0,4,1,ok,ok,0.0,4,1,GO STRAIGHT,,0,0,13,1,180.4
3870,3870,1290,64.56,64.565,64.5,246.6,224.5,ok,ok,0.0,4,1,ok,ok,0.0,4,1,GO STRAIGHT,,0,0,13,1,180.3
3873,3873,1291,64.61,64.615,64.55,246.3,224.5,ok,ok,0.0,4,1,ok,ok,0.0,4,1,GO STRAIGHT,,0,0,13,1,180.2
3876,3876,1292,64.66,64.665,64.6,246.1,224.4,ok,ok,0.0,4,1,ok,ok,0.0,4,1,GO STRAIGHT,,0,0,13,1,180.2
3879,3879,1293,64.71,64.715,64.65,245.9,224.4,ok,ok,0.0,4,1,ok,ok,0.0,4,1,GO STRAIGHT,,0,0,13,1,180.2
3882,3882,1294,64.76,64.765,64.7,245.7,224.4,ok,ok,0.0,4,1,ok,ok,0.0,4,1,GO STRAIGHT,,0,0,13,1,180.3
3885,3885,1295,64.81,64.815,64.75,245.5,224.3,ok,ok,0.0,4,1,ok,ok,0.0,4,1,GO STRAIGHT,,0,0,13,1,180.5
3888,3888,1296,64.86,64.865,64.8,245.3,224.3,ok,ok,0.0,4,1,ok,ok,0.0,4,1,GO STRAIGHT,,0,0,13,1,180.5
3891,3891,1297,64.91,64.915,64.85,245.0,224.3,ok,ok,0.0,4,1,ok,ok,0.0,4,1,GO STRAIGHT,,0,0,13,1,180.5
3894,3894,1298,64.96,64.965,64.9,244.8,224.3,ok,ok,0.0,4,1,ok,ok,0.0,4,1,GO STRAIGHT,,0,0,13,1,180.5
3897,3897,1299,65.02,65.015,64.95,244.6,224.2,ok,ok,0.0,4,1,ok,ok,0.0,4,1,GO STRAIGHT,,0,0,13,1,180.7
3900,3900,1300,65.07,65.065,65.0,244.4,224.2,ok,ok,0.0,4,1,ok,ok,0.0,4,1,GO STRAIGHT,,0,0,13,1,181.0
3903,3903,1301,65.12,65.115,65.05,244.1,224.2,ok,ok,0.0,4,1,ok,ok,0.0,4,1,GO STRAIGHT,,0,0,13,1,181.1
3906,3906,1302,65.17,65.165,65.1,243.9,224.2,ok,ok,0.0,4,1,ok,ok,0.0,4,1,GO STRAIGHT,,0,0,13,1,181.2
3909,3909,1303,65.22,65.215,65.15,243.7,224.1,ok,ok,0.0,4,1,ok,ok,0.0,4,1,GO STRAIGHT,,0,0,13,1,181.2
3912,3912,1304,65.27,65.265,65.2,243.4,224.1,ok,ok,0.0,4,1,ok,ok,0.0,4,1,GO STRAIGHT,,0,0,13,1,181.5
3915,3915,1305,65.32,65.315,65.25,243.2,224.1,ok,ok,0.0,4,1,ok,ok,0.0,4,1,GO STRAIGHT,,0,0,13,1,181.8
3918,3918,1306,65.37,65.365,65.3,243.0,224.1,ok,ok,0.0,4,1,ok,ok,0.0,4,1,GO STRAIGHT,,0,0,13,1,182.1
3921,3921,1307,65.42,65.415,65.35,242.8,224.0,ok,ok,0.0,4,1,ok,ok,0.0,4,1,GO STRAIGHT,,0,0,13,1,182.3
3924,3924,1308,65.47,65.465,65.4,242.5,224.0,ok,ok,0.0,4,1,ok,ok,0.0,4,1,GO STRAIGHT,,0,0,13,1,182.5
3927,3927,1309,65.52,65.516,65.45,242.3,224.0,ok,ok,0.0,4,1,ok,ok,0.0,4,1,GO STRAIGHT,,0,0,13,1,182.4
3930,3930,1310,65.57,65.566,65.5,242.1,224.0,ok,ok,0.0,4,1,ok,ok,0.0,4,1,GO STRAIGHT,,0,0,13,1,182.3
3933,3933,1311,65.62,65.616,65.55,241.8,223.9,ok,ok,0.0,3,1,ok,ok,0.0,4,1,GO STRAIGHT,,0,0,13,1,182.1
3936,3936,1312,65.67,65.666,65.6,241.6,223.9,ok,ok,0.0,3,1,ok,ok,0.0,4,1,GO STRAIGHT,,0,0,13,1,181.8
3939,3939,1313,65.72,65.716,65.65,241.4,223.8,ok,ok,0.0,3,1,ok,ok,0.0,4,1,GO STRAIGHT,,0,0,13,1,181.6
3942,3942,1314,65.77,65.766,65.7,241.1,223.8,ok,ok,0.0,3,1,ok,ok,0.0,4,1,GO STRAIGHT,,0,0,13,1,181.4
3945,3945,1315,65.82,65.816,65.75,240.9,223.8,ok,ok,0.0,3,1,ok,ok,0.0,4,1,GO STRAIGHT,,0,0,13,1,181.3
3948,3948,1316,65.87,65.866,65.8,240.7,223.7,ok,ok,0.0,3,1,ok,ok,0.0,4,1,GO STRAIGHT,,0,0,13,1,181.2
3951,3951,1317,65.92,65.916,65.85,240.4,223.7,ok,ok,0.0,3,1,ok,ok,0.0,4,1,GO STRAIGHT,,0,0,13,1,181.2
3954,3954,1318,65.97,65.966,65.9,240.2,223.7,ok,ok,0.0,3,1,ok,ok,0.0,4,1,GO STRAIGHT,,0,0,13,1,181.3
3957,3957,1319,66.02,66.016,65.95,240.0,223.6,ok,ok,0.0,3,1,ok,ok,0.0,4,1,GO STRAIGHT,,0,0,13,1,181.4
3960,3960,1320,66.07,66.066,66.0,239.7,223.6,ok,ok,0.0,3,1,ok,ok,0.0,4,1,GO STRAIGHT,,0,0,13,1,181.4
3963,3963,1321,66.12,66.116,66.05,239.5,223.6,ok,ok,0.0,3,1,ok,ok,0.0,4,1,GO STRAIGHT,,0,0,13,1,181.4
3966,3966,1322,66.17,66.166,66.1,239.3,223.5,ok,ok,0.0,3,1,ok,ok,0.0,4,1,GO STRAIGHT,,0,0,13,1,181.4
3969,3969,1323,66.22,66.216,66.15,239.0,223.5,ok,ok,0.0,3,1,ok,ok,0.0,4,1,GO STRAIGHT,,0,0,13,1,181.6
3972,3972,1324,66.27,66.266,66.2,238.8,223.5,ok,ok,0.0,3,1,ok,ok,0.0,4,1,GO STRAIGHT,,0,0,13,1,181.7
3975,3975,1325,66.32,66.316,66.25,238.6,223.5,ok,ok,0.0,3,1,ok,ok,0.0,4,1,GO STRAIGHT,,0,0,13,1,182.0
3978,3978,1326,66.37,66.366,66.3,238.3,223.5,ok,ok,0.0,3,1,ok,ok,0.0,4,1,GO STRAIGHT,,0,0,13,1,182.2
3981,3981,1327,66.42,66.416,66.35,238.1,223.4,ok,ok,0.0,3,1,ok,ok,0.0,4,1,GO STRAIGHT,,0,0,13,1,182.4
3984,3984,1328,66.47,66.466,66.4,237.8,223.4,ok,ok,0.0,3,1,ok,ok,0.0,4,1,GO STRAIGHT,,0,0,13,1,182.6
3987,3987,1329,66.52,66.517,66.45,237.6,223.4,ok,ok,0.0,3,1,ok,ok,0.0,3,1,GO STRAIGHT,,0,0,13,1,182.8
3990,3990,1330,66.57,66.567,66.5,237.4,223.4,ok,ok,0.0,3,1,ok,ok,0.0,3,1,GO STRAIGHT,,0,0,13,1,182.9
3993,3993,1331,66.62,66.617,66.55,237.1,223.4,ok,ok,0.0,3,1,ok,ok,0.0,3,1,GO STRAIGHT,,0,0,13,1,183.2
3996,3996,1332,66.67,66.667,66.6,236.9,223.3,ok,ok,0.0,3,1,ok,ok,0.0,3,1,GO STRAIGHT,,0,0,13,1,183.4
3999,3999,1333,66.72,66.717,66.65,236.7,223.3,ok,ok,0.0,3,1,ok,ok,0.0,3,1,GO STRAIGHT,,0,0,13,1,183.4
4002,4002,1334,66.77,66.767,66.7,236.4,223.3,ok,ok,0.0,3,1,ok,ok,0.0,3,1,GO STRAIGHT,,0,0,13,1,183.4
4005,4005,1335,66.82,66.817,66.75,236.2,223.3,ok,ok,0.0,3,1,ok,ok,0.0,3,1,GO STRAIGHT,,0,0,13,1,183.5
4008,4008,1336,66.87,66.867,66.8,236.0,223.2,ok,ok,0.0,3,1,ok,ok,0.0,3,1,GO STRAIGHT,,0,0,13,1,183.4
4011,4011,1337,66.92,66.917,66.85,235.7,223.2,ok,ok,0.0,2,1,ok,ok,0.0,3,1,GO STRAIGHT,,0,0,13,1,183.1
4014,4014,1338,66.97,66.967,66.9,235.5,223.2,ok,ok,0.0,2,1,ok,ok,0.0,3,1,GO STRAIGHT,,0,0,13,1,182.9
4017,4017,1339,67.02,67.017,66.95,235.3,223.1,ok,ok,0.0,2,1,ok,ok,0.0,2,1,GO STRAIGHT,,0,0,13,1,182.6
4020,4020,1340,67.07,67.067,67.0,235.0,223.1,ok,ok,0.0,2,1,ok,ok,0.0,2,1,GO STRAIGHT,,0,0,13,1,182.5
4023,4023,1341,67.12,67.117,67.05,234.8,223.0,ok,ok,0.0,2,1,ok,ok,0.0,2,1,GO STRAIGHT,,0,0,13,1,182.5
4026,4026,1342,67.17,67.167,67.1,234.6,223.0,ok,ok,0.0,2,1,ok,ok,0.0,2,1,GO STRAIGHT,,0,0,13,1,182.5
4029,4029,1343,67.22,67.217,67.15,234.4,222.9,ok,ok,0.0,2,1,ok,ok,0.0,2,1,GO STRAIGHT,,0,0,13,1,182.5
4032,4032,1344,67.27,67.267,67.2,234.1,222.9,ok,ok,0.0,2,1,ok,ok,0.0,2,1,GO STRAIGHT,,0,0,13,1,182.5
4035,4035,1345,67.32,67.317,67.25,,,hold_no_fix,no_fix,0.05,2,1,hold_no_fix,no_fix,0.05,2,1,GO STRAIGHT,,0,0,13,1,182.5
4038,4038,1346,67.37,67.367,67.3,233.7,222.8,ok,ok,0.0,2,1,ok,ok,0.0,2,1,GO STRAIGHT,,0,0,13,1,182.6
4041,4041,1347,67.42,67.417,67.35,233.5,222.8,ok,ok,0.0,2,1,ok,ok,0.0,2,1,GO STRAIGHT,,0,0,13,1,182.7
4044,4044,1348,67.47,67.467,67.4,233.3,222.7,ok,ok,0.0,2,1,ok,ok,0.0,2,1,GO STRAIGHT,,0,0,13,1,182.7
4047,4047,1349,67.52,67.518,67.45,233.0,222.7,ok,ok,0.0,2,1,ok,ok,0.0,2,1,GO STRAIGHT,,0,0,13,1,182.8
4050,4050,1350,67.57,67.568,67.5,232.8,222.6,ok,ok,0.0,2,1,ok,ok,0.0,2,1,GO STRAIGHT,,0,0,13,1,182.8
4053,4053,1351,67.62,67.618,67.55,232.6,222.6,ok,ok,0.0,2,1,ok,ok,0.0,2,1,GO STRAIGHT,,0,0,13,1,182.7
4056,4056,1352,67.67,67.668,67.6,232.4,222.6,ok,ok,0.0,2,1,ok,ok,0.0,2,1,GO STRAIGHT,,0,0,13,1,182.7
4059,4059,1353,67.72,67.718,67.65,232.1,222.6,ok,ok,0.0,2,1,ok,ok,0.0,2,1,GO STRAIGHT,,0,0,13,1,182.7
4062,4062,1354,67.77,67.768,67.7,231.9,222.5,ok,ok,0.0,2,1,ok,ok,0.0,2,1,GO STRAIGHT,,0,0,13,1,182.8
4065,4065,1355,67.82,67.818,67.75,231.7,222.5,ok,ok,0.0,2,1,ok,ok,0.0,2,1,GO STRAIGHT,,0,0,13,1,182.9
4068,4068,1356,67.87,67.868,67.8,231.4,222.5,ok,ok,0.0,2,1,ok,ok,0.0,2,1,GO STRAIGHT,,0,0,13,1,182.9
4071,4071,1357,67.92,67.918,67.85,231.2,222.4,ok,ok,0.0,2,1,ok,ok,0.0,2,1,GO STRAIGHT,,0,0,13,1,182.9
4074,4074,1358,67.97,67.968,67.9,231.0,222.4,ok,ok,0.0,2,1,ok,ok,0.0,2,1,GO STRAIGHT,,0,0,13,1,183.0
4077,4077,1359,68.02,68.018,67.95,230.8,222.4,ok,ok,0.0,2,1,ok,ok,0.0,2,1,GO STRAIGHT,,0,0,13,1,183.1
4080,4080,1360,68.07,68.068,68.0,230.5,222.3,ok,ok,0.0,2,1,ok,ok,0.0,2,1,GO STRAIGHT,,0,0,13,1,183.2
4083,4083,1361,68.12,68.118,68.05,230.3,222.3,ok,ok,0.0,1,1,ok,ok,0.0,2,1,GO STRAIGHT,,0,0,13,1,183.3
4086,4086,1362,68.17,68.168,68.1,230.1,222.2,ok,ok,0.0,1,1,ok,ok,0.0,2,1,GO STRAIGHT,,0,0,13,1,183.3
4089,4089,1363,68.22,68.218,68.15,229.8,222.2,ok,ok,0.0,1,1,ok,ok,0.0,2,1,GO STRAIGHT,,0,0,13,1,183.0
4092,4092,1364,68.27,68.268,68.2,229.6,222.1,ok,ok,0.0,1,1,ok,ok,0.0,2,1,GO STRAIGHT,,0,0,13,1,182.6
4095,4095,1365,68.32,68.318,68.25,229.4,222.1,ok,ok,0.0,1,1,ok,ok,0.0,2,1,GO STRAIGHT,,0,0,13,1,182.0
4098,4098,1366,68.37,68.368,68.3,229.1,222.0,ok,ok,0.0,1,1,ok,ok,0.0,2,1,GO STRAIGHT,,0,0,13,1,181.4
4101,4101,1367,68.42,68.418,68.35,228.9,222.0,ok,ok,0.0,1,1,ok,ok,0.0,2,1,GO STRAIGHT,,0,0,13,1,180.9
4104,4104,1368,68.47,68.468,68.4,228.7,221.9,ok,ok,0.0,1,1,ok,ok,0.0,2,1,GO STRAIGHT,,0,0,13,1,180.6
4107,4107,1369,68.52,68.519,68.45,228.4,221.9,hold_floor_not_visible,floor_not_visible,0.05,1,1,ok,ok,0.0,2,1,GO STRAIGHT,,0,0,13,1,180.3
4110,4110,1370,68.57,68.569,68.5,228.2,221.8,hold_floor_not_visible,floor_not_visible,0.1,1,1,ok,ok,0.0,2,1,GO STRAIGHT,,0,0,13,1,180.2
4113,4113,1371,68.62,68.619,68.55,228.0,221.8,hold_floor_not_visible,floor_not_visible,0.15,1,1,ok,ok,0.0,2,1,GO STRAIGHT,,0,0,13,1,180.1
4116,4116,1372,68.67,68.669,68.6,227.7,221.7,hold_floor_not_visible,floor_not_visible,0.2,1,1,ok,ok,0.0,2,1,GO STRAIGHT,,0,0,13,1,179.9
4119,4119,1373,68.72,68.719,68.65,227.5,221.7,hold_floor_not_visible,floor_not_visible,0.25,1,1,ok,ok,0.0,2,1,GO STRAIGHT,,0,0,13,1,179.8
4122,4122,1374,68.77,68.769,68.7,227.3,221.6,hold_floor_not_visible,floor_not_visible,0.3,1,1,ok,ok,0.0,2,1,GO STRAIGHT,,0,0,13,1,179.8
4125,4125,1375,68.82,68.819,68.75,227.1,221.6,hold_floor_not_visible,floor_not_visible,0.35,1,1,ok,ok,0.0,1,1,GO STRAIGHT,,0,0,13,1,179.7
4128,4128,1376,68.87,68.869,68.8,226.8,221.6,hold_floor_not_visible,floor_not_visible,0.4,1,1,ok,ok,0.0,0,1,GO STRAIGHT,,0,0,13,1,179.6
4131,4131,1377,68.92,68.919,68.85,226.6,221.5,hold_floor_not_visible,floor_not_visible,0.45,1,1,ok,ok,0.0,0,1,GO STRAIGHT,,0,0,13,1,179.6
4134,4134,1378,68.97,68.969,68.9,226.3,221.5,hold_floor_not_visible,floor_not_visible,0.501,1,1,ok,ok,0.0,0,1,GO STRAIGHT,,0,0,13,1,179.6
4137,4137,1379,69.02,69.019,68.95,226.1,221.5,hold_floor_not_visible,floor_not_visible,0.551,1,1,ok,ok,0.0,0,1,GO STRAIGHT,,0,0,13,1,179.7
4140,4140,1380,69.07,69.069,69.0,225.9,221.4,hold_floor_not_visible,floor_not_visible,0.601,1,1,ok,ok,0.0,0,1,GO STRAIGHT,,0,0,13,1,179.9
4143,4143,1381,69.12,69.119,69.05,225.6,221.4,hold_floor_not_visible,floor_not_visible,0.651,1,1,ok,ok,0.0,0,1,GO STRAIGHT,,0,0,13,1,180.2
4146,4146,1382,69.17,69.169,69.1,225.4,221.4,hold_floor_not_visible,floor_not_visible,0.701,1,1,ok,ok,0.0,0,1,GO STRAIGHT,,0,0,13,1,180.6
4149,4149,1383,69.22,69.219,69.15,225.1,221.3,hold_floor_not_visible,floor_not_visible,0.751,1,1,ok,ok,0.0,0,1,GO STRAIGHT,,0,0,13,1,180.9
4152,4152,1384,69.27,69.269,69.2,224.9,221.3,hold_floor_not_visible,floor_not_visible,0.801,1,1,ok,ok,0.0,0,1,GO STRAIGHT,,0,0,13,1,181.0
4155,4155,1385,69.32,69.319,69.25,224.7,221.2,hold_floor_not_visible,floor_not_visible,0.851,1,1,ok,ok,0.0,0,1,GO STRAIGHT,,0,0,13,1,181.2
4158,4158,1386,69.37,69.369,69.3,224.4,221.2,hold_floor_not_visible,floor_not_visible,0.901,1,1,ok,ok,0.0,0,1,GO STRAIGHT,,0,0,13,1,181.2
4161,4161,1387,69.42,69.419,69.35,224.2,221.2,hold_floor_not_visible,floor_not_visible,0.951,1,1,ok,ok,0.0,0,1,GO STRAIGHT,,0,0,13,1,181.1
4164,4164,1388,69.47,69.469,69.4,224.0,221.1,hold_floor_not_visible,floor_not_visible,1.001,1,1,ok,ok,0.0,0,1,GO STRAIGHT,,0,0,13,1,180.9
4167,4167,1389,69.52,69.52,69.45,223.8,221.1,hold_floor_not_visible,floor_not_visible,1.051,1,1,ok,ok,0.0,0,1,GO STRAIGHT,,0,0,13,1,180.7
4170,4170,1390,69.57,69.57,69.5,223.5,221.0,hold_floor_not_visible,floor_not_visible,1.101,1,1,ok,ok,0.0,0,1,GO STRAIGHT,,0,0,13,1,180.5
4173,4173,1391,69.62,69.62,69.55,223.3,221.0,hold_floor_not_visible,floor_not_visible,1.151,1,1,ok,ok,0.0,0,1,GO STRAIGHT,,0,0,13,1,180.2
4176,4176,1392,69.67,69.67,69.6,223.1,220.9,hold_floor_not_visible,floor_not_visible,1.201,1,1,ok,ok,0.0,0,1,GO STRAIGHT,,0,0,13,1,179.6
4179,4179,1393,69.72,69.72,69.65,222.8,220.9,hold_floor_not_visible,floor_not_visible,1.251,1,1,ok,ok,0.0,0,1,GO STRAIGHT,,0,0,13,1,179.3
4182,4182,1394,69.77,69.77,69.7,222.6,220.9,hold_floor_not_visible,floor_not_visible,1.301,1,1,ok,ok,0.0,0,1,GO STRAIGHT,,0,0,13,1,179.0
4185,4185,1395,69.82,69.82,69.75,222.4,220.8,hold_floor_not_visible,floor_not_visible,1.351,1,1,ok,ok,0.0,0,1,GO STRAIGHT,,0,0,13,1,178.9
4188,4188,1396,69.87,69.87,69.8,222.2,220.8,hold_floor_not_visible,floor_not_visible,1.401,1,1,ok,ok,0.0,0,1,TURN RIGHT,17.690406351052108,0,0,13,1,178.8
4191,4191,1397,69.92,69.92,69.85,221.9,220.8,hold_floor_not_visible,floor_not_visible,1.451,1,1,ok,ok,0.0,0,1,TURN RIGHT,17.48720367445952,0,0,13,1,178.8
4194,4194,1398,69.97,69.97,69.9,221.7,220.7,hold_floor_not_visible,floor_not_visible,1.502,1,1,ok,ok,0.0,0,1,TURN RIGHT,17.289374542201926,0,0,13,1,178.8
4197,4197,1399,70.02,70.02,69.95,221.5,220.7,hold_floor_not_visible,floor_not_visible,1.552,1,1,ok,ok,0.0,0,1,TURN RIGHT,17.097037814023906,0,0,13,1,178.9
4200,4200,1400,70.07,70.07,70.0,221.2,220.7,hold_floor_not_visible,floor_not_visible,1.602,1,1,ok,ok,0.0,0,1,TURN RIGHT,16.91077774088064,0,0,13,1,179.0
4203,4203,1401,70.12,70.12,70.05,221.0,220.6,hold_floor_not_visible,floor_not_visible,1.652,1,1,ok,ok,0.0,0,1,TURN RIGHT,16.72223121998095,0,0,13,1,179.1
4206,4206,1402,70.17,70.17,70.1,220.8,220.6,hold_floor_not_visible,floor_not_visible,1.702,1,1,ok,ok,0.0,0,1,TURN RIGHT,16.531940382325185,0,0,13,1,179.1
4209,4209,1403,70.22,70.22,70.15,220.6,220.6,hold_floor_not_visible,floor_not_visible,1.752,1,1,ok,ok,0.0,0,1,TURN RIGHT,16.35161108595193,0,0,13,1,179.1
4212,4212,1404,70.27,70.27,70.2,220.4,220.6,hold_floor_not_visible,floor_not_visible,1.802,1,1,ok,ok,0.0,0,1,TURN RIGHT,16.164904244249374,0,0,13,1,179.2
4215,4215,1405,70.32,70.32,70.25,220.2,220.6,hold_floor_not_visible,floor_not_visible,1.852,1,1,ok,ok,0.0,0,1,TURN RIGHT,15.984252748842662,0,0,13,1,179.2
4218,4218,1406,70.37,70.37,70.3,219.9,220.6,hold_floor_not_visible,floor_not_visible,1.902,1,1,ok,ok,0.0,0,1,TURN RIGHT,15.799682808155357,0,0,13,1,179.5
4221,4221,1407,70.42,70.42,70.35,219.7,220.6,hold_floor_not_visible,floor_not_visible,1.952,1,1,ok,ok,0.0,0,1,TURN RIGHT,15.61469179864538,0,0,13,1,179.6
4224,4224,1408,70.47,70.47,70.4,219.5,220.6,hold_floor_not_visible,floor_not_visible,2.002,1,1,ok,ok,0.0,0,1,TURN RIGHT,15.426381669072844,0,0,13,1,179.8
4227,4227,1409,70.52,70.521,70.45,219.3,220.6,hold_floor_not_visible,floor_not_visible,2.052,1,1,ok,ok,0.0,0,1,TURN RIGHT,15.23914960929362,0,0,13,1,179.9
4230,4230,1410,70.57,70.571,70.5,219.1,220.6,hold_floor_not_visible,floor_not_visible,2.102,1,1,ok,ok,0.0,0,1,TURN RIGHT,15.05392683480783,0,0,13,1,180.0
4233,4233,1411,70.62,70.621,70.55,218.9,220.6,hold_floor_not_visible,floor_not_visible,2.152,1,1,ok,ok,0.0,0,1,TURN RIGHT,14.872136223953996,0,0,13,1,179.8
4236,4236,1412,70.67,70.671,70.6,218.7,220.6,hold_floor_not_visible,floor_not_visible,2.202,1,1,ok,ok,0.0,0,1,TURN RIGHT,14.701669831324013,0,0,13,1,179.6
4239,4239,1413,70.72,70.721,70.65,218.5,220.6,hold_floor_not_visible,floor_not_visible,2.252,1,1,ok,ok,0.0,0,1,TURN RIGHT,14.525389265527275,0,0,13,1,179.5
4242,4242,1414,70.77,70.771,70.7,218.3,220.6,hold_floor_not_visible,floor_not_visible,2.302,1,1,ok,ok,0.0,0,1,TURN RIGHT,14.364108941405973,0,0,13,1,179.5
4245,4245,1415,70.82,70.821,70.75,218.1,220.6,hold_floor_not_visible,floor_not_visible,2.352,1,1,ok,ok,0.0,0,1,TURN RIGHT,14.205041653023725,0,0,13,1,179.4
4248,4248,1416,70.87,70.871,70.8,217.9,220.6,hold_floor_not_visible,floor_not_visible,2.402,1,1,ok,ok,0.0,0,1,TURN RIGHT,14.044019086482656,0,0,13,1,179.3
4251,4251,1417,70.92,70.921,70.85,217.7,220.6,hold_floor_not_visible,floor_not_visible,2.452,1,1,ok,ok,0.0,0,1,TURN RIGHT,13.876296559655676,0,0,13,1,179.1
4254,4254,1418,70.97,70.971,70.9,217.5,220.6,hold_floor_not_visible,floor_not_visible,2.503,1,1,ok,ok,0.0,0,1,TURN RIGHT,13.712225005440718,0,0,13,1,178.9
4257,4257,1419,71.02,71.021,70.95,217.3,220.6,hold_floor_not_visible,floor_not_visible,2.553,1,1,ok,ok,0.0,0,1,TURN RIGHT,13.550100673451295,0,0,13,1,178.6
4260,4260,1420,71.07,71.071,71.0,217.1,220.5,hold_floor_not_visible,floor_not_visible,2.603,1,1,ok,ok,0.0,0,1,TURN RIGHT,13.391332966337721,0,0,13,1,178.5
4263,4263,1421,71.12,71.121,71.05,216.9,220.5,hold_floor_not_visible,floor_not_visible,2.653,1,1,ok,ok,0.0,0,1,TURN RIGHT,13.230589071030703,0,0,13,1,178.4
4266,4266,1422,71.17,71.171,71.1,216.7,220.5,hold_floor_not_visible,floor_not_visible,2.703,1,1,ok,ok,0.0,0,1,TURN RIGHT,13.082773049300288,0,0,13,1,178.2
4269,4269,1423,71.22,71.221,71.15,216.5,220.5,hold_floor_not_visible,floor_not_visible,2.753,1,1,ok,ok,0.0,0,1,TURN RIGHT,12.930413101289375,0,0,13,1,178.0
4272,4272,1424,71.27,71.271,71.2,216.4,220.5,hold_floor_not_visible,floor_not_visible,2.803,1,1,ok,ok,0.0,0,1,TURN RIGHT,12.787347603208548,0,0,13,1,177.8
4275,4275,1425,71.32,71.321,71.25,216.2,220.5,hold_floor_not_visible,floor_not_visible,2.853,1,1,ok,ok,0.0,0,1,TURN RIGHT,12.643178777512693,0,0,13,1,177.9
4278,4278,1426,71.37,71.371,71.3,216.0,220.5,hold_floor_not_visible,floor_not_visible,2.903,1,1,ok,ok,0.0,0,1,TURN RIGHT,12.502484602566547,0,0,13,1,178.0
4281,4281,1427,71.42,71.421,71.35,215.8,220.5,hold_floor_not_visible,floor_not_visible,2.953,1,1,ok,ok,0.0,0,1,TURN RIGHT,12.36063802830091,0,0,13,1,178.2
4284,4284,1428,71.47,71.471,71.4,215.7,220.5,floor_not_visible,floor_not_visible,,0,0,ok,ok,0.0,0,1,TURN RIGHT,12.21910081258793,0,0,13,1,178.3
4287,4287,1429,71.52,71.522,71.45,215.5,220.5,floor_not_visible,floor_not_visible,,0,0,ok,ok,0.0,0,1,TURN RIGHT,12.079271565013523,0,0,13,1,178.5
4290,4290,1430,71.57,71.572,71.5,215.3,220.5,floor_not_visible,floor_not_visible,,0,0,ok,ok,0.0,0,1,TURN RIGHT,11.940826912860574,0,0,13,1,178.8
4293,4293,1431,71.62,71.622,71.55,215.1,220.5,floor_not_visible,floor_not_visible,,0,0,ok,ok,0.0,0,1,TURN RIGHT,11.787093542345692,0,0,13,1,179.4
4296,4296,1432,71.67,71.672,71.6,215.0,220.6,floor_not_visible,floor_not_visible,,0,0,ok,ok,0.0,0,1,TURN RIGHT,11.640168762761402,0,0,13,1,179.8
4299,4299,1433,71.72,71.722,71.65,214.8,220.6,floor_not_visible,floor_not_visible,,0,0,ok,ok,0.0,0,1,TURN RIGHT,11.495225323337209,0,0,13,1,180.2
4302,4302,1434,71.77,71.772,71.7,214.6,220.6,floor_not_visible,floor_not_visible,,0,0,ok,ok,0.0,0,1,TURN RIGHT,11.34337448546737,0,0,13,1,180.7
4305,4305,1435,71.82,71.822,71.75,214.4,220.6,floor_not_visible,floor_not_visible,,0,0,ok,ok,0.0,0,1,TURN RIGHT,11.197614953752637,0,0,13,1,181.3
4308,4308,1436,71.87,71.872,71.8,214.2,220.6,floor_not_visible,floor_not_visible,,0,0,ok,ok,0.0,0,1,TURN RIGHT,11.051879114400675,0,0,13,1,181.9
4311,4311,1437,71.92,71.922,71.85,214.1,220.7,floor_not_visible,floor_not_visible,,0,0,ok,ok,0.0,0,1,TURN RIGHT,10.901758400869332,0,0,13,1,182.4
4314,4314,1438,71.97,71.972,71.9,213.9,220.7,floor_not_visible,floor_not_visible,,0,0,ok,ok,0.0,0,1,TURN RIGHT,10.757613884427947,0,0,13,1,182.9
4317,4317,1439,72.02,72.022,71.95,213.7,220.7,floor_not_visible,floor_not_visible,,0,0,ok,ok,0.0,0,1,TURN RIGHT,10.607837728671818,0,0,13,1,183.5
4320,4320,1440,72.07,72.072,72.0,213.5,220.8,floor_not_visible,floor_not_visible,,0,0,ok,ok,0.0,0,1,TURN RIGHT,10.44787449739618,0,0,13,1,184.1
4323,4323,1441,72.12,72.122,72.05,213.3,220.8,floor_not_visible,floor_not_visible,,0,0,ok,ok,0.0,0,1,TURN RIGHT,10.29987500965539,0,0,13,1,184.4
4326,4326,1442,72.17,72.172,72.1,213.2,220.8,floor_not_visible,floor_not_visible,,0,0,ok,ok,0.0,0,1,TURN RIGHT,10.17377548233492,0,0,13,1,184.7
4329,4329,1443,72.22,72.222,72.15,213.0,220.8,floor_not_visible,floor_not_visible,,0,0,ok,ok,0.0,0,1,TURN RIGHT,10.039449068290576,0,0,13,1,185.1
4332,4332,1444,72.27,72.272,72.2,212.8,220.8,floor_not_visible,floor_not_visible,,0,0,ok,ok,0.0,0,1,TURN RIGHT,9.914635925630625,0,0,13,1,185.5
4335,4335,1445,72.32,72.322,72.25,212.7,220.8,floor_not_visible,floor_not_visible,,0,0,ok,ok,0.0,0,1,TURN RIGHT,9.78429034448428,0,0,13,1,185.9
4338,4338,1446,72.37,72.372,72.3,212.5,220.8,floor_not_visible,floor_not_visible,,0,0,ok,ok,0.0,0,1,TURN RIGHT,9.663572604629115,0,0,13,1,186.1
4341,4341,1447,72.42,72.422,72.35,212.3,220.8,floor_not_visible,floor_not_visible,,0,0,ok,ok,0.0,0,1,TURN RIGHT,9.529819958319464,0,0,13,1,186.4
4344,4344,1448,72.47,72.472,72.4,212.1,220.9,floor_not_visible,floor_not_visible,,0,0,ok,ok,0.0,0,1,TURN RIGHT,9.39312826486314,0,0,13,1,186.8
4347,4347,1449,72.52,72.523,72.45,211.9,220.9,floor_not_visible,floor_not_visible,,0,0,ok,ok,0.0,0,1,TURN RIGHT,9.275406946494863,0,0,13,1,186.9
4350,4350,1450,72.57,72.573,72.5,211.8,220.9,floor_not_visible,floor_not_visible,,0,0,ok,ok,0.0,0,1,TURN RIGHT,9.167751898252408,0,0,13,1,187.1
4353,4353,1451,72.62,72.623,72.55,211.6,220.9,floor_not_visible,floor_not_visible,,0,0,ok,ok,0.0,0,1,TURN RIGHT,9.06840465631836,0,0,13,1,187.2
4356,4356,1452,72.67,72.673,72.6,211.4,220.9,floor_not_visible,floor_not_visible,,0,0,ok,ok,0.0,0,1,TURN RIGHT,8.954157426729148,0,0,13,1,187.5
4359,4359,1453,72.72,72.723,72.65,211.2,220.9,floor_not_visible,floor_not_visible,,0,0,ok,ok,0.0,0,1,TURN RIGHT,8.847690877369162,0,0,13,1,187.9
4362,4362,1454,72.77,72.773,72.7,211.1,220.9,floor_not_visible,floor_not_visible,,0,0,ok,ok,0.0,0,1,TURN RIGHT,8.746529662633518,0,0,13,1,188.2
4365,4365,1455,72.82,72.823,72.75,210.9,220.9,floor_not_visible,floor_not_visible,,0,0,ok,ok,0.0,0,1,TURN RIGHT,8.602850984246324,0,0,13,1,189.0
4368,4368,1456,72.87,72.873,72.8,210.7,220.9,floor_not_visible,floor_not_visible,,0,0,ok,ok,0.0,0,1,TURN RIGHT,8.511216966007105,0,0,13,1,189.3
4371,4371,1457,72.92,72.923,72.85,210.5,220.9,floor_not_visible,floor_not_visible,,0,0,ok,ok,0.0,0,1,TURN RIGHT,8.440495055121982,0,0,13,1,189.6
4374,4374,1458,72.97,72.973,72.9,210.4,220.9,floor_not_visible,floor_not_visible,,0,0,ok,ok,0.0,0,1,TURN RIGHT,8.350808871519238,0,0,13,1,190.3
4377,4377,1459,73.02,73.023,72.95,210.2,220.9,floor_not_visible,floor_not_visible,,0,0,ok,ok,0.0,0,1,TURN RIGHT,8.266080210260235,0,0,13,1,191.2
4380,4380,1460,73.07,73.073,73.0,210.1,220.9,floor_not_visible,floor_not_visible,,0,0,ok,ok,0.0,0,1,TURN RIGHT,8.160544449342751,0,0,13,1,192.4
4383,4383,1461,73.12,73.123,73.05,209.9,220.9,floor_not_visible,floor_not_visible,,0,0,ok,ok,0.0,0,1,TURN RIGHT,8.123276731597151,0,0,13,1,192.9
4386,4386,1462,73.17,73.173,73.1,209.8,220.9,floor_not_visible,floor_not_visible,,0,0,ok,ok,0.0,0,1,TURN RIGHT,8.044954835912113,0,0,13,1,194.1
4389,4389,1463,73.22,73.223,73.15,209.6,220.9,floor_not_visible,floor_not_visible,,0,0,ok,ok,0.0,0,1,TURN RIGHT,7.971527636788133,0,0,13,1,195.1
4392,4392,1464,73.27,73.273,73.2,209.4,220.9,floor_not_visible,floor_not_visible,,0,0,ok,ok,0.0,0,1,TURN RIGHT,7.899759010985595,0,0,13,1,196.1
4395,4395,1465,73.32,73.323,73.25,209.3,220.9,floor_not_visible,floor_not_visible,,0,0,ok,ok,0.0,0,1,TURN RIGHT,7.823353578856311,0,0,13,1,197.0
4398,4398,1466,73.37,73.373,73.3,209.1,220.9,floor_not_visible,floor_not_visible,,0,0,ok,ok,0.0,0,1,TURN RIGHT,7.744674242773287,0,0,13,1,198.1
4401,4401,1467,73.42,73.423,73.35,209.0,220.9,floor_not_visible,floor_not_visible,,0,0,ok,ok,0.0,0,1,TURN RIGHT,7.694285810210179,0,0,13,1,198.8
4404,4404,1468,73.47,73.473,73.4,208.8,220.9,floor_not_visible,floor_not_visible,,0,0,ok,ok,0.0,0,1,TURN RIGHT,7.635170418806159,0,0,13,1,199.5
4407,4407,1469,73.52,73.524,73.45,208.7,220.9,floor_not_visible,floor_not_visible,,0,0,ok,ok,0.0,0,1,TURN RIGHT,7.587863719130239,0,0,13,1,200.3
4410,4410,1470,73.57,73.574,73.5,208.5,220.9,floor_not_visible,floor_not_visible,,0,0,ok,ok,0.0,0,1,TURN RIGHT,7.555451254144506,0,0,13,1,201.1
4413,4413,1471,73.62,73.624,73.55,208.4,220.9,floor_not_visible,floor_not_visible,,0,0,ok,ok,0.0,0,1,TURN RIGHT,7.53074171042718,0,0,13,1,202.0
4416,4416,1472,73.67,73.674,73.6,208.2,220.8,floor_not_visible,floor_not_visible,,0,0,ok,ok,0.0,0,1,TURN RIGHT,7.515369306062739,0,0,13,1,202.9
4419,4419,1473,73.72,73.724,73.65,208.1,220.7,floor_not_visible,floor_not_visible,,0,0,ok,ok,0.0,0,1,TURN RIGHT,7.556311349375713,0,0,13,1,203.2
4422,4422,1474,73.77,73.774,73.7,208.0,220.7,floor_not_visible,floor_not_visible,,0,0,ok,ok,0.0,0,1,TURN RIGHT,7.538896966951678,0,0,13,1,204.4
4425,4425,1475,73.82,73.824,73.75,207.9,220.6,floor_not_visible,floor_not_visible,,0,0,ok,ok,0.0,0,1,TURN RIGHT,7.608185798542369,0,0,13,1,204.5
4428,4428,1476,73.87,73.874,73.8,207.7,220.6,floor_not_visible,floor_not_visible,,0,0,ok,ok,0.0,0,1,TURN RIGHT,7.603062781843782,0,0,13,1,205.9
4431,4431,1477,73.92,73.924,73.85,207.6,220.5,floor_not_visible,floor_not_visible,,0,0,ok,ok,0.0,0,1,TURN RIGHT,7.665122734659332,0,0,13,1,206.2
4434,4434,1478,73.97,73.974,73.9,207.4,220.5,floor_not_visible,floor_not_visible,,0,0,ok,ok,0.0,0,1,TURN RIGHT,7.644850208965006,0,0,13,1,207.6
4437,4437,1479,74.02,74.024,73.95,207.2,220.4,floor_not_visible,floor_not_visible,,0,0,ok,ok,0.0,0,1,TURN RIGHT,7.665440330875118,0,0,13,1,208.5
4440,4440,1480,74.07,74.074,74.0,207.0,220.4,floor_not_visible,floor_not_visible,,0,0,ok,ok,0.0,0,1,TURN RIGHT,7.694474430851072,0,0,13,1,209.1
4443,4443,1481,74.12,74.124,74.05,207.0,220.3,floor_not_visible,floor_not_visible,,0,0,ok,ok,0.0,0,1,TURN RIGHT,7.787802571304621,0,0,13,1,208.8
4446,4446,1482,74.17,74.174,74.1,206.8,220.2,floor_not_visible,floor_not_visible,,0,0,ok,ok,0.0,0,1,TURN RIGHT,7.833831053782123,0,0,13,1,209.6
4449,4449,1483,74.22,74.224,74.15,206.6,220.1,floor_not_visible,floor_not_visible,,0,0,ok,ok,0.0,0,1,TURN RIGHT,7.87768349401299,0,0,13,1,210.4
4452,4452,1484,74.27,74.274,74.2,206.6,220.1,floor_not_visible,floor_not_visible,,0,0,ok,ok,0.0,0,1,TURN RIGHT,7.9620625445377975,0,0,13,1,210.3
4455,4455,1485,74.32,74.324,74.25,206.5,220.0,floor_not_visible,floor_not_visible,,0,0,ok,ok,0.0,0,1,TURN RIGHT,8.037284657224916,0,0,13,1,210.7
4458,4458,1486,74.37,74.374,74.3,206.3,219.9,floor_not_visible,floor_not_visible,,0,0,ok,ok,0.0,0,1,TURN RIGHT,8.080679045155943,0,0,13,1,211.8
4461,4461,1487,74.42,74.424,74.35,206.2,219.8,floor_not_visible,floor_not_visible,,0,0,ok,ok,0.0,0,1,TURN RIGHT,8.166404921540577,0,0,13,1,212.0
4464,4464,1488,74.47,74.474,74.4,206.1,219.8,floor_not_visible,floor_not_visible,,0,0,ok,ok,0.0,0,1,TURN RIGHT,8.225450500840472,0,0,13,1,212.9
4467,4467,1489,74.52,74.525,74.45,,,no_fix,no_fix,,0,0,hold_no_fix,no_fix,0.05,0,1,TURN RIGHT,8.225450500840472,0,0,13,1,212.9
4470,4470,1490,74.57,74.575,74.5,,,no_fix,no_fix,,0,0,hold_no_fix,no_fix,0.1,0,1,TURN RIGHT,8.225450500840472,0,0,13,1,212.9
4473,4473,1491,74.62,74.625,74.55,,,no_fix,no_fix,,0,0,hold_no_fix,no_fix,0.15,0,1,TURN RIGHT,8.225450500840472,0,0,13,1,212.9
4476,4476,1492,74.67,74.675,74.6,205.6,219.5,floor_not_visible,floor_not_visible,,0,0,ok,ok,0.0,0,1,TURN RIGHT,8.514086383317135,0,0,13,1,214.1
4479,4479,1493,74.72,74.725,74.65,205.5,219.4,floor_not_visible,floor_not_visible,,0,0,ok,ok,0.0,0,1,TURN RIGHT,8.582565599089504,0,0,13,1,215.9
4482,4482,1494,74.77,74.775,74.7,,,no_fix,no_fix,,0,0,hold_no_fix,no_fix,0.05,0,1,TURN RIGHT,8.582565599089504,0,0,13,1,215.9
4485,4485,1495,74.82,74.825,74.75,,,no_fix,no_fix,,0,0,hold_no_fix,no_fix,0.1,0,1,TURN RIGHT,8.582565599089504,0,0,13,1,215.9
4488,4488,1496,74.87,74.875,74.8,,,no_fix,no_fix,,0,0,hold_no_fix,no_fix,0.15,0,1,TURN RIGHT,8.582565599089504,0,0,13,1,215.9
4491,4491,1497,74.92,74.925,74.85,,,no_fix,no_fix,,0,0,hold_no_fix,no_fix,0.2,0,1,TURN RIGHT,8.582565599089504,0,0,13,1,215.9
4494,4494,1498,74.97,74.975,74.9,,,no_fix,no_fix,,0,0,hold_no_fix,no_fix,0.25,0,1,TURN RIGHT,8.582565599089504,0,0,13,1,215.9
4497,4497,1499,75.03,75.025,74.95,,,no_fix,no_fix,,0,0,hold_no_fix,no_fix,0.3,0,1,TURN RIGHT,8.582565599089504,0,0,13,1,215.9
4500,4500,1500,75.08,75.075,75.0,,,no_fix,no_fix,,0,0,hold_no_fix,no_fix,0.35,0,1,TURN RIGHT,8.582565599089504,0,0,13,1,215.9
4503,4503,1501,75.13,75.125,75.05,,,no_fix,no_fix,,0,0,hold_no_fix,no_fix,0.4,0,1,TURN RIGHT,8.582565599089504,0,0,13,1,215.9
4506,4506,1502,75.18,75.175,75.1,,,no_fix,no_fix,,0,0,hold_no_fix,no_fix,0.45,0,1,TURN RIGHT,8.582565599089504,0,0,13,1,215.9
4509,4509,1503,75.23,75.225,75.15,,,no_fix,no_fix,,0,0,hold_no_fix,no_fix,0.501,0,1,TURN RIGHT,8.582565599089504,0,0,13,1,215.9
4512,4512,1504,75.28,75.275,75.2,,,no_fix,no_fix,,0,0,hold_no_fix,no_fix,0.551,0,1,TURN RIGHT,8.582565599089504,0,0,13,1,215.9
4515,4515,1505,75.33,75.325,75.25,,,no_fix,no_fix,,0,0,hold_no_fix,no_fix,0.601,0,1,TURN RIGHT,8.582565599089504,0,0,13,1,215.9
4518,4518,1506,75.38,75.375,75.3,,,no_fix,no_fix,,0,0,hold_no_fix,no_fix,0.651,0,1,TURN RIGHT,8.582565599089504,0,0,13,1,215.9
4521,4521,1507,75.43,75.425,75.35,,,no_fix,no_fix,,0,0,hold_no_fix,no_fix,0.701,0,1,TURN RIGHT,8.582565599089504,0,0,13,1,215.9
4524,4524,1508,75.48,75.475,75.4,,,no_fix,no_fix,,0,0,hold_no_fix,no_fix,0.751,0,1,TURN RIGHT,8.582565599089504,0,0,13,1,215.9
4527,4527,1509,75.53,75.526,75.45,203.6,215.9,floor_not_visible,floor_not_visible,,0,0,ok,ok,0.0,0,1,TURN RIGHT,12.335001335686604,0,0,13,1,223.9
4530,4530,1510,75.58,75.576,75.5,203.8,213.6,floor_not_visible,floor_not_visible,,0,0,ok,ok,0.0,0,1,TURN RIGHT,14.565477309942157,0,0,13,1,228.7
4533,4533,1511,75.63,75.626,75.55,204.3,211.7,floor_not_visible,floor_not_visible,,0,0,ok,ok,0.0,0,1,TURN RIGHT,16.382640021686058,0,0,13,1,231.2
4536,4536,1512,75.68,75.676,75.6,204.6,210.0,ok,ok,0.0,7,1,ok,ok,0.0,6,1,TURN RIGHT,18.0994248462339,0,0,13,1,233.2
4539,4539,1513,75.73,75.726,75.65,204.9,208.5,hold_high_reproj_error,high_reproj_error,0.05,7,1,hold_high_reproj_error,high_reproj_error,0.05,6,1,TURN RIGHT,19.574578184999954,0,0,13,1,234.4
4542,4542,1514,75.78,75.776,75.7,205.1,207.1,ok,ok,0.0,7,1,ok,ok,0.0,6,1,TURN RIGHT,20.916556783410645,0,0,13,1,235.3
4545,4545,1515,75.83,75.826,75.75,205.4,206.0,ok,ok,0.0,7,1,ok,ok,0.0,6,1,TURN RIGHT,22.012296587874836,0,0,13,1,235.5
4548,4548,1516,75.88,75.876,75.8,205.7,205.0,ok,ok,0.0,7,1,ok,ok,0.0,6,1,TURN RIGHT,23.015971366031557,0,0,13,1,235.7
4551,4551,1517,75.93,75.926,75.85,205.9,204.0,ok,ok,0.0,7,1,ok,ok,0.0,6,1,TURN RIGHT,23.95316557665674,0,0,13,1,236.4
4554,4554,1518,75.98,75.976,75.9,206.0,203.2,ok,ok,0.0,7,1,ok,ok,0.0,6,1,TURN RIGHT,24.842432371169647,0,0,13,1,237.3
4557,4557,1519,76.03,76.026,75.95,206.1,202.4,ok,ok,0.0,7,1,ok,ok,0.0,6,1,TURN RIGHT,25.559562349694144,0,0,13,1,238.1
4560,4560,1520,76.08,76.076,76.0,206.3,201.8,ok,ok,0.0,7,1,ok,ok,0.0,6,1,TURN RIGHT,26.176333617518676,0,0,13,1,238.7
4563,4563,1521,76.13,76.126,76.05,206.5,201.2,ok,ok,0.0,7,1,ok,ok,0.0,2,1,TURN RIGHT,26.830047275088123,0,0,13,1,239.4
4566,4566,1522,76.18,76.176,76.1,206.7,200.3,hold_high_reproj_error,high_reproj_error,0.05,7,1,hold_high_reproj_error,high_reproj_error,0.05,2,1,TURN RIGHT,27.736034999527156,0,0,13,1,240.6
4569,4569,1523,76.23,76.226,76.15,207.0,199.7,ok,ok,0.0,7,1,ok,ok,0.0,3,1,TURN RIGHT,28.31751810086606,0,0,13,1,241.7
4572,4572,1524,76.28,76.276,76.2,207.0,199.1,ok,ok,0.0,7,1,ok,ok,0.0,4,1,TURN RIGHT,28.873168147854155,0,0,13,1,242.9
4575,4575,1525,76.33,76.326,76.25,207.1,198.7,ok,ok,0.0,7,1,ok,ok,0.0,5,1,TURN RIGHT,29.346745024595428,0,0,13,1,244.2
4578,4578,1526,76.38,76.376,76.3,207.1,198.3,ok,ok,0.0,7,1,ok,ok,0.0,6,1,TURN RIGHT,29.71965813609375,0,0,13,1,245.4
4581,4581,1527,76.43,76.426,76.35,207.2,197.9,ok,ok,0.0,7,1,ok,ok,0.0,6,1,TURN RIGHT,30.123677099039345,0,0,13,1,246.7
4584,4584,1528,76.48,76.476,76.4,207.2,197.6,ok,ok,0.0,7,1,ok,ok,0.0,6,1,TURN RIGHT,30.42414928637561,0,0,13,1,248.0
4587,4587,1529,76.53,76.527,76.45,207.2,197.3,ok,ok,0.0,7,1,ok,ok,0.0,6,1,TURN RIGHT,30.68473436727428,0,0,13,1,249.4
4590,4590,1530,76.58,76.577,76.5,207.2,197.1,ok,ok,0.0,7,1,ok,ok,0.0,6,1,TURN RIGHT,30.912242050658897,0,0,13,1,250.6
4593,4593,1531,76.63,76.627,76.55,207.2,196.9,ok,ok,0.0,7,1,ok,ok,0.0,6,1,TURN RIGHT,31.127206343850105,0,0,13,1,252.1
4596,4596,1532,76.68,76.677,76.6,207.2,196.7,ok,ok,0.0,7,1,ok,ok,0.0,6,1,TURN RIGHT,31.344199419334743,0,0,13,1,253.5
4599,4599,1533,76.73,76.727,76.65,207.2,196.5,ok,ok,0.0,7,1,ok,ok,0.0,6,1,TURN RIGHT,31.513373668893305,0,0,13,1,254.8
4602,4602,1534,76.78,76.777,76.7,207.2,196.3,ok,ok,0.0,7,1,ok,ok,0.0,6,1,TURN RIGHT,31.690870258820286,0,0,13,1,256.0
4605,4605,1535,76.83,76.827,76.75,207.2,196.1,ok,ok,0.0,7,1,ok,ok,0.0,6,1,TURN RIGHT,31.886733252817116,0,0,13,1,257.1
4608,4608,1536,76.88,76.877,76.8,207.2,195.9,ok,ok,0.0,7,1,ok,ok,0.0,6,1,TURN RIGHT,32.085353430871514,0,0,13,1,258.3
4611,4611,1537,76.93,76.927,76.85,207.2,195.8,ok,ok,0.0,7,1,ok,ok,0.0,6,1,TURN RIGHT,32.26258081260757,0,0,13,1,259.4
4614,4614,1538,76.98,76.977,76.9,207.1,195.6,ok,ok,0.0,7,1,ok,ok,0.0,6,1,TURN RIGHT,32.42414053029187,0,0,13,1,260.3
4617,4617,1539,77.03,77.027,76.95,207.1,195.4,ok,ok,0.0,7,1,ok,ok,0.0,6,1,TURN RIGHT,32.599220460154626,0,0,13,1,261.2
4620,4620,1540,77.08,77.077,77.0,207.1,195.2,ok,ok,0.0,7,1,ok,ok,0.0,6,1,TURN RIGHT,32.77417283150197,0,0,13,1,262.0
4623,4623,1541,77.13,77.127,77.05,207.1,195.1,ok,ok,0.0,7,1,ok,ok,0.0,6,1,TURN RIGHT,32.94085311661864,0,0,13,1,262.7
4626,4626,1542,77.18,77.177,77.1,207.1,194.9,ok,ok,0.0,7,1,ok,ok,0.0,6,1,TURN RIGHT,33.112011018382326,0,0,13,1,263.3
4629,4629,1543,77.23,77.227,77.15,207.2,194.7,ok,ok,0.0,7,1,ok,ok,0.0,6,1,TURN RIGHT,33.28901411039253,0,0,13,1,263.8
4632,4632,1544,77.28,77.277,77.2,207.2,194.6,ok,ok,0.0,7,1,ok,ok,0.0,6,1,TURN RIGHT,33.46181547204546,0,0,13,1,264.2
4635,4635,1545,77.33,77.327,77.25,207.2,194.4,ok,ok,0.0,7,1,ok,ok,0.0,6,1,TURN RIGHT,33.623675961783654,0,0,13,1,264.2
4638,4638,1546,77.38,77.377,77.3,207.2,194.2,ok,ok,0.0,7,1,ok,ok,0.0,6,1,TURN RIGHT,33.800214092845366,0,0,13,1,264.2
4641,4641,1547,77.43,77.427,77.35,207.2,194.1,ok,ok,0.0,7,1,ok,ok,0.0,6,1,TURN RIGHT,33.969629270236815,0,0,13,1,264.3
4644,4644,1548,77.48,77.477,77.4,207.2,193.9,ok,ok,0.0,7,1,ok,ok,0.0,6,1,TURN RIGHT,34.12973361195873,0,0,13,1,264.3
4647,4647,1549,77.53,77.528,77.45,207.2,193.7,ok,ok,0.0,7,1,ok,ok,0.0,6,1,TURN RIGHT,34.29577954667459,0,0,13,1,264.5
4650,4650,1550,77.58,77.578,77.5,207.2,193.5,ok,ok,0.0,7,1,ok,ok,0.0,6,1,TURN RIGHT,34.473057145585685,0,0,13,1,264.6
4653,4653,1551,77.63,77.628,77.55,207.2,193.4,ok,ok,0.0,7,1,ok,ok,0.0,6,1,TURN RIGHT,34.65106311822886,0,0,13,1,265.0
4656,4656,1552,77.68,77.678,77.6,207.3,193.2,ok,ok,0.0,7,1,ok,ok,0.0,6,1,TURN RIGHT,34.819434271476965,0,0,13,1,265.2
4659,4659,1553,77.73,77.728,77.65,207.3,193.0,ok,ok,0.0,7,1,ok,ok,0.0,6,1,TURN RIGHT,34.98585703421584,0,0,13,1,265.5
4662,4662,1554,77.78,77.778,77.7,207.3,192.9,ok,ok,0.0,7,1,ok,ok,0.0,6,1,TURN RIGHT,35.14786717629928,0,0,13,1,265.8
4665,4665,1555,77.83,77.828,77.75,207.3,192.7,ok,ok,0.0,7,1,ok,ok,0.0,6,1,TURN RIGHT,35.30196269632011,0,0,13,1,266.1
4668,4668,1556,77.88,77.878,77.8,207.3,192.5,ok,ok,0.0,7,1,ok,ok,0.0,6,1,TURN RIGHT,35.479052018149986,0,0,13,1,266.2
4671,4671,1557,77.93,77.928,77.85,207.3,192.4,ok,ok,0.0,7,1,ok,ok,0.0,6,1,TURN RIGHT,35.6589026592887,0,0,13,1,266.4
4674,4674,1558,77.98,77.978,77.9,207.3,192.2,ok,ok,0.0,6,1,ok,ok,0.0,6,1,TURN RIGHT,35.83095953632171,0,0,13,1,266.7
4677,4677,1559,78.03,78.028,77.95,207.3,192.0,ok,ok,0.0,6,1,ok,ok,0.0,6,1,TURN RIGHT,35.998260803261154,0,0,13,1,266.8
4680,4680,1560,78.08,78.078,78.0,207.3,191.8,ok,ok,0.0,6,1,ok,ok,0.0,6,1,TURN RIGHT,36.18198764775252,0,0,13,1,267.1
4683,4683,1561,78.13,78.128,78.05,207.3,191.7,ok,ok,0.0,6,1,ok,ok,0.0,6,1,TURN RIGHT,36.35617763392857,0,0,13,1,267.5
4686,4686,1562,78.18,78.178,78.1,207.3,191.5,ok,ok,0.0,6,1,ok,ok,0.0,6,1,TURN RIGHT,36.52522586326756,0,0,13,1,267.8
4689,4689,1563,78.23,78.228,78.15,207.3,191.3,ok,ok,0.0,6,1,ok,ok,0.0,6,1,TURN RIGHT,36.681198983619375,0,0,13,1,267.9
4692,4692,1564,78.28,78.278,78.2,207.3,191.2,ok,ok,0.0,6,1,ok,ok,0.0,6,1,TURN RIGHT,36.848137357157,0,0,13,1,268.2
4695,4695,1565,78.33,78.328,78.25,207.3,191.0,ok,ok,0.0,6,1,ok,ok,0.0,6,1,TURN RIGHT,37.012979142240816,0,0,13,1,268.5
4698,4698,1566,78.38,78.378,78.3,207.3,190.8,ok,ok,0.0,6,1,ok,ok,0.0,6,1,TURN RIGHT,37.190405949716805,0,0,13,1,268.7
4701,4701,1567,78.43,78.428,78.35,207.3,190.6,ok,ok,0.0,6,1,ok,ok,0.0,6,1,TURN RIGHT,37.388454595307714,0,0,13,1,269.0
4704,4704,1568,78.48,78.478,78.4,207.3,190.4,ok,ok,0.0,6,1,ok,ok,0.0,6,1,TURN RIGHT,37.57915582522461,0,0,13,1,269.2
4707,4707,1569,78.53,78.529,78.45,207.3,190.3,ok,ok,0.0,6,1,ok,ok,0.0,6,1,TURN RIGHT,37.74618562516533,0,0,13,1,269.2
4710,4710,1570,78.58,78.579,78.5,207.3,190.1,ok,ok,0.0,6,1,ok,ok,0.0,6,1,TURN RIGHT,37.89404899074762,0,0,13,1,269.0
4713,4713,1571,78.63,78.629,78.55,207.3,189.9,ok,ok,0.0,6,1,ok,ok,0.0,6,1,TURN RIGHT,38.09246838271459,0,0,13,1,268.8
4716,4716,1572,78.68,78.679,78.6,207.3,189.7,ok,ok,0.0,6,1,ok,ok,0.0,6,1,TURN RIGHT,38.28200870362417,0,0,13,1,268.4
4719,4719,1573,78.73,78.729,78.65,207.3,189.6,ok,ok,0.0,6,1,ok,ok,0.0,6,1,TURN RIGHT,38.462455649685445,0,0,13,1,268.1
4722,4722,1574,78.78,78.779,78.7,207.3,189.4,ok,ok,0.0,6,1,ok,ok,0.0,6,1,TURN RIGHT,38.64899436744672,0,0,13,1,267.7
4725,4725,1575,78.83,78.829,78.75,207.3,189.2,ok,ok,0.0,6,1,ok,ok,0.0,6,1,TURN RIGHT,38.85676533448109,0,0,13,1,267.4
4728,4728,1576,78.88,78.879,78.8,207.3,189.0,ok,ok,0.0,6,1,ok,ok,0.0,6,1,TURN RIGHT,39.039356552104536,0,0,13,1,267.0
4731,4731,1577,78.93,78.929,78.85,207.3,188.8,ok,ok,0.0,6,1,ok,ok,0.0,6,1,TURN RIGHT,39.21825385042642,0,0,13,1,266.6
4734,4734,1578,78.98,78.979,78.9,207.3,188.6,ok,ok,0.0,6,1,ok,ok,0.0,6,1,TURN RIGHT,39.412578421314635,0,0,13,1,266.1
4737,4737,1579,79.03,79.029,78.95,207.3,188.4,ok,ok,0.0,6,1,ok,ok,0.0,6,1,TURN RIGHT,39.595797208396796,0,0,13,1,265.8
4740,4740,1580,79.08,79.079,79.0,207.3,188.2,ok,ok,0.0,6,1,ok,ok,0.0,6,1,TURN RIGHT,39.79141104855395,0,0,13,1,265.6
4743,4743,1581,79.13,79.129,79.05,207.2,188.0,ok,ok,0.0,6,1,ok,ok,0.0,6,1,TURN RIGHT,39.98651652566456,0,0,13,1,265.3
4746,4746,1582,79.18,79.179,79.1,207.2,187.8,ok,ok,0.0,6,1,ok,ok,0.0,6,1,TURN RIGHT,40.18185447355963,0,0,13,1,265.0
4749,4749,1583,79.23,79.229,79.15,207.2,187.7,ok,ok,0.0,6,1,ok,ok,0.0,6,1,TURN RIGHT,40.366007316576905,0,0,13,1,264.9
4752,4752,1584,79.28,79.279,79.2,207.2,187.5,ok,ok,0.0,6,1,ok,ok,0.0,6,1,TURN RIGHT,40.5645108006837,0,0,13,1,264.6
4755,4755,1585,79.33,79.329,79.25,207.2,187.3,ok,ok,0.0,6,1,ok,ok,0.0,6,1,TURN RIGHT,40.75409558978991,0,0,13,1,264.3
4758,4758,1586,79.38,79.379,79.3,207.1,187.1,ok,ok,0.0,6,1,ok,ok,0.0,6,1,TURN RIGHT,40.93914016541007,0,0,13,1,264.1
4761,4761,1587,79.43,79.429,79.35,207.1,186.9,ok,ok,0.0,6,1,ok,ok,0.0,6,1,TURN RIGHT,41.13039722490868,0,0,13,1,264.0
4764,4764,1588,79.48,79.479,79.4,207.1,186.7,ok,ok,0.0,6,1,ok,ok,0.0,6,1,TURN RIGHT,41.32091133345833,0,0,13,1,264.0
4767,4767,1589,79.53,79.53,79.45,207.0,186.5,ok,ok,0.0,6,1,ok,ok,0.0,6,1,TURN RIGHT,41.50948585413469,0,0,13,1,264.0
4770,4770,1590,79.58,79.58,79.5,207.0,186.3,ok,ok,0.0,6,1,ok,ok,0.0,6,1,TURN RIGHT,41.701781776741136,0,0,13,1,263.8
4773,4773,1591,79.63,79.63,79.55,206.9,186.1,ok,ok,0.0,6,1,ok,ok,0.0,6,1,TURN RIGHT,41.88979369688142,0,0,13,1,263.6
4776,4776,1592,79.68,79.68,79.6,206.9,185.9,ok,ok,0.0,6,1,ok,ok,0.0,6,1,TURN RIGHT,42.081304680986804,0,0,13,1,263.5
4779,4779,1593,79.73,79.73,79.65,206.8,185.7,ok,ok,0.0,6,1,ok,ok,0.0,6,1,TURN RIGHT,42.284426905016986,0,0,13,1,263.6
4782,4782,1594,79.78,79.78,79.7,206.8,185.5,ok,ok,0.0,6,1,ok,ok,0.0,6,1,TURN RIGHT,42.503631627618816,0,0,13,1,263.6
4785,4785,1595,79.83,79.83,79.75,206.7,185.3,ok,ok,0.0,6,1,ok,ok,0.0,6,1,TURN RIGHT,42.69257845779695,0,0,13,1,263.9
4788,4788,1596,79.88,79.88,79.8,206.7,185.1,ok,ok,0.0,6,1,ok,ok,0.0,6,1,TURN RIGHT,42.88093615599319,0,0,13,1,264.3
4791,4791,1597,79.93,79.93,79.85,206.6,184.9,ok,ok,0.0,6,1,ok,ok,0.0,6,1,TURN RIGHT,43.06022697566887,0,0,13,1,264.5
4794,4794,1598,79.98,79.98,79.9,206.6,184.7,ok,ok,0.0,6,1,ok,ok,0.0,6,1,TURN RIGHT,43.262939771345614,0,0,13,1,264.6
4797,4797,1599,80.03,80.03,79.95,206.5,184.5,ok,ok,0.0,6,1,ok,ok,0.0,6,1,TURN RIGHT,43.472205156857484,0,0,13,1,264.5
4800,4800,1600,80.08,80.08,80.0,206.5,184.3,ok,ok,0.0,6,1,ok,ok,0.0,6,1,TURN RIGHT,43.66992634351597,0,0,13,1,264.2
4803,4803,1601,80.13,80.13,80.05,206.5,184.1,ok,ok,0.0,6,1,ok,ok,0.0,6,1,TURN RIGHT,43.861268486279876,0,0,13,1,263.9
4806,4806,1602,80.18,80.18,80.1,206.4,184.0,ok,ok,0.0,6,1,ok,ok,0.0,6,1,TURN RIGHT,44.045066527957886,0,0,13,1,263.7
4809,4809,1603,80.23,80.23,80.15,206.4,183.8,ok,ok,0.0,6,1,ok,ok,0.0,6,1,TURN RIGHT,44.24575440847157,0,0,13,1,263.3
4812,4812,1604,80.28,80.28,80.2,206.3,183.5,ok,ok,0.0,6,1,ok,ok,0.0,6,1,TURN RIGHT,44.45546296692807,0,0,13,1,263.0
4815,4815,1605,80.33,80.33,80.25,206.3,183.3,ok,ok,0.0,6,1,ok,ok,0.0,6,1,TURN RIGHT,44.65754795574561,0,0,13,1,262.7
4818,4818,1606,80.38,80.38,80.3,206.2,183.2,ok,ok,0.0,6,1,ok,ok,0.0,6,1,TURN RIGHT,44.84896098896095,0,0,13,1,262.5
4821,4821,1607,80.43,80.43,80.35,206.2,183.0,ok,ok,0.0,6,1,ok,ok,0.0,6,1,GO STRAIGHT,,0,0,13,1,262.4
4824,4824,1608,80.48,80.48,80.4,206.2,182.8,ok,ok,0.0,6,1,ok,ok,0.0,6,1,GO STRAIGHT,,0,0,13,1,262.2
4827,4827,1609,80.53,80.531,80.45,206.1,182.6,ok,ok,0.0,6,1,ok,ok,0.0,6,1,GO STRAIGHT,,0,0,13,1,262.1
4830,4830,1610,80.58,80.581,80.5,206.1,182.4,ok,ok,0.0,6,1,ok,ok,0.0,6,1,GO STRAIGHT,,0,0,13,1,262.0
4833,4833,1611,80.63,80.631,80.55,206.1,182.2,ok,ok,0.0,6,1,ok,ok,0.0,6,1,GO STRAIGHT,,0,0,13,1,262.1
4836,4836,1612,80.68,80.681,80.6,206.0,182.0,ok,ok,0.0,6,1,ok,ok,0.0,6,1,GO STRAIGHT,,0,0,13,1,262.2
4839,4839,1613,80.73,80.731,80.65,206.0,181.8,ok,ok,0.0,6,1,ok,ok,0.0,6,1,GO STRAIGHT,,0,0,13,1,262.2
4842,4842,1614,80.78,80.781,80.7,205.9,181.6,ok,ok,0.0,6,1,ok,ok,0.0,6,1,GO STRAIGHT,,0,0,13,1,262.4
4845,4845,1615,80.83,80.831,80.75,205.9,181.4,ok,ok,0.0,6,1,ok,ok,0.0,6,1,GO STRAIGHT,,0,0,13,1,262.5
4848,4848,1616,80.88,80.881,80.8,205.8,181.3,ok,ok,0.0,6,1,ok,ok,0.0,6,1,GO STRAIGHT,,0,0,13,1,262.4
4851,4851,1617,80.93,80.931,80.85,205.8,181.0,ok,ok,0.0,6,1,ok,ok,0.0,6,1,GO STRAIGHT,,0,0,13,1,262.4
4854,4854,1618,80.98,80.981,80.9,205.7,180.9,ok,ok,0.0,5,1,ok,ok,0.0,6,1,GO STRAIGHT,,0,0,13,1,262.5
4857,4857,1619,81.03,81.031,80.95,205.7,180.7,ok,ok,0.0,5,1,ok,ok,0.0,6,1,GO STRAIGHT,,0,0,13,1,262.8
4860,4860,1620,81.08,81.081,81.0,205.6,180.5,ok,ok,0.0,5,1,ok,ok,0.0,6,1,GO STRAIGHT,,0,0,13,1,263.1
4863,4863,1621,81.13,81.131,81.05,205.5,180.3,ok,ok,0.0,5,1,ok,ok,0.0,6,1,GO STRAIGHT,,0,0,13,1,263.3
4866,4866,1622,81.18,81.181,81.1,205.5,180.1,ok,ok,0.0,5,1,ok,ok,0.0,6,1,GO STRAIGHT,,0,0,13,1,263.5
4869,4869,1623,81.23,81.231,81.15,205.4,179.9,ok,ok,0.0,5,1,ok,ok,0.0,6,1,GO STRAIGHT,,0,0,13,1,263.7
4872,4872,1624,81.28,81.281,81.2,205.4,179.7,ok,ok,0.0,5,1,ok,ok,0.0,6,1,GO STRAIGHT,,0,0,13,1,263.8
4875,4875,1625,81.33,81.331,81.25,205.3,179.6,ok,ok,0.0,6,1,ok,ok,0.0,6,1,GO STRAIGHT,,0,0,13,1,263.9
4878,4878,1626,81.38,81.381,81.3,205.3,179.4,ok,ok,0.0,6,1,ok,ok,0.0,6,1,GO STRAIGHT,,0,0,13,1,263.9
4881,4881,1627,81.43,81.431,81.35,205.2,179.2,ok,ok,0.0,6,1,ok,ok,0.0,6,1,GO STRAIGHT,,0,0,13,1,263.9
4884,4884,1628,81.48,81.481,81.4,205.2,179.0,ok,ok,0.0,6,1,ok,ok,0.0,6,1,GO STRAIGHT,,0,0,13,1,263.8
4887,4887,1629,81.53,81.532,81.45,205.1,178.8,ok,ok,0.0,6,1,ok,ok,0.0,6,1,GO STRAIGHT,,0,0,13,1,263.8
4890,4890,1630,81.58,81.582,81.5,205.1,178.6,ok,ok,0.0,6,1,ok,ok,0.0,6,1,GO STRAIGHT,,0,0,13,1,263.6
4893,4893,1631,81.63,81.632,81.55,205.0,178.4,ok,ok,0.0,6,1,ok,ok,0.0,6,1,GO STRAIGHT,,0,0,13,1,263.3
4896,4896,1632,81.68,81.682,81.6,205.0,178.2,ok,ok,0.0,6,1,ok,ok,0.0,6,1,GO STRAIGHT,,0,0,13,1,263.0
4899,4899,1633,81.73,81.732,81.65,204.9,178.0,ok,ok,0.0,6,1,ok,ok,0.0,6,1,GO STRAIGHT,,0,0,13,1,262.6
4902,4902,1634,81.78,81.782,81.7,204.9,177.8,ok,ok,0.0,6,1,ok,ok,0.0,6,1,GO STRAIGHT,,0,0,13,1,262.3
4905,4905,1635,81.83,81.832,81.75,204.8,177.6,ok,ok,0.0,6,1,ok,ok,0.0,6,1,GO STRAIGHT,,0,0,13,1,262.1
4908,4908,1636,81.88,81.882,81.8,204.8,177.5,ok,ok,0.0,6,1,ok,ok,0.0,6,1,GO STRAIGHT,,0,0,13,1,262.1
4911,4911,1637,81.93,81.932,81.85,204.7,177.3,ok,ok,0.0,6,1,ok,ok,0.0,6,1,GO STRAIGHT,,0,0,13,1,262.0
4914,4914,1638,81.98,81.982,81.9,204.7,177.1,ok,ok,0.0,6,1,ok,ok,0.0,6,1,GO STRAIGHT,,0,0,13,1,261.9
4917,4917,1639,82.03,82.032,81.95,204.6,176.9,ok,ok,0.0,6,1,ok,ok,0.0,6,1,GO STRAIGHT,,0,0,13,1,261.9
4920,4920,1640,82.08,82.082,82.0,204.6,176.7,ok,ok,0.0,6,1,ok,ok,0.0,6,1,GO STRAIGHT,,0,0,13,1,261.9
4923,4923,1641,82.13,82.132,82.05,204.5,176.5,ok,ok,0.0,6,1,ok,ok,0.0,6,1,GO STRAIGHT,,0,0,13,1,261.9
4926,4926,1642,82.18,82.182,82.1,204.5,176.3,ok,ok,0.0,6,1,ok,ok,0.0,6,1,GO STRAIGHT,,0,0,13,1,262.0
4929,4929,1643,82.23,82.232,82.15,204.4,176.1,ok,ok,0.0,6,1,ok,ok,0.0,6,1,GO STRAIGHT,,0,0,13,1,262.1
4932,4932,1644,82.28,82.282,82.2,204.4,175.9,ok,ok,0.0,6,1,ok,ok,0.0,6,1,GO STRAIGHT,,0,0,13,1,262.2
4935,4935,1645,82.33,82.332,82.25,204.3,175.7,ok,ok,0.0,6,1,ok,ok,0.0,6,1,GO STRAIGHT,,0,0,13,1,262.0
4938,4938,1646,82.38,82.382,82.3,204.2,175.5,ok,ok,0.0,6,1,ok,ok,0.0,6,1,GO STRAIGHT,,0,0,13,1,262.1
4941,4941,1647,82.43,82.432,82.35,204.2,175.3,ok,ok,0.0,6,1,ok,ok,0.0,6,1,GO STRAIGHT,,0,0,13,1,262.3
4944,4944,1648,82.48,82.482,82.4,204.1,175.1,ok,ok,0.0,6,1,ok,ok,0.0,6,1,GO STRAIGHT,,0,0,13,1,262.6
4947,4947,1649,82.53,82.533,82.45,204.1,174.9,ok,ok,0.0,6,1,ok,ok,0.0,6,1,GO STRAIGHT,,0,0,13,1,263.0
4950,4950,1650,82.58,82.583,82.5,204.0,174.7,ok,ok,0.0,6,1,ok,ok,0.0,6,1,GO STRAIGHT,,0,0,13,1,263.5
4953,4953,1651,82.63,82.633,82.55,204.0,174.5,ok,ok,0.0,6,1,ok,ok,0.0,6,1,GO STRAIGHT,,0,0,13,1,264.1
4956,4956,1652,82.68,82.683,82.6,203.9,174.3,ok,ok,0.0,6,1,ok,ok,0.0,6,1,GO STRAIGHT,,0,0,13,1,264.4
4959,4959,1653,82.73,82.733,82.65,203.9,174.1,ok,ok,0.0,6,1,ok,ok,0.0,6,1,GO STRAIGHT,,0,0,13,1,264.7
4962,4962,1654,82.78,82.783,82.7,203.8,173.9,ok,ok,0.0,6,1,ok,ok,0.0,6,1,GO STRAIGHT,,0,0,13,1,264.9
4965,4965,1655,82.83,82.833,82.75,203.8,173.7,ok,ok,0.0,6,1,ok,ok,0.0,6,1,GO STRAIGHT,,0,0,13,1,265.0
4968,4968,1656,82.88,82.883,82.8,203.8,173.5,ok,ok,0.0,6,1,ok,ok,0.0,6,1,GO STRAIGHT,,0,0,13,1,265.1
4971,4971,1657,82.93,82.933,82.85,203.7,173.3,ok,ok,0.0,6,1,ok,ok,0.0,6,1,GO STRAIGHT,,0,0,13,1,265.0
4974,4974,1658,82.98,82.983,82.9,203.7,173.1,ok,ok,0.0,6,1,ok,ok,0.0,6,1,GO STRAIGHT,,0,0,13,1,264.9
4977,4977,1659,83.03,83.033,82.95,203.6,172.8,ok,ok,0.0,6,1,ok,ok,0.0,6,1,GO STRAIGHT,,0,0,13,1,264.7
4980,4980,1660,83.08,83.083,83.0,203.6,172.6,ok,ok,0.0,6,1,ok,ok,0.0,6,1,GO STRAIGHT,,0,0,13,1,264.6
4983,4983,1661,83.13,83.133,83.05,203.6,172.4,ok,ok,0.0,6,1,ok,ok,0.0,6,1,GO STRAIGHT,,0,0,13,1,264.6
4986,4986,1662,83.18,83.183,83.1,203.5,172.2,ok,ok,0.0,6,1,ok,ok,0.0,6,1,GO STRAIGHT,,0,0,13,1,264.5
4989,4989,1663,83.23,83.233,83.15,203.5,172.0,ok,ok,0.0,6,1,ok,ok,0.0,6,1,GO STRAIGHT,,0,0,13,1,264.4
4992,4992,1664,83.28,83.283,83.2,203.5,171.8,ok,ok,0.0,6,1,ok,ok,0.0,6,1,GO STRAIGHT,,0,0,13,1,264.2
4995,4995,1665,83.33,83.333,83.25,203.4,171.5,ok,ok,0.0,6,1,ok,ok,0.0,6,1,GO STRAIGHT,,0,0,13,1,264.0
4998,4998,1666,83.38,83.383,83.3,203.4,171.3,ok,ok,0.0,6,1,ok,ok,0.0,6,1,GO STRAIGHT,,0,0,13,1,263.9
5001,5001,1667,83.43,83.433,83.35,203.4,171.1,ok,ok,0.0,6,1,ok,ok,0.0,6,1,GO STRAIGHT,,0,0,13,1,263.8
5004,5004,1668,83.48,83.483,83.4,203.3,170.9,ok,ok,0.0,6,1,ok,ok,0.0,6,1,GO STRAIGHT,,0,0,13,1,263.8
5007,5007,1669,83.53,83.534,83.45,203.3,170.7,ok,ok,0.0,6,1,ok,ok,0.0,6,1,GO STRAIGHT,,0,0,13,1,263.8
5010,5010,1670,83.58,83.584,83.5,203.3,170.5,ok,ok,0.0,6,1,ok,ok,0.0,6,1,GO STRAIGHT,,0,0,13,1,263.8
5013,5013,1671,83.63,83.634,83.55,203.2,170.3,ok,ok,0.0,6,1,ok,ok,0.0,6,1,GO STRAIGHT,,0,0,13,1,263.9
5016,5016,1672,83.68,83.684,83.6,203.2,170.1,ok,ok,0.0,6,1,ok,ok,0.0,6,1,GO STRAIGHT,,0,0,13,1,263.9
5019,5019,1673,83.73,83.734,83.65,203.1,169.8,ok,ok,0.0,6,1,ok,ok,0.0,6,1,GO STRAIGHT,,0,0,13,1,263.9
5022,5022,1674,83.78,83.784,83.7,203.1,169.6,ok,ok,0.0,6,1,ok,ok,0.0,6,1,GO STRAIGHT,,0,0,13,1,264.3
5025,5025,1675,83.83,83.834,83.75,203.0,169.4,ok,ok,0.0,6,1,ok,ok,0.0,6,1,GO STRAIGHT,,0,0,13,1,264.9
5028,5028,1676,83.88,83.884,83.8,203.0,169.2,ok,ok,0.0,6,1,ok,ok,0.0,6,1,GO STRAIGHT,,0,0,13,1,265.4
5031,5031,1677,83.93,83.934,83.85,203.0,169.0,ok,ok,0.0,6,1,ok,ok,0.0,6,1,GO STRAIGHT,,0,0,13,1,265.8
5034,5034,1678,83.98,83.984,83.9,202.9,168.8,ok,ok,0.0,6,1,ok,ok,0.0,6,1,GO STRAIGHT,,0,0,13,1,266.1
5037,5037,1679,84.03,84.034,83.95,202.9,168.6,ok,ok,0.0,6,1,ok,ok,0.0,6,1,GO STRAIGHT,,0,0,13,1,266.5
5040,5040,1680,84.08,84.084,84.0,202.8,168.4,ok,ok,0.0,5,1,ok,ok,0.0,6,1,GO STRAIGHT,,0,0,13,1,266.7
5043,5043,1681,84.13,84.134,84.05,202.8,168.2,ok,ok,0.0,5,1,ok,ok,0.0,6,1,GO STRAIGHT,,0,0,13,1,266.8
5046,5046,1682,84.18,84.184,84.1,202.8,168.0,ok,ok,0.0,5,1,ok,ok,0.0,6,1,GO STRAIGHT,,0,0,13,1,267.0
5049,5049,1683,84.23,84.234,84.15,202.7,167.8,ok,ok,0.0,5,1,ok,ok,0.0,6,1,GO STRAIGHT,,0,0,13,1,267.1
5052,5052,1684,84.28,84.284,84.2,202.7,167.6,ok,ok,0.0,5,1,ok,ok,0.0,6,1,GO STRAIGHT,,0,0,13,1,267.2
5055,5055,1685,84.33,84.334,84.25,202.7,167.4,ok,ok,0.0,5,1,ok,ok,0.0,6,1,GO STRAIGHT,,0,0,13,1,267.3
5058,5058,1686,84.38,84.384,84.3,202.6,167.2,ok,ok,0.0,5,1,ok,ok,0.0,6,1,GO STRAIGHT,,0,0,13,1,267.2
5061,5061,1687,84.43,84.434,84.35,202.6,167.0,ok,ok,0.0,5,1,ok,ok,0.0,6,1,GO STRAIGHT,,0,0,13,1,266.9
5064,5064,1688,84.48,84.484,84.4,202.6,166.7,ok,ok,0.0,5,1,ok,ok,0.0,6,1,GO STRAIGHT,,0,0,13,1,266.8
5067,5067,1689,84.53,84.535,84.45,202.6,166.5,ok,ok,0.0,5,1,ok,ok,0.0,6,1,GO STRAIGHT,,0,0,13,1,266.7
5070,5070,1690,84.58,84.585,84.5,202.6,166.3,ok,ok,0.0,5,1,ok,ok,0.0,6,1,GO STRAIGHT,,0,0,13,1,266.6
5073,5073,1691,84.63,84.635,84.55,202.5,166.1,ok,ok,0.0,5,1,ok,ok,0.0,6,1,GO STRAIGHT,,0,0,13,1,266.6
5076,5076,1692,84.68,84.685,84.6,202.5,165.9,ok,ok,0.0,5,1,ok,ok,0.0,6,1,GO STRAIGHT,,0,0,13,1,266.6
5079,5079,1693,84.73,84.735,84.65,202.5,165.7,ok,ok,0.0,5,1,ok,ok,0.0,6,1,GO STRAIGHT,,0,0,13,1,266.6
5082,5082,1694,84.78,84.785,84.7,202.5,165.5,ok,ok,0.0,5,1,ok,ok,0.0,6,1,GO STRAIGHT,,0,0,13,1,266.7
5085,5085,1695,84.83,84.835,84.75,202.5,165.3,ok,ok,0.0,5,1,ok,ok,0.0,6,1,GO STRAIGHT,,0,0,13,1,266.7
5088,5088,1696,84.88,84.885,84.8,202.5,165.0,ok,ok,0.0,5,1,ok,ok,0.0,6,1,GO STRAIGHT,,0,0,13,1,266.8
5091,5091,1697,84.93,84.935,84.85,202.4,164.8,ok,ok,0.0,5,1,ok,ok,0.0,6,1,GO STRAIGHT,,0,0,13,1,266.9
5094,5094,1698,84.98,84.985,84.9,202.4,164.6,ok,ok,0.0,5,1,ok,ok,0.0,6,1,GO STRAIGHT,,0,0,13,1,267.1
5097,5097,1699,85.04,85.035,84.95,202.4,164.4,ok,ok,0.0,5,1,ok,ok,0.0,6,1,GO STRAIGHT,,0,0,13,1,267.2
5100,5100,1700,85.09,85.085,85.0,202.4,164.2,ok,ok,0.0,5,1,ok,ok,0.0,6,1,GO STRAIGHT,,0,0,13,1,267.3
5103,5103,1701,85.14,85.135,85.05,202.4,164.0,ok,ok,0.0,5,1,ok,ok,0.0,6,1,GO STRAIGHT,,0,0,13,1,267.6
5106,5106,1702,85.19,85.185,85.1,202.4,163.8,ok,ok,0.0,5,1,ok,ok,0.0,6,1,GO STRAIGHT,,0,0,13,1,268.1
5109,5109,1703,85.24,85.235,85.15,202.3,163.6,ok,ok,0.0,5,1,ok,ok,0.0,6,1,GO STRAIGHT,,0,0,13,1,268.7
5112,5112,1704,85.29,85.285,85.2,202.3,163.4,ok,ok,0.0,5,1,ok,ok,0.0,6,1,GO STRAIGHT,,0,0,13,1,269.2
5115,5115,1705,85.34,85.335,85.25,202.3,163.2,ok,ok,0.0,5,1,ok,ok,0.0,6,1,GO STRAIGHT,,0,0,13,1,269.6
5118,5118,1706,85.39,85.385,85.3,202.3,162.9,ok,ok,0.0,5,1,ok,ok,0.0,5,1,GO STRAIGHT,,0,0,13,1,270.0
5121,5121,1707,85.44,85.435,85.35,202.3,162.7,ok,ok,0.0,5,1,ok,ok,0.0,5,1,GO STRAIGHT,,0,0,13,1,270.4
5124,5124,1708,85.49,85.485,85.4,202.3,162.5,ok,ok,0.0,5,1,ok,ok,0.0,5,1,GO STRAIGHT,,0,0,13,1,270.6
5127,5127,1709,85.54,85.536,85.45,202.3,162.3,ok,ok,0.0,5,1,ok,ok,0.0,5,1,GO STRAIGHT,,0,0,13,1,270.7
5130,5130,1710,85.59,85.586,85.5,202.3,162.1,ok,ok,0.0,5,1,ok,ok,0.0,5,1,GO STRAIGHT,,0,0,13,1,271.0
5133,5133,1711,85.64,85.636,85.55,202.3,161.9,ok,ok,0.0,5,1,ok,ok,0.0,5,1,GO STRAIGHT,,0,0,13,1,271.1
5136,5136,1712,85.69,85.686,85.6,202.3,161.7,ok,ok,0.0,5,1,ok,ok,0.0,5,1,GO STRAIGHT,,0,0,13,1,271.1
5139,5139,1713,85.74,85.736,85.65,202.3,161.5,ok,ok,0.0,5,1,ok,ok,0.0,5,1,GO STRAIGHT,,0,0,13,1,270.9
5142,5142,1714,85.79,85.786,85.7,202.3,161.3,ok,ok,0.0,5,1,ok,ok,0.0,5,1,GO STRAIGHT,,0,0,13,1,270.8
5145,5145,1715,85.84,85.836,85.75,202.3,161.0,ok,ok,0.0,5,1,ok,ok,0.0,5,1,GO STRAIGHT,,0,0,13,1,270.6
5148,5148,1716,85.89,85.886,85.8,202.3,160.8,ok,ok,0.0,5,1,ok,ok,0.0,5,1,GO STRAIGHT,,0,0,13,1,270.6
5151,5151,1717,85.94,85.936,85.85,202.3,160.6,ok,ok,0.0,5,1,ok,ok,0.0,5,1,GO STRAIGHT,,0,0,13,1,270.4
5154,5154,1718,85.99,85.986,85.9,202.3,160.4,ok,ok,0.0,5,1,ok,ok,0.0,5,1,GO STRAIGHT,,0,0,13,1,270.2
5157,5157,1719,86.04,86.036,85.95,202.3,160.2,ok,ok,0.0,5,1,ok,ok,0.0,5,1,GO STRAIGHT,,0,0,13,1,270.1
5160,5160,1720,86.09,86.086,86.0,202.3,160.0,ok,ok,0.0,5,1,ok,ok,0.0,5,1,GO STRAIGHT,,0,0,13,1,270.0
5163,5163,1721,86.14,86.136,86.05,202.3,159.8,ok,ok,0.0,5,1,ok,ok,0.0,5,1,GO STRAIGHT,,0,0,13,1,270.1
5166,5166,1722,86.19,86.186,86.1,202.3,159.6,ok,ok,0.0,5,1,ok,ok,0.0,5,1,GO STRAIGHT,,0,0,13,1,270.0
5169,5169,1723,86.24,86.236,86.15,202.3,159.4,ok,ok,0.0,5,1,ok,ok,0.0,5,1,GO STRAIGHT,,0,0,13,1,270.0
5172,5172,1724,86.29,86.286,86.2,202.3,159.1,ok,ok,0.0,5,1,ok,ok,0.0,5,1,GO STRAIGHT,,0,0,13,1,270.1
5175,5175,1725,86.34,86.336,86.25,202.3,158.9,ok,ok,0.0,5,1,ok,ok,0.0,5,1,GO STRAIGHT,,0,0,13,1,270.3
5178,5178,1726,86.39,86.386,86.3,202.4,158.7,ok,ok,0.0,5,1,ok,ok,0.0,5,1,GO STRAIGHT,,0,0,13,1,270.3
5181,5181,1727,86.44,86.436,86.35,202.4,158.5,ok,ok,0.0,5,1,ok,ok,0.0,5,1,GO STRAIGHT,,0,0,13,1,270.2
5184,5184,1728,86.49,86.486,86.4,202.4,158.3,ok,ok,0.0,5,1,ok,ok,0.0,5,1,GO STRAIGHT,,0,0,13,1,270.2
5187,5187,1729,86.54,86.537,86.45,202.4,158.1,ok,ok,0.0,5,1,ok,ok,0.0,5,1,GO STRAIGHT,,0,0,13,1,270.4
5190,5190,1730,86.59,86.587,86.5,202.4,157.9,ok,ok,0.0,5,1,ok,ok,0.0,5,1,GO STRAIGHT,,0,0,13,1,270.7
5193,5193,1731,86.64,86.637,86.55,202.4,157.7,ok,ok,0.0,4,1,ok,ok,0.0,5,1,GO STRAIGHT,,0,0,13,1,271.0
5196,5196,1732,86.69,86.687,86.6,202.4,157.5,ok,ok,0.0,4,1,ok,ok,0.0,5,1,GO STRAIGHT,,0,0,13,1,271.2
5199,5199,1733,86.74,86.737,86.65,202.4,157.3,ok,ok,0.0,5,1,ok,ok,0.0,5,1,GO STRAIGHT,,0,0,13,1,271.2
5202,5202,1734,86.79,86.787,86.7,202.4,157.1,ok,ok,0.0,4,1,ok,ok,0.0,5,1,GO STRAIGHT,,0,0,13,1,271.2
5205,5205,1735,86.84,86.837,86.75,202.4,156.9,ok,ok,0.0,4,1,ok,ok,0.0,5,1,GO STRAIGHT,,0,0,13,1,271.2
5208,5208,1736,86.89,86.887,86.8,202.4,156.7,ok,ok,0.0,4,1,ok,ok,0.0,5,1,GO STRAIGHT,,0,0,13,1,271.2
5211,5211,1737,86.94,86.937,86.85,202.4,156.5,ok,ok,0.0,4,1,ok,ok,0.0,5,1,GO STRAIGHT,,0,0,13,1,271.2
5214,5214,1738,86.99,86.987,86.9,202.4,156.3,ok,ok,0.0,4,1,ok,ok,0.0,5,1,GO STRAIGHT,,0,0,13,1,271.3
5217,5217,1739,87.04,87.037,86.95,202.4,156.1,ok,ok,0.0,4,1,ok,ok,0.0,5,1,GO STRAIGHT,,0,0,13,1,271.3
5220,5220,1740,87.09,87.087,87.0,202.4,155.8,ok,ok,0.0,4,1,ok,ok,0.0,5,1,GO STRAIGHT,,0,0,13,1,271.2
5223,5223,1741,87.14,87.137,87.05,202.4,155.6,ok,ok,0.0,4,1,ok,ok,0.0,5,1,GO STRAIGHT,,0,0,13,1,271.0
5226,5226,1742,87.19,87.187,87.1,202.4,155.4,ok,ok,0.0,5,1,ok,ok,0.0,5,1,GO STRAIGHT,,0,0,13,1,270.8
5229,5229,1743,87.24,87.237,87.15,202.4,155.2,ok,ok,0.0,5,1,ok,ok,0.0,5,1,GO STRAIGHT,,0,0,13,1,270.6
5232,5232,1744,87.29,87.287,87.2,202.5,155.0,ok,ok,0.0,5,1,ok,ok,0.0,5,1,GO STRAIGHT,,0,0,13,1,270.4
5235,5235,1745,87.34,87.337,87.25,202.5,154.8,ok,ok,0.0,5,1,ok,ok,0.0,6,1,GO STRAIGHT,,0,0,13,1,270.3
5238,5238,1746,87.39,87.387,87.3,202.5,154.6,ok,ok,0.0,5,1,ok,ok,0.0,6,1,GO STRAIGHT,,0,0,13,1,270.3
5241,5241,1747,87.44,87.437,87.35,202.5,154.3,ok,ok,0.0,5,1,ok,ok,0.0,6,1,GO STRAIGHT,,0,0,13,1,270.1
5244,5244,1748,87.49,87.487,87.4,202.5,154.1,ok,ok,0.0,5,1,ok,ok,0.0,6,1,GO STRAIGHT,,0,0,13,1,270.0
5247,5247,1749,87.54,87.538,87.45,202.5,153.9,ok,ok,0.0,5,1,ok,ok,0.0,6,1,GO STRAIGHT,,0,0,13,1,270.0
5250,5250,1750,87.59,87.588,87.5,202.5,153.7,ok,ok,0.0,5,1,ok,ok,0.0,6,1,GO STRAIGHT,,0,0,13,1,270.1
5253,5253,1751,87.64,87.638,87.55,202.5,153.5,ok,ok,0.0,5,1,ok,ok,0.0,6,1,GO STRAIGHT,,0,0,13,1,270.3
5256,5256,1752,87.69,87.688,87.6,202.5,153.3,ok,ok,0.0,5,1,ok,ok,0.0,6,1,GO STRAIGHT,,0,0,13,1,270.2
5259,5259,1753,87.74,87.738,87.65,202.5,153.1,ok,ok,0.0,5,1,ok,ok,0.0,6,1,GO STRAIGHT,,0,0,13,1,270.2
5262,5262,1754,87.79,87.788,87.7,202.5,152.9,ok,ok,0.0,5,1,ok,ok,0.0,6,1,GO STRAIGHT,,0,0,13,1,270.4
5265,5265,1755,87.84,87.838,87.75,202.6,152.7,ok,ok,0.0,5,1,ok,ok,0.0,6,1,GO STRAIGHT,,0,0,13,1,270.5
5268,5268,1756,87.89,87.888,87.8,202.6,152.5,ok,ok,0.0,5,1,ok,ok,0.0,6,1,GO STRAIGHT,,0,0,13,1,270.8
5271,5271,1757,87.94,87.938,87.85,202.6,152.3,ok,ok,0.0,5,1,ok,ok,0.0,6,1,GO STRAIGHT,,0,0,13,1,271.2
5274,5274,1758,87.99,87.988,87.9,202.6,152.1,ok,ok,0.0,5,1,ok,ok,0.0,5,1,GO STRAIGHT,,0,0,13,1,271.4
5277,5277,1759,88.04,88.038,87.95,202.6,151.8,ok,ok,0.0,5,1,ok,ok,0.0,5,1,GO STRAIGHT,,0,0,13,1,271.5
5280,5280,1760,88.09,88.088,88.0,202.6,151.6,ok,ok,0.0,5,1,ok,ok,0.0,5,1,GO STRAIGHT,,0,0,13,1,271.5
5283,5283,1761,88.14,88.138,88.05,202.6,151.4,ok,ok,0.0,5,1,ok,ok,0.0,5,1,GO STRAIGHT,,0,0,13,1,271.6
5286,5286,1762,88.19,88.188,88.1,202.6,151.2,ok,ok,0.0,5,1,ok,ok,0.0,5,1,GO STRAIGHT,,0,0,13,1,271.6
5289,5289,1763,88.24,88.238,88.15,202.6,151.0,ok,ok,0.0,5,1,ok,ok,0.0,5,1,GO STRAIGHT,,0,0,13,1,271.5
5292,5292,1764,88.29,88.288,88.2,202.6,150.8,ok,ok,0.0,5,1,ok,ok,0.0,5,1,GO STRAIGHT,,0,0,13,1,271.4
5295,5295,1765,88.34,88.338,88.25,202.6,150.6,ok,ok,0.0,5,1,ok,ok,0.0,5,1,GO STRAIGHT,,0,0,13,1,271.4
5298,5298,1766,88.39,88.388,88.3,202.6,150.4,ok,ok,0.0,5,1,ok,ok,0.0,5,1,GO STRAIGHT,,0,0,13,1,271.2
5301,5301,1767,88.44,88.438,88.35,202.6,150.2,ok,ok,0.0,5,1,ok,ok,0.0,5,1,GO STRAIGHT,,0,0,13,1,271.0
5304,5304,1768,88.49,88.488,88.4,202.6,149.9,ok,ok,0.0,5,1,ok,ok,0.0,5,1,GO STRAIGHT,,0,0,13,1,270.7
5307,5307,1769,88.54,88.539,88.45,202.6,149.7,ok,ok,0.0,5,1,ok,ok,0.0,5,1,GO STRAIGHT,,0,0,13,1,270.3
5310,5310,1770,88.59,88.589,88.5,202.6,149.5,ok,ok,0.0,5,1,ok,ok,0.0,5,1,GO STRAIGHT,,0,0,13,1,269.9
5313,5313,1771,88.64,88.639,88.55,202.6,149.3,ok,ok,0.0,5,1,ok,ok,0.0,5,1,GO STRAIGHT,,0,0,13,1,269.5
5316,5316,1772,88.69,88.689,88.6,202.7,149.1,ok,ok,0.0,5,1,ok,ok,0.0,5,1,GO STRAIGHT,,0,0,13,1,269.1
5319,5319,1773,88.74,88.739,88.65,202.7,148.9,ok,ok,0.0,5,1,ok,ok,0.0,5,1,GO STRAIGHT,,0,0,13,1,268.7
5322,5322,1774,88.79,88.789,88.7,202.7,148.7,ok,ok,0.0,5,1,ok,ok,0.0,5,1,GO STRAIGHT,,0,0,13,1,268.3
5325,5325,1775,88.84,88.839,88.75,202.7,148.4,ok,ok,0.0,5,1,ok,ok,0.0,5,1,GO STRAIGHT,,0,0,13,1,268.1
5328,5328,1776,88.89,88.889,88.8,202.7,148.2,ok,ok,0.0,5,1,ok,ok,0.0,5,1,GO STRAIGHT,,0,0,13,1,268.0
5331,5331,1777,88.94,88.939,88.85,202.7,148.0,ok,ok,0.0,5,1,ok,ok,0.0,5,1,GO STRAIGHT,,0,0,13,1,268.2
5334,5334,1778,88.99,88.989,88.9,202.7,147.8,ok,ok,0.0,5,1,ok,ok,0.0,5,1,GO STRAIGHT,,0,0,13,1,268.3
5337,5337,1779,89.04,89.039,88.95,202.7,147.6,ok,ok,0.0,5,1,ok,ok,0.0,5,1,GO STRAIGHT,,0,0,13,1,268.5
5340,5340,1780,89.09,89.089,89.0,202.7,147.4,ok,ok,0.0,5,1,ok,ok,0.0,5,1,GO STRAIGHT,,0,0,13,1,268.5
5343,5343,1781,89.14,89.139,89.05,202.7,147.1,ok,ok,0.0,5,1,ok,ok,0.0,5,1,GO STRAIGHT,,0,0,13,1,268.6
5346,5346,1782,89.19,89.189,89.1,202.7,146.9,ok,ok,0.0,5,1,ok,ok,0.0,5,1,GO STRAIGHT,,0,0,13,1,268.6
5349,5349,1783,89.24,89.239,89.15,202.7,146.7,ok,ok,0.0,5,1,ok,ok,0.0,5,1,GO STRAIGHT,,0,0,13,1,268.9
5352,5352,1784,89.29,89.289,89.2,202.7,146.5,ok,ok,0.0,5,1,ok,ok,0.0,5,1,GO STRAIGHT,,0,0,13,1,269.2
5355,5355,1785,89.34,89.339,89.25,202.7,146.2,ok,ok,0.0,5,1,ok,ok,0.0,5,1,GO STRAIGHT,,0,0,13,1,269.4
5358,5358,1786,89.39,89.389,89.3,202.7,146.0,ok,ok,0.0,5,1,ok,ok,0.0,5,1,GO STRAIGHT,,0,0,13,1,269.6
5361,5361,1787,89.44,89.439,89.35,202.7,145.8,ok,ok,0.0,5,1,ok,ok,0.0,5,1,GO STRAIGHT,,0,0,13,1,269.7
5364,5364,1788,89.49,89.489,89.4,202.7,145.6,ok,ok,0.0,5,1,ok,ok,0.0,5,1,GO STRAIGHT,,0,0,13,1,269.9
5367,5367,1789,89.54,89.54,89.45,202.7,145.4,ok,ok,0.0,5,1,ok,ok,0.0,5,1,GO STRAIGHT,,0,0,13,1,270.1
5370,5370,1790,89.59,89.59,89.5,202.7,145.1,ok,ok,0.0,5,1,ok,ok,0.0,5,1,GO STRAIGHT,,0,0,13,1,270.1
5373,5373,1791,89.64,89.64,89.55,202.7,144.9,ok,ok,0.0,5,1,ok,ok,0.0,5,1,GO STRAIGHT,,0,0,13,1,270.0
5376,5376,1792,89.69,89.69,89.6,202.7,144.7,ok,ok,0.0,5,1,ok,ok,0.0,5,1,GO STRAIGHT,,0,0,13,1,269.9
5379,5379,1793,89.74,89.74,89.65,202.7,144.4,ok,ok,0.0,4,1,ok,ok,0.0,5,1,GO STRAIGHT,,0,0,13,1,269.8
5382,5382,1794,89.79,89.79,89.7,202.7,144.2,ok,ok,0.0,4,1,ok,ok,0.0,5,1,GO STRAIGHT,,0,0,13,1,269.6
5385,5385,1795,89.84,89.84,89.75,202.6,144.0,ok,ok,0.0,4,1,ok,ok,0.0,5,1,GO STRAIGHT,,0,0,13,1,269.5
5388,5388,1796,89.89,89.89,89.8,202.6,143.7,ok,ok,0.0,4,1,ok,ok,0.0,5,1,GO STRAIGHT,,0,0,13,1,269.1
5391,5391,1797,89.94,89.94,89.85,202.7,143.5,ok,ok,0.0,4,1,ok,ok,0.0,5,1,GO STRAIGHT,,0,0,13,1,268.6
5394,5394,1798,89.99,89.99,89.9,202.7,143.3,ok,ok,0.0,4,1,ok,ok,0.0,5,1,GO STRAIGHT,,0,0,13,1,268.3
5397,5397,1799,90.04,90.04,89.95,202.7,143.1,ok,ok,0.0,4,1,ok,ok,0.0,5,1,GO STRAIGHT,,0,0,13,1,268.1
5400,5400,1800,90.09,90.09,90.0,202.7,142.8,ok,ok,0.0,4,1,ok,ok,0.0,5,1,GO STRAIGHT,,0,0,13,1,267.9
5403,5403,1801,90.14,90.14,90.05,202.7,142.6,ok,ok,0.0,4,1,ok,ok,0.0,5,1,GO STRAIGHT,,0,0,13,1,267.7
5406,5406,1802,90.19,90.19,90.1,202.7,142.4,ok,ok,0.0,4,1,ok,ok,0.0,5,1,GO STRAIGHT,,0,0,13,1,267.4
5409,5409,1803,90.24,90.24,90.15,202.7,142.2,ok,ok,0.0,4,1,ok,ok,0.0,5,1,GO STRAIGHT,,0,0,13,1,267.2
5412,5412,1804,90.29,90.29,90.2,202.7,141.9,ok,ok,0.0,4,1,ok,ok,0.0,5,1,GO STRAIGHT,,0,0,13,1,267.2
5415,5415,1805,90.34,90.34,90.25,202.7,141.7,ok,ok,0.0,4,1,ok,ok,0.0,5,1,GO STRAIGHT,,0,0,13,1,267.2
5418,5418,1806,90.39,90.39,90.3,202.7,141.5,ok,ok,0.0,4,1,ok,ok,0.0,5,1,GO STRAIGHT,,0,0,13,1,267.3
5421,5421,1807,90.44,90.44,90.35,202.7,141.2,ok,ok,0.0,4,1,ok,ok,0.0,5,1,GO STRAIGHT,,0,0,13,1,267.4
5424,5424,1808,90.49,90.49,90.4,202.7,141.0,ok,ok,0.0,4,1,ok,ok,0.0,5,1,GO STRAIGHT,,0,0,13,1,267.5
5427,5427,1809,90.54,90.541,90.45,202.6,140.8,ok,ok,0.0,4,1,ok,ok,0.0,5,1,GO STRAIGHT,,0,0,13,1,267.7
5430,5430,1810,90.59,90.591,90.5,202.6,140.6,ok,ok,0.0,4,1,ok,ok,0.0,5,1,GO STRAIGHT,,0,0,13,1,268.0
5433,5433,1811,90.64,90.641,90.55,202.6,140.3,ok,ok,0.0,4,1,ok,ok,0.0,4,1,GO STRAIGHT,,0,0,13,1,268.3
5436,5436,1812,90.69,90.691,90.6,202.6,140.1,ok,ok,0.0,4,1,ok,ok,0.0,4,1,GO STRAIGHT,,0,0,13,1,268.3
5439,5439,1813,90.74,90.741,90.65,202.6,139.9,ok,ok,0.0,4,1,ok,ok,0.0,4,1,GO STRAIGHT,,0,0,13,1,268.2
5442,5442,1814,90.79,90.791,90.7,202.6,139.7,ok,ok,0.0,4,1,ok,ok,0.0,4,1,GO STRAIGHT,,0,0,13,1,268.2
5445,5445,1815,90.84,90.841,90.75,202.6,139.5,ok,ok,0.0,4,1,ok,ok,0.0,4,1,GO STRAIGHT,,0,0,13,1,268.4
5448,5448,1816,90.89,90.891,90.8,202.6,139.2,ok,ok,0.0,4,1,ok,ok,0.0,4,1,GO STRAIGHT,,0,0,13,1,268.4
5451,5451,1817,90.94,90.941,90.85,202.6,139.0,ok,ok,0.0,4,1,ok,ok,0.0,4,1,GO STRAIGHT,,0,0,13,1,268.3
5454,5454,1818,90.99,90.991,90.9,202.6,138.8,ok,ok,0.0,4,1,ok,ok,0.0,4,1,GO STRAIGHT,,0,0,13,1,268.0
5457,5457,1819,91.04,91.041,90.95,202.6,138.5,ok,ok,0.0,4,1,ok,ok,0.0,4,1,GO STRAIGHT,,0,0,13,1,267.7
5460,5460,1820,91.09,91.091,91.0,202.6,138.3,ok,ok,0.0,4,1,ok,ok,0.0,4,1,GO STRAIGHT,,0,0,13,1,267.5
5463,5463,1821,91.14,91.141,91.05,202.6,138.1,ok,ok,0.0,4,1,ok,ok,0.0,4,1,GO STRAIGHT,,0,0,13,1,267.4
5466,5466,1822,91.19,91.191,91.1,202.6,137.8,ok,ok,0.0,4,1,ok,ok,0.0,4,1,GO STRAIGHT,,0,0,13,1,267.3
5469,5469,1823,91.24,91.241,91.15,202.6,137.6,ok,ok,0.0,4,1,ok,ok,0.0,4,1,GO STRAIGHT,,0,0,13,1,267.1
5472,5472,1824,91.29,91.291,91.2,202.6,137.4,ok,ok,0.0,4,1,ok,ok,0.0,4,1,GO STRAIGHT,,0,0,13,1,266.8
5475,5475,1825,91.34,91.341,91.25,202.6,137.2,ok,ok,0.0,4,1,ok,ok,0.0,4,1,GO STRAIGHT,,0,0,13,1,266.6
5478,5478,1826,91.39,91.391,91.3,202.6,137.0,ok,ok,0.0,4,1,ok,ok,0.0,4,1,GO STRAIGHT,,0,0,13,1,266.4
5481,5481,1827,91.44,91.441,91.35,202.6,136.7,ok,ok,0.0,4,1,ok,ok,0.0,4,1,GO STRAIGHT,,0,0,13,1,266.2
5484,5484,1828,91.49,91.491,91.4,202.6,136.5,ok,ok,0.0,4,1,ok,ok,0.0,4,1,GO STRAIGHT,,0,0,13,1,266.1
5487,5487,1829,91.54,91.542,91.45,202.6,136.3,ok,ok,0.0,4,1,ok,ok,0.0,4,1,GO STRAIGHT,,0,0,13,1,265.9
5490,5490,1830,91.59,91.592,91.5,202.5,136.0,ok,ok,0.0,4,1,ok,ok,0.0,4,1,GO STRAIGHT,,0,0,13,1,265.9
5493,5493,1831,91.64,91.642,91.55,202.5,135.8,ok,ok,0.0,4,1,ok,ok,0.0,4,1,GO STRAIGHT,,0,0,13,1,265.8
5496,5496,1832,91.69,91.692,91.6,202.5,135.6,ok,ok,0.0,4,1,ok,ok,0.0,4,1,GO STRAIGHT,,0,0,13,1,265.8
5499,5499,1833,91.74,91.742,91.65,202.5,135.4,ok,ok,0.0,4,1,ok,ok,0.0,4,1,GO STRAIGHT,,0,0,13,1,265.8
5502,5502,1834,91.79,91.792,91.7,202.5,135.2,ok,ok,0.0,4,1,ok,ok,0.0,4,1,GO STRAIGHT,,0,0,13,1,265.8
5505,5505,1835,91.84,91.842,91.75,202.5,135.0,ok,ok,0.0,4,1,ok,ok,0.0,4,1,GO STRAIGHT,,0,0,13,1,265.8
5508,5508,1836,91.89,91.892,91.8,202.5,134.7,ok,ok,0.0,4,1,ok,ok,0.0,4,1,GO STRAIGHT,,0,0,13,1,265.7
5511,5511,1837,91.94,91.942,91.85,202.5,134.5,ok,ok,0.0,4,1,ok,ok,0.0,4,1,GO STRAIGHT,,0,0,13,1,266.0
5514,5514,1838,91.99,91.992,91.9,202.5,134.3,ok,ok,0.0,4,1,ok,ok,0.0,4,1,GO STRAIGHT,,0,0,13,1,266.3
5517,5517,1839,92.04,92.042,91.95,202.5,134.1,ok,ok,0.0,4,1,ok,ok,0.0,4,1,GO STRAIGHT,,0,0,13,1,266.6
5520,5520,1840,92.09,92.092,92.0,202.4,133.8,ok,ok,0.0,4,1,ok,ok,0.0,4,1,GO STRAIGHT,,0,0,13,1,266.8
5523,5523,1841,92.14,92.142,92.05,202.4,133.6,ok,ok,0.0,4,1,ok,ok,0.0,4,1,GO STRAIGHT,,0,0,13,1,267.0
5526,5526,1842,92.19,92.192,92.1,202.4,133.4,ok,ok,0.0,4,1,ok,ok,0.0,4,1,GO STRAIGHT,,0,0,13,1,267.3
5529,5529,1843,92.24,92.242,92.15,202.4,133.2,ok,ok,0.0,4,1,ok,ok,0.0,4,1,GO STRAIGHT,,0,0,13,1,267.5
5532,5532,1844,92.29,92.292,92.2,202.4,132.9,ok,ok,0.0,4,1,ok,ok,0.0,4,1,GO STRAIGHT,,0,0,13,1,267.5
5535,5535,1845,92.34,92.342,92.25,202.4,132.7,ok,ok,0.0,4,1,ok,ok,0.0,4,1,GO STRAIGHT,,0,0,13,1,267.4
5538,5538,1846,92.39,92.392,92.3,202.4,132.5,ok,ok,0.0,4,1,ok,ok,0.0,4,1,GO STRAIGHT,,0,0,13,1,267.3
5541,5541,1847,92.44,92.442,92.35,202.4,132.3,ok,ok,0.0,4,1,ok,ok,0.0,4,1,GO STRAIGHT,,0,0,13,1,267.3
5544,5544,1848,92.49,92.492,92.4,202.4,132.0,ok,ok,0.0,4,1,ok,ok,0.0,4,1,GO STRAIGHT,,0,0,13,1,267.2
5547,5547,1849,92.54,92.543,92.45,202.4,131.8,ok,ok,0.0,4,1,ok,ok,0.0,4,1,GO STRAIGHT,,0,0,13,1,266.9
5550,5550,1850,92.59,92.593,92.5,202.4,131.6,ok,ok,0.0,4,1,ok,ok,0.0,4,1,GO STRAIGHT,,0,0,13,1,266.6
5553,5553,1851,92.64,92.643,92.55,202.4,131.4,ok,ok,0.0,4,1,ok,ok,0.0,4,1,GO STRAIGHT,,0,0,13,1,266.5
5556,5556,1852,92.69,92.693,92.6,202.3,131.2,ok,ok,0.0,5,1,ok,ok,0.0,4,1,GO STRAIGHT,,0,0,13,1,266.5
5559,5559,1853,92.74,92.743,92.65,202.3,130.9,ok,ok,0.0,5,1,ok,ok,0.0,4,1,GO STRAIGHT,,0,0,13,1,266.4
5562,5562,1854,92.79,92.793,92.7,202.3,130.7,ok,ok,0.0,5,1,ok,ok,0.0,4,1,GO STRAIGHT,,0,0,13,1,266.4
5565,5565,1855,92.84,92.843,92.75,202.3,130.5,ok,ok,0.0,4,1,ok,ok,0.0,5,1,GO STRAIGHT,,0,0,13,1,266.4
5568,5568,1856,92.89,92.893,92.8,202.3,130.3,ok,ok,0.0,4,1,ok,ok,0.0,5,1,GO STRAIGHT,,0,0,13,1,266.5
5571,5571,1857,92.94,92.943,92.85,202.3,130.0,ok,ok,0.0,4,1,ok,ok,0.0,5,1,GO STRAIGHT,,1,0,13,1,266.7
5574,5574,1858,92.99,92.993,92.9,202.3,129.8,ok,ok,0.0,4,1,ok,ok,0.0,5,1,GO STRAIGHT,,1,0,13,1,266.9
5577,5577,1859,93.04,93.043,92.95,202.3,129.6,ok,ok,0.0,4,1,ok,ok,0.0,5,1,GO STRAIGHT,,1,0,13,1,267.0
5580,5580,1860,93.09,93.093,93.0,202.3,129.4,ok,ok,0.0,4,1,ok,ok,0.0,5,1,GO STRAIGHT,,1,0,13,1,267.3
5583,5583,1861,93.14,93.143,93.05,202.3,129.1,ok,ok,0.0,4,1,ok,ok,0.0,5,1,GO STRAIGHT,,1,0,13,1,267.5
5586,5586,1862,93.19,93.193,93.1,202.3,128.9,ok,ok,0.0,4,1,ok,ok,0.0,5,1,GO STRAIGHT,,1,0,13,1,267.6
5589,5589,1863,93.24,93.243,93.15,202.3,128.7,ok,ok,0.0,4,1,ok,ok,0.0,5,1,GO STRAIGHT,,1,0,13,1,267.9
5592,5592,1864,93.29,93.293,93.2,202.3,128.5,ok,ok,0.0,4,1,ok,ok,0.0,5,1,GO STRAIGHT,,1,0,13,1,268.0
5595,5595,1865,93.34,93.343,93.25,202.3,128.3,ok,ok,0.0,4,1,ok,ok,0.0,5,1,GO STRAIGHT,,1,0,13,1,268.2
5598,5598,1866,93.39,93.393,93.3,202.3,128.0,ok,ok,0.0,4,1,ok,ok,0.0,5,1,GO STRAIGHT,,1,0,13,1,268.4
5601,5601,1867,93.44,93.443,93.35,202.3,127.8,ok,ok,0.0,4,1,ok,ok,0.0,5,1,GO STRAIGHT,,1,0,13,1,268.7
5604,5604,1868,93.49,93.493,93.4,202.3,127.6,ok,ok,0.0,4,1,ok,ok,0.0,5,1,GO STRAIGHT,,1,0,13,1,269.0
5607,5607,1869,93.54,93.544,93.45,202.3,127.4,ok,ok,0.0,4,1,ok,ok,0.0,5,1,GO STRAIGHT,,1,0,13,1,269.2
5610,5610,1870,93.59,93.594,93.5,202.3,127.1,ok,ok,0.0,4,1,ok,ok,0.0,5,1,GO STRAIGHT,,1,0,13,1,269.3
5613,5613,1871,93.64,93.644,93.55,202.3,126.9,ok,ok,0.0,4,1,ok,ok,0.0,5,1,GO STRAIGHT,,1,0,13,1,269.4
5616,5616,1872,93.69,93.694,93.6,202.3,126.7,ok,ok,0.0,4,1,ok,ok,0.0,5,1,GO STRAIGHT,,1,0,13,1,269.3
5619,5619,1873,93.74,93.744,93.65,202.3,126.4,ok,ok,0.0,4,1,ok,ok,0.0,4,1,GO STRAIGHT,,1,0,13,1,269.1
5622,5622,1874,93.79,93.794,93.7,202.3,126.2,ok,ok,0.0,4,1,ok,ok,0.0,4,1,GO STRAIGHT,,1,0,13,1,268.9
5625,5625,1875,93.84,93.844,93.75,202.3,126.0,ok,ok,0.0,4,1,ok,ok,0.0,4,1,GO STRAIGHT,,1,0,13,1,268.8
5628,5628,1876,93.89,93.894,93.8,202.3,125.8,ok,ok,0.0,4,1,ok,ok,0.0,4,1,GO STRAIGHT,,1,0,13,1,268.8
5631,5631,1877,93.94,93.944,93.85,202.3,125.6,ok,ok,0.0,4,1,ok,ok,0.0,4,1,GO STRAIGHT,,1,0,13,1,268.9
5634,5634,1878,93.99,93.994,93.9,202.3,125.4,ok,ok,0.0,4,1,ok,ok,0.0,4,1,GO STRAIGHT,,1,0,13,1,268.9
5637,5637,1879,94.04,94.044,93.95,202.3,125.1,ok,ok,0.0,4,1,ok,ok,0.0,4,1,GO STRAIGHT,,1,0,13,1,268.7
5640,5640,1880,94.09,94.094,94.0,202.3,124.9,ok,ok,0.0,4,1,ok,ok,0.0,4,1,GO STRAIGHT,,1,0,13,1,268.5
5643,5643,1881,94.14,94.144,94.05,202.4,124.7,ok,ok,0.0,4,1,ok,ok,0.0,4,1,GO STRAIGHT,,1,0,13,1,268.4
5646,5646,1882,94.19,94.194,94.1,202.4,124.5,ok,ok,0.0,4,1,ok,ok,0.0,4,1,GO STRAIGHT,,1,0,13,1,268.5
5649,5649,1883,94.24,94.244,94.15,202.4,124.3,ok,ok,0.0,4,1,ok,ok,0.0,4,1,GO STRAIGHT,,1,0,13,1,268.7
5652,5652,1884,94.29,94.294,94.2,202.4,124.1,ok,ok,0.0,4,1,ok,ok,0.0,4,1,GO STRAIGHT,,1,0,13,1,268.8
5655,5655,1885,94.34,94.344,94.25,202.4,123.9,ok,ok,0.0,4,1,ok,ok,0.0,4,1,GO STRAIGHT,,1,0,13,1,268.9
5658,5658,1886,94.39,94.394,94.3,202.4,123.7,ok,ok,0.0,4,1,ok,ok,0.0,4,1,GO STRAIGHT,,1,0,13,1,268.8
5661,5661,1887,94.44,94.444,94.35,202.4,123.4,ok,ok,0.0,4,1,ok,ok,0.0,4,1,GO STRAIGHT,,1,0,13,1,268.9
5664,5664,1888,94.49,94.494,94.4,202.4,123.2,ok,ok,0.0,4,1,ok,ok,0.0,4,1,GO STRAIGHT,,1,0,13,1,269.0
5667,5667,1889,94.54,94.545,94.45,202.4,123.0,ok,ok,0.0,4,1,ok,ok,0.0,4,1,GO STRAIGHT,,1,0,13,1,269.2
5670,5670,1890,94.59,94.595,94.5,202.4,122.8,ok,ok,0.0,4,1,ok,ok,0.0,4,1,GO STRAIGHT,,1,0,13,1,269.5
5673,5673,1891,94.64,94.645,94.55,202.4,122.6,ok,ok,0.0,4,1,ok,ok,0.0,4,1,GO STRAIGHT,,1,0,13,1,269.6
5676,5676,1892,94.69,94.695,94.6,202.4,122.3,ok,ok,0.0,4,1,ok,ok,0.0,4,1,GO STRAIGHT,,1,0,13,1,269.8
5679,5679,1893,94.74,94.745,94.65,202.5,122.1,ok,ok,0.0,4,1,ok,ok,0.0,4,1,GO STRAIGHT,,1,0,13,1,270.0
5682,5682,1894,94.79,94.795,94.7,202.5,121.9,ok,ok,0.0,4,1,ok,ok,0.0,4,1,GO STRAIGHT,,1,0,13,1,270.3
5685,5685,1895,94.84,94.845,94.75,202.5,121.7,ok,ok,0.0,4,1,ok,ok,0.0,4,1,GO STRAIGHT,,1,0,13,1,270.7
5688,5688,1896,94.89,94.895,94.8,202.5,121.5,ok,ok,0.0,4,1,ok,ok,0.0,4,1,GO STRAIGHT,,1,0,13,1,271.1
5691,5691,1897,94.94,94.945,94.85,202.5,121.2,ok,ok,0.0,4,1,ok,ok,0.0,4,1,GO STRAIGHT,,1,0,13,1,271.4
5694,5694,1898,94.99,94.995,94.9,202.5,121.0,ok,ok,0.0,4,1,ok,ok,0.0,4,1,GO STRAIGHT,,1,0,13,1,271.6
5697,5697,1899,95.05,95.045,94.95,202.5,120.8,ok,ok,0.0,4,1,ok,ok,0.0,4,1,GO STRAIGHT,,1,0,13,1,271.7
5700,5700,1900,95.1,95.095,95.0,202.6,120.5,ok,ok,0.0,4,1,ok,ok,0.0,4,1,GO STRAIGHT,,1,0,13,1,271.5
5703,5703,1901,95.15,95.145,95.05,202.6,120.3,ok,ok,0.0,4,1,ok,ok,0.0,4,1,GO STRAIGHT,,1,0,13,1,271.3
5706,5706,1902,95.2,95.195,95.1,202.6,120.1,ok,ok,0.0,4,1,ok,ok,0.0,4,1,GO STRAIGHT,,1,0,13,1,271.1
5709,5709,1903,95.25,95.245,95.15,202.6,119.8,ok,ok,0.0,4,1,ok,ok,0.0,4,1,GO STRAIGHT,,1,0,13,1,270.8
5712,5712,1904,95.3,95.295,95.2,202.6,119.6,ok,ok,0.0,4,1,ok,ok,0.0,4,1,GO STRAIGHT,,1,0,13,1,270.4
5715,5715,1905,95.35,95.345,95.25,202.6,119.4,ok,ok,0.0,4,1,ok,ok,0.0,4,1,GO STRAIGHT,,1,0,13,1,270.1
5718,5718,1906,95.4,95.395,95.3,202.6,119.1,ok,ok,0.0,4,1,ok,ok,0.0,4,1,GO STRAIGHT,,1,0,13,1,269.7
5721,5721,1907,95.45,95.445,95.35,202.6,118.9,ok,ok,0.0,4,1,ok,ok,0.0,4,1,GO STRAIGHT,,1,0,13,1,269.6
5724,5724,1908,95.5,95.495,95.4,202.6,118.7,ok,ok,0.0,4,1,ok,ok,0.0,4,1,GO STRAIGHT,,1,0,13,1,269.4
5727,5727,1909,95.55,95.546,95.45,202.7,118.4,ok,ok,0.0,4,1,ok,ok,0.0,4,1,GO STRAIGHT,,1,0,13,1,269.3
5730,5730,1910,95.6,95.596,95.5,202.7,118.2,ok,ok,0.0,4,1,ok,ok,0.0,4,1,GO STRAIGHT,,1,0,13,1,269.3
5733,5733,1911,95.65,95.646,95.55,202.7,118.0,ok,ok,0.0,3,1,ok,ok,0.0,4,1,GO STRAIGHT,,1,0,13,1,269.4
5736,5736,1912,95.7,95.696,95.6,202.7,117.8,ok,ok,0.0,3,1,ok,ok,0.0,4,1,GO STRAIGHT,,1,0,13,1,269.5
5739,5739,1913,95.75,95.746,95.65,202.7,117.6,ok,ok,0.0,3,1,ok,ok,0.0,4,1,GO STRAIGHT,,1,0,13,1,269.4
5742,5742,1914,95.8,95.796,95.7,202.7,117.3,ok,ok,0.0,3,1,ok,ok,0.0,4,1,GO STRAIGHT,,1,0,13,1,269.4
5745,5745,1915,95.85,95.846,95.75,202.7,117.1,ok,ok,0.0,3,1,ok,ok,0.0,4,1,GO STRAIGHT,,1,0,13,1,269.6
5748,5748,1916,95.9,95.896,95.8,202.7,116.9,ok,ok,0.0,3,1,ok,ok,0.0,4,1,GO STRAIGHT,,1,0,13,1,269.6
5751,5751,1917,95.95,95.946,95.85,202.7,116.7,ok,ok,0.0,3,1,ok,ok,0.0,4,1,GO STRAIGHT,,1,0,13,1,269.9
5754,5754,1918,96.0,95.996,95.9,202.8,116.5,ok,ok,0.0,3,1,ok,ok,0.0,4,1,GO STRAIGHT,,1,0,13,1,270.3
5757,5757,1919,96.05,96.046,95.95,202.8,116.2,ok,ok,0.0,3,1,ok,ok,0.0,4,1,GO STRAIGHT,,1,0,13,1,270.5
5760,5760,1920,96.1,96.096,96.0,202.8,116.0,ok,ok,0.0,3,1,ok,ok,0.0,4,1,GO STRAIGHT,,1,0,13,1,270.7
5763,5763,1921,96.15,96.146,96.05,202.8,115.8,ok,ok,0.0,3,1,ok,ok,0.0,4,1,GO STRAIGHT,,1,0,13,1,270.9
5766,5766,1922,96.2,96.196,96.1,202.8,115.6,ok,ok,0.0,3,1,ok,ok,0.0,4,1,GO STRAIGHT,,1,0,13,1,271.2
5769,5769,1923,96.25,96.246,96.15,202.8,115.4,ok,ok,0.0,3,1,ok,ok,0.0,4,1,GO STRAIGHT,,1,0,13,1,271.3
5772,5772,1924,96.3,96.296,96.2,202.9,115.1,ok,ok,0.0,3,1,ok,ok,0.0,4,1,GO STRAIGHT,,1,0,13,1,271.3
5775,5775,1925,96.35,96.346,96.25,202.9,114.9,ok,ok,0.0,3,1,ok,ok,0.0,4,1,GO STRAIGHT,,1,0,13,1,271.3
5778,5778,1926,96.4,96.396,96.3,202.9,114.7,ok,ok,0.0,3,1,ok,ok,0.0,4,1,GO STRAIGHT,,1,0,13,1,271.2
5781,5781,1927,96.45,96.446,96.35,202.9,114.5,ok,ok,0.0,3,1,ok,ok,0.0,4,1,GO STRAIGHT,,1,0,13,1,271.0
5784,5784,1928,96.5,96.496,96.4,203.0,114.3,ok,ok,0.0,3,1,ok,ok,0.0,4,1,GO STRAIGHT,,1,0,13,1,270.8
5787,5787,1929,96.55,96.547,96.45,203.0,114.0,ok,ok,0.0,3,1,ok,ok,0.0,4,1,GO STRAIGHT,,1,0,13,1,270.6
5790,5790,1930,96.6,96.597,96.5,203.0,113.8,ok,ok,0.0,3,1,ok,ok,0.0,3,1,GO STRAIGHT,,1,0,13,1,270.3
5793,5793,1931,96.65,96.647,96.55,203.1,113.6,ok,ok,0.0,3,1,ok,ok,0.0,3,1,GO STRAIGHT,,1,0,13,1,270.3
5796,5796,1932,96.7,96.697,96.6,203.1,113.4,ok,ok,0.0,3,1,ok,ok,0.0,3,1,GO STRAIGHT,,1,0,13,1,270.0
5799,5799,1933,96.75,96.747,96.65,203.1,113.2,ok,ok,0.0,3,1,ok,ok,0.0,3,1,GO STRAIGHT,,1,0,13,1,269.7
5802,5802,1934,96.8,96.797,96.7,203.1,113.0,ok,ok,0.0,3,1,ok,ok,0.0,3,1,GO STRAIGHT,,1,0,13,1,269.4
5805,5805,1935,96.85,96.847,96.75,203.2,112.7,ok,ok,0.0,3,1,ok,ok,0.0,3,1,GO STRAIGHT,,1,0,13,1,269.1
5808,5808,1936,96.9,96.897,96.8,203.2,112.5,ok,ok,0.0,3,1,ok,ok,0.0,3,1,GO STRAIGHT,,1,0,13,1,268.9
5811,5811,1937,96.95,96.947,96.85,203.2,112.3,ok,ok,0.0,3,1,ok,ok,0.0,3,1,GO STRAIGHT,,1,0,13,1,268.8
5814,5814,1938,97.0,96.997,96.9,203.2,112.1,ok,ok,0.0,3,1,ok,ok,0.0,3,1,GO STRAIGHT,,1,0,13,1,268.8
5817,5817,1939,97.05,97.047,96.95,203.2,111.9,ok,ok,0.0,3,1,ok,ok,0.0,3,1,GO STRAIGHT,,1,0,13,1,268.9
5820,5820,1940,97.1,97.097,97.0,203.3,111.7,ok,ok,0.0,3,1,ok,ok,0.0,3,1,GO STRAIGHT,,1,0,13,1,268.9
5823,5823,1941,97.15,97.147,97.05,203.3,111.5,ok,ok,0.0,3,1,ok,ok,0.0,3,1,GO STRAIGHT,,1,0,13,1,268.8
5826,5826,1942,97.2,97.197,97.1,203.3,111.3,ok,ok,0.0,3,1,ok,ok,0.0,3,1,GO STRAIGHT,,1,0,13,1,268.8
5829,5829,1943,97.25,97.247,97.15,203.3,111.1,ok,ok,0.0,3,1,ok,ok,0.0,3,1,GO STRAIGHT,,1,0,13,1,268.6
5832,5832,1944,97.3,97.297,97.2,203.3,110.8,ok,ok,0.0,3,1,ok,ok,0.0,3,1,GO STRAIGHT,,1,0,13,1,268.7
5835,5835,1945,97.35,97.347,97.25,203.3,110.6,ok,ok,0.0,3,1,ok,ok,0.0,3,1,GO STRAIGHT,,1,0,13,1,269.2
5838,5838,1946,97.4,97.397,97.3,203.3,110.4,ok,ok,0.0,3,1,ok,ok,0.0,3,1,GO STRAIGHT,,1,0,13,1,269.7
5841,5841,1947,97.45,97.447,97.35,203.3,110.2,ok,ok,0.0,3,1,ok,ok,0.0,3,1,GO STRAIGHT,,1,0,13,1,269.9
5844,5844,1948,97.5,97.497,97.4,203.3,110.0,ok,ok,0.0,3,1,ok,ok,0.0,3,1,GO STRAIGHT,,1,0,13,1,269.9
5847,5847,1949,97.55,97.548,97.45,203.3,109.8,ok,ok,0.0,3,1,ok,ok,0.0,3,1,GO STRAIGHT,,1,0,13,1,269.9
5850,5850,1950,97.6,97.598,97.5,203.3,109.6,ok,ok,0.0,3,1,ok,ok,0.0,3,1,GO STRAIGHT,,1,0,13,1,269.7
5853,5853,1951,97.65,97.648,97.55,203.3,109.4,ok,ok,0.0,3,1,ok,ok,0.0,3,1,GO STRAIGHT,,1,0,13,1,269.6
5856,5856,1952,97.7,97.698,97.6,203.3,109.2,ok,ok,0.0,3,1,ok,ok,0.0,3,1,GO STRAIGHT,,1,0,13,1,269.4
5859,5859,1953,97.75,97.748,97.65,203.3,109.0,ok,ok,0.0,3,1,ok,ok,0.0,3,1,GO STRAIGHT,,1,0,13,1,269.1
5862,5862,1954,97.8,97.798,97.7,203.3,108.8,ok,ok,0.0,3,1,ok,ok,0.0,3,1,GO STRAIGHT,,1,0,13,1,268.8
5865,5865,1955,97.85,97.848,97.75,203.3,108.6,ok,ok,0.0,3,1,ok,ok,0.0,3,1,GO STRAIGHT,,1,0,13,1,268.5
5868,5868,1956,97.9,97.898,97.8,203.3,108.4,ok,ok,0.0,3,1,ok,ok,0.0,3,1,GO STRAIGHT,,1,0,13,1,268.4
5871,5871,1957,97.95,97.948,97.85,203.3,108.2,ok,ok,0.0,3,1,ok,ok,0.0,3,1,GO STRAIGHT,,1,0,13,1,268.3
5874,5874,1958,98.0,97.998,97.9,203.3,107.9,ok,ok,0.0,3,1,ok,ok,0.0,3,1,GO STRAIGHT,,1,0,13,1,268.1
5877,5877,1959,98.05,98.048,97.95,203.3,107.7,ok,ok,0.0,3,1,ok,ok,0.0,3,1,GO STRAIGHT,,1,0,13,1,267.9
5880,5880,1960,98.1,98.098,98.0,203.2,107.5,ok,ok,0.0,2,1,ok,ok,0.0,3,1,GO STRAIGHT,,1,0,13,1,267.6
5883,5883,1961,98.15,98.148,98.05,203.2,107.3,ok,ok,0.0,3,1,ok,ok,0.0,3,1,GO STRAIGHT,,1,0,13,1,267.4
5886,5886,1962,98.2,98.198,98.1,203.2,107.1,ok,ok,0.0,3,1,ok,ok,0.0,3,1,GO STRAIGHT,,1,0,13,1,267.2
5889,5889,1963,98.25,98.248,98.15,203.2,106.9,ok,ok,0.0,4,1,ok,ok,0.0,3,1,GO STRAIGHT,,1,0,13,1,267.0
5892,5892,1964,98.3,98.298,98.2,203.2,106.7,ok,ok,0.0,4,1,ok,ok,0.0,3,1,GO STRAIGHT,,1,0,13,1,267.1
5895,5895,1965,98.35,98.348,98.25,203.2,106.5,ok,ok,0.0,4,1,ok,ok,0.0,3,1,GO STRAIGHT,,1,0,13,1,267.3
5898,5898,1966,98.4,98.398,98.3,203.2,106.3,ok,ok,0.0,3,1,ok,ok,0.0,4,1,GO STRAIGHT,,1,0,13,1,267.4
5901,5901,1967,98.45,98.448,98.35,203.1,106.1,ok,ok,0.0,3,1,ok,ok,0.0,4,1,GO STRAIGHT,,1,0,13,1,267.4
5904,5904,1968,98.5,98.498,98.4,203.1,105.8,ok,ok,0.0,3,1,ok,ok,0.0,4,1,GO STRAIGHT,,1,0,13,1,267.4
5907,5907,1969,98.55,98.549,98.45,203.1,105.6,ok,ok,0.0,3,1,ok,ok,0.0,4,1,GO STRAIGHT,,1,0,13,1,267.5
5910,5910,1970,98.6,98.599,98.5,203.1,105.4,ok,ok,0.0,3,1,ok,ok,0.0,4,1,GO STRAIGHT,,1,0,13,1,267.7
5913,5913,1971,98.65,98.649,98.55,203.1,105.2,ok,ok,0.0,3,1,ok,ok,0.0,4,1,GO STRAIGHT,,1,0,13,1,268.0
5916,5916,1972,98.7,98.699,98.6,203.1,105.0,ok,ok,0.0,3,1,ok,ok,0.0,4,1,GO STRAIGHT,,1,0,13,1,268.6
5919,5919,1973,98.75,98.749,98.65,203.1,104.7,ok,ok,0.0,3,1,ok,ok,0.0,4,1,GO STRAIGHT,,1,0,13,1,268.9
5922,5922,1974,98.8,98.799,98.7,203.1,104.5,ok,ok,0.0,3,1,ok,ok,0.0,4,1,GO STRAIGHT,,1,0,13,1,269.2
5925,5925,1975,98.85,98.849,98.75,203.0,104.3,ok,ok,0.0,3,1,ok,ok,0.0,4,1,GO STRAIGHT,,1,0,13,1,269.4
5928,5928,1976,98.9,98.899,98.8,203.0,104.0,ok,ok,0.0,3,1,ok,ok,0.0,4,1,GO STRAIGHT,,1,0,13,1,269.6
5931,5931,1977,98.95,98.949,98.85,203.0,103.8,ok,ok,0.0,3,1,ok,ok,0.0,4,1,GO STRAIGHT,,1,0,13,1,269.6
5934,5934,1978,99.0,98.999,98.9,203.0,103.6,ok,ok,0.0,3,1,ok,ok,0.0,4,1,GO STRAIGHT,,1,0,13,1,269.5
5937,5937,1979,99.05,99.049,98.95,203.0,103.3,ok,ok,0.0,3,1,ok,ok,0.0,4,1,GO STRAIGHT,,1,0,13,1,269.5
5940,5940,1980,99.1,99.099,99.0,203.0,103.1,ok,ok,0.0,3,1,ok,ok,0.0,4,1,GO STRAIGHT,,1,0,13,1,269.6
5943,5943,1981,99.15,99.149,99.05,203.0,102.9,ok,ok,0.0,3,1,ok,ok,0.0,4,1,GO STRAIGHT,,1,0,13,1,269.7
5946,5946,1982,99.2,99.199,99.1,203.0,102.7,ok,ok,0.0,3,1,ok,ok,0.0,3,1,GO STRAIGHT,,1,0,13,1,269.5
5949,5949,1983,99.25,99.249,99.15,203.0,102.4,ok,ok,0.0,3,1,ok,ok,0.0,3,1,GO STRAIGHT,,1,0,13,1,269.4
5952,5952,1984,99.3,99.299,99.2,203.0,102.2,ok,ok,0.0,3,1,ok,ok,0.0,3,1,GO STRAIGHT,,1,0,13,1,269.1
5955,5955,1985,99.35,99.349,99.25,203.0,102.0,ok,ok,0.0,3,1,ok,ok,0.0,3,1,GO STRAIGHT,,1,0,13,1,268.8
5958,5958,1986,99.4,99.399,99.3,203.0,101.7,ok,ok,0.0,3,1,ok,ok,0.0,3,1,GO STRAIGHT,,1,0,13,1,268.6
5961,5961,1987,99.45,99.449,99.35,203.0,101.5,ok,ok,0.0,3,1,ok,ok,0.0,3,1,GO STRAIGHT,,1,0,13,1,268.6
5964,5964,1988,99.5,99.499,99.4,203.0,101.3,ok,ok,0.0,3,1,ok,ok,0.0,3,1,GO STRAIGHT,,1,0,13,1,268.6
5967,5967,1989,99.55,99.55,99.45,203.0,101.1,ok,ok,0.0,3,1,ok,ok,0.0,3,1,GO STRAIGHT,,1,0,13,1,268.3
5970,5970,1990,99.6,99.6,99.5,203.0,100.8,ok,ok,0.0,3,1,ok,ok,0.0,3,1,GO STRAIGHT,,1,0,13,1,268.1
5973,5973,1991,99.65,99.65,99.55,203.0,100.6,ok,ok,0.0,3,1,ok,ok,0.0,3,1,GO STRAIGHT,,1,0,13,1,268.0
5976,5976,1992,99.7,99.7,99.6,203.0,100.4,ok,ok,0.0,3,1,ok,ok,0.0,3,1,GO STRAIGHT,,1,0,13,1,267.9
5979,5979,1993,99.75,99.75,99.65,203.0,100.2,ok,ok,0.0,3,1,ok,ok,0.0,3,1,GO STRAIGHT,,1,0,13,1,268.0
5982,5982,1994,99.8,99.8,99.7,203.0,100.0,ok,ok,0.0,3,1,ok,ok,0.0,3,1,GO STRAIGHT,,1,0,13,1,268.0
5985,5985,1995,99.85,99.85,99.75,203.0,99.8,ok,ok,0.0,3,1,ok,ok,0.0,3,1,GO STRAIGHT,,1,0,13,1,268.1
5988,5988,1996,99.9,99.9,99.8,203.0,99.5,ok,ok,0.0,3,1,ok,ok,0.0,3,1,GO STRAIGHT,,1,0,13,1,268.2
5991,5991,1997,99.95,99.95,99.85,203.0,99.3,ok,ok,0.0,3,1,ok,ok,0.0,3,1,GO STRAIGHT,,1,0,13,1,268.2
5994,5994,1998,100.0,100.0,99.9,203.0,99.1,ok,ok,0.0,3,1,ok,ok,0.0,3,1,GO STRAIGHT,,1,0,13,1,268.3
5997,5997,1999,100.05,100.05,99.95,203.0,98.9,ok,ok,0.0,3,1,ok,ok,0.0,3,1,GO STRAIGHT,,1,0,13,1,268.4
6000,6000,2000,100.1,100.1,100.0,203.0,98.7,ok,ok,0.0,3,1,ok,ok,0.0,3,1,GO STRAIGHT,,1,0,13,1,268.6
6003,6003,2001,100.15,100.15,100.05,203.0,98.5,ok,ok,0.0,3,1,ok,ok,0.0,3,1,GO STRAIGHT,,1,0,13,1,268.7
6006,6006,2002,100.2,100.2,100.1,203.0,98.2,ok,ok,0.0,3,1,ok,ok,0.0,3,1,GO STRAIGHT,,1,0,13,1,268.9
6009,6009,2003,100.25,100.25,100.15,203.0,98.0,ok,ok,0.0,3,1,ok,ok,0.0,3,1,GO STRAIGHT,,1,0,13,1,269.1
6012,6012,2004,100.3,100.3,100.2,203.0,97.8,ok,ok,0.0,3,1,ok,ok,0.0,3,1,GO STRAIGHT,,1,0,13,1,269.3
6015,6015,2005,100.35,100.35,100.25,203.0,97.6,ok,ok,0.0,3,1,ok,ok,0.0,3,1,GO STRAIGHT,,1,0,13,1,269.5
6018,6018,2006,100.4,100.4,100.3,203.0,97.4,ok,ok,0.0,3,1,ok,ok,0.0,3,1,GO STRAIGHT,,1,0,13,1,269.6
6021,6021,2007,100.45,100.45,100.35,203.1,97.2,ok,ok,0.0,3,1,ok,ok,0.0,3,1,GO STRAIGHT,,1,0,13,1,269.7
6024,6024,2008,100.5,100.501,100.4,203.1,97.0,ok,ok,0.0,3,1,ok,ok,0.0,3,1,GO STRAIGHT,,1,0,13,1,269.7
6027,6027,2009,100.55,100.551,100.45,203.1,96.7,ok,ok,0.0,3,1,ok,ok,0.0,3,1,GO STRAIGHT,,1,0,13,1,269.6
6030,6030,2010,100.6,100.601,100.5,203.1,96.5,ok,ok,0.0,3,1,ok,ok,0.0,3,1,GO STRAIGHT,,1,0,13,1,269.4
6033,6033,2011,100.65,100.651,100.55,203.1,96.3,ok,ok,0.0,3,1,ok,ok,0.0,3,1,GO STRAIGHT,,1,0,13,1,269.2
6036,6036,2012,100.7,100.701,100.6,203.2,96.1,ok,ok,0.0,2,1,ok,ok,0.0,3,1,GO STRAIGHT,,1,0,13,1,269.2
6039,6039,2013,100.75,100.751,100.65,203.2,95.9,ok,ok,0.0,2,1,ok,ok,0.0,3,1,GO STRAIGHT,,1,0,13,1,269.1
6042,6042,2014,100.8,100.801,100.7,203.2,95.7,ok,ok,0.0,2,1,ok,ok,0.0,3,1,GO STRAIGHT,,1,0,13,1,269.0
6045,6045,2015,100.85,100.851,100.75,203.2,95.5,ok,ok,0.0,3,1,ok,ok,0.0,3,1,GO STRAIGHT,,1,0,13,1,268.9
6048,6048,2016,100.9,100.901,100.8,203.2,95.3,ok,ok,0.0,3,1,ok,ok,0.0,3,1,GO STRAIGHT,,1,0,13,1,268.7
6051,6051,2017,100.95,100.951,100.85,203.3,95.0,ok,ok,0.0,2,1,ok,ok,0.0,3,1,GO STRAIGHT,,1,0,13,1,268.5
6054,6054,2018,101.0,101.001,100.9,203.3,94.8,ok,ok,0.0,2,1,ok,ok,0.0,3,1,GO STRAIGHT,,1,0,13,1,268.5
6057,6057,2019,101.05,101.051,100.95,203.3,94.6,ok,ok,0.0,2,1,ok,ok,0.0,3,1,GO STRAIGHT,,1,0,13,1,268.5
6060,6060,2020,101.1,101.101,101.0,203.3,94.4,ok,ok,0.0,2,1,ok,ok,0.0,3,1,GO STRAIGHT,,1,0,13,1,268.4
6063,6063,2021,101.15,101.151,101.05,203.3,94.2,ok,ok,0.0,2,1,ok,ok,0.0,3,1,GO STRAIGHT,,1,0,13,1,268.3
6066,6066,2022,101.2,101.201,101.1,203.3,94.0,ok,ok,0.0,2,1,ok,ok,0.0,3,1,GO STRAIGHT,,1,0,13,1,268.1
6069,6069,2023,101.25,101.251,101.15,203.4,93.7,ok,ok,0.0,2,1,ok,ok,0.0,3,1,GO STRAIGHT,,1,0,13,1,268.1
6072,6072,2024,101.3,101.301,101.2,203.4,93.5,ok,ok,0.0,2,1,ok,ok,0.0,3,1,GO STRAIGHT,,1,0,13,1,268.1
6075,6075,2025,101.35,101.351,101.25,203.4,93.3,ok,ok,0.0,2,1,ok,ok,0.0,3,1,GO STRAIGHT,,1,0,13,1,268.4
6078,6078,2026,101.4,101.401,101.3,203.4,93.1,ok,ok,0.0,2,1,ok,ok,0.0,3,1,GO STRAIGHT,,1,0,13,1,268.8
6081,6081,2027,101.45,101.451,101.35,203.4,92.8,ok,ok,0.0,2,1,ok,ok,0.0,3,1,GO STRAIGHT,,1,0,13,1,269.0
6084,6084,2028,101.5,101.502,101.4,203.4,92.7,ok,ok,0.0,2,1,ok,ok,0.0,3,1,GO STRAIGHT,,1,0,13,1,269.4
6087,6087,2029,101.55,101.552,101.45,203.4,92.4,ok,ok,0.0,2,1,ok,ok,0.0,3,1,GO STRAIGHT,,1,0,13,1,269.6
6090,6090,2030,101.6,101.602,101.5,203.4,92.2,ok,ok,0.0,2,1,ok,ok,0.0,3,1,GO STRAIGHT,,1,0,13,1,269.8
6093,6093,2031,101.65,101.652,101.55,203.4,92.0,ok,ok,0.0,2,1,ok,ok,0.0,3,1,GO STRAIGHT,,1,0,13,1,269.9
6096,6096,2032,101.7,101.702,101.6,203.4,91.8,ok,ok,0.0,2,1,ok,ok,0.0,3,1,GO STRAIGHT,,1,0,13,1,269.9
6099,6099,2033,101.75,101.752,101.65,203.4,91.6,ok,ok,0.0,2,1,ok,ok,0.0,3,1,GO STRAIGHT,,1,0,13,1,269.8
6102,6102,2034,101.8,101.802,101.7,203.4,91.4,ok,ok,0.0,2,1,ok,ok,0.0,3,1,GO STRAIGHT,,1,0,13,1,269.6
6105,6105,2035,101.85,101.852,101.75,203.4,91.2,ok,ok,0.0,2,1,ok,ok,0.0,3,1,GO STRAIGHT,,1,0,13,1,269.5
6108,6108,2036,101.9,101.902,101.8,203.4,90.9,ok,ok,0.0,2,1,ok,ok,0.0,3,1,GO STRAIGHT,,1,0,13,1,269.3
6111,6111,2037,101.95,101.952,101.85,203.4,90.7,ok,ok,0.0,2,1,ok,ok,0.0,3,1,GO STRAIGHT,,1,0,13,1,269.2
6114,6114,2038,102.0,102.002,101.9,203.4,90.5,ok,ok,0.0,2,1,ok,ok,0.0,3,1,GO STRAIGHT,,1,0,13,1,269.3
6117,6117,2039,102.05,102.052,101.95,203.4,90.3,ok,ok,0.0,2,1,ok,ok,0.0,2,1,GO STRAIGHT,,1,0,13,1,269.2
6120,6120,2040,102.1,102.102,102.0,203.4,90.1,ok,ok,0.0,2,1,ok,ok,0.0,2,1,GO STRAIGHT,,1,0,13,1,269.2
6123,6123,2041,102.15,102.152,102.05,203.4,89.9,ok,ok,0.0,2,1,ok,ok,0.0,2,1,GO STRAIGHT,,1,0,13,1,269.3
6126,6126,2042,102.2,102.202,102.1,203.4,89.7,ok,ok,0.0,2,1,ok,ok,0.0,2,1,GO STRAIGHT,,1,0,13,1,269.1
6129,6129,2043,102.25,102.252,102.15,203.4,89.5,ok,ok,0.0,2,1,ok,ok,0.0,2,1,GO STRAIGHT,,1,0,13,1,268.9
6132,6132,2044,102.3,102.302,102.2,203.4,89.2,ok,ok,0.0,2,1,ok,ok,0.0,2,1,GO STRAIGHT,,1,0,13,1,268.6
6135,6135,2045,102.35,102.352,102.25,203.4,89.0,ok,ok,0.0,2,1,ok,ok,0.0,2,1,GO STRAIGHT,,1,0,13,1,268.4
6138,6138,2046,102.4,102.402,102.3,203.4,88.8,ok,ok,0.0,2,1,ok,ok,0.0,2,1,GO STRAIGHT,,1,0,13,1,268.3
6141,6141,2047,102.45,102.452,102.35,203.4,88.6,ok,ok,0.0,2,1,ok,ok,0.0,2,1,GO STRAIGHT,,1,0,13,1,268.3
6144,6144,2048,102.5,102.503,102.4,203.4,88.4,ok,ok,0.0,2,1,ok,ok,0.0,2,1,GO STRAIGHT,,1,0,13,1,268.1
6147,6147,2049,102.55,102.553,102.45,203.4,88.2,ok,ok,0.0,2,1,ok,ok,0.0,2,1,GO STRAIGHT,,1,0,13,1,268.2
6150,6150,2050,102.6,102.603,102.5,203.4,88.0,ok,ok,0.0,2,1,ok,ok,0.0,2,1,GO STRAIGHT,,1,0,13,1,268.3
6153,6153,2051,102.65,102.653,102.55,203.4,87.8,ok,ok,0.0,2,1,ok,ok,0.0,2,1,GO STRAIGHT,,1,0,13,1,268.5
6156,6156,2052,102.7,102.703,102.6,203.3,87.6,ok,ok,0.0,2,1,ok,ok,0.0,2,1,GO STRAIGHT,,1,0,13,1,268.8
6159,6159,2053,102.75,102.753,102.65,203.3,87.4,ok,ok,0.0,2,1,ok,ok,0.0,2,1,GO STRAIGHT,,1,0,13,1,269.2
6162,6162,2054,102.8,102.803,102.7,203.3,87.2,ok,ok,0.0,2,1,ok,ok,0.0,2,1,GO STRAIGHT,,1,0,13,1,269.5
6165,6165,2055,102.85,102.853,102.75,203.3,87.0,ok,ok,0.0,2,1,ok,ok,0.0,2,1,GO STRAIGHT,,1,0,13,1,269.8
6168,6168,2056,102.9,102.903,102.8,203.3,86.8,ok,ok,0.0,2,1,ok,ok,0.0,2,1,GO STRAIGHT,,1,0,13,1,269.9
6171,6171,2057,102.95,102.953,102.85,203.3,86.6,ok,ok,0.0,2,1,ok,ok,0.0,2,1,GO STRAIGHT,,1,0,13,1,270.1
6174,6174,2058,103.0,103.003,102.9,203.2,86.4,ok,ok,0.0,2,1,ok,ok,0.0,2,1,GO STRAIGHT,,1,0,13,1,270.1
6177,6177,2059,103.05,103.053,102.95,203.2,86.2,ok,ok,0.0,2,1,ok,ok,0.0,2,1,GO STRAIGHT,,1,0,13,1,270.1
6180,6180,2060,103.1,103.103,103.0,203.2,86.0,ok,ok,0.0,2,1,ok,ok,0.0,2,1,GO STRAIGHT,,1,0,13,1,270.1
6183,6183,2061,103.15,103.153,103.05,203.2,85.8,ok,ok,0.0,2,1,ok,ok,0.0,2,1,GO STRAIGHT,,1,0,13,1,270.0
6186,6186,2062,103.2,103.203,103.1,203.2,85.5,ok,ok,0.0,2,1,ok,ok,0.0,2,1,GO STRAIGHT,,1,0,13,1,269.8
6189,6189,2063,103.25,103.253,103.15,203.2,85.3,ok,ok,0.0,2,1,ok,ok,0.0,2,1,GO STRAIGHT,,1,0,13,1,269.7
6192,6192,2064,103.3,103.303,103.2,203.1,85.1,ok,ok,0.0,2,1,ok,ok,0.0,2,1,GO STRAIGHT,,1,0,13,1,269.7
6195,6195,2065,103.35,103.353,103.25,203.1,84.9,hold_drawn_off_screen,drawn_off_screen,0.05,2,1,ok,ok,0.0,2,1,GO STRAIGHT,,1,0,13,1,269.6
6198,6198,2066,103.4,103.403,103.3,203.1,84.7,hold_drawn_off_screen,drawn_off_screen,0.1,2,1,ok,ok,0.0,2,1,GO STRAIGHT,,1,0,13,1,269.4
6201,6201,2067,103.45,103.453,103.35,203.1,84.5,hold_drawn_off_screen,drawn_off_screen,0.15,2,1,ok,ok,0.0,2,1,GO STRAIGHT,,1,0,13,1,269.3
6204,6204,2068,103.5,103.504,103.4,203.1,84.3,hold_drawn_off_screen,drawn_off_screen,0.2,2,1,ok,ok,0.0,2,1,GO STRAIGHT,,1,0,13,1,269.5
6207,6207,2069,103.55,103.554,103.45,203.1,84.1,hold_drawn_off_screen,drawn_off_screen,0.25,2,1,ok,ok,0.0,2,1,GO STRAIGHT,,1,0,13,1,269.4
6210,6210,2070,103.6,103.604,103.5,203.1,83.9,hold_drawn_off_screen,drawn_off_screen,0.3,2,1,ok,ok,0.0,2,1,GO STRAIGHT,,1,0,13,1,269.4
6213,6213,2071,103.65,103.654,103.55,203.1,83.7,hold_drawn_off_screen,drawn_off_screen,0.35,2,1,ok,ok,0.0,2,1,GO STRAIGHT,,1,0,13,1,269.3
6216,6216,2072,103.7,103.704,103.6,203.1,83.4,hold_drawn_off_screen,drawn_off_screen,0.4,2,1,ok,ok,0.0,2,1,GO STRAIGHT,,1,0,13,1,269.3
6219,6219,2073,103.75,103.754,103.65,203.1,83.2,hold_drawn_off_screen,drawn_off_screen,0.45,2,1,ok,ok,0.0,2,1,GO STRAIGHT,,1,0,13,1,269.4
6222,6222,2074,103.8,103.804,103.7,203.0,83.0,hold_drawn_off_screen,drawn_off_screen,0.501,2,1,ok,ok,0.0,2,1,GO STRAIGHT,,1,0,13,1,269.4
6225,6225,2075,103.85,103.854,103.75,203.0,82.8,hold_drawn_off_screen,drawn_off_screen,0.551,2,1,ok,ok,0.0,2,1,GO STRAIGHT,,1,0,13,1,269.5
6228,6228,2076,103.9,103.904,103.8,203.0,82.6,hold_drawn_off_screen,drawn_off_screen,0.601,2,1,ok,ok,0.0,2,1,GO STRAIGHT,,1,0,13,1,269.5
6231,6231,2077,103.95,103.954,103.85,203.0,82.5,hold_drawn_off_screen,drawn_off_screen,0.651,2,1,ok,ok,0.0,2,1,GO STRAIGHT,,1,0,13,1,269.6
6234,6234,2078,104.0,104.004,103.9,203.0,82.3,hold_drawn_off_screen,drawn_off_screen,0.701,2,1,ok,ok,0.0,2,1,GO STRAIGHT,,1,0,13,1,269.8
6237,6237,2079,104.05,104.054,103.95,203.0,82.1,hold_drawn_off_screen,drawn_off_screen,0.751,2,1,ok,ok,0.0,2,1,GO STRAIGHT,,1,0,13,1,270.0
6240,6240,2080,104.1,104.104,104.0,202.9,81.9,hold_drawn_off_screen,drawn_off_screen,0.801,2,1,ok,ok,0.0,2,1,GO STRAIGHT,,1,0,13,1,270.1
6243,6243,2081,104.15,104.154,104.05,202.9,81.7,hold_drawn_off_screen,drawn_off_screen,0.851,2,1,ok,ok,0.0,2,1,GO STRAIGHT,,1,0,13,1,270.2
6246,6246,2082,104.2,104.204,104.1,202.9,81.5,hold_drawn_off_screen,drawn_off_screen,0.901,2,1,ok,ok,0.0,2,1,GO STRAIGHT,,1,0,13,1,270.4
6249,6249,2083,104.25,104.254,104.15,202.9,81.3,hold_drawn_off_screen,drawn_off_screen,0.951,2,1,ok,ok,0.0,2,1,GO STRAIGHT,,1,0,13,1,270.6
6252,6252,2084,104.3,104.304,104.2,202.9,81.1,hold_drawn_off_screen,drawn_off_screen,1.001,2,1,ok,ok,0.0,2,1,GO STRAIGHT,,1,0,13,1,270.9
6255,6255,2085,104.35,104.354,104.25,202.8,80.9,hold_drawn_off_screen,drawn_off_screen,1.051,2,1,ok,ok,0.0,2,1,GO STRAIGHT,,1,0,13,1,271.1
6258,6258,2086,104.4,104.404,104.3,202.8,80.7,hold_drawn_off_screen,drawn_off_screen,1.101,2,1,ok,ok,0.0,2,1,GO STRAIGHT,,1,0,13,1,271.2
6261,6261,2087,104.45,104.454,104.35,202.8,80.5,hold_drawn_off_screen,drawn_off_screen,1.151,2,1,ok,ok,0.0,2,1,GO STRAIGHT,,1,0,13,1,271.2
6264,6264,2088,104.5,104.505,104.4,202.8,80.3,hold_drawn_off_screen,drawn_off_screen,1.201,2,1,ok,ok,0.0,2,1,GO STRAIGHT,,1,0,13,1,271.2
6267,6267,2089,104.55,104.555,104.45,202.8,80.1,hold_drawn_off_screen,drawn_off_screen,1.251,2,1,ok,ok,0.0,2,1,GO STRAIGHT,,1,0,13,1,271.0
6270,6270,2090,104.6,104.605,104.5,202.8,79.9,hold_drawn_off_screen,drawn_off_screen,1.301,2,1,ok,ok,0.0,2,1,GO STRAIGHT,,1,0,13,1,270.8
6273,6273,2091,104.65,104.655,104.55,202.7,79.7,hold_drawn_off_screen,drawn_off_screen,1.351,2,1,ok,ok,0.0,2,1,GO STRAIGHT,,1,0,13,1,270.6
6276,6276,2092,104.7,104.705,104.6,202.7,79.4,hold_drawn_off_screen,drawn_off_screen,1.401,2,1,ok,ok,0.0,2,1,GO STRAIGHT,,1,0,13,1,270.4
6279,6279,2093,104.75,104.755,104.65,202.7,79.2,hold_drawn_off_screen,drawn_off_screen,1.451,2,1,ok,ok,0.0,2,1,GO STRAIGHT,,1,0,13,1,270.1
6282,6282,2094,104.8,104.805,104.7,202.7,79.0,hold_drawn_off_screen,drawn_off_screen,1.502,2,1,ok,ok,0.0,2,1,GO STRAIGHT,,1,0,13,1,269.7
6285,6285,2095,104.85,104.855,104.75,202.7,78.8,hold_drawn_off_screen,drawn_off_screen,1.552,2,1,ok,ok,0.0,2,1,GO STRAIGHT,,1,0,13,1,269.3
6288,6288,2096,104.9,104.905,104.8,202.7,78.6,hold_drawn_off_screen,drawn_off_screen,1.602,2,1,ok,ok,0.0,1,1,GO STRAIGHT,,1,0,13,1,269.0
6291,6291,2097,104.95,104.955,104.85,202.7,78.4,hold_drawn_off_screen,drawn_off_screen,1.652,2,1,ok,ok,0.0,1,1,GO STRAIGHT,,1,0,13,1,268.8
6294,6294,2098,105.01,105.005,104.9,202.7,78.1,hold_drawn_off_screen,drawn_off_screen,1.702,2,1,ok,ok,0.0,1,1,GO STRAIGHT,,1,0,13,1,268.6
6297,6297,2099,105.06,105.055,104.95,202.7,77.9,hold_drawn_off_screen,drawn_off_screen,1.752,2,1,ok,ok,0.0,1,1,GO STRAIGHT,,1,0,13,1,268.4
6300,6300,2100,105.11,105.105,105.0,202.7,77.7,hold_drawn_off_screen,drawn_off_screen,1.802,2,1,ok,ok,0.0,1,1,GO STRAIGHT,,1,0,13,1,268.3
6303,6303,2101,105.16,105.155,105.05,202.6,77.5,hold_drawn_off_screen,drawn_off_screen,1.852,2,1,ok,ok,0.0,1,1,GO STRAIGHT,,1,0,13,1,268.3
6306,6306,2102,105.21,105.205,105.1,202.6,77.3,hold_drawn_off_screen,drawn_off_screen,1.902,2,1,ok,ok,0.0,1,1,GO STRAIGHT,,1,0,13,1,268.3
6309,6309,2103,105.26,105.255,105.15,202.6,77.1,hold_drawn_off_screen,drawn_off_screen,1.952,2,1,ok,ok,0.0,1,1,GO STRAIGHT,,1,0,13,1,268.5
6312,6312,2104,105.31,105.305,105.2,202.6,76.9,hold_drawn_off_screen,drawn_off_screen,2.002,2,1,ok,ok,0.0,1,1,GO STRAIGHT,,1,0,13,1,268.5
6315,6315,2105,105.36,105.355,105.25,202.6,76.7,hold_drawn_off_screen,drawn_off_screen,2.052,2,1,ok,ok,0.0,1,1,GO STRAIGHT,,1,0,13,1,268.7
6318,6318,2106,105.41,105.405,105.3,202.5,76.5,hold_drawn_off_screen,drawn_off_screen,2.102,2,1,ok,ok,0.0,1,1,GO STRAIGHT,,1,0,13,1,268.8
6321,6321,2107,105.46,105.455,105.35,202.5,76.3,hold_drawn_off_screen,drawn_off_screen,2.152,2,1,ok,ok,0.0,1,1,GO STRAIGHT,,1,0,13,1,268.8
6324,6324,2108,105.51,105.506,105.4,202.5,76.1,hold_drawn_off_screen,drawn_off_screen,2.202,2,1,ok,ok,0.0,1,1,GO STRAIGHT,,1,0,13,1,268.8
6327,6327,2109,105.56,105.556,105.45,202.5,75.9,hold_drawn_off_screen,drawn_off_screen,2.252,2,1,ok,ok,0.0,1,1,GO STRAIGHT,,1,0,13,1,268.7
6330,6330,2110,105.61,105.606,105.5,202.4,75.7,hold_drawn_off_screen,drawn_off_screen,2.302,2,1,ok,ok,0.0,1,1,GO STRAIGHT,,1,0,13,1,268.9
6333,6333,2111,105.66,105.656,105.55,202.4,75.5,hold_drawn_off_screen,drawn_off_screen,2.352,2,1,ok,ok,0.0,1,1,GO STRAIGHT,,1,0,13,1,269.2
6336,6336,2112,105.71,105.706,105.6,202.4,75.3,hold_drawn_off_screen,drawn_off_screen,2.402,2,1,ok,ok,0.0,1,1,GO STRAIGHT,,1,0,13,1,269.6
6339,6339,2113,105.76,105.756,105.65,202.4,75.1,hold_drawn_off_screen,drawn_off_screen,2.452,2,1,ok,ok,0.0,1,1,GO STRAIGHT,,1,0,13,1,270.0
6342,6342,2114,105.81,105.806,105.7,202.7,75.5,hold_drawn_off_screen,drawn_off_screen,2.503,2,1,ok,ok,0.0,1,1,GO STRAIGHT,,1,0,13,1,269.5
6345,6345,2115,105.86,105.856,105.75,202.9,75.8,hold_drawn_off_screen,drawn_off_screen,2.553,2,1,ok,ok,0.0,1,1,GO STRAIGHT,,1,0,13,1,269.4
6348,6348,2116,105.91,105.906,105.8,203.1,76.0,hold_drawn_off_screen,drawn_off_screen,2.603,2,1,ok,ok,0.0,1,1,GO STRAIGHT,,1,0,13,1,269.3
6351,6351,2117,105.96,105.956,105.85,203.3,76.1,hold_drawn_off_screen,drawn_off_screen,2.653,2,1,ok,ok,0.0,1,1,GO STRAIGHT,,1,0,13,1,269.3
6354,6354,2118,106.01,106.006,105.9,203.4,76.2,hold_drawn_off_screen,drawn_off_screen,2.703,2,1,ok,ok,0.0,1,1,GO STRAIGHT,,1,0,13,1,269.4
6357,6357,2119,106.06,106.056,105.95,203.5,76.2,hold_drawn_off_screen,drawn_off_screen,2.753,2,1,ok,ok,0.0,2,1,GO STRAIGHT,,1,0,13,1,269.6
6360,6360,2120,106.11,106.106,106.0,203.6,76.2,hold_drawn_off_screen,drawn_off_screen,2.803,2,1,ok,ok,0.0,1,1,GO STRAIGHT,,1,0,13,1,269.8
6363,6363,2121,106.16,106.156,106.05,203.7,76.2,hold_drawn_off_screen,drawn_off_screen,2.853,2,1,ok,ok,0.0,1,1,GO STRAIGHT,,1,0,13,1,270.0
6366,6366,2122,106.21,106.206,106.1,203.7,76.1,hold_drawn_off_screen,drawn_off_screen,2.903,2,1,ok,ok,0.0,1,1,GO STRAIGHT,,1,0,13,1,270.4
6369,6369,2123,106.26,106.256,106.15,203.8,76.0,hold_drawn_off_screen,drawn_off_screen,2.953,2,1,ok,ok,0.0,1,1,GO STRAIGHT,,1,0,13,1,270.6
6372,6372,2124,106.31,106.306,106.2,203.8,75.9,drawn_off_screen,drawn_off_screen,,0,0,ok,ok,0.0,1,1,GO STRAIGHT,,1,0,13,1,270.7
6375,6375,2125,106.36,106.356,106.25,203.8,75.7,drawn_off_screen,drawn_off_screen,,0,0,ok,ok,0.0,1,1,GO STRAIGHT,,1,0,13,1,270.8
6378,6378,2126,106.41,106.406,106.3,203.9,75.6,drawn_off_screen,drawn_off_screen,,0,0,ok,ok,0.0,1,1,GO STRAIGHT,,1,0,13,1,270.9
6381,6381,2127,106.46,106.456,106.35,203.9,75.4,drawn_off_screen,drawn_off_screen,,0,0,ok,ok,0.0,1,1,GO STRAIGHT,,1,0,13,1,271.0
6384,6384,2128,106.51,106.507,106.4,203.9,75.3,drawn_off_screen,drawn_off_screen,,0,0,ok,ok,0.0,1,1,GO STRAIGHT,,1,0,13,1,271.0
6387,6387,2129,106.56,106.557,106.45,203.9,75.1,drawn_off_screen,drawn_off_screen,,0,0,ok,ok,0.0,1,1,GO STRAIGHT,,1,0,13,1,271.1
6390,6390,2130,106.61,106.607,106.5,203.9,74.9,drawn_off_screen,drawn_off_screen,,0,0,ok,ok,0.0,1,1,GO STRAIGHT,,1,0,13,1,270.9
6393,6393,2131,106.66,106.657,106.55,203.9,74.7,drawn_off_screen,drawn_off_screen,,0,0,ok,ok,0.0,1,1,GO STRAIGHT,,1,0,13,1,270.5
6396,6396,2132,106.71,106.707,106.6,203.9,74.5,drawn_off_screen,drawn_off_screen,,0,0,ok,ok,0.0,1,1,GO STRAIGHT,,1,0,13,1,269.8
6399,6399,2133,106.76,106.757,106.65,203.9,74.3,drawn_off_screen,drawn_off_screen,,0,0,ok,ok,0.0,1,1,GO STRAIGHT,,1,0,13,1,269.5
6402,6402,2134,106.81,106.807,106.7,203.9,74.1,drawn_off_screen,drawn_off_screen,,0,0,ok,ok,0.0,1,1,GO STRAIGHT,,1,0,13,1,269.2
6405,6405,2135,106.86,106.857,106.75,203.9,73.9,drawn_off_screen,drawn_off_screen,,0,0,ok,ok,0.0,1,1,GO STRAIGHT,,1,0,13,1,269.0
6408,6408,2136,106.91,106.907,106.8,203.9,73.7,drawn_off_screen,drawn_off_screen,,0,0,ok,ok,0.0,1,1,GO STRAIGHT,,1,0,13,1,268.7
6411,6411,2137,106.96,106.957,106.85,203.9,73.5,drawn_off_screen,drawn_off_screen,,0,0,ok,ok,0.0,1,1,GO STRAIGHT,,1,0,13,1,268.4
6414,6414,2138,107.01,107.007,106.9,203.9,73.3,drawn_off_screen,drawn_off_screen,,0,0,ok,ok,0.0,1,1,GO STRAIGHT,,1,0,13,1,268.2
6417,6417,2139,107.06,107.057,106.95,203.8,73.1,drawn_off_screen,drawn_off_screen,,0,0,ok,ok,0.0,1,1,GO STRAIGHT,,1,0,13,1,268.1
6420,6420,2140,107.11,107.107,107.0,203.8,72.9,drawn_off_screen,drawn_off_screen,,0,0,ok,ok,0.0,1,1,GO STRAIGHT,,1,0,13,1,268.1
6423,6423,2141,107.16,107.157,107.05,203.8,72.7,drawn_off_screen,drawn_off_screen,,0,0,ok,ok,0.0,1,1,GO STRAIGHT,,1,0,13,1,268.0
6426,6426,2142,107.21,107.207,107.1,203.8,72.5,drawn_off_screen,drawn_off_screen,,0,0,ok,ok,0.0,1,1,GO STRAIGHT,,1,0,13,1,268.2
6429,6429,2143,107.26,107.257,107.15,203.8,72.3,drawn_off_screen,drawn_off_screen,,0,0,ok,ok,0.0,1,1,GO STRAIGHT,,1,0,13,1,268.4
6432,6432,2144,107.31,107.307,107.2,203.8,72.1,drawn_off_screen,drawn_off_screen,,0,0,ok,ok,0.0,1,1,GO STRAIGHT,,1,0,13,1,268.6
6435,6435,2145,107.36,107.357,107.25,203.8,71.9,drawn_off_screen,drawn_off_screen,,0,0,ok,ok,0.0,1,1,GO STRAIGHT,,1,0,13,1,268.8
6438,6438,2146,107.41,107.407,107.3,203.8,71.7,drawn_off_screen,drawn_off_screen,,0,0,ok,ok,0.0,1,1,GO STRAIGHT,,1,0,13,1,269.0
6441,6441,2147,107.46,107.457,107.35,203.7,71.6,drawn_off_screen,drawn_off_screen,,0,0,ok,ok,0.0,1,1,GO STRAIGHT,,1,0,13,1,269.2
6444,6444,2148,107.51,107.508,107.4,203.7,71.4,drawn_off_screen,drawn_off_screen,,0,0,ok,ok,0.0,1,1,GO STRAIGHT,,1,0,13,1,269.4
6447,6447,2149,107.56,107.558,107.45,203.7,71.2,drawn_off_screen,drawn_off_screen,,0,0,ok,ok,0.0,1,1,GO STRAIGHT,,1,0,13,1,269.5
6450,6450,2150,107.61,107.608,107.5,203.7,71.0,drawn_off_screen,drawn_off_screen,,0,0,ok,ok,0.0,1,1,GO STRAIGHT,,1,0,13,1,269.5
6453,6453,2151,107.66,107.658,107.55,203.6,70.8,drawn_off_screen,drawn_off_screen,,0,0,ok,ok,0.0,1,1,GO STRAIGHT,,1,0,13,1,269.5
6456,6456,2152,107.71,107.708,107.6,203.6,70.6,drawn_off_screen,drawn_off_screen,,0,0,ok,ok,0.0,1,1,GO STRAIGHT,,1,0,13,1,269.4
6459,6459,2153,107.76,107.758,107.65,203.6,70.4,drawn_off_screen,drawn_off_screen,,0,0,ok,ok,0.0,1,1,GO STRAIGHT,,1,0,13,1,269.3
6462,6462,2154,107.81,107.808,107.7,203.6,70.2,drawn_off_screen,drawn_off_screen,,0,0,ok,ok,0.0,1,1,GO STRAIGHT,,1,0,13,1,269.3
6465,6465,2155,107.86,107.858,107.75,203.6,70.0,drawn_off_screen,drawn_off_screen,,0,0,ok,ok,0.0,1,1,GO STRAIGHT,,1,0,13,1,269.3
6468,6468,2156,107.91,107.908,107.8,203.6,69.8,drawn_off_screen,drawn_off_screen,,0,0,ok,ok,0.0,1,1,GO STRAIGHT,,1,0,13,1,269.0
6471,6471,2157,107.96,107.958,107.85,203.6,69.6,drawn_off_screen,drawn_off_screen,,0,0,ok,ok,0.0,1,1,GO STRAIGHT,,1,0,13,1,268.8
6474,6474,2158,108.01,108.008,107.9,203.6,69.4,drawn_off_screen,drawn_off_screen,,0,0,ok,ok,0.0,1,1,GO STRAIGHT,,1,0,13,1,268.6
6477,6477,2159,108.06,108.058,107.95,203.6,69.2,drawn_off_screen,drawn_off_screen,,0,0,ok,ok,0.0,1,1,GO STRAIGHT,,1,0,13,1,268.4
6480,6480,2160,108.11,108.108,108.0,203.6,69.0,drawn_off_screen,drawn_off_screen,,0,0,ok,ok,0.0,1,1,GO STRAIGHT,,1,0,13,1,268.0
6483,6483,2161,108.16,108.158,108.05,203.6,68.8,floor_not_visible,floor_not_visible,,0,0,ok,ok,0.0,1,1,GO STRAIGHT,,1,0,13,1,267.5
6486,6486,2162,108.21,108.208,108.1,203.6,68.6,floor_not_visible,floor_not_visible,,0,0,ok,ok,0.0,1,1,GO STRAIGHT,,1,0,13,1,267.1
6489,6489,2163,108.26,108.258,108.15,203.6,68.4,floor_not_visible,floor_not_visible,,0,0,ok,ok,0.0,1,1,GO STRAIGHT,,1,0,13,1,266.8
6492,6492,2164,108.31,108.308,108.2,203.5,68.2,floor_not_visible,floor_not_visible,,0,0,ok,ok,0.0,1,1,GO STRAIGHT,,1,0,13,1,266.8
6495,6495,2165,108.36,108.358,108.25,203.5,68.0,floor_not_visible,floor_not_visible,,0,0,ok,ok,0.0,1,1,GO STRAIGHT,,1,0,13,1,266.6
6498,6498,2166,108.41,108.408,108.3,203.5,67.8,floor_not_visible,floor_not_visible,,0,0,ok,ok,0.0,1,1,GO STRAIGHT,,1,0,13,1,266.4
6501,6501,2167,108.46,108.458,108.35,203.5,67.6,floor_not_visible,floor_not_visible,,0,0,ok,ok,0.0,1,1,GO STRAIGHT,,1,0,13,1,266.2
6504,6504,2168,108.51,108.509,108.4,203.5,67.5,floor_not_visible,floor_not_visible,,0,0,ok,ok,0.0,1,1,GO STRAIGHT,,1,0,13,1,266.2
6507,6507,2169,108.56,108.559,108.45,203.5,67.3,floor_not_visible,floor_not_visible,,0,0,ok,ok,0.0,1,1,GO STRAIGHT,,1,0,13,1,266.2
6510,6510,2170,108.61,108.609,108.5,203.5,67.1,floor_not_visible,floor_not_visible,,0,0,ok,ok,0.0,1,1,GO STRAIGHT,,1,0,13,1,266.3
6513,6513,2171,108.66,108.659,108.55,203.5,66.9,floor_not_visible,floor_not_visible,,0,0,ok,ok,0.0,1,1,GO STRAIGHT,,1,0,13,1,266.3
6516,6516,2172,108.71,108.709,108.6,203.4,66.7,floor_not_visible,floor_not_visible,,0,0,ok,ok,0.0,1,1,GO STRAIGHT,,1,0,13,1,266.5
6519,6519,2173,108.76,108.759,108.65,203.4,66.5,floor_not_visible,floor_not_visible,,0,0,ok,ok,0.0,1,1,GO STRAIGHT,,1,0,13,1,266.6
6522,6522,2174,108.81,108.809,108.7,203.4,66.3,floor_not_visible,floor_not_visible,,0,0,ok,ok,0.0,1,1,GO STRAIGHT,,1,0,13,1,266.7
6525,6525,2175,108.86,108.859,108.75,203.4,66.1,floor_not_visible,floor_not_visible,,0,0,ok,ok,0.0,1,1,GO STRAIGHT,,1,0,13,1,266.7
6528,6528,2176,108.91,108.909,108.8,203.3,65.9,floor_not_visible,floor_not_visible,,0,0,ok,ok,0.0,1,1,GO STRAIGHT,,1,0,13,1,266.9
6531,6531,2177,108.96,108.959,108.85,203.3,65.7,floor_not_visible,floor_not_visible,,0,0,ok,ok,0.0,1,1,GO STRAIGHT,,1,0,13,1,266.8
6534,6534,2178,109.01,109.009,108.9,203.3,65.6,floor_not_visible,floor_not_visible,,0,0,ok,ok,0.0,1,1,GO STRAIGHT,,1,0,13,1,266.9
6537,6537,2179,109.06,109.059,108.95,203.3,65.4,floor_not_visible,floor_not_visible,,0,0,ok,ok,0.0,1,1,GO STRAIGHT,,1,0,13,1,267.1
6540,6540,2180,109.11,109.109,109.0,203.3,65.2,floor_not_visible,floor_not_visible,,0,0,ok,ok,0.0,1,1,GO STRAIGHT,,1,0,13,1,267.5
6543,6543,2181,109.16,109.159,109.05,203.2,65.0,floor_not_visible,floor_not_visible,,0,0,ok,ok,0.0,0,1,GO STRAIGHT,,1,0,13,1,267.8
6546,6546,2182,109.21,109.209,109.1,203.2,64.8,floor_not_visible,floor_not_visible,,0,0,ok,ok,0.0,0,1,GO STRAIGHT,,1,0,13,1,267.8
6549,6549,2183,109.26,109.259,109.15,203.2,64.6,floor_not_visible,floor_not_visible,,0,0,ok,ok,0.0,0,1,GO STRAIGHT,,1,0,13,1,267.7
6552,6552,2184,109.31,109.309,109.2,203.2,64.4,floor_not_visible,floor_not_visible,,0,0,ok,ok,0.0,0,1,GO STRAIGHT,,1,0,13,1,267.8
6555,6555,2185,109.36,109.359,109.25,203.2,64.2,floor_not_visible,floor_not_visible,,0,0,ok,ok,0.0,0,1,GO STRAIGHT,,1,0,13,1,267.9
6558,6558,2186,109.41,109.409,109.3,203.2,64.0,floor_not_visible,floor_not_visible,,0,0,ok,ok,0.0,0,1,GO STRAIGHT,,1,0,13,1,267.9
6561,6561,2187,109.46,109.459,109.35,203.1,63.8,floor_not_visible,floor_not_visible,,0,0,ok,ok,0.0,0,1,GO STRAIGHT,,1,0,13,1,268.0
6564,6564,2188,109.51,109.51,109.4,203.1,63.6,floor_not_visible,floor_not_visible,,0,0,ok,ok,0.0,0,1,GO STRAIGHT,,1,0,13,1,268.0
6567,6567,2189,109.56,109.56,109.45,203.1,63.4,floor_not_visible,floor_not_visible,,0,0,ok,ok,0.0,0,1,GO STRAIGHT,,1,0,13,1,267.9
6570,6570,2190,109.61,109.61,109.5,203.1,63.2,floor_not_visible,floor_not_visible,,0,0,hold_no_anchors,no_anchors,0.05,0,1,GO STRAIGHT,,1,0,13,1,267.7
6573,6573,2191,109.66,109.66,109.55,203.0,63.0,floor_not_visible,floor_not_visible,,0,0,hold_no_anchors,no_anchors,0.1,0,1,GO STRAIGHT,,1,0,13,1,267.4
6576,6576,2192,109.71,109.71,109.6,203.0,62.8,floor_not_visible,floor_not_visible,,0,0,hold_no_anchors,no_anchors,0.15,0,1,GO STRAIGHT,,1,0,13,1,267.3
6579,6579,2193,109.76,109.76,109.65,203.0,62.6,floor_not_visible,floor_not_visible,,0,0,hold_no_anchors,no_anchors,0.2,0,1,GO STRAIGHT,,1,0,13,1,267.4
6582,6582,2194,109.81,109.81,109.7,203.0,62.4,floor_not_visible,floor_not_visible,,0,0,hold_no_anchors,no_anchors,0.25,0,1,GO STRAIGHT,,1,0,13,1,267.4
6585,6585,2195,109.86,109.86,109.75,203.0,62.2,floor_not_visible,floor_not_visible,,0,0,hold_no_anchors,no_anchors,0.3,0,1,GO STRAIGHT,,1,0,13,1,267.3
6588,6588,2196,109.91,109.91,109.8,203.0,62.0,floor_not_visible,floor_not_visible,,0,0,hold_no_anchors,no_anchors,0.35,0,1,GO STRAIGHT,,1,0,13,1,267.5
6591,6591,2197,109.96,109.96,109.85,203.0,61.8,floor_not_visible,floor_not_visible,,0,0,hold_no_anchors,no_anchors,0.4,0,1,GO STRAIGHT,,1,0,13,1,267.9
6594,6594,2198,110.01,110.01,109.9,203.0,61.6,floor_not_visible,floor_not_visible,,0,0,hold_no_anchors,no_anchors,0.45,0,1,GO STRAIGHT,,1,0,13,1,268.1
6597,6597,2199,110.06,110.06,109.95,203.0,61.4,floor_not_visible,floor_not_visible,,0,0,hold_no_anchors,no_anchors,0.501,0,1,GO STRAIGHT,,1,0,13,1,268.2
6600,6600,2200,110.11,110.11,110.0,203.0,61.2,floor_not_visible,floor_not_visible,,0,0,hold_no_anchors,no_anchors,0.551,0,1,GO STRAIGHT,,1,0,13,1,268.3
6603,6603,2201,110.16,110.16,110.05,203.0,61.0,floor_not_visible,floor_not_visible,,0,0,hold_no_anchors,no_anchors,0.601,0,1,GO STRAIGHT,,1,0,13,1,268.5
6606,6606,2202,110.21,110.21,110.1,203.0,60.8,floor_not_visible,floor_not_visible,,0,0,hold_no_anchors,no_anchors,0.651,0,1,GO STRAIGHT,,1,0,13,1,268.5
6609,6609,2203,110.26,110.26,110.15,202.9,60.6,floor_not_visible,floor_not_visible,,0,0,hold_no_anchors,no_anchors,0.701,0,1,GO STRAIGHT,,1,0,13,1,268.5
6612,6612,2204,110.31,110.31,110.2,202.9,60.4,floor_not_visible,floor_not_visible,,0,0,hold_no_anchors,no_anchors,0.751,0,1,GO STRAIGHT,,1,0,13,1,268.7
6615,6615,2205,110.36,110.36,110.25,202.9,60.2,floor_not_visible,floor_not_visible,,0,0,hold_no_anchors,no_anchors,0.801,0,1,GO STRAIGHT,,1,0,13,1,269.0
6618,6618,2206,110.41,110.41,110.3,202.9,60.0,floor_not_visible,floor_not_visible,,0,0,hold_no_anchors,no_anchors,0.851,0,1,GO STRAIGHT,,1,0,13,1,269.4
6621,6621,2207,110.46,110.46,110.35,202.9,59.8,floor_not_visible,floor_not_visible,,0,0,hold_no_anchors,no_anchors,0.901,0,1,GO STRAIGHT,,1,0,13,1,269.7
6624,6624,2208,110.51,110.511,110.4,202.9,59.6,floor_not_visible,floor_not_visible,,0,0,hold_no_anchors,no_anchors,0.951,0,1,GO STRAIGHT,,1,0,13,1,270.1
6627,6627,2209,110.56,110.561,110.45,202.9,59.4,floor_not_visible,floor_not_visible,,0,0,hold_no_anchors,no_anchors,1.001,0,1,GO STRAIGHT,,1,0,13,1,270.4
6630,6630,2210,110.61,110.611,110.5,202.9,59.2,floor_not_visible,floor_not_visible,,0,0,hold_no_anchors,no_anchors,1.051,0,1,GO STRAIGHT,,1,0,13,1,270.5
6633,6633,2211,110.66,110.661,110.55,202.9,59.0,floor_not_visible,floor_not_visible,,0,0,hold_no_anchors,no_anchors,1.101,0,1,GO STRAIGHT,,1,0,13,1,270.6
6636,6636,2212,110.71,110.711,110.6,202.9,58.8,floor_not_visible,floor_not_visible,,0,0,hold_no_anchors,no_anchors,1.151,0,1,GO STRAIGHT,,1,0,13,1,270.5
6639,6639,2213,110.76,110.761,110.65,202.9,58.6,floor_not_visible,floor_not_visible,,0,0,hold_no_anchors,no_anchors,1.201,0,1,GO STRAIGHT,,1,0,13,1,270.4
6642,6642,2214,110.81,110.811,110.7,202.9,58.4,floor_not_visible,floor_not_visible,,0,0,hold_no_anchors,no_anchors,1.251,0,1,GO STRAIGHT,,1,0,13,1,270.4
6645,6645,2215,110.86,110.861,110.75,202.9,58.2,floor_not_visible,floor_not_visible,,0,0,hold_no_anchors,no_anchors,1.301,0,1,GO STRAIGHT,,1,0,13,1,270.2
6648,6648,2216,110.91,110.911,110.8,202.9,58.0,floor_not_visible,floor_not_visible,,0,0,hold_no_anchors,no_anchors,1.351,0,1,YOU HAVE ARRIVED,0.0,1,1,13,1,269.8
6651,6651,2217,110.96,110.961,110.85,202.9,57.8,floor_not_visible,floor_not_visible,,0,0,hold_no_anchors,no_anchors,1.401,0,1,YOU HAVE ARRIVED,0.0,1,1,13,1,269.5
6654,6654,2218,111.01,111.011,110.9,202.9,57.6,floor_not_visible,floor_not_visible,,0,0,hold_no_anchors,no_anchors,1.451,0,1,YOU HAVE ARRIVED,0.0,1,1,13,1,269.2
6657,6657,2219,111.06,111.061,110.95,202.9,57.4,floor_not_visible,floor_not_visible,,0,0,hold_no_anchors,no_anchors,1.502,0,1,YOU HAVE ARRIVED,0.0,1,1,13,1,269.5
6660,6660,2220,111.11,111.111,111.0,202.9,57.2,floor_not_visible,floor_not_visible,,0,0,hold_no_anchors,no_anchors,1.552,0,1,YOU HAVE ARRIVED,0.0,1,1,13,1,269.8
